"draw","replicate","scenario_id","scenario","scenario_label","status","solver_status","elapsed_seconds","n_pot","mean_demand","mean_distance","achieved_welfare","target_welfare"
1,1,0,"experimental","Control","complete",NA,NA,144,0.365037802257478,1176.2046829448,52.5654435250769,47.4020335534063
2,2,0,"experimental","Control","complete",NA,NA,144,0.355742444917275,1176.2046829448,51.2269120680876,47.4020335534063
3,3,0,"experimental","Control","complete",NA,NA,144,0.321434201619992,1176.2046829448,46.2865250332788,47.4020335534063
4,4,0,"experimental","Control","complete",NA,NA,144,0.349183755774807,1176.2046829448,50.2824608315722,47.4020335534063
5,5,0,"experimental","Control","complete",NA,NA,144,0.313115156884609,1176.2046829448,45.0885825913838,47.4020335534063
6,6,0,"experimental","Control","complete",NA,NA,144,0.326858960697627,1176.2046829448,47.0676903404582,47.4020335534063
7,7,0,"experimental","Control","complete",NA,NA,144,0.356323443967654,1176.2046829448,51.3105759313421,47.4020335534063
8,8,0,"experimental","Control","complete",NA,NA,144,0.315717983180935,1176.2046829448,45.4633895780547,47.4020335534063
9,9,0,"experimental","Control","complete",NA,NA,144,0.307377338952451,1176.2046829448,44.2623368091529,47.4020335534063
10,10,0,"experimental","Control","complete",NA,NA,144,0.331563066529748,1176.2046829448,47.7450815802837,47.4020335534063
11,11,0,"experimental","Control","complete",NA,NA,144,0.342847355584975,1176.2046829448,49.3700192042364,47.4020335534063
12,12,0,"experimental","Control","complete",NA,NA,144,0.332155149131388,1176.2046829448,47.8303414749199,47.4020335534063
13,13,0,"experimental","Control","complete",NA,NA,144,0.336212794641,1176.2046829448,48.414642428304,47.4020335534063
14,14,0,"experimental","Control","complete",NA,NA,144,0.341563048407755,1176.2046829448,49.1850789707167,47.4020335534063
15,15,0,"experimental","Control","complete",NA,NA,144,0.333899254868023,1176.2046829448,48.0814927009953,47.4020335534063
16,16,0,"experimental","Control","complete",NA,NA,144,0.290906092262209,1176.2046829448,41.890477285758,47.4020335534063
17,17,0,"experimental","Control","complete",NA,NA,144,0.307607548146402,1176.2046829448,44.2954869330819,47.4020335534063
18,18,0,"experimental","Control","complete",NA,NA,144,0.310582818573021,1176.2046829448,44.723925874515,47.4020335534063
19,19,0,"experimental","Control","complete",NA,NA,144,0.330511069644467,1176.2046829448,47.5935940288033,47.4020335534063
20,20,0,"experimental","Control","complete",NA,NA,144,0.312232267127252,1176.2046829448,44.9614464663242,47.4020335534063
21,21,0,"experimental","Control","complete",NA,NA,144,0.329755651543673,1176.2046829448,47.484813822289,47.4020335534063
22,22,0,"experimental","Control","complete",NA,NA,144,0.336338161349922,1176.2046829448,48.4326952343887,47.4020335534063
23,23,0,"experimental","Control","complete",NA,NA,144,0.315439947544664,1176.2046829448,45.4233524464316,47.4020335534063
24,24,0,"experimental","Control","complete",NA,NA,144,0.323080270960241,1176.2046829448,46.5235590182747,47.4020335534063
25,25,0,"experimental","Control","complete",NA,NA,144,0.322549893455013,1176.2046829448,46.4471846575219,47.4020335534063
26,26,0,"experimental","Control","complete",NA,NA,144,0.365649577654159,1176.2046829448,52.6535391821989,47.4020335534063
27,27,0,"experimental","Control","complete",NA,NA,144,0.326628607286614,1176.2046829448,47.0345194492724,47.4020335534063
28,28,0,"experimental","Control","complete",NA,NA,144,0.280655550764131,1176.2046829448,40.4143993100349,47.4020335534063
29,29,0,"experimental","Control","complete",NA,NA,144,0.320553411021732,1176.2046829448,46.1596911871295,47.4020335534063
30,30,0,"experimental","Control","complete",NA,NA,144,0.329790488214486,1176.2046829448,47.4898303028859,47.4020335534063
31,31,0,"experimental","Control","complete",NA,NA,144,0.371734653239664,1176.2046829448,53.5297900665117,47.4020335534063
32,32,0,"experimental","Control","complete",NA,NA,144,0.277421766785528,1176.2046829448,39.948734417116,47.4020335534063
33,33,0,"experimental","Control","complete",NA,NA,144,0.344074475487768,1176.2046829448,49.5467244702385,47.4020335534063
34,34,0,"experimental","Control","complete",NA,NA,144,0.357745716003287,1176.2046829448,51.5153831044733,47.4020335534063
35,35,0,"experimental","Control","complete",NA,NA,144,0.292948611585942,1176.2046829448,42.1846000683756,47.4020335534063
36,36,0,"experimental","Control","complete",NA,NA,144,0.339116566334493,1176.2046829448,48.832785552167,47.4020335534063
37,37,0,"experimental","Control","complete",NA,NA,144,0.282051342298371,1176.2046829448,40.6153932909654,47.4020335534063
38,38,0,"experimental","Control","complete",NA,NA,144,0.331155891791153,1176.2046829448,47.686448417926,47.4020335534063
39,39,0,"experimental","Control","complete",NA,NA,144,0.333019816752098,1176.2046829448,47.9548536123022,47.4020335534063
40,40,0,"experimental","Control","complete",NA,NA,144,0.291522845581578,1176.2046829448,41.9792897637472,47.4020335534063
41,41,0,"experimental","Control","complete",NA,NA,144,0.328076016562593,1176.2046829448,47.2429463850134,47.4020335534063
42,42,0,"experimental","Control","complete",NA,NA,144,0.306420815609834,1176.2046829448,44.1245974478161,47.4020335534063
43,43,0,"experimental","Control","complete",NA,NA,144,0.385439917927358,1176.2046829448,55.5033481815395,47.4020335534063
44,44,0,"experimental","Control","complete",NA,NA,144,0.32230136367519,1176.2046829448,46.4113963692274,47.4020335534063
45,45,0,"experimental","Control","complete",NA,NA,144,0.334330860197518,1176.2046829448,48.1436438684426,47.4020335534063
46,46,0,"experimental","Control","complete",NA,NA,144,0.317241178316203,1176.2046829448,45.6827296775332,47.4020335534063
47,47,0,"experimental","Control","complete",NA,NA,144,0.262665373300479,1176.2046829448,37.823813755269,47.4020335534063
48,48,0,"experimental","Control","complete",NA,NA,144,0.336504157251987,1176.2046829448,48.4565986442861,47.4020335534063
49,49,0,"experimental","Control","complete",NA,NA,144,0.321726328037506,1176.2046829448,46.3285912374008,47.4020335534063
50,50,0,"experimental","Control","complete",NA,NA,144,0.342690468403822,1176.2046829448,49.3474274501503,47.4020335534063
51,51,0,"experimental","Control","complete",NA,NA,144,0.330178615597097,1176.2046829448,47.5457206459819,47.4020335534063
52,52,0,"experimental","Control","complete",NA,NA,144,0.343148625214607,1176.2046829448,49.4134020309034,47.4020335534063
53,53,0,"experimental","Control","complete",NA,NA,144,0.319285140230458,1176.2046829448,45.977060193186,47.4020335534063
54,54,0,"experimental","Control","complete",NA,NA,144,0.307036790004393,1176.2046829448,44.2132977606326,47.4020335534063
55,55,0,"experimental","Control","complete",NA,NA,144,0.338102675250414,1176.2046829448,48.6867852360597,47.4020335534063
56,56,0,"experimental","Control","complete",NA,NA,144,0.349569554505197,1176.2046829448,50.3380158487484,47.4020335534063
57,57,0,"experimental","Control","complete",NA,NA,144,0.307465969246406,1176.2046829448,44.2750995714825,47.4020335534063
58,58,0,"experimental","Control","complete",NA,NA,144,0.30956771639326,1176.2046829448,44.5777511606295,47.4020335534063
59,59,0,"experimental","Control","complete",NA,NA,144,0.295214315061257,1176.2046829448,42.510861368821,47.4020335534063
60,60,0,"experimental","Control","complete",NA,NA,144,0.313524189322975,1176.2046829448,45.1474832625084,47.4020335534063
61,61,0,"experimental","Control","complete",NA,NA,144,0.308034346256597,1176.2046829448,44.35694586095,47.4020335534063
62,62,0,"experimental","Control","complete",NA,NA,144,0.290799760172143,1176.2046829448,41.8751654647885,47.4020335534063
63,63,0,"experimental","Control","complete",NA,NA,144,0.329483452772645,1176.2046829448,47.4456171992609,47.4020335534063
64,64,0,"experimental","Control","complete",NA,NA,144,0.364657709804322,1176.2046829448,52.5107102118224,47.4020335534063
65,65,0,"experimental","Control","complete",NA,NA,144,0.330659649197723,1176.2046829448,47.6149894844721,47.4020335534063
66,66,0,"experimental","Control","complete",NA,NA,144,0.339760031203659,1176.2046829448,48.9254444933269,47.4020335534063
67,67,0,"experimental","Control","complete",NA,NA,144,0.281176801972711,1176.2046829448,40.4894594840704,47.4020335534063
68,68,0,"experimental","Control","complete",NA,NA,144,0.321969227035731,1176.2046829448,46.3635686931452,47.4020335534063
69,69,0,"experimental","Control","complete",NA,NA,144,0.343547178197366,1176.2046829448,49.4707936604207,47.4020335534063
70,70,0,"experimental","Control","complete",NA,NA,144,0.342262247062639,1176.2046829448,49.28576357702,47.4020335534063
71,71,0,"experimental","Control","complete",NA,NA,144,0.328385975432236,1176.2046829448,47.287580462242,47.4020335534063
72,72,0,"experimental","Control","complete",NA,NA,144,0.304352849658536,1176.2046829448,43.8268103508291,47.4020335534063
73,73,0,"experimental","Control","complete",NA,NA,144,0.329538839366475,1176.2046829448,47.4535928687724,47.4020335534063
74,74,0,"experimental","Control","complete",NA,NA,144,0.362074242125809,1176.2046829448,52.1386908661166,47.4020335534063
75,75,0,"experimental","Control","complete",NA,NA,144,0.331258217143038,1176.2046829448,47.7011832685974,47.4020335534063
76,76,0,"experimental","Control","complete",NA,NA,144,0.306697912464883,1176.2046829448,44.1644993949432,47.4020335534063
77,77,0,"experimental","Control","complete",NA,NA,144,0.315461412740862,1176.2046829448,45.4264434346841,47.4020335534063
78,78,0,"experimental","Control","complete",NA,NA,144,0.307745948711817,1176.2046829448,44.3154166145016,47.4020335534063
79,79,0,"experimental","Control","complete",NA,NA,144,0.296279552764232,1176.2046829448,42.6642555980495,47.4020335534063
80,80,0,"experimental","Control","complete",NA,NA,144,0.316597066750545,1176.2046829448,45.5899776120785,47.4020335534063
81,81,0,"experimental","Control","complete",NA,NA,144,0.340523272805241,1176.2046829448,49.0353512839547,47.4020335534063
82,82,0,"experimental","Control","complete",NA,NA,144,0.361967571504235,1176.2046829448,52.1233302966098,47.4020335534063
83,83,0,"experimental","Control","complete",NA,NA,144,0.34585702810454,1176.2046829448,49.8034120470538,47.4020335534063
84,84,0,"experimental","Control","complete",NA,NA,144,0.340147031640652,1176.2046829448,48.9811725562539,47.4020335534063
85,85,0,"experimental","Control","complete",NA,NA,144,0.306972932920503,1176.2046829448,44.2041023405525,47.4020335534063
86,86,0,"experimental","Control","complete",NA,NA,144,0.314313004771761,1176.2046829448,45.2610726871335,47.4020335534063
87,87,0,"experimental","Control","complete",NA,NA,144,0.334284797977118,1176.2046829448,48.137010908705,47.4020335534063
88,88,0,"experimental","Control","complete",NA,NA,144,0.31499945086264,1176.2046829448,45.3599209242201,47.4020335534063
89,89,0,"experimental","Control","complete",NA,NA,144,0.345734834158454,1176.2046829448,49.7858161188174,47.4020335534063
90,90,0,"experimental","Control","complete",NA,NA,144,0.307613270077827,1176.2046829448,44.296310891207,47.4020335534063
91,91,0,"experimental","Control","complete",NA,NA,144,0.298910008234188,1176.2046829448,43.0430411857231,47.4020335534063
92,92,0,"experimental","Control","complete",NA,NA,144,0.303963259308583,1176.2046829448,43.770709340436,47.4020335534063
93,93,0,"experimental","Control","complete",NA,NA,144,0.302318141606774,1176.2046829448,43.5338123913754,47.4020335534063
94,94,0,"experimental","Control","complete",NA,NA,144,0.320778979432612,1176.2046829448,46.1921730382961,47.4020335534063
95,95,0,"experimental","Control","complete",NA,NA,144,0.344783325261678,1176.2046829448,49.6487988376817,47.4020335534063
96,96,0,"experimental","Control","complete",NA,NA,144,0.342087883862189,1176.2046829448,49.2606552761552,47.4020335534063
97,97,0,"experimental","Control","complete",NA,NA,144,0.340500473049026,1176.2046829448,49.0320681190598,47.4020335534063
98,98,0,"experimental","Control","complete",NA,NA,144,0.320015272144832,1176.2046829448,46.0821991888559,47.4020335534063
99,99,0,"experimental","Control","complete",NA,NA,144,0.309759740585363,1176.2046829448,44.6054026442923,47.4020335534063
100,100,0,"experimental","Control","complete",NA,NA,144,0.303635776385934,1176.2046829448,43.7235517995744,47.4020335534063
101,101,0,"experimental","Control","complete",NA,NA,144,0.33462937727887,1176.2046829448,48.1866303281573,47.4020335534063
102,102,0,"experimental","Control","complete",NA,NA,144,0.330400504146202,1176.2046829448,47.5776725970532,47.4020335534063
103,103,0,"experimental","Control","complete",NA,NA,144,0.32646042183395,1176.2046829448,47.0103007440889,47.4020335534063
104,104,0,"experimental","Control","complete",NA,NA,144,0.319896906830593,1176.2046829448,46.0651545836054,47.4020335534063
105,105,0,"experimental","Control","complete",NA,NA,144,0.290993900212136,1176.2046829448,41.9031216305476,47.4020335534063
106,106,0,"experimental","Control","complete",NA,NA,144,0.309312545180457,1176.2046829448,44.5410065059857,47.4020335534063
107,107,0,"experimental","Control","complete",NA,NA,144,0.351671838420156,1176.2046829448,50.6407447325025,47.4020335534063
108,108,0,"experimental","Control","complete",NA,NA,144,0.328714186238437,1176.2046829448,47.3348428183349,47.4020335534063
109,109,0,"experimental","Control","complete",NA,NA,144,0.352659381810972,1176.2046829448,50.78295098078,47.4020335534063
110,110,0,"experimental","Control","complete",NA,NA,144,0.325738607555806,1176.2046829448,46.906359488036,47.4020335534063
111,111,0,"experimental","Control","complete",NA,NA,144,0.345446233761818,1176.2046829448,49.7442576617018,47.4020335534063
112,112,0,"experimental","Control","complete",NA,NA,144,0.321560188125062,1176.2046829448,46.3046670900089,47.4020335534063
113,113,0,"experimental","Control","complete",NA,NA,144,0.302546392602749,1176.2046829448,43.5666805347958,47.4020335534063
114,114,0,"experimental","Control","complete",NA,NA,144,0.347462675210878,1176.2046829448,50.0346252303664,47.4020335534063
115,115,0,"experimental","Control","complete",NA,NA,144,0.368109291500171,1176.2046829448,53.0077379760247,47.4020335534063
116,116,0,"experimental","Control","complete",NA,NA,144,0.332524723693545,1176.2046829448,47.8835602118705,47.4020335534063
117,117,0,"experimental","Control","complete",NA,NA,144,0.372259765306912,1176.2046829448,53.6054062041953,47.4020335534063
118,118,0,"experimental","Control","complete",NA,NA,144,0.32268310349298,1176.2046829448,46.4663669029891,47.4020335534063
119,119,0,"experimental","Control","complete",NA,NA,144,0.306751727107979,1176.2046829448,44.1722487035489,47.4020335534063
120,120,0,"experimental","Control","complete",NA,NA,144,0.322695523183499,1176.2046829448,46.4681553384239,47.4020335534063
121,121,0,"experimental","Control","complete",NA,NA,144,0.274803579797193,1176.2046829448,39.5717154907958,47.4020335534063
122,122,0,"experimental","Control","complete",NA,NA,144,0.315149570519238,1176.2046829448,45.3815381547702,47.4020335534063
123,123,0,"experimental","Control","complete",NA,NA,144,0.310820253844674,1176.2046829448,44.7581165536331,47.4020335534063
124,124,0,"experimental","Control","complete",NA,NA,144,0.298972093299309,1176.2046829448,43.0519814351005,47.4020335534063
125,125,0,"experimental","Control","complete",NA,NA,144,0.295003441043855,1176.2046829448,42.4804955103151,47.4020335534063
126,126,0,"experimental","Control","complete",NA,NA,144,0.342725287590444,1176.2046829448,49.3524414130239,47.4020335534063
127,127,0,"experimental","Control","complete",NA,NA,144,0.321678351389183,1176.2046829448,46.3216826000424,47.4020335534063
128,128,0,"experimental","Control","complete",NA,NA,144,0.322085043776957,1176.2046829448,46.3802463038818,47.4020335534063
129,129,0,"experimental","Control","complete",NA,NA,144,0.331655423609663,1176.2046829448,47.7583809997915,47.4020335534063
130,130,0,"experimental","Control","complete",NA,NA,144,0.335834850514252,1176.2046829448,48.3602184740523,47.4020335534063
131,131,0,"experimental","Control","complete",NA,NA,144,0.303293311868885,1176.2046829448,43.6742369091194,47.4020335534063
132,132,0,"experimental","Control","complete",NA,NA,144,0.32906496453656,1176.2046829448,47.3853548932647,47.4020335534063
133,133,0,"experimental","Control","complete",NA,NA,144,0.301672404969608,1176.2046829448,43.4408263156235,47.4020335534063
134,134,0,"experimental","Control","complete",NA,NA,144,0.323217737952965,1176.2046829448,46.543354265227,47.4020335534063
135,135,0,"experimental","Control","complete",NA,NA,144,0.309991645011318,1176.2046829448,44.6387968816297,47.4020335534063
136,136,0,"experimental","Control","complete",NA,NA,144,0.329262560481809,1176.2046829448,47.4138087093804,47.4020335534063
137,137,0,"experimental","Control","complete",NA,NA,144,0.317822765524955,1176.2046829448,45.7664782355935,47.4020335534063
138,138,0,"experimental","Control","complete",NA,NA,144,0.294726423889008,1176.2046829448,42.4406050400172,47.4020335534063
139,139,0,"experimental","Control","complete",NA,NA,144,0.329492423914487,1176.2046829448,47.4469090436861,47.4020335534063
140,140,0,"experimental","Control","complete",NA,NA,144,0.345000224510523,1176.2046829448,49.6800323295153,47.4020335534063
141,141,0,"experimental","Control","complete",NA,NA,144,0.329312619229917,1176.2046829448,47.4210171691081,47.4020335534063
142,142,0,"experimental","Control","complete",NA,NA,144,0.339725515929182,1176.2046829448,48.9204742938022,47.4020335534063
143,143,0,"experimental","Control","complete",NA,NA,144,0.303130944578313,1176.2046829448,43.650856019277,47.4020335534063
144,144,0,"experimental","Control","complete",NA,NA,144,0.323301322737894,1176.2046829448,46.5553904742567,47.4020335534063
145,145,0,"experimental","Control","complete",NA,NA,144,0.285314350501651,1176.2046829448,41.0852664722377,47.4020335534063
146,146,0,"experimental","Control","complete",NA,NA,144,0.335955201488875,1176.2046829448,48.377549014398,47.4020335534063
147,147,0,"experimental","Control","complete",NA,NA,144,0.329347618941955,1176.2046829448,47.4260571276415,47.4020335534063
148,148,0,"experimental","Control","complete",NA,NA,144,0.289855402170694,1176.2046829448,41.7391779125799,47.4020335534063
149,149,0,"experimental","Control","complete",NA,NA,144,0.32662760062779,1176.2046829448,47.0343744904017,47.4020335534063
150,150,0,"experimental","Control","complete",NA,NA,144,0.372623905377985,1176.2046829448,53.6578423744298,47.4020335534063
151,151,0,"experimental","Control","complete",NA,NA,144,0.32095220879138,1176.2046829448,46.2171180659587,47.4020335534063
152,152,0,"experimental","Control","complete",NA,NA,144,0.345766939550137,1176.2046829448,49.7904392952197,47.4020335534063
153,153,0,"experimental","Control","complete",NA,NA,144,0.330953381775875,1176.2046829448,47.657286975726,47.4020335534063
154,154,0,"experimental","Control","complete",NA,NA,144,0.302908117398065,1176.2046829448,43.6187689053213,47.4020335534063
155,155,0,"experimental","Control","complete",NA,NA,144,0.333155082883087,1176.2046829448,47.9743319351646,47.4020335534063
156,156,0,"experimental","Control","complete",NA,NA,144,0.317108756898194,1176.2046829448,45.6636609933399,47.4020335534063
157,157,0,"experimental","Control","complete",NA,NA,144,0.324861169636267,1176.2046829448,46.7800084276225,47.4020335534063
158,158,0,"experimental","Control","complete",NA,NA,144,0.337680912956245,1176.2046829448,48.6260514656993,47.4020335534063
159,159,0,"experimental","Control","complete",NA,NA,144,0.333395043618224,1176.2046829448,48.0088862810243,47.4020335534063
160,160,0,"experimental","Control","complete",NA,NA,144,0.331155858924193,1176.2046829448,47.6864436850839,47.4020335534063
161,161,0,"experimental","Control","complete",NA,NA,144,0.342903741085968,1176.2046829448,49.3781387163794,47.4020335534063
162,162,0,"experimental","Control","complete",NA,NA,144,0.337604710298178,1176.2046829448,48.6150782829377,47.4020335534063
163,163,0,"experimental","Control","complete",NA,NA,144,0.331577866963632,1176.2046829448,47.747212842763,47.4020335534063
164,164,0,"experimental","Control","complete",NA,NA,144,0.370655639498273,1176.2046829448,53.3744120877513,47.4020335534063
165,165,0,"experimental","Control","complete",NA,NA,144,0.286356321357604,1176.2046829448,41.235310275495,47.4020335534063
166,166,0,"experimental","Control","complete",NA,NA,144,0.307744515608101,1176.2046829448,44.3152102475666,47.4020335534063
167,167,0,"experimental","Control","complete",NA,NA,144,0.295685320142306,1176.2046829448,42.5786861004921,47.4020335534063
168,168,0,"experimental","Control","complete",NA,NA,144,0.290856181175537,1176.2046829448,41.8832900892773,47.4020335534063
169,169,0,"experimental","Control","complete",NA,NA,144,0.317220832178524,1176.2046829448,45.6797998337074,47.4020335534063
170,170,0,"experimental","Control","complete",NA,NA,144,0.311294031448064,1176.2046829448,44.8263405285212,47.4020335534063
171,171,0,"experimental","Control","complete",NA,NA,144,0.344526430108298,1176.2046829448,49.6118059355949,47.4020335534063
172,172,0,"experimental","Control","complete",NA,NA,144,0.315116757457153,1176.2046829448,45.37681307383,47.4020335534063
173,173,0,"experimental","Control","complete",NA,NA,144,0.320415912717299,1176.2046829448,46.139891431291,47.4020335534063
174,174,0,"experimental","Control","complete",NA,NA,144,0.338618881373322,1176.2046829448,48.7611189177584,47.4020335534063
175,175,0,"experimental","Control","complete",NA,NA,144,0.305383222730101,1176.2046829448,43.9751840731346,47.4020335534063
176,176,0,"experimental","Control","complete",NA,NA,144,0.338920506719498,1176.2046829448,48.8045529676078,47.4020335534063
177,177,0,"experimental","Control","complete",NA,NA,144,0.339125812269856,1176.2046829448,48.8341169668593,47.4020335534063
178,178,0,"experimental","Control","complete",NA,NA,144,0.349750081541147,1176.2046829448,50.3640117419251,47.4020335534063
179,179,0,"experimental","Control","complete",NA,NA,144,0.312994854745286,1176.2046829448,45.0712590833212,47.4020335534063
180,180,0,"experimental","Control","complete",NA,NA,144,0.330033268908258,1176.2046829448,47.5247907227892,47.4020335534063
181,181,0,"experimental","Control","complete",NA,NA,144,0.322275195153116,1176.2046829448,46.4076281020487,47.4020335534063
182,182,0,"experimental","Control","complete",NA,NA,144,0.344953534766821,1176.2046829448,49.6733090064223,47.4020335534063
183,183,0,"experimental","Control","complete",NA,NA,144,0.33454850339629,1176.2046829448,48.1749844890658,47.4020335534063
184,184,0,"experimental","Control","complete",NA,NA,144,0.336556537041066,1176.2046829448,48.4641413339136,47.4020335534063
185,185,0,"experimental","Control","complete",NA,NA,144,0.330330671666261,1176.2046829448,47.5676167199416,47.4020335534063
186,186,0,"experimental","Control","complete",NA,NA,144,0.328488704897077,1176.2046829448,47.3023735051791,47.4020335534063
187,187,0,"experimental","Control","complete",NA,NA,144,0.326875072670938,1176.2046829448,47.070010464615,47.4020335534063
188,188,0,"experimental","Control","complete",NA,NA,144,0.336274571603864,1176.2046829448,48.4235383109564,47.4020335534063
189,189,0,"experimental","Control","complete",NA,NA,144,0.346658323259014,1176.2046829448,49.918798549298,47.4020335534063
190,190,0,"experimental","Control","complete",NA,NA,144,0.315968880597151,1176.2046829448,45.4995188059898,47.4020335534063
191,191,0,"experimental","Control","complete",NA,NA,144,0.338447545304821,1176.2046829448,48.7364465238942,47.4020335534063
192,192,0,"experimental","Control","complete",NA,NA,144,0.359716724381825,1176.2046829448,51.7992083109828,47.4020335534063
193,193,0,"experimental","Control","complete",NA,NA,144,0.317697002414637,1176.2046829448,45.7483683477077,47.4020335534063
194,194,0,"experimental","Control","complete",NA,NA,144,0.368659747366723,1176.2046829448,53.0870036208081,47.4020335534063
195,195,0,"experimental","Control","complete",NA,NA,144,0.322370740907528,1176.2046829448,46.4213866906841,47.4020335534063
196,196,0,"experimental","Control","complete",NA,NA,144,0.327428567950391,1176.2046829448,47.1497137848563,47.4020335534063
197,197,0,"experimental","Control","complete",NA,NA,144,0.326362464928993,1176.2046829448,46.9961949497749,47.4020335534063
198,198,0,"experimental","Control","complete",NA,NA,144,0.323669877182854,1176.2046829448,46.608462314331,47.4020335534063
199,199,0,"experimental","Control","complete",NA,NA,144,0.366900664232559,1176.2046829448,52.8336956494884,47.4020335534063
200,200,0,"experimental","Control","complete",NA,NA,144,0.328991201262974,1176.2046829448,47.3747329818682,47.4020335534063
201,201,0,"experimental","Control","complete",NA,NA,144,0.349165851181596,1176.2046829448,50.2798825701498,47.4020335534063
202,202,0,"experimental","Control","complete",NA,NA,144,0.382085897592839,1176.2046829448,55.0203692533688,47.4020335534063
203,203,0,"experimental","Control","complete",NA,NA,144,0.335062354560078,1176.2046829448,48.2489790566513,47.4020335534063
204,204,0,"experimental","Control","complete",NA,NA,144,0.349720141196137,1176.2046829448,50.3597003322437,47.4020335534063
205,205,0,"experimental","Control","complete",NA,NA,144,0.36814985575253,1176.2046829448,53.0135792283643,47.4020335534063
206,206,0,"experimental","Control","complete",NA,NA,144,0.317009811385687,1176.2046829448,45.649412839539,47.4020335534063
207,207,0,"experimental","Control","complete",NA,NA,144,0.31454651647008,1176.2046829448,45.2946983716915,47.4020335534063
208,208,0,"experimental","Control","complete",NA,NA,144,0.344058347197658,1176.2046829448,49.5444019964627,47.4020335534063
209,209,0,"experimental","Control","complete",NA,NA,144,0.318458904498836,1176.2046829448,45.8580822478324,47.4020335534063
210,210,0,"experimental","Control","complete",NA,NA,144,0.336217659408283,1176.2046829448,48.4153429547927,47.4020335534063
211,211,0,"experimental","Control","complete",NA,NA,144,0.337222093430551,1176.2046829448,48.5599814539993,47.4020335534063
212,212,0,"experimental","Control","complete",NA,NA,144,0.298363140359551,1176.2046829448,42.9642922117753,47.4020335534063
213,213,0,"experimental","Control","complete",NA,NA,144,0.320255139617332,1176.2046829448,46.1167401048958,47.4020335534063
214,214,0,"experimental","Control","complete",NA,NA,144,0.347969866543878,1176.2046829448,50.1076607823184,47.4020335534063
215,215,0,"experimental","Control","complete",NA,NA,144,0.345381810048405,1176.2046829448,49.7349806469703,47.4020335534063
216,216,0,"experimental","Control","complete",NA,NA,144,0.376432864303569,1176.2046829448,54.206332459714,47.4020335534063
217,217,0,"experimental","Control","complete",NA,NA,144,0.323705422407057,1176.2046829448,46.6135808266162,47.4020335534063
218,218,0,"experimental","Control","complete",NA,NA,144,0.360310032603293,1176.2046829448,51.8846446948742,47.4020335534063
219,219,0,"experimental","Control","complete",NA,NA,144,0.350588964803597,1176.2046829448,50.4848109317179,47.4020335534063
220,220,0,"experimental","Control","complete",NA,NA,144,0.347851391866547,1176.2046829448,50.0906004287828,47.4020335534063
221,221,0,"experimental","Control","complete",NA,NA,144,0.318583650009327,1176.2046829448,45.8760456013431,47.4020335534063
222,222,0,"experimental","Control","complete",NA,NA,144,0.334158532943757,1176.2046829448,48.1188287439011,47.4020335534063
223,223,0,"experimental","Control","complete",NA,NA,144,0.35043770758548,1176.2046829448,50.4630298923091,47.4020335534063
224,224,0,"experimental","Control","complete",NA,NA,144,0.332799904771314,1176.2046829448,47.9231862870692,47.4020335534063
225,225,0,"experimental","Control","complete",NA,NA,144,0.350972097809307,1176.2046829448,50.5399820845403,47.4020335534063
226,226,0,"experimental","Control","complete",NA,NA,144,0.35406064237184,1176.2046829448,50.9847325015449,47.4020335534063
227,227,0,"experimental","Control","complete",NA,NA,144,0.369179833821233,1176.2046829448,53.1618960702575,47.4020335534063
228,228,0,"experimental","Control","complete",NA,NA,144,0.330663557753401,1176.2046829448,47.6155523164897,47.4020335534063
229,229,0,"experimental","Control","complete",NA,NA,144,0.4157530261772,1176.2046829448,59.8684357695168,47.4020335534063
230,230,0,"experimental","Control","complete",NA,NA,144,0.347287586970049,1176.2046829448,50.0094125236871,47.4020335534063
231,231,0,"experimental","Control","complete",NA,NA,144,0.349746721503382,1176.2046829448,50.363527896487,47.4020335534063
232,232,0,"experimental","Control","complete",NA,NA,144,0.333291637981523,1176.2046829448,47.9939958693393,47.4020335534063
233,233,0,"experimental","Control","complete",NA,NA,144,0.300839690439186,1176.2046829448,43.3209154232428,47.4020335534063
234,234,0,"experimental","Control","complete",NA,NA,144,0.340214230886205,1176.2046829448,48.9908492476136,47.4020335534063
235,235,0,"experimental","Control","complete",NA,NA,144,0.320875058090192,1176.2046829448,46.2060083649877,47.4020335534063
236,236,0,"experimental","Control","complete",NA,NA,144,0.365277096541489,1176.2046829448,52.5999019019744,47.4020335534063
237,237,0,"experimental","Control","complete",NA,NA,144,0.303032573632766,1176.2046829448,43.6366906031183,47.4020335534063
238,238,0,"experimental","Control","complete",NA,NA,144,0.352619022929365,1176.2046829448,50.7771393018285,47.4020335534063
239,239,0,"experimental","Control","complete",NA,NA,144,0.326483019388631,1176.2046829448,47.0135547919629,47.4020335534063
240,240,0,"experimental","Control","complete",NA,NA,144,0.328338158444558,1176.2046829448,47.2806948160163,47.4020335534063
241,241,0,"experimental","Control","complete",NA,NA,144,0.324458493636576,1176.2046829448,46.7220230836669,47.4020335534063
242,242,0,"experimental","Control","complete",NA,NA,144,0.325649397916537,1176.2046829448,46.8935132999813,47.4020335534063
243,243,0,"experimental","Control","complete",NA,NA,144,0.354139419840735,1176.2046829448,50.9960764570658,47.4020335534063
244,244,0,"experimental","Control","complete",NA,NA,144,0.334853774951337,1176.2046829448,48.2189435929925,47.4020335534063
245,245,0,"experimental","Control","complete",NA,NA,144,0.30016257389032,1176.2046829448,43.2234106402061,47.4020335534063
246,246,0,"experimental","Control","complete",NA,NA,144,0.30496970746533,1176.2046829448,43.9156378750075,47.4020335534063
247,247,0,"experimental","Control","complete",NA,NA,144,0.327573882755666,1176.2046829448,47.1706391168158,47.4020335534063
248,248,0,"experimental","Control","complete",NA,NA,144,0.362435257895929,1176.2046829448,52.1906771370137,47.4020335534063
249,249,0,"experimental","Control","complete",NA,NA,144,0.353693362921528,1176.2046829448,50.9318442607001,47.4020335534063
250,250,0,"experimental","Control","complete",NA,NA,144,0.346007656658894,1176.2046829448,49.8251025588807,47.4020335534063
251,251,0,"experimental","Control","complete",NA,NA,144,0.343803174875132,1176.2046829448,49.507657182019,47.4020335534063
252,252,0,"experimental","Control","complete",NA,NA,144,0.312406543487817,1176.2046829448,44.9865422622456,47.4020335534063
253,253,0,"experimental","Control","complete",NA,NA,144,0.329534471790984,1176.2046829448,47.4529639379017,47.4020335534063
254,254,0,"experimental","Control","complete",NA,NA,144,0.333534355459333,1176.2046829448,48.028947186144,47.4020335534063
255,255,0,"experimental","Control","complete",NA,NA,144,0.36029493509523,1176.2046829448,51.8824706537131,47.4020335534063
256,256,0,"experimental","Control","complete",NA,NA,144,0.312072141227222,1176.2046829448,44.93838833672,47.4020335534063
257,257,0,"experimental","Control","complete",NA,NA,144,0.337555248436877,1176.2046829448,48.6079557749102,47.4020335534063
258,258,0,"experimental","Control","complete",NA,NA,144,0.33431788467823,1176.2046829448,48.1417753936651,47.4020335534063
259,259,0,"experimental","Control","complete",NA,NA,144,0.31572936458775,1176.2046829448,45.465028500636,47.4020335534063
260,260,0,"experimental","Control","complete",NA,NA,144,0.292730160911809,1176.2046829448,42.1531431713005,47.4020335534063
261,261,0,"experimental","Control","complete",NA,NA,144,0.355856737312912,1176.2046829448,51.2433701730594,47.4020335534063
262,262,0,"experimental","Control","complete",NA,NA,144,0.315038892966293,1176.2046829448,45.3656005871461,47.4020335534063
263,263,0,"experimental","Control","complete",NA,NA,144,0.340549100903822,1176.2046829448,49.0390705301504,47.4020335534063
264,264,0,"experimental","Control","complete",NA,NA,144,0.335130305347698,1176.2046829448,48.2587639700685,47.4020335534063
265,265,0,"experimental","Control","complete",NA,NA,144,0.300891381576921,1176.2046829448,43.3283589470766,47.4020335534063
266,266,0,"experimental","Control","complete",NA,NA,144,0.328919423571577,1176.2046829448,47.3643969943071,47.4020335534063
267,267,0,"experimental","Control","complete",NA,NA,144,0.32620246711863,1176.2046829448,46.9731552650827,47.4020335534063
268,268,0,"experimental","Control","complete",NA,NA,144,0.332660220699537,1176.2046829448,47.9030717807333,47.4020335534063
269,269,0,"experimental","Control","complete",NA,NA,144,0.319003886674327,1176.2046829448,45.9365596811031,47.4020335534063
270,270,0,"experimental","Control","complete",NA,NA,144,0.329823588379856,1176.2046829448,47.4945967266992,47.4020335534063
271,271,0,"experimental","Control","complete",NA,NA,144,0.322196027602014,1176.2046829448,46.39622797469,47.4020335534063
272,272,0,"experimental","Control","complete",NA,NA,144,0.309496819059637,1176.2046829448,44.5675419445878,47.4020335534063
273,273,0,"experimental","Control","complete",NA,NA,144,0.320681799196442,1176.2046829448,46.1781790842876,47.4020335534063
274,274,0,"experimental","Control","complete",NA,NA,144,0.277267443542159,1176.2046829448,39.9265118700709,47.4020335534063
275,275,0,"experimental","Control","complete",NA,NA,144,0.325138618890049,1176.2046829448,46.8199611201671,47.4020335534063
276,276,0,"experimental","Control","complete",NA,NA,144,0.35900656933779,1176.2046829448,51.6969459846417,47.4020335534063
277,277,0,"experimental","Control","complete",NA,NA,144,0.340813259774504,1176.2046829448,49.0771094075285,47.4020335534063
278,278,0,"experimental","Control","complete",NA,NA,144,0.32129416711907,1176.2046829448,46.2663600651461,47.4020335534063
279,279,0,"experimental","Control","complete",NA,NA,144,0.303927345869148,1176.2046829448,43.7655378051574,47.4020335534063
280,280,0,"experimental","Control","complete",NA,NA,144,0.329713625757065,1176.2046829448,47.4787621090174,47.4020335534063
281,281,0,"experimental","Control","complete",NA,NA,144,0.322312193360876,1176.2046829448,46.4129558439662,47.4020335534063
282,282,0,"experimental","Control","complete",NA,NA,144,0.360296588183871,1176.2046829448,51.8827086984775,47.4020335534063
283,283,0,"experimental","Control","complete",NA,NA,144,0.378717533795009,1176.2046829448,54.5353248664814,47.4020335534063
284,284,0,"experimental","Control","complete",NA,NA,144,0.308220936167381,1176.2046829448,44.3838148081028,47.4020335534063
285,285,0,"experimental","Control","complete",NA,NA,144,0.350503003028404,1176.2046829448,50.4724324360902,47.4020335534063
286,286,0,"experimental","Control","complete",NA,NA,144,0.372472065300407,1176.2046829448,53.6359774032586,47.4020335534063
287,287,0,"experimental","Control","complete",NA,NA,144,0.316291105602225,1176.2046829448,45.5459192067203,47.4020335534063
288,288,0,"experimental","Control","complete",NA,NA,144,0.308998050125054,1176.2046829448,44.4957192180078,47.4020335534063
289,289,0,"experimental","Control","complete",NA,NA,144,0.340361301355061,1176.2046829448,49.0120273951289,47.4020335534063
290,290,0,"experimental","Control","complete",NA,NA,144,0.381993147794915,1176.2046829448,55.0070132824678,47.4020335534063
291,291,0,"experimental","Control","complete",NA,NA,144,0.296419646587406,1176.2046829448,42.6844291085865,47.4020335534063
292,292,0,"experimental","Control","complete",NA,NA,144,0.342715628108108,1176.2046829448,49.3510504475676,47.4020335534063
293,293,0,"experimental","Control","complete",NA,NA,144,0.38840991196229,1176.2046829448,55.9310273225698,47.4020335534063
294,294,0,"experimental","Control","complete",NA,NA,144,0.341327000242001,1176.2046829448,49.1510880348481,47.4020335534063
295,295,0,"experimental","Control","complete",NA,NA,144,0.311651870763921,1176.2046829448,44.8778693900046,47.4020335534063
296,296,0,"experimental","Control","complete",NA,NA,144,0.360871994429852,1176.2046829448,51.9655671978987,47.4020335534063
297,297,0,"experimental","Control","complete",NA,NA,144,0.318760285104428,1176.2046829448,45.9014810550377,47.4020335534063
298,298,0,"experimental","Control","complete",NA,NA,144,0.378410706035843,1176.2046829448,54.4911416691615,47.4020335534063
299,299,0,"experimental","Control","complete",NA,NA,144,0.315103167517521,1176.2046829448,45.374856122523,47.4020335534063
300,300,0,"experimental","Control","complete",NA,NA,144,0.335143574342835,1176.2046829448,48.2606747053682,47.4020335534063
301,301,0,"experimental","Control","complete",NA,NA,144,0.374476766045765,1176.2046829448,53.9246543105902,47.4020335534063
302,302,0,"experimental","Control","complete",NA,NA,144,0.336781071697691,1176.2046829448,48.4964743244674,47.4020335534063
303,303,0,"experimental","Control","complete",NA,NA,144,0.31957584651516,1176.2046829448,46.018921898183,47.4020335534063
304,304,0,"experimental","Control","complete",NA,NA,144,0.340231492473867,1176.2046829448,48.9933349162369,47.4020335534063
305,305,0,"experimental","Control","complete",NA,NA,144,0.367479588123301,1176.2046829448,52.9170606897553,47.4020335534063
306,306,0,"experimental","Control","complete",NA,NA,144,0.300395643795451,1176.2046829448,43.2569727065449,47.4020335534063
307,307,0,"experimental","Control","complete",NA,NA,144,0.345810309271965,1176.2046829448,49.7966845351629,47.4020335534063
308,308,0,"experimental","Control","complete",NA,NA,144,0.366003673927441,1176.2046829448,52.7045290455515,47.4020335534063
309,309,0,"experimental","Control","complete",NA,NA,144,0.352839819386582,1176.2046829448,50.8089339916679,47.4020335534063
310,310,0,"experimental","Control","complete",NA,NA,144,0.307020998197409,1176.2046829448,44.2110237404269,47.4020335534063
311,311,0,"experimental","Control","complete",NA,NA,144,0.341447652708829,1176.2046829448,49.1684619900714,47.4020335534063
312,312,0,"experimental","Control","complete",NA,NA,144,0.342347109832379,1176.2046829448,49.2979838158626,47.4020335534063
313,313,0,"experimental","Control","complete",NA,NA,144,0.306575037538713,1176.2046829448,44.1468054055746,47.4020335534063
314,314,0,"experimental","Control","complete",NA,NA,144,0.308425237226665,1176.2046829448,44.4132341606397,47.4020335534063
315,315,0,"experimental","Control","complete",NA,NA,144,0.314813096685366,1176.2046829448,45.3330859226926,47.4020335534063
316,316,0,"experimental","Control","complete",NA,NA,144,0.330989871336277,1176.2046829448,47.6625414724238,47.4020335534063
317,317,0,"experimental","Control","complete",NA,NA,144,0.310710988038835,1176.2046829448,44.7423822775922,47.4020335534063
318,318,0,"experimental","Control","complete",NA,NA,144,0.330009868734942,1176.2046829448,47.5214210978316,47.4020335534063
319,319,0,"experimental","Control","complete",NA,NA,144,0.313408700198166,1176.2046829448,45.1308528285358,47.4020335534063
320,320,0,"experimental","Control","complete",NA,NA,144,0.296698486694774,1176.2046829448,42.7245820840475,47.4020335534063
321,321,0,"experimental","Control","complete",NA,NA,144,0.342599727344556,1176.2046829448,49.334360737616,47.4020335534063
322,322,0,"experimental","Control","complete",NA,NA,144,0.368861397934513,1176.2046829448,53.1160413025699,47.4020335534063
323,323,0,"experimental","Control","complete",NA,NA,144,0.321203043664538,1176.2046829448,46.2532382876935,47.4020335534063
324,324,0,"experimental","Control","complete",NA,NA,144,0.322019097593002,1176.2046829448,46.3707500533923,47.4020335534063
325,325,0,"experimental","Control","complete",NA,NA,144,0.341965881708114,1176.2046829448,49.2430869659684,47.4020335534063
326,326,0,"experimental","Control","complete",NA,NA,144,0.321596529641449,1176.2046829448,46.3099002683686,47.4020335534063
327,327,0,"experimental","Control","complete",NA,NA,144,0.311558317740529,1176.2046829448,44.8643977546361,47.4020335534063
328,328,0,"experimental","Control","complete",NA,NA,144,0.311554677459223,1176.2046829448,44.8638735541281,47.4020335534063
329,329,0,"experimental","Control","complete",NA,NA,144,0.354970204837018,1176.2046829448,51.1157094965306,47.4020335534063
330,330,0,"experimental","Control","complete",NA,NA,144,0.313023672826799,1176.2046829448,45.0754088870591,47.4020335534063
331,331,0,"experimental","Control","complete",NA,NA,144,0.333367460196557,1176.2046829448,48.0049142683041,47.4020335534063
332,332,0,"experimental","Control","complete",NA,NA,144,0.341391917976325,1176.2046829448,49.1604361885909,47.4020335534063
333,333,0,"experimental","Control","complete",NA,NA,144,0.319335295045502,1176.2046829448,45.9842824865523,47.4020335534063
334,334,0,"experimental","Control","complete",NA,NA,144,0.322083784447868,1176.2046829448,46.380064960493,47.4020335534063
335,335,0,"experimental","Control","complete",NA,NA,144,0.329334419073958,1176.2046829448,47.4241563466499,47.4020335534063
336,336,0,"experimental","Control","complete",NA,NA,144,0.312432251488579,1176.2046829448,44.9902442143554,47.4020335534063
337,337,0,"experimental","Control","complete",NA,NA,144,0.323664703698234,1176.2046829448,46.6077173325457,47.4020335534063
338,338,0,"experimental","Control","complete",NA,NA,144,0.350237949987413,1176.2046829448,50.4342647981875,47.4020335534063
339,339,0,"experimental","Control","complete",NA,NA,144,0.334313156115198,1176.2046829448,48.1410944805885,47.4020335534063
340,340,0,"experimental","Control","complete",NA,NA,144,0.297747490380842,1176.2046829448,42.8756386148413,47.4020335534063
341,341,0,"experimental","Control","complete",NA,NA,144,0.323135829574001,1176.2046829448,46.5315594586562,47.4020335534063
342,342,0,"experimental","Control","complete",NA,NA,144,0.32696424995015,1176.2046829448,47.0828519928216,47.4020335534063
343,343,0,"experimental","Control","complete",NA,NA,144,0.309326661724594,1176.2046829448,44.5430392883416,47.4020335534063
344,344,0,"experimental","Control","complete",NA,NA,144,0.331700116529373,1176.2046829448,47.7648167802297,47.4020335534063
345,345,0,"experimental","Control","complete",NA,NA,144,0.310566174097976,1176.2046829448,44.7215290701085,47.4020335534063
346,346,0,"experimental","Control","complete",NA,NA,144,0.320916312167086,1176.2046829448,46.2119489520604,47.4020335534063
347,347,0,"experimental","Control","complete",NA,NA,144,0.344299431259104,1176.2046829448,49.579118101311,47.4020335534063
348,348,0,"experimental","Control","complete",NA,NA,144,0.338494732749654,1176.2046829448,48.7432415159502,47.4020335534063
349,349,0,"experimental","Control","complete",NA,NA,144,0.316721006083404,1176.2046829448,45.6078248760101,47.4020335534063
350,350,0,"experimental","Control","complete",NA,NA,144,0.332479683943766,1176.2046829448,47.8770744879023,47.4020335534063
351,351,0,"experimental","Control","complete",NA,NA,144,0.315696596782712,1176.2046829448,45.4603099367105,47.4020335534063
352,352,0,"experimental","Control","complete",NA,NA,144,0.322629407294524,1176.2046829448,46.4586346504115,47.4020335534063
353,353,0,"experimental","Control","complete",NA,NA,144,0.319625472068282,1176.2046829448,46.0260679778325,47.4020335534063
354,354,0,"experimental","Control","complete",NA,NA,144,0.304022032183468,1176.2046829448,43.7791726344194,47.4020335534063
355,355,0,"experimental","Control","complete",NA,NA,144,0.325874221882247,1176.2046829448,46.9258879510436,47.4020335534063
356,356,0,"experimental","Control","complete",NA,NA,144,0.29500465091044,1176.2046829448,42.4806697311034,47.4020335534063
357,357,0,"experimental","Control","complete",NA,NA,144,0.344552421486596,1176.2046829448,49.6155486940698,47.4020335534063
358,358,0,"experimental","Control","complete",NA,NA,144,0.328052256406553,1176.2046829448,47.2395249225437,47.4020335534063
359,359,0,"experimental","Control","complete",NA,NA,144,0.342593138680496,1176.2046829448,49.3334119699915,47.4020335534063
360,360,0,"experimental","Control","complete",NA,NA,144,0.332420852739947,1176.2046829448,47.8686027945524,47.4020335534063
361,361,0,"experimental","Control","complete",NA,NA,144,0.344565210872446,1176.2046829448,49.6173903656322,47.4020335534063
362,362,0,"experimental","Control","complete",NA,NA,144,0.330208535030986,1176.2046829448,47.550029044462,47.4020335534063
363,363,0,"experimental","Control","complete",NA,NA,144,0.307027366846907,1176.2046829448,44.2119408259546,47.4020335534063
364,364,0,"experimental","Control","complete",NA,NA,144,0.32644142251171,1176.2046829448,47.0075648416862,47.4020335534063
365,365,0,"experimental","Control","complete",NA,NA,144,0.311155416800536,1176.2046829448,44.8063800192771,47.4020335534063
366,366,0,"experimental","Control","complete",NA,NA,144,0.318578056294905,1176.2046829448,45.8752401064663,47.4020335534063
367,367,0,"experimental","Control","complete",NA,NA,144,0.366173921371534,1176.2046829448,52.7290446775009,47.4020335534063
368,368,0,"experimental","Control","complete",NA,NA,144,0.357678161319742,1176.2046829448,51.5056552300428,47.4020335534063
369,369,0,"experimental","Control","complete",NA,NA,144,0.322570887303835,1176.2046829448,46.4502077717522,47.4020335534063
370,370,0,"experimental","Control","complete",NA,NA,144,0.310123557941152,1176.2046829448,44.6577923435259,47.4020335534063
371,371,0,"experimental","Control","complete",NA,NA,144,0.322821724166473,1176.2046829448,46.4863282799721,47.4020335534063
372,372,0,"experimental","Control","complete",NA,NA,144,0.339228506950716,1176.2046829448,48.8489050009031,47.4020335534063
373,373,0,"experimental","Control","complete",NA,NA,144,0.383876891950668,1176.2046829448,55.2782724408963,47.4020335534063
374,374,0,"experimental","Control","complete",NA,NA,144,0.340125147986478,1176.2046829448,48.9780213100528,47.4020335534063
375,375,0,"experimental","Control","complete",NA,NA,144,0.355689572264878,1176.2046829448,51.2192984061424,47.4020335534063
376,376,0,"experimental","Control","complete",NA,NA,144,0.372362138328126,1176.2046829448,53.6201479192502,47.4020335534063
377,377,0,"experimental","Control","complete",NA,NA,144,0.3123621110491,1176.2046829448,44.9801439910704,47.4020335534063
378,378,0,"experimental","Control","complete",NA,NA,144,0.306771627114403,1176.2046829448,44.175114304474,47.4020335534063
379,379,0,"experimental","Control","complete",NA,NA,144,0.346718981660744,1176.2046829448,49.9275333591472,47.4020335534063
380,380,0,"experimental","Control","complete",NA,NA,144,0.342778019472868,1176.2046829448,49.3600348040929,47.4020335534063
381,381,0,"experimental","Control","complete",NA,NA,144,0.325261935289831,1176.2046829448,46.8377186817356,47.4020335534063
382,382,0,"experimental","Control","complete",NA,NA,144,0.330308643130779,1176.2046829448,47.5644446108321,47.4020335534063
383,383,0,"experimental","Control","complete",NA,NA,144,0.309442119576828,1176.2046829448,44.5596652190632,47.4020335534063
384,384,0,"experimental","Control","complete",NA,NA,144,0.318958459692841,1176.2046829448,45.9300181957691,47.4020335534063
385,385,0,"experimental","Control","complete",NA,NA,144,0.346049265931234,1176.2046829448,49.8310942940978,47.4020335534063
386,386,0,"experimental","Control","complete",NA,NA,144,0.353299703176203,1176.2046829448,50.8751572573732,47.4020335534063
387,387,0,"experimental","Control","complete",NA,NA,144,0.371777260443303,1176.2046829448,53.5359255038356,47.4020335534063
388,388,0,"experimental","Control","complete",NA,NA,144,0.32444652278823,1176.2046829448,46.7202992815051,47.4020335534063
389,389,0,"experimental","Control","complete",NA,NA,144,0.341933074953989,1176.2046829448,49.2383627933744,47.4020335534063
390,390,0,"experimental","Control","complete",NA,NA,144,0.333247170801037,1176.2046829448,47.9875925953493,47.4020335534063
391,391,0,"experimental","Control","complete",NA,NA,144,0.303081491851699,1176.2046829448,43.6437348266446,47.4020335534063
392,392,0,"experimental","Control","complete",NA,NA,144,0.310919557483429,1176.2046829448,44.7724162776137,47.4020335534063
393,393,0,"experimental","Control","complete",NA,NA,144,0.311882405878798,1176.2046829448,44.9110664465469,47.4020335534063
394,394,0,"experimental","Control","complete",NA,NA,144,0.332679260719994,1176.2046829448,47.9058135436792,47.4020335534063
395,395,0,"experimental","Control","complete",NA,NA,144,0.303479205764341,1176.2046829448,43.701005630065,47.4020335534063
396,396,0,"experimental","Control","complete",NA,NA,144,0.357725498300511,1176.2046829448,51.5124717552736,47.4020335534063
397,397,0,"experimental","Control","complete",NA,NA,144,0.344574277792532,1176.2046829448,49.6186960021246,47.4020335534063
398,398,0,"experimental","Control","complete",NA,NA,144,0.375906933992273,1176.2046829448,54.1305984948873,47.4020335534063
399,399,0,"experimental","Control","complete",NA,NA,144,0.335341612037265,1176.2046829448,48.2891921333662,47.4020335534063
400,400,0,"experimental","Control","complete",NA,NA,144,0.354261963915191,1176.2046829448,51.0137228037875,47.4020335534063
401,401,0,"experimental","Control","complete",NA,NA,144,0.343026429256497,1176.2046829448,49.3958058129356,47.4020335534063
402,402,0,"experimental","Control","complete",NA,NA,144,0.32829072232922,1176.2046829448,47.2738640154077,47.4020335534063
403,403,0,"experimental","Control","complete",NA,NA,144,0.357683864772085,1176.2046829448,51.5064765271802,47.4020335534063
404,404,0,"experimental","Control","complete",NA,NA,144,0.331374527056208,1176.2046829448,47.7179318960939,47.4020335534063
405,405,0,"experimental","Control","complete",NA,NA,144,0.375197645122318,1176.2046829448,54.0284608976138,47.4020335534063
406,406,0,"experimental","Control","complete",NA,NA,144,0.324883735029995,1176.2046829448,46.7832578443192,47.4020335534063
407,407,0,"experimental","Control","complete",NA,NA,144,0.339765627099253,1176.2046829448,48.9262503022925,47.4020335534063
408,408,0,"experimental","Control","complete",NA,NA,144,0.360503591305515,1176.2046829448,51.9125171479941,47.4020335534063
409,409,0,"experimental","Control","complete",NA,NA,144,0.303553723265385,1176.2046829448,43.7117361502155,47.4020335534063
410,410,0,"experimental","Control","complete",NA,NA,144,0.32516897289704,1176.2046829448,46.8243320971738,47.4020335534063
411,411,0,"experimental","Control","complete",NA,NA,144,0.321853223445629,1176.2046829448,46.3468641761705,47.4020335534063
412,412,0,"experimental","Control","complete",NA,NA,144,0.313608444288337,1176.2046829448,45.1596159775205,47.4020335534063
413,413,0,"experimental","Control","complete",NA,NA,144,0.299397942561796,1176.2046829448,43.1133037288986,47.4020335534063
414,414,0,"experimental","Control","complete",NA,NA,144,0.34538439543653,1176.2046829448,49.7353529428603,47.4020335534063
415,415,0,"experimental","Control","complete",NA,NA,144,0.378432243354164,1176.2046829448,54.4942430429997,47.4020335534063
416,416,0,"experimental","Control","complete",NA,NA,144,0.328606596719989,1176.2046829448,47.3193499276785,47.4020335534063
417,417,0,"experimental","Control","complete",NA,NA,144,0.309846091137399,1176.2046829448,44.6178371237854,47.4020335534063
418,418,0,"experimental","Control","complete",NA,NA,144,0.363277319471187,1176.2046829448,52.3119340038509,47.4020335534063
419,419,0,"experimental","Control","complete",NA,NA,144,0.351450343006915,1176.2046829448,50.6088493929958,47.4020335534063
420,420,0,"experimental","Control","complete",NA,NA,144,0.304472196705803,1176.2046829448,43.8439963256357,47.4020335534063
421,421,0,"experimental","Control","complete",NA,NA,144,0.311387315874789,1176.2046829448,44.8397734859696,47.4020335534063
422,422,0,"experimental","Control","complete",NA,NA,144,0.330778742708594,1176.2046829448,47.6321389500375,47.4020335534063
423,423,0,"experimental","Control","complete",NA,NA,144,0.350880894728982,1176.2046829448,50.5268488409734,47.4020335534063
424,424,0,"experimental","Control","complete",NA,NA,144,0.325160265322712,1176.2046829448,46.8230782064706,47.4020335534063
425,425,0,"experimental","Control","complete",NA,NA,144,0.321221879155276,1176.2046829448,46.2559505983597,47.4020335534063
426,426,0,"experimental","Control","complete",NA,NA,144,0.373926690030845,1176.2046829448,53.8454433644416,47.4020335534063
427,427,0,"experimental","Control","complete",NA,NA,144,0.356756550834142,1176.2046829448,51.3729433201165,47.4020335534063
428,428,0,"experimental","Control","complete",NA,NA,144,0.380716364657902,1176.2046829448,54.8231565107379,47.4020335534063
429,429,0,"experimental","Control","complete",NA,NA,144,0.363007825663959,1176.2046829448,52.27312689561,47.4020335534063
430,430,0,"experimental","Control","complete",NA,NA,144,0.351903035537412,1176.2046829448,50.6740371173874,47.4020335534063
431,431,0,"experimental","Control","complete",NA,NA,144,0.305446708330501,1176.2046829448,43.9843259995921,47.4020335534063
432,432,0,"experimental","Control","complete",NA,NA,144,0.350764551006564,1176.2046829448,50.5100953449452,47.4020335534063
433,433,0,"experimental","Control","complete",NA,NA,144,0.331509439330067,1176.2046829448,47.7373592635297,47.4020335534063
434,434,0,"experimental","Control","complete",NA,NA,144,0.328417574566359,1176.2046829448,47.2921307375557,47.4020335534063
435,435,0,"experimental","Control","complete",NA,NA,144,0.334222270489775,1176.2046829448,48.1280069505275,47.4020335534063
436,436,0,"experimental","Control","complete",NA,NA,144,0.295889043098988,1176.2046829448,42.6080222062543,47.4020335534063
437,437,0,"experimental","Control","complete",NA,NA,144,0.320775002672169,1176.2046829448,46.1916003847924,47.4020335534063
438,438,0,"experimental","Control","complete",NA,NA,144,0.320569481055735,1176.2046829448,46.1620052720259,47.4020335534063
439,439,0,"experimental","Control","complete",NA,NA,144,0.330484182469673,1176.2046829448,47.5897222756328,47.4020335534063
440,440,0,"experimental","Control","complete",NA,NA,144,0.293715685615928,1176.2046829448,42.2950587286936,47.4020335534063
441,441,0,"experimental","Control","complete",NA,NA,144,0.336435997739056,1176.2046829448,48.446783674424,47.4020335534063
442,442,0,"experimental","Control","complete",NA,NA,144,0.279899220569451,1176.2046829448,40.305487762001,47.4020335534063
443,443,0,"experimental","Control","complete",NA,NA,144,0.326519947586367,1176.2046829448,47.0188724524368,47.4020335534063
444,444,0,"experimental","Control","complete",NA,NA,144,0.331926128448887,1176.2046829448,47.7973624966397,47.4020335534063
445,445,0,"experimental","Control","complete",NA,NA,144,0.343362354299929,1176.2046829448,49.4441790191897,47.4020335534063
446,446,0,"experimental","Control","complete",NA,NA,144,0.30015620428607,1176.2046829448,43.2224934171941,47.4020335534063
447,447,0,"experimental","Control","complete",NA,NA,144,0.305129820684117,1176.2046829448,43.9386941785128,47.4020335534063
448,448,0,"experimental","Control","complete",NA,NA,144,0.348155133997509,1176.2046829448,50.1343392956413,47.4020335534063
449,449,0,"experimental","Control","complete",NA,NA,144,0.349657425059995,1176.2046829448,50.3506692086393,47.4020335534063
450,450,0,"experimental","Control","complete",NA,NA,144,0.310483464096302,1176.2046829448,44.7096188298674,47.4020335534063
451,451,0,"experimental","Control","complete",NA,NA,144,0.297654134318201,1176.2046829448,42.862195341821,47.4020335534063
452,452,0,"experimental","Control","complete",NA,NA,144,0.336750725597048,1176.2046829448,48.4921044859749,47.4020335534063
453,453,0,"experimental","Control","complete",NA,NA,144,0.315528307047765,1176.2046829448,45.4360762148781,47.4020335534063
454,454,0,"experimental","Control","complete",NA,NA,144,0.358919380152168,1176.2046829448,51.6843907419123,47.4020335534063
455,455,0,"experimental","Control","complete",NA,NA,144,0.382336075974895,1176.2046829448,55.0563949403849,47.4020335534063
456,456,0,"experimental","Control","complete",NA,NA,144,0.344905966303703,1176.2046829448,49.6664591477332,47.4020335534063
457,457,0,"experimental","Control","complete",NA,NA,144,0.324659329612112,1176.2046829448,46.7509434641441,47.4020335534063
458,458,0,"experimental","Control","complete",NA,NA,144,0.336104091083167,1176.2046829448,48.3989891159761,47.4020335534063
459,459,0,"experimental","Control","complete",NA,NA,144,0.354514637787499,1176.2046829448,51.0501078413999,47.4020335534063
460,460,0,"experimental","Control","complete",NA,NA,144,0.332831217281034,1176.2046829448,47.9276952884689,47.4020335534063
461,461,0,"experimental","Control","complete",NA,NA,144,0.336113328752985,1176.2046829448,48.4003193404298,47.4020335534063
462,462,0,"experimental","Control","complete",NA,NA,144,0.287461005128836,1176.2046829448,41.3943847385524,47.4020335534063
463,463,0,"experimental","Control","complete",NA,NA,144,0.332633087349867,1176.2046829448,47.8991645783808,47.4020335534063
464,464,0,"experimental","Control","complete",NA,NA,144,0.329776369381879,1176.2046829448,47.4877971909906,47.4020335534063
465,465,0,"experimental","Control","complete",NA,NA,144,0.342239705658931,1176.2046829448,49.282517614886,47.4020335534063
466,466,0,"experimental","Control","complete",NA,NA,144,0.324643964884898,1176.2046829448,46.7487309434253,47.4020335534063
467,467,0,"experimental","Control","complete",NA,NA,144,0.313310272285273,1176.2046829448,45.1166792090793,47.4020335534063
468,468,0,"experimental","Control","complete",NA,NA,144,0.286417285199399,1176.2046829448,41.2440890687135,47.4020335534063
469,469,0,"experimental","Control","complete",NA,NA,144,0.330159798373351,1176.2046829448,47.5430109657625,47.4020335534063
470,470,0,"experimental","Control","complete",NA,NA,144,0.347028800910636,1176.2046829448,49.9721473311316,47.4020335534063
471,471,0,"experimental","Control","complete",NA,NA,144,0.34673667065061,1176.2046829448,49.9300805736878,47.4020335534063
472,472,0,"experimental","Control","complete",NA,NA,144,0.329374435232163,1176.2046829448,47.4299186734315,47.4020335534063
473,473,0,"experimental","Control","complete",NA,NA,144,0.320351504875821,1176.2046829448,46.1306167021183,47.4020335534063
474,474,0,"experimental","Control","complete",NA,NA,144,0.339585008304266,1176.2046829448,48.9002411958144,47.4020335534063
475,475,0,"experimental","Control","complete",NA,NA,144,0.3672943340695,1176.2046829448,52.890384106008,47.4020335534063
476,476,0,"experimental","Control","complete",NA,NA,144,0.323669745889558,1176.2046829448,46.6084434080964,47.4020335534063
477,477,0,"experimental","Control","complete",NA,NA,144,0.313925841083888,1176.2046829448,45.2053211160798,47.4020335534063
478,478,0,"experimental","Control","complete",NA,NA,144,0.330479447660483,1176.2046829448,47.5890404631095,47.4020335534063
479,479,0,"experimental","Control","complete",NA,NA,144,0.338029893645932,1176.2046829448,48.6763046850142,47.4020335534063
480,480,0,"experimental","Control","complete",NA,NA,144,0.309910390120334,1176.2046829448,44.627096177328,47.4020335534063
481,481,0,"experimental","Control","complete",NA,NA,144,0.342001023478072,1176.2046829448,49.2481473808424,47.4020335534063
482,482,0,"experimental","Control","complete",NA,NA,144,0.33430254060344,1176.2046829448,48.1395658468953,47.4020335534063
483,483,0,"experimental","Control","complete",NA,NA,144,0.299706007031608,1176.2046829448,43.1576650125515,47.4020335534063
484,484,0,"experimental","Control","complete",NA,NA,144,0.321997632353163,1176.2046829448,46.3676590588555,47.4020335534063
485,485,0,"experimental","Control","complete",NA,NA,144,0.312115105655223,1176.2046829448,44.9445752143521,47.4020335534063
486,486,0,"experimental","Control","complete",NA,NA,144,0.346122462010211,1176.2046829448,49.8416345294704,47.4020335534063
487,487,0,"experimental","Control","complete",NA,NA,144,0.359487979056936,1176.2046829448,51.7662689841987,47.4020335534063
488,488,0,"experimental","Control","complete",NA,NA,144,0.353596519245557,1176.2046829448,50.9178987713603,47.4020335534063
489,489,0,"experimental","Control","complete",NA,NA,144,0.328632795400338,1176.2046829448,47.3231225376486,47.4020335534063
490,490,0,"experimental","Control","complete",NA,NA,144,0.314693810744963,1176.2046829448,45.3159087472747,47.4020335534063
491,491,0,"experimental","Control","complete",NA,NA,144,0.305593170212894,1176.2046829448,44.0054165106567,47.4020335534063
492,492,0,"experimental","Control","complete",NA,NA,144,0.308967172371685,1176.2046829448,44.4912728215226,47.4020335534063
493,493,0,"experimental","Control","complete",NA,NA,144,0.30409038252779,1176.2046829448,43.7890150840017,47.4020335534063
494,494,0,"experimental","Control","complete",NA,NA,144,0.349056289292211,1176.2046829448,50.2641056580784,47.4020335534063
495,495,0,"experimental","Control","complete",NA,NA,144,0.319098458632481,1176.2046829448,45.9501780430772,47.4020335534063
496,496,0,"experimental","Control","complete",NA,NA,144,0.31629306351619,1176.2046829448,45.5462011463314,47.4020335534063
497,497,0,"experimental","Control","complete",NA,NA,144,0.358840548947009,1176.2046829448,51.6730390483692,47.4020335534063
498,498,0,"experimental","Control","complete",NA,NA,144,0.294629832353563,1176.2046829448,42.426695858913,47.4020335534063
499,499,0,"experimental","Control","complete",NA,NA,144,0.331816977751449,1176.2046829448,47.7816447962087,47.4020335534063
500,500,0,"experimental","Control","complete",NA,NA,144,0.328482709113193,1176.2046829448,47.3015101122998,47.4020335534063
501,501,0,"experimental","Control","complete",NA,NA,144,0.305913339396772,1176.2046829448,44.0515208731352,47.4020335534063
502,502,0,"experimental","Control","complete",NA,NA,144,0.314514472698158,1176.2046829448,45.2900840685347,47.4020335534063
503,503,0,"experimental","Control","complete",NA,NA,144,0.366691668460948,1176.2046829448,52.8036002583764,47.4020335534063
504,504,0,"experimental","Control","complete",NA,NA,144,0.32141819943818,1176.2046829448,46.2842207190979,47.4020335534063
505,505,0,"experimental","Control","complete",NA,NA,144,0.375660527124901,1176.2046829448,54.0951159059857,47.4020335534063
506,506,0,"experimental","Control","complete",NA,NA,144,0.346919227527238,1176.2046829448,49.9563687639223,47.4020335534063
507,507,0,"experimental","Control","complete",NA,NA,144,0.332529546114647,1176.2046829448,47.8842546405092,47.4020335534063
508,508,0,"experimental","Control","complete",NA,NA,144,0.293823185924103,1176.2046829448,42.3105387730708,47.4020335534063
509,509,0,"experimental","Control","complete",NA,NA,144,0.333219543207313,1176.2046829448,47.9836142218531,47.4020335534063
510,510,0,"experimental","Control","complete",NA,NA,144,0.332446210280153,1176.2046829448,47.8722542803421,47.4020335534063
511,511,0,"experimental","Control","complete",NA,NA,144,0.330712742985659,1176.2046829448,47.6226349899349,47.4020335534063
512,512,0,"experimental","Control","complete",NA,NA,144,0.337943106350724,1176.2046829448,48.6638073145042,47.4020335534063
513,513,0,"experimental","Control","complete",NA,NA,144,0.292675744726257,1176.2046829448,42.1453072405811,47.4020335534063
514,514,0,"experimental","Control","complete",NA,NA,144,0.347071069133941,1176.2046829448,49.9782339552875,47.4020335534063
515,515,0,"experimental","Control","complete",NA,NA,144,0.338432630457833,1176.2046829448,48.7342987859279,47.4020335534063
516,516,0,"experimental","Control","complete",NA,NA,144,0.316884333574915,1176.2046829448,45.6313440347878,47.4020335534063
517,517,0,"experimental","Control","complete",NA,NA,144,0.335670230899423,1176.2046829448,48.3365132495169,47.4020335534063
518,518,0,"experimental","Control","complete",NA,NA,144,0.338392371605078,1176.2046829448,48.7285015111312,47.4020335534063
519,519,0,"experimental","Control","complete",NA,NA,144,0.312006436228154,1176.2046829448,44.9289268168542,47.4020335534063
520,520,0,"experimental","Control","complete",NA,NA,144,0.325034736373966,1176.2046829448,46.8050020378511,47.4020335534063
521,521,0,"experimental","Control","complete",NA,NA,144,0.350438083966853,1176.2046829448,50.4630840912268,47.4020335534063
522,522,0,"experimental","Control","complete",NA,NA,144,0.35548108099621,1176.2046829448,51.1892756634542,47.4020335534063
523,523,0,"experimental","Control","complete",NA,NA,144,0.33262466163,1176.2046829448,47.89795127472,47.4020335534063
524,524,0,"experimental","Control","complete",NA,NA,144,0.341679152367127,1176.2046829448,49.2017979408664,47.4020335534063
525,525,0,"experimental","Control","complete",NA,NA,144,0.328491923009972,1176.2046829448,47.3028369134359,47.4020335534063
526,526,0,"experimental","Control","complete",NA,NA,144,0.301241979751619,1176.2046829448,43.3788450842331,47.4020335534063
527,527,0,"experimental","Control","complete",NA,NA,144,0.337135405243471,1176.2046829448,48.5474983550599,47.4020335534063
528,528,0,"experimental","Control","complete",NA,NA,144,0.324114814132343,1176.2046829448,46.6725332350574,47.4020335534063
529,529,0,"experimental","Control","complete",NA,NA,144,0.302189478004373,1176.2046829448,43.5152848326297,47.4020335534063
530,530,0,"experimental","Control","complete",NA,NA,144,0.346377925674765,1176.2046829448,49.8784212971662,47.4020335534063
531,531,0,"experimental","Control","complete",NA,NA,144,0.320229990872801,1176.2046829448,46.1131186856834,47.4020335534063
532,532,0,"experimental","Control","complete",NA,NA,144,0.342171609079362,1176.2046829448,49.2727117074282,47.4020335534063
533,533,0,"experimental","Control","complete",NA,NA,144,0.338304740774079,1176.2046829448,48.7158826714674,47.4020335534063
534,534,0,"experimental","Control","complete",NA,NA,144,0.355487826147756,1176.2046829448,51.1902469652768,47.4020335534063
535,535,0,"experimental","Control","complete",NA,NA,144,0.352864202175653,1176.2046829448,50.8124451132941,47.4020335534063
536,536,0,"experimental","Control","complete",NA,NA,144,0.327099012718697,1176.2046829448,47.1022578314924,47.4020335534063
537,537,0,"experimental","Control","complete",NA,NA,144,0.341822990570444,1176.2046829448,49.2225106421439,47.4020335534063
538,538,0,"experimental","Control","complete",NA,NA,144,0.354050006956683,1176.2046829448,50.9832010017623,47.4020335534063
539,539,0,"experimental","Control","complete",NA,NA,144,0.315019765078907,1176.2046829448,45.3628461713626,47.4020335534063
540,540,0,"experimental","Control","complete",NA,NA,144,0.308050170305455,1176.2046829448,44.3592245239856,47.4020335534063
541,541,0,"experimental","Control","complete",NA,NA,144,0.300767581695095,1176.2046829448,43.3105317640938,47.4020335534063
542,542,0,"experimental","Control","complete",NA,NA,144,0.338147320966447,1176.2046829448,48.6932142191683,47.4020335534063
543,543,0,"experimental","Control","complete",NA,NA,144,0.291956621322882,1176.2046829448,42.041753470495,47.4020335534063
544,544,0,"experimental","Control","complete",NA,NA,144,0.386943429916748,1176.2046829448,55.7198539080117,47.4020335534063
545,545,0,"experimental","Control","complete",NA,NA,144,0.324589424160697,1176.2046829448,46.7408770791404,47.4020335534063
546,546,0,"experimental","Control","complete",NA,NA,144,0.308725196434713,1176.2046829448,44.4564282865987,47.4020335534063
547,547,0,"experimental","Control","complete",NA,NA,144,0.338136397129718,1176.2046829448,48.6916411866794,47.4020335534063
548,548,0,"experimental","Control","complete",NA,NA,144,0.361943770742171,1176.2046829448,52.1199029868727,47.4020335534063
549,549,0,"experimental","Control","complete",NA,NA,144,0.352650705302907,1176.2046829448,50.7817015636187,47.4020335534063
550,550,0,"experimental","Control","complete",NA,NA,144,0.311657079464961,1176.2046829448,44.8786194429543,47.4020335534063
551,551,0,"experimental","Control","complete",NA,NA,144,0.316919007323394,1176.2046829448,45.6363370545687,47.4020335534063
552,552,0,"experimental","Control","complete",NA,NA,144,0.360480558081036,1176.2046829448,51.9092003636692,47.4020335534063
553,553,0,"experimental","Control","complete",NA,NA,144,0.290209568665363,1176.2046829448,41.7901778878123,47.4020335534063
554,554,0,"experimental","Control","complete",NA,NA,144,0.364617977387414,1176.2046829448,52.5049887437876,47.4020335534063
555,555,0,"experimental","Control","complete",NA,NA,144,0.307846167223407,1176.2046829448,44.3298480801706,47.4020335534063
556,556,0,"experimental","Control","complete",NA,NA,144,0.320629125273702,1176.2046829448,46.170594039413,47.4020335534063
557,557,0,"experimental","Control","complete",NA,NA,144,0.319223939682435,1176.2046829448,45.9682473142706,47.4020335534063
558,558,0,"experimental","Control","complete",NA,NA,144,0.318083303451951,1176.2046829448,45.8039956970809,47.4020335534063
559,559,0,"experimental","Control","complete",NA,NA,144,0.360159693317809,1176.2046829448,51.8629958377645,47.4020335534063
560,560,0,"experimental","Control","complete",NA,NA,144,0.297530934957234,1176.2046829448,42.8444546338417,47.4020335534063
561,561,0,"experimental","Control","complete",NA,NA,144,0.380456973740136,1176.2046829448,54.7858042185795,47.4020335534063
562,562,0,"experimental","Control","complete",NA,NA,144,0.344108111471771,1176.2046829448,49.551568051935,47.4020335534063
563,563,0,"experimental","Control","complete",NA,NA,144,0.324807757366454,1176.2046829448,46.7723170607694,47.4020335534063
564,564,0,"experimental","Control","complete",NA,NA,144,0.390973977952858,1176.2046829448,56.3002528252116,47.4020335534063
565,565,0,"experimental","Control","complete",NA,NA,144,0.297446831840318,1176.2046829448,42.8323437850058,47.4020335534063
566,566,0,"experimental","Control","complete",NA,NA,144,0.323293177979195,1176.2046829448,46.5542176290041,47.4020335534063
567,567,0,"experimental","Control","complete",NA,NA,144,0.342559353779115,1176.2046829448,49.3285469441925,47.4020335534063
568,568,0,"experimental","Control","complete",NA,NA,144,0.359603299069554,1176.2046829448,51.7828750660158,47.4020335534063
569,569,0,"experimental","Control","complete",NA,NA,144,0.317466336235288,1176.2046829448,45.7151524178815,47.4020335534063
570,570,0,"experimental","Control","complete",NA,NA,144,0.292905661079512,1176.2046829448,42.1784151954497,47.4020335534063
571,571,0,"experimental","Control","complete",NA,NA,144,0.279006159535114,1176.2046829448,40.1768869730564,47.4020335534063
572,572,0,"experimental","Control","complete",NA,NA,144,0.325536084372835,1176.2046829448,46.8771961496883,47.4020335534063
573,573,0,"experimental","Control","complete",NA,NA,144,0.379160028498624,1176.2046829448,54.5990441038018,47.4020335534063
574,574,0,"experimental","Control","complete",NA,NA,144,0.340935544013781,1176.2046829448,49.0947183379844,47.4020335534063
575,575,0,"experimental","Control","complete",NA,NA,144,0.317422614922218,1176.2046829448,45.7088565487994,47.4020335534063
576,576,0,"experimental","Control","complete",NA,NA,144,0.352685223915711,1176.2046829448,50.7866722438624,47.4020335534063
577,577,0,"experimental","Control","complete",NA,NA,144,0.353804925107538,1176.2046829448,50.9479092154855,47.4020335534063
578,578,0,"experimental","Control","complete",NA,NA,144,0.323684317836035,1176.2046829448,46.610541768389,47.4020335534063
579,579,0,"experimental","Control","complete",NA,NA,144,0.348594637274539,1176.2046829448,50.1976277675336,47.4020335534063
580,580,0,"experimental","Control","complete",NA,NA,144,0.31336673280295,1176.2046829448,45.1248095236249,47.4020335534063
581,581,0,"experimental","Control","complete",NA,NA,144,0.30765107927016,1176.2046829448,44.301755414903,47.4020335534063
582,582,0,"experimental","Control","complete",NA,NA,144,0.33511796354738,1176.2046829448,48.2569867508227,47.4020335534063
583,583,0,"experimental","Control","complete",NA,NA,144,0.326392791609714,1176.2046829448,47.0005619917988,47.4020335534063
584,584,0,"experimental","Control","complete",NA,NA,144,0.322087907318103,1176.2046829448,46.3806586538068,47.4020335534063
585,585,0,"experimental","Control","complete",NA,NA,144,0.301796964849109,1176.2046829448,43.4587629382717,47.4020335534063
586,586,0,"experimental","Control","complete",NA,NA,144,0.34344563556433,1176.2046829448,49.4561715212635,47.4020335534063
587,587,0,"experimental","Control","complete",NA,NA,144,0.339957378708092,1176.2046829448,48.9538625339652,47.4020335534063
588,588,0,"experimental","Control","complete",NA,NA,144,0.314376712200388,1176.2046829448,45.2702465568558,47.4020335534063
589,589,0,"experimental","Control","complete",NA,NA,144,0.353809590722452,1176.2046829448,50.9485810640331,47.4020335534063
590,590,0,"experimental","Control","complete",NA,NA,144,0.403679217284702,1176.2046829448,58.129807288997,47.4020335534063
591,591,0,"experimental","Control","complete",NA,NA,144,0.353267401197851,1176.2046829448,50.8705057724906,47.4020335534063
592,592,0,"experimental","Control","complete",NA,NA,144,0.367223823089131,1176.2046829448,52.8802305248349,47.4020335534063
593,593,0,"experimental","Control","complete",NA,NA,144,0.379136679566663,1176.2046829448,54.5956818575995,47.4020335534063
594,594,0,"experimental","Control","complete",NA,NA,144,0.347572364262481,1176.2046829448,50.0504204537972,47.4020335534063
595,595,0,"experimental","Control","complete",NA,NA,144,0.337949530604298,1176.2046829448,48.6647324070189,47.4020335534063
596,596,0,"experimental","Control","complete",NA,NA,144,0.310689795264552,1176.2046829448,44.7393305180955,47.4020335534063
597,597,0,"experimental","Control","complete",NA,NA,144,0.342945572802861,1176.2046829448,49.384162483612,47.4020335534063
598,598,0,"experimental","Control","complete",NA,NA,144,0.323319203068594,1176.2046829448,46.5579652418775,47.4020335534063
599,599,0,"experimental","Control","complete",NA,NA,144,0.311610564221087,1176.2046829448,44.8719212478365,47.4020335534063
600,600,0,"experimental","Control","complete",NA,NA,144,0.341687792585524,1176.2046829448,49.2030421323155,47.4020335534063
601,601,0,"experimental","Control","complete",NA,NA,144,0.300348009137846,1176.2046829448,43.2501133158498,47.4020335534063
602,602,0,"experimental","Control","complete",NA,NA,144,0.315785560122564,1176.2046829448,45.4731206576493,47.4020335534063
603,603,0,"experimental","Control","complete",NA,NA,144,0.343677288263226,1176.2046829448,49.4895295099045,47.4020335534063
604,604,0,"experimental","Control","complete",NA,NA,144,0.340061352065604,1176.2046829448,48.9688346974469,47.4020335534063
605,605,0,"experimental","Control","complete",NA,NA,144,0.306740609025861,1176.2046829448,44.170647699724,47.4020335534063
606,606,0,"experimental","Control","complete",NA,NA,144,0.348358217365295,1176.2046829448,50.1635833006024,47.4020335534063
607,607,0,"experimental","Control","complete",NA,NA,144,0.33887607756845,1176.2046829448,48.7981551698568,47.4020335534063
608,608,0,"experimental","Control","complete",NA,NA,144,0.319858281058689,1176.2046829448,46.0595924724513,47.4020335534063
609,609,0,"experimental","Control","complete",NA,NA,144,0.328214935272886,1176.2046829448,47.2629506792956,47.4020335534063
610,610,0,"experimental","Control","complete",NA,NA,144,0.346390180847191,1176.2046829448,49.8801860419956,47.4020335534063
611,611,0,"experimental","Control","complete",NA,NA,144,0.294469387768512,1176.2046829448,42.4035918386657,47.4020335534063
612,612,0,"experimental","Control","complete",NA,NA,144,0.306552087756097,1176.2046829448,44.1435006368779,47.4020335534063
613,613,0,"experimental","Control","complete",NA,NA,144,0.312428229241994,1176.2046829448,44.9896650108471,47.4020335534063
614,614,0,"experimental","Control","complete",NA,NA,144,0.32661090184785,1176.2046829448,47.0319698660904,47.4020335534063
615,615,0,"experimental","Control","complete",NA,NA,144,0.333033479713485,1176.2046829448,47.9568210787418,47.4020335534063
616,616,0,"experimental","Control","complete",NA,NA,144,0.341282154540705,1176.2046829448,49.1446302538616,47.4020335534063
617,617,0,"experimental","Control","complete",NA,NA,144,0.348014229420643,1176.2046829448,50.1140490365727,47.4020335534063
618,618,0,"experimental","Control","complete",NA,NA,144,0.336092144782397,1176.2046829448,48.3972688486652,47.4020335534063
619,619,0,"experimental","Control","complete",NA,NA,144,0.335926483167159,1176.2046829448,48.3734135760708,47.4020335534063
620,620,0,"experimental","Control","complete",NA,NA,144,0.324767219743411,1176.2046829448,46.7664796430512,47.4020335534063
621,621,0,"experimental","Control","complete",NA,NA,144,0.36499137519563,1176.2046829448,52.5587580281707,47.4020335534063
622,622,0,"experimental","Control","complete",NA,NA,144,0.31656096069881,1176.2046829448,45.5847783406287,47.4020335534063
623,623,0,"experimental","Control","complete",NA,NA,144,0.330222923368444,1176.2046829448,47.552100965056,47.4020335534063
624,624,0,"experimental","Control","complete",NA,NA,144,0.333642694784244,1176.2046829448,48.0445480489311,47.4020335534063
625,625,0,"experimental","Control","complete",NA,NA,144,0.333835812277607,1176.2046829448,48.0723569679753,47.4020335534063
626,626,0,"experimental","Control","complete",NA,NA,144,0.330716235659102,1176.2046829448,47.6231379349107,47.4020335534063
627,627,0,"experimental","Control","complete",NA,NA,144,0.333601164165443,1176.2046829448,48.0385676398239,47.4020335534063
628,628,0,"experimental","Control","complete",NA,NA,144,0.338141932307813,1176.2046829448,48.692438252325,47.4020335534063
629,629,0,"experimental","Control","complete",NA,NA,144,0.316949107922994,1176.2046829448,45.6406715409112,47.4020335534063
630,630,0,"experimental","Control","complete",NA,NA,144,0.322541330333698,1176.2046829448,46.4459515680524,47.4020335534063
631,631,0,"experimental","Control","complete",NA,NA,144,0.311208763410881,1176.2046829448,44.8140619311669,47.4020335534063
632,632,0,"experimental","Control","complete",NA,NA,144,0.355422419185846,1176.2046829448,51.1808283627618,47.4020335534063
633,633,0,"experimental","Control","complete",NA,NA,144,0.351920327803508,1176.2046829448,50.6765272037052,47.4020335534063
634,634,0,"experimental","Control","complete",NA,NA,144,0.332616204230682,1176.2046829448,47.8967334092181,47.4020335534063
635,635,0,"experimental","Control","complete",NA,NA,144,0.361889048747282,1176.2046829448,52.1120230196086,47.4020335534063
636,636,0,"experimental","Control","complete",NA,NA,144,0.391255543126581,1176.2046829448,56.3407982102276,47.4020335534063
637,637,0,"experimental","Control","complete",NA,NA,144,0.400766429660761,1176.2046829448,57.7103658711496,47.4020335534063
638,638,0,"experimental","Control","complete",NA,NA,144,0.361083461992066,1176.2046829448,51.9960185268575,47.4020335534063
639,639,0,"experimental","Control","complete",NA,NA,144,0.304751005273453,1176.2046829448,43.8841447593773,47.4020335534063
640,640,0,"experimental","Control","complete",NA,NA,144,0.371645349391228,1176.2046829448,53.5169303123368,47.4020335534063
641,641,0,"experimental","Control","complete",NA,NA,144,0.334168321705506,1176.2046829448,48.1202383255928,47.4020335534063
642,642,0,"experimental","Control","complete",NA,NA,144,0.35328065675413,1176.2046829448,50.8724145725947,47.4020335534063
643,643,0,"experimental","Control","complete",NA,NA,144,0.350328398160624,1176.2046829448,50.4472893351299,47.4020335534063
644,644,0,"experimental","Control","complete",NA,NA,144,0.351959442521217,1176.2046829448,50.6821597230553,47.4020335534063
645,645,0,"experimental","Control","complete",NA,NA,144,0.331157607236187,1176.2046829448,47.6866954420109,47.4020335534063
646,646,0,"experimental","Control","complete",NA,NA,144,0.322964892125969,1176.2046829448,46.5069444661395,47.4020335534063
647,647,0,"experimental","Control","complete",NA,NA,144,0.360416116718102,1176.2046829448,51.8999208074067,47.4020335534063
648,648,0,"experimental","Control","complete",NA,NA,144,0.30079107747958,1176.2046829448,43.3139151570596,47.4020335534063
649,649,0,"experimental","Control","complete",NA,NA,144,0.337157560302384,1176.2046829448,48.5506886835433,47.4020335534063
650,650,0,"experimental","Control","complete",NA,NA,144,0.362867249661111,1176.2046829448,52.2528839511999,47.4020335534063
651,651,0,"experimental","Control","complete",NA,NA,144,0.311530546469474,1176.2046829448,44.8603986916042,47.4020335534063
652,652,0,"experimental","Control","complete",NA,NA,144,0.307315157913987,1176.2046829448,44.2533827396141,47.4020335534063
653,653,0,"experimental","Control","complete",NA,NA,144,0.334917042835098,1176.2046829448,48.2280541682542,47.4020335534063
654,654,0,"experimental","Control","complete",NA,NA,144,0.320003796473079,1176.2046829448,46.0805466921234,47.4020335534063
655,655,0,"experimental","Control","complete",NA,NA,144,0.336522907908908,1176.2046829448,48.4592987388827,47.4020335534063
656,656,0,"experimental","Control","complete",NA,NA,144,0.383655979582552,1176.2046829448,55.2464610598876,47.4020335534063
657,657,0,"experimental","Control","complete",NA,NA,144,0.334544998595404,1176.2046829448,48.1744797977382,47.4020335534063
658,658,0,"experimental","Control","complete",NA,NA,144,0.340370160239163,1176.2046829448,49.0133030744395,47.4020335534063
659,659,0,"experimental","Control","complete",NA,NA,144,0.323367520096114,1176.2046829448,46.5649228938404,47.4020335534063
660,660,0,"experimental","Control","complete",NA,NA,144,0.322878175194982,1176.2046829448,46.4944572280774,47.4020335534063
661,661,0,"experimental","Control","complete",NA,NA,144,0.333986547257247,1176.2046829448,48.0940628050435,47.4020335534063
662,662,0,"experimental","Control","complete",NA,NA,144,0.31645760309867,1176.2046829448,45.5698948462085,47.4020335534063
663,663,0,"experimental","Control","complete",NA,NA,144,0.345469654030233,1176.2046829448,49.7476301803535,47.4020335534063
664,664,0,"experimental","Control","complete",NA,NA,144,0.318470415685389,1176.2046829448,45.859739858696,47.4020335534063
665,665,0,"experimental","Control","complete",NA,NA,144,0.34061911171983,1176.2046829448,49.0491520876555,47.4020335534063
666,666,0,"experimental","Control","complete",NA,NA,144,0.315486939799625,1176.2046829448,45.430119331146,47.4020335534063
667,667,0,"experimental","Control","complete",NA,NA,144,0.302804531287616,1176.2046829448,43.6038525054167,47.4020335534063
668,668,0,"experimental","Control","complete",NA,NA,144,0.358168165248373,1176.2046829448,51.5762157957657,47.4020335534063
669,669,0,"experimental","Control","complete",NA,NA,144,0.325142663154185,1176.2046829448,46.8205434942027,47.4020335534063
670,670,0,"experimental","Control","complete",NA,NA,144,0.328951641034709,1176.2046829448,47.369036308998,47.4020335534063
671,671,0,"experimental","Control","complete",NA,NA,144,0.349880914576479,1176.2046829448,50.382851699013,47.4020335534063
672,672,0,"experimental","Control","complete",NA,NA,144,0.294174465098864,1176.2046829448,42.3611229742364,47.4020335534063
673,673,0,"experimental","Control","complete",NA,NA,144,0.3103851123282,1176.2046829448,44.6954561752608,47.4020335534063
674,674,0,"experimental","Control","complete",NA,NA,144,0.353623931229079,1176.2046829448,50.9218460969874,47.4020335534063
675,675,0,"experimental","Control","complete",NA,NA,144,0.31558081591156,1176.2046829448,45.4436374912646,47.4020335534063
676,676,0,"experimental","Control","complete",NA,NA,144,0.340323441419746,1176.2046829448,49.0065755644434,47.4020335534063
677,677,0,"experimental","Control","complete",NA,NA,144,0.337574487429167,1176.2046829448,48.6107261898,47.4020335534063
678,678,0,"experimental","Control","complete",NA,NA,144,0.337856681804295,1176.2046829448,48.6513621798185,47.4020335534063
679,679,0,"experimental","Control","complete",NA,NA,144,0.310554818265301,1176.2046829448,44.7198938302033,47.4020335534063
680,680,0,"experimental","Control","complete",NA,NA,144,0.335795258557182,1176.2046829448,48.3545172322342,47.4020335534063
681,681,0,"experimental","Control","complete",NA,NA,144,0.304148933088337,1176.2046829448,43.7974463647205,47.4020335534063
682,682,0,"experimental","Control","complete",NA,NA,144,0.319150697987367,1176.2046829448,45.9577005101808,47.4020335534063
683,683,0,"experimental","Control","complete",NA,NA,144,0.267329101915825,1176.2046829448,38.4953906758787,47.4020335534063
684,684,0,"experimental","Control","complete",NA,NA,144,0.368362777814245,1176.2046829448,53.0442400052513,47.4020335534063
685,685,0,"experimental","Control","complete",NA,NA,144,0.321729371412082,1176.2046829448,46.3290294833397,47.4020335534063
686,686,0,"experimental","Control","complete",NA,NA,144,0.313555169342159,1176.2046829448,45.1519443852709,47.4020335534063
687,687,0,"experimental","Control","complete",NA,NA,144,0.309521035828191,1176.2046829448,44.5710291592596,47.4020335534063
688,688,0,"experimental","Control","complete",NA,NA,144,0.308818976823336,1176.2046829448,44.4699326625604,47.4020335534063
689,689,0,"experimental","Control","complete",NA,NA,144,0.265035594658215,1176.2046829448,38.165125630783,47.4020335534063
690,690,0,"experimental","Control","complete",NA,NA,144,0.316549980723755,1176.2046829448,45.5831972242208,47.4020335534063
691,691,0,"experimental","Control","complete",NA,NA,144,0.327477167350023,1176.2046829448,47.1567120984034,47.4020335534063
692,692,0,"experimental","Control","complete",NA,NA,144,0.311348166181107,1176.2046829448,44.8341359300794,47.4020335534063
693,693,0,"experimental","Control","complete",NA,NA,144,0.360731219283276,1176.2046829448,51.9452955767918,47.4020335534063
694,694,0,"experimental","Control","complete",NA,NA,144,0.314137719591782,1176.2046829448,45.2358316212166,47.4020335534063
695,695,0,"experimental","Control","complete",NA,NA,144,0.313090081471373,1176.2046829448,45.0849717318777,47.4020335534063
696,696,0,"experimental","Control","complete",NA,NA,144,0.319818256248708,1176.2046829448,46.053828899814,47.4020335534063
697,697,0,"experimental","Control","complete",NA,NA,144,0.287043724034653,1176.2046829448,41.33429626099,47.4020335534063
698,698,0,"experimental","Control","complete",NA,NA,144,0.326474166742838,1176.2046829448,47.0122800109687,47.4020335534063
699,699,0,"experimental","Control","complete",NA,NA,144,0.308045197121986,1176.2046829448,44.358508385566,47.4020335534063
700,700,0,"experimental","Control","complete",NA,NA,144,0.331772908028834,1176.2046829448,47.7752987561521,47.4020335534063
701,701,0,"experimental","Control","complete",NA,NA,144,0.346616716225136,1176.2046829448,49.9128071364196,47.4020335534063
702,702,0,"experimental","Control","complete",NA,NA,144,0.351977703016483,1176.2046829448,50.6847892343736,47.4020335534063
703,703,0,"experimental","Control","complete",NA,NA,144,0.315033698223535,1176.2046829448,45.3648525441891,47.4020335534063
704,704,0,"experimental","Control","complete",NA,NA,144,0.3301102804355,1176.2046829448,47.535880382712,47.4020335534063
705,705,0,"experimental","Control","complete",NA,NA,144,0.332605356278299,1176.2046829448,47.8951713040751,47.4020335534063
706,706,0,"experimental","Control","complete",NA,NA,144,0.333527227619229,1176.2046829448,48.0279207771689,47.4020335534063
707,707,0,"experimental","Control","complete",NA,NA,144,0.350206580781671,1176.2046829448,50.4297476325606,47.4020335534063
708,708,0,"experimental","Control","complete",NA,NA,144,0.297193015578074,1176.2046829448,42.7957942432427,47.4020335534063
709,709,0,"experimental","Control","complete",NA,NA,144,0.339838486040326,1176.2046829448,48.936741989807,47.4020335534063
710,710,0,"experimental","Control","complete",NA,NA,144,0.403352525970702,1176.2046829448,58.0827637397811,47.4020335534063
711,711,0,"experimental","Control","complete",NA,NA,144,0.341652078380976,1176.2046829448,49.1978992868606,47.4020335534063
712,712,0,"experimental","Control","complete",NA,NA,144,0.340654687645086,1176.2046829448,49.0542750208924,47.4020335534063
713,713,0,"experimental","Control","complete",NA,NA,144,0.359111067077848,1176.2046829448,51.7119936592101,47.4020335534063
714,714,0,"experimental","Control","complete",NA,NA,144,0.35088305844055,1176.2046829448,50.5271604154392,47.4020335534063
715,715,0,"experimental","Control","complete",NA,NA,144,0.342599458658038,1176.2046829448,49.3343220467575,47.4020335534063
716,716,0,"experimental","Control","complete",NA,NA,144,0.336329760715217,1176.2046829448,48.4314855429913,47.4020335534063
717,717,0,"experimental","Control","complete",NA,NA,144,0.321907757586709,1176.2046829448,46.3547170924861,47.4020335534063
718,718,0,"experimental","Control","complete",NA,NA,144,0.361048720906685,1176.2046829448,51.9910158105626,47.4020335534063
719,719,0,"experimental","Control","complete",NA,NA,144,0.344603824349444,1176.2046829448,49.62295070632,47.4020335534063
720,720,0,"experimental","Control","complete",NA,NA,144,0.319805430551069,1176.2046829448,46.0519819993539,47.4020335534063
721,721,0,"experimental","Control","complete",NA,NA,144,0.332749265335684,1176.2046829448,47.9158942083385,47.4020335534063
722,722,0,"experimental","Control","complete",NA,NA,144,0.313891226507517,1176.2046829448,45.2003366170824,47.4020335534063
723,723,0,"experimental","Control","complete",NA,NA,144,0.352995420592967,1176.2046829448,50.8313405653872,47.4020335534063
724,724,0,"experimental","Control","complete",NA,NA,144,0.327809489981649,1176.2046829448,47.2045665573575,47.4020335534063
725,725,0,"experimental","Control","complete",NA,NA,144,0.338405706542923,1176.2046829448,48.7304217421809,47.4020335534063
726,726,0,"experimental","Control","complete",NA,NA,144,0.372130032486908,1176.2046829448,53.5867246781148,47.4020335534063
727,727,0,"experimental","Control","complete",NA,NA,144,0.36426248175801,1176.2046829448,52.4537973731535,47.4020335534063
728,728,0,"experimental","Control","complete",NA,NA,144,0.353900217127907,1176.2046829448,50.9616312664186,47.4020335534063
729,729,0,"experimental","Control","complete",NA,NA,144,0.316530721163668,1176.2046829448,45.5804238475682,47.4020335534063
730,730,0,"experimental","Control","complete",NA,NA,144,0.336676940110113,1176.2046829448,48.4814793758563,47.4020335534063
731,731,0,"experimental","Control","complete",NA,NA,144,0.29849938731411,1176.2046829448,42.9839117732319,47.4020335534063
732,732,0,"experimental","Control","complete",NA,NA,144,0.367414472072884,1176.2046829448,52.9076839784953,47.4020335534063
733,733,0,"experimental","Control","complete",NA,NA,144,0.327143518341633,1176.2046829448,47.1086666411951,47.4020335534063
734,734,0,"experimental","Control","complete",NA,NA,144,0.368400072180973,1176.2046829448,53.0496103940602,47.4020335534063
735,735,0,"experimental","Control","complete",NA,NA,144,0.325440142152538,1176.2046829448,46.8633804699654,47.4020335534063
736,736,0,"experimental","Control","complete",NA,NA,144,0.321485682097873,1176.2046829448,46.2939382220937,47.4020335534063
737,737,0,"experimental","Control","complete",NA,NA,144,0.288473964936662,1176.2046829448,41.5402509508793,47.4020335534063
738,738,0,"experimental","Control","complete",NA,NA,144,0.376685377827056,1176.2046829448,54.2426944070961,47.4020335534063
739,739,0,"experimental","Control","complete",NA,NA,144,0.370187570933444,1176.2046829448,53.3070102144159,47.4020335534063
740,740,0,"experimental","Control","complete",NA,NA,144,0.317776966356686,1176.2046829448,45.7598831553627,47.4020335534063
741,741,0,"experimental","Control","complete",NA,NA,144,0.342258000756603,1176.2046829448,49.2851521089508,47.4020335534063
742,742,0,"experimental","Control","complete",NA,NA,144,0.409306893852336,1176.2046829448,58.9401927147364,47.4020335534063
743,743,0,"experimental","Control","complete",NA,NA,144,0.353593142368371,1176.2046829448,50.9174125010455,47.4020335534063
744,744,0,"experimental","Control","complete",NA,NA,144,0.33395031181028,1176.2046829448,48.0888449006803,47.4020335534063
745,745,0,"experimental","Control","complete",NA,NA,144,0.300636763068151,1176.2046829448,43.2916938818137,47.4020335534063
746,746,0,"experimental","Control","complete",NA,NA,144,0.30911831214818,1176.2046829448,44.5130369493379,47.4020335534063
747,747,0,"experimental","Control","complete",NA,NA,144,0.348204292067234,1176.2046829448,50.1414180576817,47.4020335534063
748,748,0,"experimental","Control","complete",NA,NA,144,0.316400820351036,1176.2046829448,45.5617181305492,47.4020335534063
749,749,0,"experimental","Control","complete",NA,NA,144,0.399368533496887,1176.2046829448,57.5090688235518,47.4020335534063
750,750,0,"experimental","Control","complete",NA,NA,144,0.403177561499396,1176.2046829448,58.0575688559131,47.4020335534063
751,751,0,"experimental","Control","complete",NA,NA,144,0.353474976298005,1176.2046829448,50.9003965869127,47.4020335534063
752,752,0,"experimental","Control","complete",NA,NA,144,0.351545158256131,1176.2046829448,50.6225027888829,47.4020335534063
753,753,0,"experimental","Control","complete",NA,NA,144,0.304490230586354,1176.2046829448,43.846593204435,47.4020335534063
754,754,0,"experimental","Control","complete",NA,NA,144,0.325006658345558,1176.2046829448,46.8009588017604,47.4020335534063
755,755,0,"experimental","Control","complete",NA,NA,144,0.337658593244231,1176.2046829448,48.6228374271692,47.4020335534063
756,756,0,"experimental","Control","complete",NA,NA,144,0.331483637341009,1176.2046829448,47.7336437771053,47.4020335534063
757,757,0,"experimental","Control","complete",NA,NA,144,0.35526085249584,1176.2046829448,51.1575627594009,47.4020335534063
758,758,0,"experimental","Control","complete",NA,NA,144,0.293894376473367,1176.2046829448,42.3207902121649,47.4020335534063
759,759,0,"experimental","Control","complete",NA,NA,144,0.344645468747592,1176.2046829448,49.6289474996533,47.4020335534063
760,760,0,"experimental","Control","complete",NA,NA,144,0.373864895414799,1176.2046829448,53.836544939731,47.4020335534063
761,761,0,"experimental","Control","complete",NA,NA,144,0.340645035676653,1176.2046829448,49.052885137438,47.4020335534063
762,762,0,"experimental","Control","complete",NA,NA,144,0.340271019995419,1176.2046829448,48.9990268793403,47.4020335534063
763,763,0,"experimental","Control","complete",NA,NA,144,0.310907021513485,1176.2046829448,44.7706110979419,47.4020335534063
764,764,0,"experimental","Control","complete",NA,NA,144,0.361762073531028,1176.2046829448,52.093738588468,47.4020335534063
765,765,0,"experimental","Control","complete",NA,NA,144,0.325495582004361,1176.2046829448,46.871363808628,47.4020335534063
766,766,0,"experimental","Control","complete",NA,NA,144,0.307474873244465,1176.2046829448,44.276381747203,47.4020335534063
767,767,0,"experimental","Control","complete",NA,NA,144,0.306764066748281,1176.2046829448,44.1740256117524,47.4020335534063
768,768,0,"experimental","Control","complete",NA,NA,144,0.396737679145273,1176.2046829448,57.1302257969193,47.4020335534063
769,769,0,"experimental","Control","complete",NA,NA,144,0.332517369965439,1176.2046829448,47.8825012750232,47.4020335534063
770,770,0,"experimental","Control","complete",NA,NA,144,0.327231606128069,1176.2046829448,47.1213512824419,47.4020335534063
771,771,0,"experimental","Control","complete",NA,NA,144,0.336603528502238,1176.2046829448,48.4709081043223,47.4020335534063
772,772,0,"experimental","Control","complete",NA,NA,144,0.315614108504475,1176.2046829448,45.4484316246445,47.4020335534063
773,773,0,"experimental","Control","complete",NA,NA,144,0.316442854405249,1176.2046829448,45.5677710343559,47.4020335534063
774,774,0,"experimental","Control","complete",NA,NA,144,0.324224231174897,1176.2046829448,46.6882892891852,47.4020335534063
775,775,0,"experimental","Control","complete",NA,NA,144,0.332137136653219,1176.2046829448,47.8277476780635,47.4020335534063
776,776,0,"experimental","Control","complete",NA,NA,144,0.328364911045606,1176.2046829448,47.2845471905673,47.4020335534063
777,777,0,"experimental","Control","complete",NA,NA,144,0.385260014797916,1176.2046829448,55.4774421308999,47.4020335534063
778,778,0,"experimental","Control","complete",NA,NA,144,0.359528874493686,1176.2046829448,51.7721579270908,47.4020335534063
779,779,0,"experimental","Control","complete",NA,NA,144,0.37865080971664,1176.2046829448,54.5257165991962,47.4020335534063
780,780,0,"experimental","Control","complete",NA,NA,144,0.352059448388965,1176.2046829448,50.696560568011,47.4020335534063
781,781,0,"experimental","Control","complete",NA,NA,144,0.341980042585531,1176.2046829448,49.2451261323165,47.4020335534063
782,782,0,"experimental","Control","complete",NA,NA,144,0.360939276778461,1176.2046829448,51.9752558560984,47.4020335534063
783,783,0,"experimental","Control","complete",NA,NA,144,0.34711715621384,1176.2046829448,49.984870494793,47.4020335534063
784,784,0,"experimental","Control","complete",NA,NA,144,0.300789992841036,1176.2046829448,43.3137589691091,47.4020335534063
785,785,0,"experimental","Control","complete",NA,NA,144,0.31316291484684,1176.2046829448,45.0954597379449,47.4020335534063
786,786,0,"experimental","Control","complete",NA,NA,144,0.303063077541965,1176.2046829448,43.641083166043,47.4020335534063
787,787,0,"experimental","Control","complete",NA,NA,144,0.335872157279499,1176.2046829448,48.3655906482479,47.4020335534063
788,788,0,"experimental","Control","complete",NA,NA,144,0.312612438197917,1176.2046829448,45.0161911005001,47.4020335534063
789,789,0,"experimental","Control","complete",NA,NA,144,0.34777124437172,1176.2046829448,50.0790591895277,47.4020335534063
790,790,0,"experimental","Control","complete",NA,NA,144,0.320060416450912,1176.2046829448,46.0886999689314,47.4020335534063
791,791,0,"experimental","Control","complete",NA,NA,144,0.327756460545706,1176.2046829448,47.1969303185816,47.4020335534063
792,792,0,"experimental","Control","complete",NA,NA,144,0.338265163560773,1176.2046829448,48.7101835527513,47.4020335534063
793,793,0,"experimental","Control","complete",NA,NA,144,0.361579440068739,1176.2046829448,52.0674393698984,47.4020335534063
794,794,0,"experimental","Control","complete",NA,NA,144,0.369815022809222,1176.2046829448,53.2533632845279,47.4020335534063
795,795,0,"experimental","Control","complete",NA,NA,144,0.340285558745465,1176.2046829448,49.0011204593469,47.4020335534063
796,796,0,"experimental","Control","complete",NA,NA,144,0.317679586927495,1176.2046829448,45.7458605175592,47.4020335534063
797,797,0,"experimental","Control","complete",NA,NA,144,0.338537145969915,1176.2046829448,48.7493490196678,47.4020335534063
798,798,0,"experimental","Control","complete",NA,NA,144,0.314937930567263,1176.2046829448,45.3510620016859,47.4020335534063
799,799,0,"experimental","Control","complete",NA,NA,144,0.342280222695515,1176.2046829448,49.2883520681541,47.4020335534063
800,800,0,"experimental","Control","complete",NA,NA,144,0.345640250469342,1176.2046829448,49.7721960675853,47.4020335534063
801,801,0,"experimental","Control","complete",NA,NA,144,0.306968695779759,1176.2046829448,44.2034921922852,47.4020335534063
802,802,0,"experimental","Control","complete",NA,NA,144,0.351011259841258,1176.2046829448,50.5456214171412,47.4020335534063
803,803,0,"experimental","Control","complete",NA,NA,144,0.317053174529353,1176.2046829448,45.6556571322268,47.4020335534063
804,804,0,"experimental","Control","complete",NA,NA,144,0.325804407308813,1176.2046829448,46.9158346524691,47.4020335534063
805,805,0,"experimental","Control","complete",NA,NA,144,0.325768940119959,1176.2046829448,46.9107273772741,47.4020335534063
806,806,0,"experimental","Control","complete",NA,NA,144,0.328941602035622,1176.2046829448,47.3675906931296,47.4020335534063
807,807,0,"experimental","Control","complete",NA,NA,144,0.339789459585561,1176.2046829448,48.9296821803207,47.4020335534063
808,808,0,"experimental","Control","complete",NA,NA,144,0.334746839407183,1176.2046829448,48.2035448746343,47.4020335534063
809,809,0,"experimental","Control","complete",NA,NA,144,0.303288061852562,1176.2046829448,43.6734809067689,47.4020335534063
810,810,0,"experimental","Control","complete",NA,NA,144,0.330866350904973,1176.2046829448,47.6447545303161,47.4020335534063
811,811,0,"experimental","Control","complete",NA,NA,144,0.329688762391089,1176.2046829448,47.4751817843168,47.4020335534063
812,812,0,"experimental","Control","complete",NA,NA,144,0.334935204934177,1176.2046829448,48.2306695105215,47.4020335534063
813,813,0,"experimental","Control","complete",NA,NA,144,0.350929042840207,1176.2046829448,50.5337821689898,47.4020335534063
814,814,0,"experimental","Control","complete",NA,NA,144,0.311267385653871,1176.2046829448,44.8225035341574,47.4020335534063
815,815,0,"experimental","Control","complete",NA,NA,144,0.318785119136537,1176.2046829448,45.9050571556613,47.4020335534063
816,816,0,"experimental","Control","complete",NA,NA,144,0.331115238306382,1176.2046829448,47.6805943161191,47.4020335534063
817,817,0,"experimental","Control","complete",NA,NA,144,0.322694747414147,1176.2046829448,46.4680436276372,47.4020335534063
818,818,0,"experimental","Control","complete",NA,NA,144,0.307466072037378,1176.2046829448,44.2751143733825,47.4020335534063
819,819,0,"experimental","Control","complete",NA,NA,144,0.297439716574203,1176.2046829448,42.8313191866853,47.4020335534063
820,820,0,"experimental","Control","complete",NA,NA,144,0.341355173688202,1176.2046829448,49.1551450111011,47.4020335534063
821,821,0,"experimental","Control","complete",NA,NA,144,0.325446768694811,1176.2046829448,46.8643346920528,47.4020335534063
822,822,0,"experimental","Control","complete",NA,NA,144,0.308504153419143,1176.2046829448,44.4245980923567,47.4020335534063
823,823,0,"experimental","Control","complete",NA,NA,144,0.309295406700241,1176.2046829448,44.5385385648347,47.4020335534063
824,824,0,"experimental","Control","complete",NA,NA,144,0.351317809088321,1176.2046829448,50.5897645087182,47.4020335534063
825,825,0,"experimental","Control","complete",NA,NA,144,0.326073025728953,1176.2046829448,46.9545157049692,47.4020335534063
826,826,0,"experimental","Control","complete",NA,NA,144,0.316324614671159,1176.2046829448,45.5507445126469,47.4020335534063
827,827,0,"experimental","Control","complete",NA,NA,144,0.337585966622438,1176.2046829448,48.612379193631,47.4020335534063
828,828,0,"experimental","Control","complete",NA,NA,144,0.318062556817928,1176.2046829448,45.8010081817816,47.4020335534063
829,829,0,"experimental","Control","complete",NA,NA,144,0.330607156465072,1176.2046829448,47.6074305309704,47.4020335534063
830,830,0,"experimental","Control","complete",NA,NA,144,0.332705528089385,1176.2046829448,47.9095960448715,47.4020335534063
831,831,0,"experimental","Control","complete",NA,NA,144,0.355997611839945,1176.2046829448,51.263656104952,47.4020335534063
832,832,0,"experimental","Control","complete",NA,NA,144,0.326314621140126,1176.2046829448,46.9893054441781,47.4020335534063
833,833,0,"experimental","Control","complete",NA,NA,144,0.330163908480074,1176.2046829448,47.5436028211306,47.4020335534063
834,834,0,"experimental","Control","complete",NA,NA,144,0.322996576640706,1176.2046829448,46.5115070362617,47.4020335534063
835,835,0,"experimental","Control","complete",NA,NA,144,0.325775018634722,1176.2046829448,46.9116026834,47.4020335534063
836,836,0,"experimental","Control","complete",NA,NA,144,0.324607370803655,1176.2046829448,46.7434613957263,47.4020335534063
837,837,0,"experimental","Control","complete",NA,NA,144,0.339394448419555,1176.2046829448,48.8728005724159,47.4020335534063
838,838,0,"experimental","Control","complete",NA,NA,144,0.324607570637044,1176.2046829448,46.7434901717344,47.4020335534063
839,839,0,"experimental","Control","complete",NA,NA,144,0.333754776905069,1176.2046829448,48.06068787433,47.4020335534063
840,840,0,"experimental","Control","complete",NA,NA,144,0.33925751307122,1176.2046829448,48.8530818822556,47.4020335534063
841,841,0,"experimental","Control","complete",NA,NA,144,0.356776445119325,1176.2046829448,51.3758080971827,47.4020335534063
842,842,0,"experimental","Control","complete",NA,NA,144,0.288245304750696,1176.2046829448,41.5073238841003,47.4020335534063
843,843,0,"experimental","Control","complete",NA,NA,144,0.336550742746792,1176.2046829448,48.4633069555381,47.4020335534063
844,844,0,"experimental","Control","complete",NA,NA,144,0.335912218152204,1176.2046829448,48.3713594139173,47.4020335534063
845,845,0,"experimental","Control","complete",NA,NA,144,0.329829929214049,1176.2046829448,47.4955098068231,47.4020335534063
846,846,0,"experimental","Control","complete",NA,NA,144,0.365487206566641,1176.2046829448,52.6301577455963,47.4020335534063
847,847,0,"experimental","Control","complete",NA,NA,144,0.33928026806811,1176.2046829448,48.8563586018078,47.4020335534063
848,848,0,"experimental","Control","complete",NA,NA,144,0.337251273857462,1176.2046829448,48.5641834354745,47.4020335534063
849,849,0,"experimental","Control","complete",NA,NA,144,0.30724565971746,1176.2046829448,44.2433749993143,47.4020335534063
850,850,0,"experimental","Control","complete",NA,NA,144,0.33834901819108,1176.2046829448,48.7222586195156,47.4020335534063
851,851,0,"experimental","Control","complete",NA,NA,144,0.304501329684144,1176.2046829448,43.8481914745167,47.4020335534063
852,852,0,"experimental","Control","complete",NA,NA,144,0.368213123659324,1176.2046829448,53.0226898069426,47.4020335534063
853,853,0,"experimental","Control","complete",NA,NA,144,0.356764521258213,1176.2046829448,51.3740910611826,47.4020335534063
854,854,0,"experimental","Control","complete",NA,NA,144,0.309422906808672,1176.2046829448,44.5568985804487,47.4020335534063
855,855,0,"experimental","Control","complete",NA,NA,144,0.339453589551606,1176.2046829448,48.8813168954312,47.4020335534063
856,856,0,"experimental","Control","complete",NA,NA,144,0.317086986449876,1176.2046829448,45.6605260487822,47.4020335534063
857,857,0,"experimental","Control","complete",NA,NA,144,0.301514837006713,1176.2046829448,43.4181365289667,47.4020335534063
858,858,0,"experimental","Control","complete",NA,NA,144,0.335363235039997,1176.2046829448,48.2923058457595,47.4020335534063
859,859,0,"experimental","Control","complete",NA,NA,144,0.296386694806245,1176.2046829448,42.6796840520992,47.4020335534063
860,860,0,"experimental","Control","complete",NA,NA,144,0.352004872390201,1176.2046829448,50.6887016241889,47.4020335534063
861,861,0,"experimental","Control","complete",NA,NA,144,0.354088545758338,1176.2046829448,50.9887505892007,47.4020335534063
862,862,0,"experimental","Control","complete",NA,NA,144,0.347847057017562,1176.2046829448,50.0899762105289,47.4020335534063
863,863,0,"experimental","Control","complete",NA,NA,144,0.369082170149178,1176.2046829448,53.1478325014817,47.4020335534063
864,864,0,"experimental","Control","complete",NA,NA,144,0.33937604977741,1176.2046829448,48.870151167947,47.4020335534063
865,865,0,"experimental","Control","complete",NA,NA,144,0.314150291271386,1176.2046829448,45.2376419430796,47.4020335534063
866,866,0,"experimental","Control","complete",NA,NA,144,0.332099282489827,1176.2046829448,47.8222966785351,47.4020335534063
867,867,0,"experimental","Control","complete",NA,NA,144,0.354662539102075,1176.2046829448,51.0714056306989,47.4020335534063
868,868,0,"experimental","Control","complete",NA,NA,144,0.340584982827404,1176.2046829448,49.0442375271462,47.4020335534063
869,869,0,"experimental","Control","complete",NA,NA,144,0.324561495142227,1176.2046829448,46.7368553004807,47.4020335534063
870,870,0,"experimental","Control","complete",NA,NA,144,0.288222065347042,1176.2046829448,41.503977409974,47.4020335534063
871,871,0,"experimental","Control","complete",NA,NA,144,0.332117193603776,1176.2046829448,47.8248758789437,47.4020335534063
872,872,0,"experimental","Control","complete",NA,NA,144,0.336709708921371,1176.2046829448,48.4861980846774,47.4020335534063
873,873,0,"experimental","Control","complete",NA,NA,144,0.356527205910516,1176.2046829448,51.3399176511143,47.4020335534063
874,874,0,"experimental","Control","complete",NA,NA,144,0.317142241226659,1176.2046829448,45.6684827366389,47.4020335534063
875,875,0,"experimental","Control","complete",NA,NA,144,0.32858076604193,1176.2046829448,47.3156303100379,47.4020335534063
876,876,0,"experimental","Control","complete",NA,NA,144,0.355725696683176,1176.2046829448,51.2245003223774,47.4020335534063
877,877,0,"experimental","Control","complete",NA,NA,144,0.33052163514954,1176.2046829448,47.5951154615337,47.4020335534063
878,878,0,"experimental","Control","complete",NA,NA,144,0.341207888562078,1176.2046829448,49.1339359529393,47.4020335534063
879,879,0,"experimental","Control","complete",NA,NA,144,0.356048357533724,1176.2046829448,51.2709634848563,47.4020335534063
880,880,0,"experimental","Control","complete",NA,NA,144,0.321012285860939,1176.2046829448,46.2257691639752,47.4020335534063
881,881,0,"experimental","Control","complete",NA,NA,144,0.348309302403122,1176.2046829448,50.1565395460495,47.4020335534063
882,882,0,"experimental","Control","complete",NA,NA,144,0.325703092020382,1176.2046829448,46.9012452509349,47.4020335534063
883,883,0,"experimental","Control","complete",NA,NA,144,0.35389110804047,1176.2046829448,50.9603195578277,47.4020335534063
884,884,0,"experimental","Control","complete",NA,NA,144,0.345227487827783,1176.2046829448,49.7127582472007,47.4020335534063
885,885,0,"experimental","Control","complete",NA,NA,144,0.312258533704897,1176.2046829448,44.9652288535052,47.4020335534063
886,886,0,"experimental","Control","complete",NA,NA,144,0.339504975807977,1176.2046829448,48.8887165163487,47.4020335534063
887,887,0,"experimental","Control","complete",NA,NA,144,0.33321650936569,1176.2046829448,47.9831773486593,47.4020335534063
888,888,0,"experimental","Control","complete",NA,NA,144,0.333171266935097,1176.2046829448,47.9766624386539,47.4020335534063
889,889,0,"experimental","Control","complete",NA,NA,144,0.318468962247199,1176.2046829448,45.8595305635966,47.4020335534063
890,890,0,"experimental","Control","complete",NA,NA,144,0.322028925959406,1176.2046829448,46.3721653381545,47.4020335534063
891,891,0,"experimental","Control","complete",NA,NA,144,0.342346495978478,1176.2046829448,49.2978954209009,47.4020335534063
892,892,0,"experimental","Control","complete",NA,NA,144,0.313372524774668,1176.2046829448,45.1256435675522,47.4020335534063
893,893,0,"experimental","Control","complete",NA,NA,144,0.338936641681447,1176.2046829448,48.8068764021283,47.4020335534063
894,894,0,"experimental","Control","complete",NA,NA,144,0.345744810713278,1176.2046829448,49.787252742712,47.4020335534063
895,895,0,"experimental","Control","complete",NA,NA,144,0.317211796970692,1176.2046829448,45.6784987637796,47.4020335534063
896,896,0,"experimental","Control","complete",NA,NA,144,0.35150590467248,1176.2046829448,50.6168502728371,47.4020335534063
897,897,0,"experimental","Control","complete",NA,NA,144,0.312184975778464,1176.2046829448,44.9546365120988,47.4020335534063
898,898,0,"experimental","Control","complete",NA,NA,144,0.304262233602596,1176.2046829448,43.8137616387738,47.4020335534063
899,899,0,"experimental","Control","complete",NA,NA,144,0.310749442366696,1176.2046829448,44.7479197008042,47.4020335534063
900,900,0,"experimental","Control","complete",NA,NA,144,0.358104428912987,1176.2046829448,51.5670377634701,47.4020335534063
901,901,0,"experimental","Control","complete",NA,NA,144,0.31864791274711,1176.2046829448,45.8852994355838,47.4020335534063
902,902,0,"experimental","Control","complete",NA,NA,144,0.343304309265314,1176.2046829448,49.4358205342052,47.4020335534063
903,903,0,"experimental","Control","complete",NA,NA,144,0.335331713433441,1176.2046829448,48.2877667344155,47.4020335534063
904,904,0,"experimental","Control","complete",NA,NA,144,0.332355541583786,1176.2046829448,47.8591979880652,47.4020335534063
905,905,0,"experimental","Control","complete",NA,NA,144,0.331296889077501,1176.2046829448,47.7067520271601,47.4020335534063
906,906,0,"experimental","Control","complete",NA,NA,144,0.332531106849353,1176.2046829448,47.8844793863069,47.4020335534063
907,907,0,"experimental","Control","complete",NA,NA,144,0.320208509102406,1176.2046829448,46.1100253107465,47.4020335534063
908,908,0,"experimental","Control","complete",NA,NA,144,0.32674603660702,1176.2046829448,47.0514292714109,47.4020335534063
909,909,0,"experimental","Control","complete",NA,NA,144,0.333088283234055,1176.2046829448,47.9647127857039,47.4020335534063
910,910,0,"experimental","Control","complete",NA,NA,144,0.317790468897492,1176.2046829448,45.7618275212389,47.4020335534063
911,911,0,"experimental","Control","complete",NA,NA,144,0.314253725657793,1176.2046829448,45.2525364947222,47.4020335534063
912,912,0,"experimental","Control","complete",NA,NA,144,0.334089463349769,1176.2046829448,48.1088827223668,47.4020335534063
913,913,0,"experimental","Control","complete",NA,NA,144,0.324161220393775,1176.2046829448,46.6792157367036,47.4020335534063
914,914,0,"experimental","Control","complete",NA,NA,144,0.296823615621931,1176.2046829448,42.7426006495581,47.4020335534063
915,915,0,"experimental","Control","complete",NA,NA,144,0.323877428914838,1176.2046829448,46.6383497637367,47.4020335534063
916,916,0,"experimental","Control","complete",NA,NA,144,0.335775778548853,1176.2046829448,48.3517121110349,47.4020335534063
917,917,0,"experimental","Control","complete",NA,NA,144,0.328216042661474,1176.2046829448,47.2631101432523,47.4020335534063
918,918,0,"experimental","Control","complete",NA,NA,144,0.317764450984636,1176.2046829448,45.7580809417875,47.4020335534063
919,919,0,"experimental","Control","complete",NA,NA,144,0.34456029761931,1176.2046829448,49.6166828571807,47.4020335534063
920,920,0,"experimental","Control","complete",NA,NA,144,0.338644218516443,1176.2046829448,48.7647674663678,47.4020335534063
921,921,0,"experimental","Control","complete",NA,NA,144,0.308386063016789,1176.2046829448,44.4075930744177,47.4020335534063
922,922,0,"experimental","Control","complete",NA,NA,144,0.307105671996023,1176.2046829448,44.2232167674273,47.4020335534063
923,923,0,"experimental","Control","complete",NA,NA,144,0.325067013747876,1176.2046829448,46.8096499796941,47.4020335534063
924,924,0,"experimental","Control","complete",NA,NA,144,0.350147165726698,1176.2046829448,50.4211918646446,47.4020335534063
925,925,0,"experimental","Control","complete",NA,NA,144,0.310745341442862,1176.2046829448,44.7473291677722,47.4020335534063
926,926,0,"experimental","Control","complete",NA,NA,144,0.32567894591356,1176.2046829448,46.8977682115526,47.4020335534063
927,927,0,"experimental","Control","complete",NA,NA,144,0.311774965905368,1176.2046829448,44.895595090373,47.4020335534063
928,928,0,"experimental","Control","complete",NA,NA,144,0.325555200595237,1176.2046829448,46.8799488857142,47.4020335534063
929,929,0,"experimental","Control","complete",NA,NA,144,0.335941506904881,1176.2046829448,48.3755769943029,47.4020335534063
930,930,0,"experimental","Control","complete",NA,NA,144,0.405684411890759,1176.2046829448,58.4185553122693,47.4020335534063
931,931,0,"experimental","Control","complete",NA,NA,144,0.301872378276978,1176.2046829448,43.4696224718848,47.4020335534063
932,932,0,"experimental","Control","complete",NA,NA,144,0.287462561868281,1176.2046829448,41.3946089090325,47.4020335534063
933,933,0,"experimental","Control","complete",NA,NA,144,0.303746460937401,1176.2046829448,43.7394903749857,47.4020335534063
934,934,0,"experimental","Control","complete",NA,NA,144,0.308354144977636,1176.2046829448,44.4029968767796,47.4020335534063
935,935,0,"experimental","Control","complete",NA,NA,144,0.323644344030272,1176.2046829448,46.6047855403592,47.4020335534063
936,936,0,"experimental","Control","complete",NA,NA,144,0.29697229562263,1176.2046829448,42.7640105696587,47.4020335534063
937,937,0,"experimental","Control","complete",NA,NA,144,0.331322506350083,1176.2046829448,47.7104409144119,47.4020335534063
938,938,0,"experimental","Control","complete",NA,NA,144,0.300878909217437,1176.2046829448,43.326562927311,47.4020335534063
939,939,0,"experimental","Control","complete",NA,NA,144,0.300880641592605,1176.2046829448,43.3268123893351,47.4020335534063
940,940,0,"experimental","Control","complete",NA,NA,144,0.343502417447055,1176.2046829448,49.464348112376,47.4020335534063
941,941,0,"experimental","Control","complete",NA,NA,144,0.311858069541306,1176.2046829448,44.907562013948,47.4020335534063
942,942,0,"experimental","Control","complete",NA,NA,144,0.368313315002741,1176.2046829448,53.0371173603948,47.4020335534063
943,943,0,"experimental","Control","complete",NA,NA,144,0.336787055885406,1176.2046829448,48.4973360474984,47.4020335534063
944,944,0,"experimental","Control","complete",NA,NA,144,0.391033949898502,1176.2046829448,56.3088887853842,47.4020335534063
945,945,0,"experimental","Control","complete",NA,NA,144,0.320074395136163,1176.2046829448,46.0907128996075,47.4020335534063
946,946,0,"experimental","Control","complete",NA,NA,144,0.34868124808464,1176.2046829448,50.2100997241882,47.4020335534063
947,947,0,"experimental","Control","complete",NA,NA,144,0.330460310207899,1176.2046829448,47.5862846699374,47.4020335534063
948,948,0,"experimental","Control","complete",NA,NA,144,0.315304104215818,1176.2046829448,45.4037910070778,47.4020335534063
949,949,0,"experimental","Control","complete",NA,NA,144,0.336563123057168,1176.2046829448,48.4650897202322,47.4020335534063
950,950,0,"experimental","Control","complete",NA,NA,144,0.330760847549869,1176.2046829448,47.6295620471811,47.4020335534063
951,951,0,"experimental","Control","complete",NA,NA,144,0.358537213054637,1176.2046829448,51.6293586798677,47.4020335534063
952,952,0,"experimental","Control","complete",NA,NA,144,0.312487415558642,1176.2046829448,44.9981878404445,47.4020335534063
953,953,0,"experimental","Control","complete",NA,NA,144,0.320246789598498,1176.2046829448,46.1155377021837,47.4020335534063
954,954,0,"experimental","Control","complete",NA,NA,144,0.325897995164477,1176.2046829448,46.9293113036847,47.4020335534063
955,955,0,"experimental","Control","complete",NA,NA,144,0.358838849330784,1176.2046829448,51.6727943036329,47.4020335534063
956,956,0,"experimental","Control","complete",NA,NA,144,0.322332575735377,1176.2046829448,46.4158909058943,47.4020335534063
957,957,0,"experimental","Control","complete",NA,NA,144,0.295185980285787,1176.2046829448,42.5067811611533,47.4020335534063
958,958,0,"experimental","Control","complete",NA,NA,144,0.335472282750538,1176.2046829448,48.3080087160775,47.4020335534063
959,959,0,"experimental","Control","complete",NA,NA,144,0.33493010885561,1176.2046829448,48.2299356752078,47.4020335534063
960,960,0,"experimental","Control","complete",NA,NA,144,0.316018138429776,1176.2046829448,45.5066119338877,47.4020335534063
961,961,0,"experimental","Control","complete",NA,NA,144,0.342301817122402,1176.2046829448,49.2914616656258,47.4020335534063
962,962,0,"experimental","Control","complete",NA,NA,144,0.347736572456854,1176.2046829448,50.074066433787,47.4020335534063
963,963,0,"experimental","Control","complete",NA,NA,144,0.350685753106962,1176.2046829448,50.4987484474025,47.4020335534063
964,964,0,"experimental","Control","complete",NA,NA,144,0.330416458248443,1176.2046829448,47.5799699877758,47.4020335534063
965,965,0,"experimental","Control","complete",NA,NA,144,0.361178744339331,1176.2046829448,52.0097391848637,47.4020335534063
966,966,0,"experimental","Control","complete",NA,NA,144,0.323564596264397,1176.2046829448,46.5933018620732,47.4020335534063
967,967,0,"experimental","Control","complete",NA,NA,144,0.328840801001224,1176.2046829448,47.3530753441763,47.4020335534063
968,968,0,"experimental","Control","complete",NA,NA,144,0.352304330110939,1176.2046829448,50.7318235359752,47.4020335534063
969,969,0,"experimental","Control","complete",NA,NA,144,0.342538168537411,1176.2046829448,49.3254962693872,47.4020335534063
970,970,0,"experimental","Control","complete",NA,NA,144,0.32081644524662,1176.2046829448,46.1975681155133,47.4020335534063
971,971,0,"experimental","Control","complete",NA,NA,144,0.357929959970321,1176.2046829448,51.5419142357262,47.4020335534063
972,972,0,"experimental","Control","complete",NA,NA,144,0.336664998072776,1176.2046829448,48.4797597224797,47.4020335534063
973,973,0,"experimental","Control","complete",NA,NA,144,0.330918778522605,1176.2046829448,47.6523041072552,47.4020335534063
974,974,0,"experimental","Control","complete",NA,NA,144,0.371714411047459,1176.2046829448,53.5268751908341,47.4020335534063
975,975,0,"experimental","Control","complete",NA,NA,144,0.337868923561456,1176.2046829448,48.6531249928497,47.4020335534063
976,976,0,"experimental","Control","complete",NA,NA,144,0.30287993588954,1176.2046829448,43.6147107680938,47.4020335534063
977,977,0,"experimental","Control","complete",NA,NA,144,0.3525851095975,1176.2046829448,50.77225578204,47.4020335534063
978,978,0,"experimental","Control","complete",NA,NA,144,0.300360973049702,1176.2046829448,43.2519801191571,47.4020335534063
979,979,0,"experimental","Control","complete",NA,NA,144,0.298461717347997,1176.2046829448,42.9784872981116,47.4020335534063
980,980,0,"experimental","Control","complete",NA,NA,144,0.332151133055427,1176.2046829448,47.8297631599815,47.4020335534063
981,981,0,"experimental","Control","complete",NA,NA,144,0.32914571819596,1176.2046829448,47.3969834202183,47.4020335534063
982,982,0,"experimental","Control","complete",NA,NA,144,0.334373945750522,1176.2046829448,48.1498481880751,47.4020335534063
983,983,0,"experimental","Control","complete",NA,NA,144,0.342434028541376,1176.2046829448,49.3105001099581,47.4020335534063
984,984,0,"experimental","Control","complete",NA,NA,144,0.381750019519055,1176.2046829448,54.9720028107439,47.4020335534063
985,985,0,"experimental","Control","complete",NA,NA,144,0.325789981979637,1176.2046829448,46.9137574050677,47.4020335534063
986,986,0,"experimental","Control","complete",NA,NA,144,0.309524408921278,1176.2046829448,44.5715148846641,47.4020335534063
987,987,0,"experimental","Control","complete",NA,NA,144,0.35376702733771,1176.2046829448,50.9424519366303,47.4020335534063
988,988,0,"experimental","Control","complete",NA,NA,144,0.312272635192822,1176.2046829448,44.9672594677663,47.4020335534063
989,989,0,"experimental","Control","complete",NA,NA,144,0.351433127849426,1176.2046829448,50.6063704103173,47.4020335534063
990,990,0,"experimental","Control","complete",NA,NA,144,0.312524953410801,1176.2046829448,45.0035932911553,47.4020335534063
991,991,0,"experimental","Control","complete",NA,NA,144,0.339501527958886,1176.2046829448,48.8882200260796,47.4020335534063
992,992,0,"experimental","Control","complete",NA,NA,144,0.335053253776941,1176.2046829448,48.2476685438795,47.4020335534063
993,993,0,"experimental","Control","complete",NA,NA,144,0.318894858712278,1176.2046829448,45.920859654568,47.4020335534063
994,994,0,"experimental","Control","complete",NA,NA,144,0.322551121555143,1176.2046829448,46.4473615039406,47.4020335534063
995,995,0,"experimental","Control","complete",NA,NA,144,0.315374252855322,1176.2046829448,45.4138924111664,47.4020335534063
996,996,0,"experimental","Control","complete",NA,NA,144,0.310321956495607,1176.2046829448,44.6863617353673,47.4020335534063
997,997,0,"experimental","Control","complete",NA,NA,144,0.345246930850359,1176.2046829448,49.7155580424517,47.4020335534063
998,998,0,"experimental","Control","complete",NA,NA,144,0.320414376117459,1176.2046829448,46.1396701609141,47.4020335534063
999,999,0,"experimental","Control","complete",NA,NA,144,0.310532253813783,1176.2046829448,44.7166445491847,47.4020335534063
1,1,1,"control","Control","complete",0,0.637515783309937,93,0.329966761708849,1568.63369397443,47.5152136860743,47.4020335534063
2,2,1,"control","Control","complete",0,0.478339433670044,97,0.329633307362184,1477.99117162978,47.4671962601545,47.4020335534063
3,3,1,"control","Control","complete",0,0.476448535919189,109,0.329232110436395,1195.33656944779,47.4094239028409,47.4020335534063
4,4,1,"control","Control","complete",0,0.486769676208496,100,0.330993358473927,1391.5476659399,47.6630436202455,47.4020335534063
5,5,1,"control","Control","complete",0,0.531860828399658,113,0.329340618347904,1104.25985581141,47.4250490420982,47.4020335534063
6,6,1,"control","Control","complete",0,0.487356424331665,107,0.329834799474039,1245.22303205211,47.4962111242617,47.4020335534063
7,7,1,"control","Control","complete",0,0.496226787567139,98,0.329752029357748,1447.49409957525,47.4842922275157,47.4020335534063
8,8,1,"control","Control","complete",0,0.514158010482788,112,0.330007086726724,1117.35188612546,47.5210204886483,47.4020335534063
9,9,1,"control","Control","complete",0,0.529091358184814,114,0.329717585087966,1084.37623276641,47.4793322526671,47.4020335534063
10,10,1,"control","Control","complete",0,0.69306206703186,104,0.330558986221742,1304.63309434906,47.6004940159308,47.4020335534063
11,11,1,"control","Control","complete",0,0.497184991836548,101,0.329635776476236,1362.9785195578,47.467551812578,47.4020335534063
12,12,1,"control","Control","complete",0,0.498509407043457,105,0.33091132035584,1274.50164674317,47.651230131241,47.4020335534063
13,13,1,"control","Control","complete",0,0.48863959312439,103,0.330096539933996,1317.67776791594,47.5339017504955,47.4020335534063
14,14,1,"control","Control","complete",0,0.524257183074951,102,0.330271270441872,1337.24711492431,47.5590629436295,47.4020335534063
15,15,1,"control","Control","complete",0,0.455343246459961,105,0.330616890540296,1280.72191793163,47.6088322378027,47.4020335534063
16,16,1,"control","Control","complete",0,0.460418224334717,121,0.32922871540342,946.292183778673,47.4089350180924,47.4020335534063
17,17,1,"control","Control","complete",0,0.457250356674194,114,0.329586971652289,1092.49841613213,47.4605239179297,47.4020335534063
18,18,1,"control","Control","complete",0,0.638791799545288,108,0.330607469962955,1215.18581723113,47.6074756746655,47.4020335534063
19,19,1,"control","Control","complete",0,0.75033164024353,106,0.32930861350693,1251.74403008284,47.4204403449979,47.4020335534063
20,20,1,"control","Control","complete",0,0.465070486068726,110,0.32961940309044,1178.29787707671,47.4651940450234,47.4020335534063
21,21,1,"control","Control","complete",0,0.613513946533203,105,0.330090107720477,1279.4002541994,47.5329755117486,47.4020335534063
22,22,1,"control","Control","complete",0,0.479605674743652,104,0.32932931909916,1296.43959747748,47.4234219502791,47.4020335534063
23,23,1,"control","Control","complete",0,0.497146129608154,110,0.330789552586304,1171.00973235658,47.6336955724278,47.4020335534063
24,24,1,"control","Control","complete",0,0.544991970062256,108,0.330265173973618,1217.02631257645,47.558185052201,47.4020335534063
25,25,1,"control","Control","complete",0,0.466221809387207,106,0.330331417558556,1267.87347337642,47.567724128432,47.4020335534063
26,26,1,"control","Control","complete",0,0.495230913162231,95,0.330830545338542,1514.69388436309,47.63959852875,47.4020335534063
27,27,1,"control","Control","complete",0,0.945277214050293,106,0.330568429468851,1255.8867123753,47.6018538435145,47.4020335534063
28,28,1,"control","Control","complete",0,0.710808277130127,128,0.329883705316917,806.828471722484,47.503253565636,47.4020335534063
29,29,1,"control","Control","complete",0,0.793472051620483,108,0.329608574654397,1226.47859970458,47.4636347502332,47.4020335534063
30,30,1,"control","Control","complete",0,0.620596170425415,105,0.330855235065913,1288.4076972451,47.6431538494915,47.4020335534063
31,31,1,"control","Control","complete",0,0.774628639221191,93,0.329869013361189,1561.334156984,47.5011379240112,47.4020335534063
32,32,1,"control","Control","complete",0,1.05626916885376,119,0.331477172902233,992.252062236608,47.7327128979215,47.4020335534063
33,33,1,"control","Control","complete",0,0.503638029098511,100,0.329296067963495,1389.5992925827,47.4186337867433,47.4020335534063
34,34,1,"control","Control","complete",0,0.728462696075439,96,0.330107303496717,1487.25912404255,47.5354517035273,47.4020335534063
35,35,1,"control","Control","complete",0,0.492658853530884,119,0.329911988009859,982.367353388803,47.5073262734197,47.4020335534063
36,36,1,"control","Control","complete",0,0.549242496490479,103,0.330229634266238,1318.12934060615,47.5530673343383,47.4020335534063
37,37,1,"control","Control","complete",0,0.464435338973999,125,0.329837335342358,857.839392578833,47.4965762892995,47.4020335534063
38,38,1,"control","Control","complete",0,0.474422693252563,104,0.329569545689381,1299.51440623828,47.4580145792709,47.4020335534063
39,39,1,"control","Control","complete",0,0.647502660751343,105,0.33021484586395,1276.99132603084,47.5509378044087,47.4020335534063
40,40,1,"control","Control","complete",0,0.462246417999268,120,0.32996533765289,967.210475466355,47.5150086220162,47.4020335534063
41,41,1,"control","Control","complete",0,1.07699608802795,106,0.330641020179149,1256.33828506551,47.6123069057974,47.4020335534063
42,42,1,"control","Control","complete",0,0.878401756286621,111,0.330950731485195,1153.68526067825,47.656905333868,47.4020335534063
43,43,1,"control","Control","complete",0,0.523397207260132,91,0.33042212269673,1613.44354218868,47.5807856683291,47.4020335534063
44,44,1,"control","Control","complete",0,0.652084112167358,106,0.329358981826767,1258.29564054386,47.4276933830545,47.4020335534063
45,45,1,"control","Control","complete",0,0.775544404983521,104,0.32923571711217,1312.29417301035,47.4099432641525,47.4020335534063
46,46,1,"control","Control","complete",0,0.482963085174561,111,0.329580064785497,1152.41322860309,47.4595293291115,47.4020335534063
47,47,1,"control","Control","complete",0,0.476836204528809,140,0.330367372913468,604.25026251466,47.5729016995394,47.4020335534063
48,48,1,"control","Control","complete",0,0.491141080856323,104,0.329999800587125,1298.92927676515,47.519971284546,47.4020335534063
49,49,1,"control","Control","complete",0,0.46674656867981,107,0.329420809030899,1233.76674442471,47.4365965004495,47.4020335534063
50,50,1,"control","Control","complete",0,0.481777667999268,101,0.329683223919198,1362.9785195578,47.4743842443644,47.4020335534063
51,51,1,"control","Control","complete",0,1.08333325386047,105,0.329312969815539,1276.99132603084,47.4210676534376,47.4020335534063
52,52,1,"control","Control","complete",0,0.643824338912964,100,0.329871458373172,1387.10961329502,47.5014900057368,47.4020335534063
53,53,1,"control","Control","complete",0,0.705511331558228,110,0.329238112033568,1164.86535098325,47.4102881328338,47.4020335534063
54,54,1,"control","Control","complete",0,0.632276058197021,113,0.331494340717693,1108.35299166501,47.7351850633477,47.4020335534063
55,55,1,"control","Control","complete",0,1.31014823913574,103,0.329870572929632,1316.20678212742,47.501362501867,47.4020335534063
56,56,1,"control","Control","complete",0,1.05710029602051,100,0.330161164832028,1387.10961329502,47.5432077358121,47.4020335534063
57,57,1,"control","Control","complete",0,0.922653436660767,116,0.32938783648524,1033.21405844993,47.4318484538745,47.4020335534063
58,58,1,"control","Control","complete",0,0.827287435531616,111,0.329671336127567,1151.2763325097,47.4726724023696,47.4020335534063
59,59,1,"control","Control","complete",0,1.68709564208984,118,0.329372363890709,1003.02039435413,47.429620400262,47.4020335534063
60,60,1,"control","Control","complete",0,1.05552339553833,110,0.329213898256721,1170.80470416845,47.4068013489679,47.4020335534063
61,61,1,"control","Control","complete",0,1.03475022315979,113,0.329630448638954,1121.13336637892,47.4667846040094,47.4020335534063
62,62,1,"control","Control","complete",0,1.04447317123413,117,0.329899781583372,1024.10536637016,47.5055685480056,47.4020335534063
63,63,1,"control","Control","complete",0,1.05391907691956,107,0.330410655457812,1231.72863782725,47.5791343859249,47.4020335534063
64,64,1,"control","Control","complete",0,1.03850388526917,94,0.330199467227006,1535.35831759871,47.5487232806889,47.4020335534063
65,65,1,"control","Control","complete",0,1.1933913230896,105,0.330448696969348,1272.98220052129,47.5846123635861,47.4020335534063
66,66,1,"control","Control","complete",0,0.471713304519653,102,0.329263860277836,1341.27206085915,47.4139958800084,47.4020335534063
67,67,1,"control","Control","complete",0,1.51776742935181,118,0.330066197795386,1010.35146037408,47.5295324825356,47.4020335534063
68,68,1,"control","Control","complete",0,1.03508234024048,107,0.330172388007938,1236.17567259327,47.5448238731431,47.4020335534063
69,69,1,"control","Control","complete",0,0.570724010467529,102,0.329986700256547,1349.6136233126,47.5180848369428,47.4020335534063
70,70,1,"control","Control","complete",0,1.16752886772156,102,0.329499254957668,1349.6136233126,47.4478927139041,47.4020335534063
71,71,1,"control","Control","complete",0,1.05815076828003,106,0.329746192321762,1261.7218799711,47.4834516943337,47.4020335534063
72,72,1,"control","Control","complete",0,1.21206259727478,113,0.329878578507913,1108.35299166501,47.5025153051395,47.4020335534063
73,73,1,"control","Control","complete",0,0.866936445236206,106,0.330492337583627,1259.61730427609,47.5908966120423,47.4020335534063
74,74,1,"control","Control","complete",0,1.11627602577209,96,0.329872225077618,1485.02711112559,47.501600411177,47.4020335534063
75,75,1,"control","Control","complete",0,1.21951246261597,105,0.329532947149654,1287.81402375176,47.4527443895501,47.4020335534063
76,76,1,"control","Control","complete",0,1.0511417388916,110,0.329371307896588,1182.29254932718,47.4294683371087,47.4020335534063
77,77,1,"control","Control","complete",0,1.0398120880127,112,0.329309370643253,1123.77258465583,47.4205493726285,47.4020335534063
78,78,1,"control","Control","complete",0,1.05200862884521,113,0.329231080544939,1105.86331237733,47.4092755984712,47.4020335534063
79,79,1,"control","Control","complete",0,0.461044549942017,118,0.329565978392462,993.032645825847,47.4575008885145,47.4020335534063
80,80,1,"control","Control","complete",0,1.69438338279724,112,0.329561333429948,1123.67370612184,47.4568320139125,47.4020335534063
81,81,1,"control","Control","complete",0,0.936130046844482,102,0.329451141889694,1338.78238157148,47.4409644321159,47.4020335534063
82,82,1,"control","Control","complete",0,1.02969884872437,97,0.330898636917534,1471.66221488039,47.6494037161249,47.4020335534063
83,83,1,"control","Control","complete",0,1.03814673423767,101,0.330398019908433,1366.4565723297,47.5773148668144,47.4020335534063
84,84,1,"control","Control","complete",0,0.883802652359009,102,0.329436942172191,1341.27206085915,47.4389196727955,47.4020335534063
85,85,1,"control","Control","complete",0,1.43663167953491,109,0.329388595075374,1210.94490029631,47.4319576908539,47.4020335534063
86,86,1,"control","Control","complete",0,0.465667486190796,110,0.329616055658321,1171.00973235658,47.4647120147982,47.4020335534063
87,87,1,"control","Control","complete",0,0.897958517074585,104,0.330413663880725,1296.19138987183,47.5795675988244,47.4020335534063
88,88,1,"control","Control","complete",0,1.05900502204895,109,0.329396652076748,1191.66277332191,47.4331178990517,47.4020335534063
89,89,1,"control","Control","complete",0,1.25067901611328,101,0.330001175922567,1379.82146857489,47.5201693328496,47.4020335534063
90,90,1,"control","Control","complete",0,0.889580726623535,114,0.329592373910354,1084.37623276641,47.461301843091,47.4020335534063
91,91,1,"control","Control","complete",0,0.863701343536377,116,0.329206643786776,1044.21508116671,47.4057567052957,47.4020335534063
92,92,1,"control","Control","complete",0,0.899155616760254,115,0.330187728473971,1064.15710438137,47.5470329002519,47.4020335534063
93,93,1,"control","Control","complete",0,1.0405375957489,113,0.3317645485774,1110.76191983356,47.7740949951456,47.4020335534063
94,94,1,"control","Control","complete",0,0.924700498580933,109,0.329505108931864,1188.04842472766,47.4487356861885,47.4020335534063
95,95,1,"control","Control","complete",0,0.567706346511841,102,0.330612791709366,1342.26043434337,47.6082420061487,47.4020335534063
96,96,1,"control","Control","complete",0,1.2664532661438,102,0.329741492064793,1358.18005412534,47.4827748573301,47.4020335534063
97,97,1,"control","Control","complete",0,1.19713473320007,102,0.329945158111698,1349.6136233126,47.5121027680844,47.4020335534063
98,98,1,"control","Control","complete",0,0.481460094451904,110,0.329842065582066,1165.77812484829,47.4972574438175,47.4020335534063
99,99,1,"control","Control","complete",0,0.638227462768555,112,0.330823818937294,1130.62329154437,47.6386299269703,47.4020335534063
100,100,1,"control","Control","complete",0,1.21944117546082,116,0.32984053608882,1038.62355220491,47.4970371967901,47.4020335534063
101,101,1,"control","Control","complete",0,1.22363519668579,105,0.330313784381045,1272.39707104816,47.5651849508705,47.4020335534063
102,102,1,"control","Control","complete",0,0.888998031616211,106,0.330743753862356,1253.84860577784,47.6271005561792,47.4020335534063
103,103,1,"control","Control","complete",0,1.11546516418457,110,0.32978364679807,1172.03641513047,47.4888451389221,47.4020335534063
104,104,1,"control","Control","complete",0,0.467527389526367,111,0.329940013150028,1144.71235202998,47.511361893604,47.4020335534063
105,105,1,"control","Control","complete",0,0.611416816711426,119,0.329271952827087,992.540668467526,47.4151612071005,47.4020335534063
106,106,1,"control","Control","complete",0,1.6659574508667,112,0.329296808941852,1137.9114362645,47.4187404876267,47.4020335534063
107,107,1,"control","Control","complete",0,0.619510650634766,99,0.329610025354426,1423.50990771961,47.4638436510373,47.4020335534063
108,108,1,"control","Control","complete",0,0.448807954788208,106,0.33074196339517,1256.33828506551,47.6268427289045,47.4020335534063
109,109,1,"control","Control","complete",0,0.800056219100952,98,0.329742912314465,1447.49409957525,47.4829793732829,47.4020335534063
110,110,1,"control","Control","complete",0,1.51159453392029,108,0.329944678223056,1217.02631257645,47.51203366412,47.4020335534063
111,111,1,"control","Control","complete",0,0.875489473342896,100,0.329671384800692,1387.10961329502,47.4726794112997,47.4020335534063
112,112,1,"control","Control","complete",0,0.954376935958862,111,0.329621153420799,1144.6657055297,47.4654460925951,47.4020335534063
113,113,1,"control","Control","complete",0,0.867646932601929,112,0.329475135636721,1146.39711595812,47.4444195316879,47.4020335534063
114,114,1,"control","Control","complete",0,0.792785167694092,100,0.329538360572781,1398.83581066003,47.4535239224805,47.4020335534063
115,115,1,"control","Control","complete",0,0.769650459289551,93,0.330594710744806,1559.95376080166,47.6056383472521,47.4020335534063
116,116,1,"control","Control","complete",0,0.461833238601685,106,0.329339202840265,1265.10892632804,47.4248452089981,47.4020335534063
117,117,1,"control","Control","complete",0,0.649610757827759,95,0.330992145171062,1521.98202908322,47.662868904633,47.4020335534063
118,118,1,"control","Control","complete",0,0.62025260925293,108,0.330690225480739,1209.73816785633,47.6193924692264,47.4020335534063
119,119,1,"control","Control","complete",0,0.620696067810059,114,0.329728021898125,1092.49841613213,47.48083515333,47.4020335534063
120,120,1,"control","Control","complete",0,0.46903133392334,109,0.329538592134716,1183.76360027925,47.4535572673991,47.4020335534063
121,121,1,"control","Control","complete",0,0.639215230941772,119,0.330163861070867,996.986564128885,47.5435959942049,47.4020335534063
122,122,1,"control","Control","complete",0,0.673694133758545,110,0.329747966441034,1170.80470416845,47.4837071675089,47.4020335534063
123,123,1,"control","Control","complete",0,0.480331897735596,113,0.33016968079152,1118.10353931595,47.5444340339789,47.4020335534063
124,124,1,"control","Control","complete",0,0.489060401916504,117,0.329376225353556,1027.35303115171,47.4301764509121,47.4020335534063
125,125,1,"control","Control","complete",0,0.471441745758057,117,0.329502065136363,1023.50157456521,47.4482973796362,47.4020335534063
126,126,1,"control","Control","complete",0,0.815562963485718,102,0.330081685070434,1337.24711492431,47.5317626501424,47.4020335534063
127,127,1,"control","Control","complete",0,0.574126958847046,111,0.329709814975523,1137.37756080957,47.4782133564753,47.4020335534063
128,128,1,"control","Control","complete",0,0.449226856231689,107,0.329717098850441,1233.76674442471,47.4792622344634,47.4020335534063
129,129,1,"control","Control","complete",0,0.448891878128052,105,0.329494686487768,1281.73727222668,47.4472348542386,47.4020335534063
130,130,1,"control","Control","complete",0,0.644445419311523,105,0.331464704056978,1274.50164674317,47.7309173842049,47.4020335534063
131,131,1,"control","Control","complete",0,0.449986696243286,115,0.330019607651509,1066.21287108876,47.5228235018173,47.4020335534063
132,132,1,"control","Control","complete",0,0.942708969116211,106,0.330377927915457,1263.62642978564,47.5744216198259,47.4020335534063
133,133,1,"control","Control","complete",0,0.658829212188721,116,0.329520681878328,1057.06154059019,47.4509781904792,47.4020335534063
134,134,1,"control","Control","complete",0,1.53635573387146,108,0.330196268417695,1226.47859970458,47.5482626521481,47.4020335534063
135,135,1,"control","Control","complete",0,1.04391574859619,114,0.329794548997082,1080.77148250231,47.4904150555798,47.4020335534063
136,136,1,"control","Control","complete",0,1.06950044631958,107,0.331820039468813,1229.80607934852,47.7820856835091,47.4020335534063
137,137,1,"control","Control","complete",0,1.05368065834045,109,0.329918167077978,1189.17309403424,47.5082160592289,47.4020335534063
138,138,1,"control","Control","complete",0,1.21215653419495,119,0.330004047842666,989.534754777592,47.5205828893439,47.4020335534063
139,139,1,"control","Control","complete",0,0.907538175582886,104,0.329589712698443,1304.18152165885,47.4609186285758,47.4020335534063
140,140,1,"control","Control","complete",0,1.21337127685547,101,0.32942499436245,1379.82146857489,47.4371991881928,47.4020335534063
141,141,1,"control","Control","complete",0,0.630700826644897,105,0.330043514738457,1275.0867762163,47.5262661223378,47.4020335534063
142,142,1,"control","Control","complete",0,1.02885985374451,103,0.329532566185322,1331.49423685135,47.4526895306863,47.4020335534063
143,143,1,"control","Control","complete",0,0.465567111968994,119,0.329697288402808,978.217433880795,47.4764095300043,47.4020335534063
144,144,1,"control","Control","complete",0,0.682291269302368,108,0.329909099104954,1208.70146569299,47.5069102711133,47.4020335534063
145,145,1,"control","Control","complete",0,0.656039953231812,120,0.330811926074289,964.317264324237,47.6369173546977,47.4020335534063
146,146,1,"control","Control","complete",0,1.08697986602783,105,0.329202794977559,1274.50164674317,47.4052024767685,47.4020335534063
147,147,1,"control","Control","complete",0,0.64247465133667,105,0.329518363319783,1276.99132603084,47.4506443180487,47.4020335534063
148,148,1,"control","Control","complete",0,1.3806746006012,119,0.329815532993691,982.367353388803,47.4934367510915,47.4020335534063
149,149,1,"control","Control","complete",0,1.027010679245,107,0.33079913128277,1235.23367140998,47.6350749047189,47.4020335534063
150,150,1,"control","Control","complete",0,0.873550415039062,91,0.330088535080023,1615.63731615398,47.5327490515233,47.4020335534063
151,151,1,"control","Control","complete",0,0.467957019805908,107,0.329846685653704,1249.78888137552,47.4979227341334,47.4020335534063
152,152,1,"control","Control","complete",0,0.914511442184448,100,0.330063266532611,1387.10961329502,47.5291103806959,47.4020335534063
153,153,1,"control","Control","complete",0,0.472138166427612,107,0.330146405044354,1236.36507993112,47.541082326387,47.4020335534063
154,154,1,"control","Control","complete",0,0.572319507598877,117,0.32926298773885,1030.00895875429,47.4138702343944,47.4020335534063
155,155,1,"control","Control","complete",0,0.444129705429077,105,0.33051192833939,1274.50164674317,47.5937176808722,47.4020335534063
156,156,1,"control","Control","complete",0,0.822227239608765,111,0.32974135751612,1161.02688016065,47.4827554823212,47.4020335534063
157,157,1,"control","Control","complete",0,0.463403224945068,107,0.330202138413468,1230.39120882165,47.5491079315394,47.4020335534063
158,158,1,"control","Control","complete",0,1.19092082977295,104,0.330396437136842,1302.84188588222,47.5770869477053,47.4020335534063
159,159,1,"control","Control","complete",0,0.44034743309021,103,0.329662860536424,1343.71263587701,47.471451917245,47.4020335534063
160,160,1,"control","Control","complete",0,0.70415735244751,103,0.329400223383067,1326.83943707117,47.4336321671616,47.4020335534063
161,161,1,"control","Control","complete",0,0.476441383361816,101,0.329588156410546,1379.82146857489,47.4606945231187,47.4020335534063
162,162,1,"control","Control","complete",0,0.478811502456665,103,0.330163749169361,1325.41748532628,47.543579880388,47.4020335534063
163,163,1,"control","Control","complete",0,0.476768255233765,104,0.330572243136776,1303.98072809044,47.6024030116958,47.4020335534063
164,164,1,"control","Control","complete",0,0.679003953933716,93,0.330346704510307,1556.01135856404,47.5699254494842,47.4020335534063
165,165,1,"control","Control","complete",0,0.48830771446228,120,0.329721131046271,964.392742783192,47.479842870663,47.4020335534063
166,166,1,"control","Control","complete",0,0.883334398269653,115,0.3299728841232,1057.4370736545,47.5160953137407,47.4020335534063
167,167,1,"control","Control","complete",0,1.44834232330322,121,0.329561845249874,932.224281635759,47.4569057159819,47.4020335534063
168,168,1,"control","Control","complete",0,1.20346522331238,118,0.329312178188506,1001.29773294898,47.4209536591449,47.4020335534063
169,169,1,"control","Control","complete",0,1.20423603057861,110,0.329756735636188,1184.37462860178,47.484969931611,47.4020335534063
170,170,1,"control","Control","complete",0,1.10584115982056,113,0.330366429274476,1104.73864307075,47.5727658155245,47.4020335534063
171,171,1,"control","Control","complete",0,1.19694685935974,102,0.330033657917403,1341.27206085915,47.5248467401061,47.4020335534063
172,172,1,"control","Control","complete",0,0.573717355728149,110,0.330004621913565,1171.00973235658,47.5206655555534,47.4020335534063
173,173,1,"control","Control","complete",0,0.89378809928894,109,0.330941590764811,1188.04842472766,47.6555890701328,47.4020335534063
174,174,1,"control","Control","complete",0,0.992891788482666,103,0.330538489023679,1318.12934060615,47.5975424194098,47.4020335534063
175,175,1,"control","Control","complete",0,1.04110765457153,110,0.330409755247652,1182.29254932718,47.5790047556619,47.4020335534063
176,176,1,"control","Control","complete",0,1.03873991966248,103,0.330508985508343,1317.09263844281,47.5932939132014,47.4020335534063
177,177,1,"control","Control","complete",0,1.17491030693054,103,0.330271041975084,1325.41748532628,47.559030044412,47.4020335534063
178,178,1,"control","Control","complete",0,0.70781421661377,100,0.330548951842259,1387.10961329502,47.5990490652853,47.4020335534063
179,179,1,"control","Control","complete",0,1.16758394241333,112,0.330164004942631,1125.39168403608,47.5436167117389,47.4020335534063
180,180,1,"control","Control","complete",0,0.62847375869751,107,0.32984814769065,1227.44381337884,47.4981332674536,47.4020335534063
181,181,1,"control","Control","complete",0,0.737603187561035,106,0.330285846122293,1276.72433364287,47.5611618416102,47.4020335534063
182,182,1,"control","Control","complete",0,0.981894016265869,102,0.3306204336844,1338.78238157148,47.6093424505536,47.4020335534063
183,183,1,"control","Control","complete",0,1.19755840301514,105,0.330434860761313,1281.60777424702,47.582619949629,47.4020335534063
184,184,1,"control","Control","complete",0,1.18263578414917,103,0.330111200830829,1320.61901989382,47.5360129196393,47.4020335534063
185,185,1,"control","Control","complete",0,0.491425752639771,108,0.329188874060468,1214.43806240995,47.4031978647074,47.4020335534063
186,186,1,"control","Control","complete",0,0.642088651657104,108,0.329732385766537,1222.5179346284,47.4814635503813,47.4020335534063
187,187,1,"control","Control","complete",0,0.453432083129883,107,0.329678920244555,1248.59856765517,47.4737645152159,47.4020335534063
188,188,1,"control","Control","complete",0,0.858008146286011,104,0.329620766953763,1302.84188588222,47.4653904413418,47.4020335534063
189,189,1,"control","Control","complete",0,0.484076023101807,100,0.330438983085012,1398.83581066003,47.5832135642417,47.4020335534063
190,190,1,"control","Control","complete",0,0.466740608215332,112,0.330408536978091,1120.75805985593,47.5788293248451,47.4020335534063
191,191,1,"control","Control","complete",0,0.81922721862793,104,0.329992001379448,1296.43959747748,47.5188481986405,47.4020335534063
192,192,1,"control","Control","complete",0,0.485567092895508,97,0.329778273554771,1476.20369975829,47.4880713918871,47.4020335534063
193,193,1,"control","Control","complete",0,0.706034660339355,109,0.330569359252434,1191.66277332191,47.6019877323505,47.4020335534063
194,194,1,"control","Control","complete",0,0.591241836547852,93,0.329430799301021,1554.21656187363,47.438035099347,47.4020335534063
195,195,1,"control","Control","complete",0,1.2883563041687,108,0.329908757419402,1208.70146569299,47.5068610683939,47.4020335534063
196,196,1,"control","Control","complete",0,1.18805813789368,106,0.329481978960522,1269.70318131071,47.4454049703152,47.4020335534063
197,197,1,"control","Control","complete",0,1.03920102119446,108,0.329266190837091,1222.5179346284,47.4143314805411,47.4020335534063
198,198,1,"control","Control","complete",0,0.470391273498535,109,0.329499616050944,1199.00141271873,47.4479447113359,47.4020335534063
199,199,1,"control","Control","complete",0,1.50216746330261,96,0.329685211728588,1502.15928693492,47.4746704889167,47.4020335534063
200,200,1,"control","Control","complete",0,1.02661871910095,107,0.33010195017915,1245.09353407245,47.5346808257976,47.4020335534063
201,201,1,"control","Control","complete",0,1.2832019329071,100,0.329941551984313,1389.5992925827,47.511583485741,47.4020335534063
202,202,1,"control","Control","complete",0,0.555347681045532,88,0.33016584324539,1683.80836186779,47.5438814273362,47.4020335534063
203,203,1,"control","Control","complete",0,0.748974323272705,104,0.330702978153475,1295.55374116209,47.6212288541004,47.4020335534063
204,204,1,"control","Control","complete",0,1.14069056510925,98,0.329711802660316,1447.24032304513,47.4784995830854,47.4020335534063
205,205,1,"control","Control","complete",0,0.798138618469238,95,0.330874482201109,1514.69388436309,47.6459254369597,47.4020335534063
206,206,1,"control","Control","complete",0,1.20512509346008,110,0.330071900478485,1181.88494931411,47.5303536689018,47.4020335534063
207,207,1,"control","Control","complete",0,1.03463387489319,107,0.329749087430894,1239.13439851882,47.4838685900487,47.4020335534063
208,208,1,"control","Control","complete",0,1.0349440574646,101,0.329727137170665,1362.9785195578,47.4807077525757,47.4020335534063
209,209,1,"control","Control","complete",0,1.03034043312073,110,0.331744530141187,1165.77812484829,47.7712123403309,47.4020335534063
210,210,1,"control","Control","complete",0,1.04461812973022,104,0.330456212512268,1294.51703899876,47.5856946017665,47.4020335534063
211,211,1,"control","Control","complete",0,1.05033445358276,103,0.331257423249146,1324.63376905577,47.701068947877,47.4020335534063
212,212,1,"control","Control","complete",0,0.649103879928589,119,0.329203064929808,971.578182072577,47.4052413498923,47.4020335534063
213,213,1,"control","Control","complete",0,0.8011314868927,108,0.329323283473489,1211.19114498066,47.4225528201825,47.4020335534063
214,214,1,"control","Control","complete",0,0.952962160110474,99,0.33002651482575,1412.20070690523,47.523818134908,47.4020335534063
215,215,1,"control","Control","complete",0,1.28127956390381,100,0.32925963038736,1387.10961329502,47.4133867757798,47.4020335534063
216,216,1,"control","Control","complete",0,0.555132865905762,89,0.330342090741718,1660.22826580266,47.5692610668074,47.4020335534063
217,217,1,"control","Control","complete",0,1.35260653495789,107,0.330078145198109,1242.5218161301,47.5312529085277,47.4020335534063
218,218,1,"control","Control","complete",0,0.872205018997192,97,0.330383356990445,1471.66221488039,47.5752034066241,47.4020335534063
219,219,1,"control","Control","complete",0,1.23857474327087,99,0.330434403496139,1412.20070690523,47.5825541034439,47.4020335534063
220,220,1,"control","Control","complete",0,0.881485462188721,100,0.329731660463951,1387.10961329502,47.481359106809,47.4020335534063
221,221,1,"control","Control","complete",0,0.453856468200684,110,0.33090648441867,1170.80470416845,47.6505337562885,47.4020335534063
222,222,1,"control","Control","complete",0,0.534531116485596,104,0.330621003704756,1298.68106915951,47.6094245334849,47.4020335534063
223,223,1,"control","Control","complete",0,0.472896337509155,99,0.329321933095086,1412.20070690523,47.4223583656923,47.4020335534063
224,224,1,"control","Control","complete",0,0.45887017250061,105,0.330282535442023,1274.50164674317,47.5606851036513,47.4020335534063
225,225,1,"control","Control","complete",0,1.013587474823,100,0.331254932301593,1394.03734522758,47.7007102514294,47.4020335534063
226,226,1,"control","Control","complete",0,0.804023742675781,99,0.330532342815931,1412.20070690523,47.5966573654941,47.4020335534063
227,227,1,"control","Control","complete",0,1.50659704208374,95,0.330660125214966,1519.31826421693,47.6150580309552,47.4020335534063
228,228,1,"control","Control","complete",0,0.921752452850342,105,0.329318584196279,1272.98220052129,47.4218761242642,47.4020335534063
229,229,1,"control","Control","complete",0,1.04641723632812,80,0.329193747021559,1917.42116841538,47.4038995711045,47.4020335534063
230,230,1,"control","Control","complete",0,1.03319835662842,100,0.329611893597571,1398.83581066003,47.4641126780502,47.4020335534063
231,231,1,"control","Control","complete",0,1.26981735229492,99,0.33006364775284,1412.20070690523,47.529165276409,47.4020335534063
232,232,1,"control","Control","complete",0,1.03862404823303,104,0.329309496740474,1304.31287167074,47.4205675306282,47.4020335534063
233,233,1,"control","Control","complete",0,0.487445592880249,121,0.329272645875634,932.224281635759,47.4152610060913,47.4020335534063
234,234,1,"control","Control","complete",0,0.500076055526733,103,0.329709580200513,1325.41748532628,47.4781795488738,47.4020335534063
235,235,1,"control","Control","complete",0,0.966473340988159,107,0.330099604217439,1242.5218161301,47.5343430073112,47.4020335534063
236,236,1,"control","Control","complete",0,0.45945405960083,94,0.329844868188772,1548.72321384391,47.4976610191832,47.4020335534063
237,237,1,"control","Control","complete",0,0.559895277023315,116,0.329186478558382,1039.49386134022,47.4028529124069,47.4020335534063
238,238,1,"control","Control","complete",0,0.65545916557312,96,0.329828168823242,1483.74404970274,47.4952563105469,47.4020335534063
239,239,1,"control","Control","complete",0,0.757725715637207,108,0.329570081480441,1216.44118310333,47.4580917331835,47.4020335534063
240,240,1,"control","Control","complete",0,0.893635749816895,106,0.330448366698146,1253.39703308763,47.584564804533,47.4020335534063
241,241,1,"control","Control","complete",0,0.611882209777832,106,0.332398997775163,1255.8867123753,47.8654556796235,47.4020335534063
242,242,1,"control","Control","complete",0,1.03131985664368,106,0.32930181837364,1258.29564054386,47.4194618458042,47.4020335534063
243,243,1,"control","Control","complete",0,0.945167541503906,98,0.330239606522303,1436.8748039648,47.5545033392116,47.4020335534063
244,244,1,"control","Control","complete",0,1.1988091468811,105,0.330009751168311,1281.60777424702,47.5214041682368,47.4020335534063
245,245,1,"control","Control","complete",0,0.888965606689453,115,0.330305756285325,1073.50101580888,47.5640289050869,47.4020335534063
246,246,1,"control","Control","complete",0,0.450052976608276,114,0.329236934881894,1087.69995069968,47.4101186229927,47.4020335534063
247,247,1,"control","Control","complete",0,0.548953533172607,108,0.330135672359472,1207.13898447668,47.539536819764,47.4020335534063
248,248,1,"control","Control","complete",0,0.755005121231079,95,0.330439475352337,1513.65785543879,47.5832844507365,47.4020335534063
249,249,1,"control","Control","complete",0,0.542044639587402,99,0.329577685295423,1411.27772860016,47.4591866825409,47.4020335534063
250,250,1,"control","Control","complete",0,0.600200176239014,100,0.330280774102343,1398.83581066003,47.5604314707375,47.4020335534063
251,251,1,"control","Control","complete",0,0.468723058700562,101,0.329752597056278,1362.9785195578,47.484373976104,47.4020335534063
252,252,1,"control","Control","complete",0,0.782860994338989,112,0.330513707922142,1137.9114362645,47.5939739407885,47.4020335534063
253,253,1,"control","Control","complete",0,0.470862865447998,105,0.329643873175659,1274.44912750656,47.468717737295,47.4020335534063
254,254,1,"control","Control","complete",0,0.495071411132812,104,0.329300529339511,1295.10216847188,47.4192762248895,47.4020335534063
255,255,1,"control","Control","complete",0,0.692579030990601,95,0.329243474518658,1523.85974909484,47.4110603306867,47.4020335534063
256,256,1,"control","Control","complete",0,0.478704929351807,113,0.329978402701866,1105.86331237733,47.5168899890687,47.4020335534063
257,257,1,"control","Control","complete",0,0.834885120391846,104,0.330479962600615,1302.84188588222,47.5891146144886,47.4020335534063
258,258,1,"control","Control","complete",0,0.496851921081543,104,0.329787106378931,1304.31287167074,47.489343318566,47.4020335534063
259,259,1,"control","Control","complete",0,0.48701024055481,109,0.329185834400449,1203.90300026053,47.4027601536646,47.4020335534063
260,260,1,"control","Control","complete",0,0.499320983886719,117,0.330915200990359,1024.10536637016,47.6517889426117,47.4020335534063
261,261,1,"control","Control","complete",0,0.655199527740479,98,0.330516346936507,1440.38987830462,47.594353958857,47.4020335534063
262,262,1,"control","Control","complete",0,0.748232841491699,108,0.330333226856366,1213.60007314921,47.5679846673168,47.4020335534063
263,263,1,"control","Control","complete",0,0.9077308177948,102,0.32953593422086,1338.78238157148,47.4531745278038,47.4020335534063
264,264,1,"control","Control","complete",0,1.69325232505798,104,0.330324207760588,1295.55374116209,47.5666859175247,47.4020335534063
265,265,1,"control","Control","complete",0,1.02975797653198,116,0.329749451918248,1049.61733840412,47.4839210762277,47.4020335534063
266,266,1,"control","Control","complete",0,0.567935466766357,105,0.329860442169826,1290.16645169142,47.499903672455,47.4020335534063
267,267,1,"control","Control","complete",0,0.468966007232666,108,0.330736228954384,1209.1530383832,47.6260169694313,47.4020335534063
268,268,1,"control","Control","complete",0,1.24695658683777,104,0.330458127294485,1303.98072809044,47.5859703304058,47.4020335534063
269,269,1,"control","Control","complete",0,1.20592832565308,111,0.329580612468534,1140.84025943456,47.4596081954689,47.4020335534063
270,270,1,"control","Control","complete",0,0.590140104293823,105,0.32984402630826,1276.99132603084,47.4975397883894,47.4020335534063
271,271,1,"control","Control","complete",0,0.667439937591553,110,0.329191120739859,1176.640963663,47.4035213865397,47.4020335534063
272,272,1,"control","Control","complete",0,1.34422397613525,111,0.332319003996432,1153.68526067825,47.8539365754862,47.4020335534063
273,273,1,"control","Control","complete",0,1.18877005577087,109,0.330576981210915,1188.04842472766,47.6030852943718,47.4020335534063
274,274,1,"control","Control","complete",0,0.884337663650513,120,0.329850538505048,968.441586638479,47.4984775447269,47.4020335534063
275,275,1,"control","Control","complete",0,1.36276936531067,108,0.329331618161654,1208.70146569299,47.4237530152781,47.4020335534063
276,276,1,"control","Control","complete",0,1.00997519493103,97,0.329775686271879,1461.04291926995,47.4876988231506,47.4020335534063
277,277,1,"control","Control","complete",0,1.21119379997253,102,0.329378925057097,1355.69037483767,47.430565208222,47.4020335534063
278,278,1,"control","Control","complete",0,1.06415200233459,111,0.32989523392274,1153.15259035391,47.5049136848746,47.4020335534063
279,279,1,"control","Control","complete",0,1.06955337524414,113,0.331721225208576,1108.35299166501,47.7678564300349,47.4020335534063
280,280,1,"control","Control","complete",0,1.09457945823669,107,0.330512366762027,1239.01678254738,47.5937808137319,47.4020335534063
281,281,1,"control","Control","complete",0,0.562118768692017,110,0.331059301880333,1159.56586842207,47.6725394707679,47.4020335534063
282,282,1,"control","Control","complete",0,1.09183597564697,97,0.330573360305672,1461.04291926995,47.6025638840167,47.4020335534063
283,283,1,"control","Control","complete",0,1.03270578384399,91,0.329731485578011,1609.41912562826,47.4813339232336,47.4020335534063
284,284,1,"control","Control","complete",0,0.889228582382202,112,0.329957285516614,1137.9114362645,47.5138491143923,47.4020335534063
285,285,1,"control","Control","complete",0,1.03571891784668,99,0.329282589359435,1419.74183751819,47.4166928677586,47.4020335534063
286,286,1,"control","Control","complete",0,1.04896783828735,91,0.330267072882872,1608.34917143386,47.5584584951336,47.4020335534063
287,287,1,"control","Control","complete",0,0.569389581680298,109,0.330814095767786,1190.53810401533,47.6372297905612,47.4020335534063
288,288,1,"control","Control","complete",0,1.27762794494629,113,0.331251573153213,1105.86331237733,47.7002265340627,47.4020335534063
289,289,1,"control","Control","complete",0,0.840522289276123,102,0.329974142027366,1338.78238157148,47.5162764519406,47.4020335534063
290,290,1,"control","Control","complete",0,0.728125333786011,88,0.329861970751563,1680.88130676799,47.5001237882251,47.4020335534063
291,291,1,"control","Control","complete",0,0.546310901641846,117,0.329841824382633,1030.61246808733,47.4972227110991,47.4020335534063
292,292,1,"control","Control","complete",0,0.777873992919922,102,0.329918938372893,1337.24711492431,47.5083271256966,47.4020335534063
293,293,1,"control","Control","complete",0,0.448147535324097,83,0.329413382554112,1832.10816614583,47.4355270877922,47.4020335534063
294,294,1,"control","Control","complete",0,0.764163970947266,102,0.329264453345673,1341.27206085915,47.4140812817769,47.4020335534063
295,295,1,"control","Control","complete",0,0.971996307373047,111,0.331777938041234,1151.2763325097,47.7760230779378,47.4020335534063
296,296,1,"control","Control","complete",0,1.51059222221375,96,0.330235859384032,1485.02711112559,47.5539637513006,47.4020335534063
297,297,1,"control","Control","complete",0,0.477972030639648,108,0.330214499963051,1213.60007314921,47.5508879946793,47.4020335534063
298,298,1,"control","Control","complete",0,1.54240584373474,86,0.330150100108405,1734.85627598581,47.5416144156104,47.4020335534063
299,299,1,"control","Control","complete",0,1.05347537994385,109,0.329613971382073,1197.82624873546,47.4644118790186,47.4020335534063
300,300,1,"control","Control","complete",0,0.793637275695801,104,0.329369272639691,1302.84188588222,47.4291752601155,47.4020335534063
301,301,1,"control","Control","complete",0,0.744809150695801,92,0.329334877087811,1595.01820045876,47.4242223006447,47.4020335534063
302,302,1,"control","Control","complete",0,0.773455381393433,104,0.329998529978605,1299.10167824159,47.5197883169191,47.4020335534063
303,303,1,"control","Control","complete",0,1.24850034713745,110,0.329510020730033,1168.31502488078,47.4494429851248,47.4020335534063
304,304,1,"control","Control","complete",0,0.977312803268433,102,0.329693423496333,1349.6136233126,47.475852983472,47.4020335534063
305,305,1,"control","Control","complete",0,0.940575122833252,91,0.329338798910187,1604.15297256201,47.4247870430669,47.4020335534063
306,306,1,"control","Control","complete",0,0.453109741210938,120,0.329964617291256,950.21578255916,47.5149048899409,47.4020335534063
307,307,1,"control","Control","complete",0,1.02525401115417,101,0.330327282113788,1362.9785195578,47.5671286243855,47.4020335534063
308,308,1,"control","Control","complete",0,1.03687930107117,96,0.329752370373857,1485.02711112559,47.4843413338354,47.4020335534063
309,309,1,"control","Control","complete",0,0.469866275787354,98,0.330531261259919,1436.8748039648,47.5965016214284,47.4020335534063
310,310,1,"control","Control","complete",0,1.01025676727295,112,0.330225283602831,1133.03221971293,47.5524408388077,47.4020335534063
311,311,1,"control","Control","complete",0,0.452162742614746,102,0.33052409572333,1352.10330260027,47.5954697841595,47.4020335534063
312,312,1,"control","Control","complete",0,0.772535085678101,103,0.330302848705898,1325.41748532628,47.5636102136493,47.4020335534063
313,313,1,"control","Control","complete",0,1.3494975566864,110,0.329513286665419,1172.5954764385,47.4499132798203,47.4020335534063
314,314,1,"control","Control","complete",0,0.466125011444092,112,0.329322027118774,1137.9114362645,47.4223719051034,47.4020335534063
315,315,1,"control","Control","complete",0,0.484508991241455,112,0.330093681653589,1125.39168403608,47.5334901581168,47.4020335534063
316,316,1,"control","Control","complete",0,0.466896772384644,105,0.329981539923102,1285.31617291431,47.5173417489267,47.4020335534063
317,317,1,"control","Control","complete",0,0.920394897460938,109,0.329466265323014,1193.24851740383,47.443142206514,47.4020335534063
318,318,1,"control","Control","complete",0,1.04044222831726,106,0.329478642214098,1251.74403008284,47.4449244788301,47.4020335534063
319,319,1,"control","Control","complete",0,0.570710182189941,113,0.331195699561018,1105.86331237733,47.6921807367866,47.4020335534063
320,320,1,"control","Control","complete",0,0.73462986946106,119,0.329965596484496,971.638647708754,47.5150458937675,47.4020335534063
321,321,1,"control","Control","complete",0,0.954333782196045,102,0.329678795741328,1349.6136233126,47.4737465867513,47.4020335534063
322,322,1,"control","Control","complete",0,1.00854206085205,94,0.330080720523819,1535.34692532842,47.53162375543,47.4020335534063
323,323,1,"control","Control","complete",0,1.37507748603821,110,0.330837939582594,1172.96741347449,47.6406632998935,47.4020335534063
324,324,1,"control","Control","complete",0,0.468793153762817,109,0.329732096090301,1188.04842472766,47.4814218370034,47.4020335534063
325,325,1,"control","Control","complete",0,0.470000028610229,102,0.32988167856566,1338.78238157148,47.5029617134551,47.4020335534063
326,326,1,"control","Control","complete",0,0.478385210037231,109,0.329998838065123,1195.33656944779,47.5198326813777,47.4020335534063
327,327,1,"control","Control","complete",0,0.509189605712891,113,0.331139651450682,1105.86331237733,47.6841098088982,47.4020335534063
328,328,1,"control","Control","complete",0,0.465424776077271,110,0.330553934419163,1180.70680524527,47.5997665563595,47.4020335534063
329,329,1,"control","Control","complete",0,0.448419570922852,99,0.32960935613652,1425.99958700728,47.4637472836589,47.4020335534063
330,330,1,"control","Control","complete",0,0.780596733093262,114,0.329705663021821,1076.25608676516,47.4776154751422,47.4020335534063
331,331,1,"control","Control","complete",0,0.506129741668701,105,0.329305637489622,1272.39707104816,47.4200117985055,47.4020335534063
332,332,1,"control","Control","complete",0,1.50248265266418,102,0.330307275815531,1338.78238157148,47.5642477174365,47.4020335534063
333,333,1,"control","Control","complete",0,0.676741361618042,110,0.330410059444358,1165.77812484829,47.5790485599875,47.4020335534063
334,334,1,"control","Control","complete",0,1.2842333316803,109,0.329382215482271,1188.04842472766,47.431039029447,47.4020335534063
335,335,1,"control","Control","complete",0,0.90103554725647,106,0.329198062996169,1252.38167879258,47.4045210714484,47.4020335534063
336,336,1,"control","Control","complete",0,1.043123960495,112,0.330203012601834,1135.42175697683,47.5492338146641,47.4020335534063
337,337,1,"control","Control","complete",0,0.9178786277771,105,0.329688553363304,1281.23836962162,47.4751516843157,47.4020335534063
338,338,1,"control","Control","complete",0,1.05805206298828,99,0.329252613176022,1412.20070690523,47.4123762973472,47.4020335534063
339,339,1,"control","Control","complete",0,1.06948781013489,105,0.331220790085593,1274.50164674317,47.6957937723255,47.4020335534063
340,340,1,"control","Control","complete",0,0.916020154953003,117,0.33043408467213,1022.55456571926,47.5825081927867,47.4020335534063
341,341,1,"control","Control","complete",0,1.16574549674988,108,0.330911518170805,1220.40184817951,47.6512586165959,47.4020335534063
342,342,1,"control","Control","complete",0,1.06396985054016,109,0.329877134576327,1196.21031067137,47.5023073789911,47.4020335534063
343,343,1,"control","Control","complete",0,0.566740751266479,109,0.329662685687542,1194.07170149046,47.4714267390061,47.4020335534063
344,344,1,"control","Control","complete",0,1.06497144699097,106,0.330076929244405,1267.21350202304,47.5310778111943,47.4020335534063
345,345,1,"control","Control","complete",0,0.906563282012939,112,0.330377949418382,1140.32036443305,47.574424716247,47.4020335534063
346,346,1,"control","Control","complete",0,1.17877054214478,110,0.329471706082674,1176.640963663,47.443925675905,47.4020335534063
347,347,1,"control","Control","complete",0,1.07950115203857,101,0.329876417514563,1361.37820866153,47.5022041220971,47.4020335534063
348,348,1,"control","Control","complete",0,0.507909059524536,103,0.330211711288779,1325.41748532628,47.5504864255841,47.4020335534063
349,349,1,"control","Control","complete",0,0.54007887840271,113,0.330118706781332,1094.37822032497,47.5370937765118,47.4020335534063
350,350,1,"control","Control","complete",0,1.47955870628357,104,0.329299398032432,1298.68106915951,47.4191133166703,47.4020335534063
351,351,1,"control","Control","complete",0,1.0391583442688,112,0.329506857176819,1133.71762281831,47.4489874334619,47.4020335534063
352,352,1,"control","Control","complete",0,1.0211226940155,109,0.329747600808687,1195.33656944779,47.4836545164509,47.4020335534063
353,353,1,"control","Control","complete",0,1.04187655448914,110,0.331544203652594,1165.77812484829,47.7423653259735,47.4020335534063
354,354,1,"control","Control","complete",0,1.04277610778809,114,0.329777227047719,1094.98809541981,47.4879206948716,47.4020335534063
355,355,1,"control","Control","complete",0,0.468750238418579,106,0.332079574700495,1255.8867123753,47.8194587568713,47.4020335534063
356,356,1,"control","Control","complete",0,1.39629721641541,116,0.330149236567515,1046.3441514174,47.5414900657222,47.4020335534063
357,357,1,"control","Control","complete",0,0.646384954452515,100,0.329316297675657,1387.10961329502,47.4215468652946,47.4020335534063
358,358,1,"control","Control","complete",0,0.887866735458374,107,0.329941842050226,1233.76674442471,47.5116252552325,47.4020335534063
359,359,1,"control","Control","complete",0,0.954389572143555,101,0.329205260279607,1362.9785195578,47.4055574802634,47.4020335534063
360,360,1,"control","Control","complete",0,1.57895660400391,106,0.330676099474845,1261.13675049797,47.6173583243777,47.4020335534063
361,361,1,"control","Control","complete",0,0.845010280609131,101,0.330628293829243,1362.9785195578,47.6104743114111,47.4020335534063
362,362,1,"control","Control","complete",0,0.625796556472778,105,0.329480083685832,1276.99132603084,47.4451320507598,47.4020335534063
363,363,1,"control","Control","complete",0,1.72826647758484,111,0.329734988818044,1151.2763325097,47.4818383897983,47.4020335534063
364,364,1,"control","Control","complete",0,1.04325032234192,108,0.33028529571943,1208.70146569299,47.5610825835979,47.4020335534063
365,365,1,"control","Control","complete",0,0.889692544937134,109,0.329978286082483,1195.99425996919,47.5168731958776,47.4020335534063
366,366,1,"control","Control","complete",0,0.793090581893921,112,0.329232089784723,1116.64252757737,47.4094209290001,47.4020335534063
367,367,1,"control","Control","complete",0,1.51641249656677,94,0.33000094793945,1541.3291683648,47.5201365032807,47.4020335534063
368,368,1,"control","Control","complete",0,1.17999649047852,97,0.330690169477667,1460.85899582044,47.619384404784,47.4020335534063
369,369,1,"control","Control","complete",0,0.883388519287109,108,0.331010214893489,1213.11370345939,47.6654709446625,47.4020335534063
370,370,1,"control","Control","complete",0,0.569396018981934,114,0.330370681197901,1076.97143794021,47.5733780924977,47.4020335534063
371,371,1,"control","Control","complete",0,1.27559375762939,109,0.329627497549084,1201.41332097286,47.4663596470681,47.4020335534063
372,372,1,"control","Control","complete",0,1.02250337600708,104,0.32964340643172,1304.67751011093,47.4686505261677,47.4020335534063
373,373,1,"control","Control","complete",0,0.878214597702026,86,0.32942815438306,1734.85627598581,47.4376542311607,47.4020335534063
374,374,1,"control","Control","complete",0,1.02369165420532,102,0.329467551623448,1338.78238157148,47.4433274337766,47.4020335534063
375,375,1,"control","Control","complete",0,1.02914619445801,99,0.330521274526037,1419.74183751819,47.5950635317494,47.4020335534063
376,376,1,"control","Control","complete",0,1.03654146194458,91,0.329711327497895,1624.64112277886,47.4784311596969,47.4020335534063
377,377,1,"control","Control","complete",0,0.92876148223877,114,0.329720373892655,1090.28478307649,47.4797338405423,47.4020335534063
378,378,1,"control","Control","complete",0,0.618875741958618,113,0.330160748073941,1108.35299166501,47.5431477226475,47.4020335534063
379,379,1,"control","Control","complete",0,0.473911762237549,100,0.329723518929319,1401.3254899477,47.4801867258219,47.4020335534063
380,380,1,"control","Control","complete",0,0.846210718154907,102,0.329210335476369,1337.43645934447,47.4062883085971,47.4020335534063
381,381,1,"control","Control","complete",0,0.778498649597168,109,0.330253841842724,1195.33656944779,47.5565532253522,47.4020335534063
382,382,1,"control","Control","complete",0,0.52260947227478,107,0.329289386462385,1249.42055231353,47.4176716505835,47.4020335534063
383,383,1,"control","Control","complete",0,1.2013943195343,112,0.329507458339758,1125.59671222421,47.4490740009252,47.4020335534063
384,384,1,"control","Control","complete",0,1.27081513404846,109,0.329711410362236,1201.41332097286,47.478443092162,47.4020335534063
385,385,1,"control","Control","complete",0,1.21093034744263,102,0.33034502036764,1349.5485790635,47.5696829329401,47.4020335534063
386,386,1,"control","Control","complete",0,0.474520444869995,98,0.329844130127743,1447.49409957525,47.4975547383951,47.4020335534063
387,387,1,"control","Control","complete",0,0.605929613113403,90,0.330413218261797,1629.00221239918,47.5795034296988,47.4020335534063
388,388,1,"control","Control","complete",0,0.607703685760498,108,0.329706841810252,1211.19114498066,47.4777852206762,47.4020335534063
389,389,1,"control","Control","complete",0,1.12222528457642,103,0.330875158166595,1318.12934060615,47.6460227759896,47.4020335534063
390,390,1,"control","Control","complete",0,0.46621298789978,105,0.329420907877195,1286.7986694567,47.4366107343161,47.4020335534063
391,391,1,"control","Control","complete",0,0.793658018112183,115,0.329792541917376,1066.21287108876,47.4901260361021,47.4020335534063
392,392,1,"control","Control","complete",0,0.757004261016846,111,0.331130539570507,1151.2763325097,47.682797698153,47.4020335534063
393,393,1,"control","Control","complete",0,0.732030630111694,114,0.329690606612264,1080.28006329332,47.475447352166,47.4020335534063
394,394,1,"control","Control","complete",0,0.751093149185181,105,0.330559166890245,1281.73727222668,47.6005200321953,47.4020335534063
395,395,1,"control","Control","complete",0,1.37808918952942,117,0.329841639051337,1013.68568679117,47.4971960233925,47.4020335534063
396,396,1,"control","Control","complete",0,1.02345585823059,96,0.329731940464739,1485.2793163499,47.4813994269225,47.4020335534063
397,397,1,"control","Control","complete",0,0.91268515586853,102,0.329996907795172,1355.62533058857,47.5195547225048,47.4020335534063
398,398,1,"control","Control","complete",0,1.14770793914795,93,0.329653722636937,1558.5826541355,47.4701360597189,47.4020335534063
399,399,1,"control","Control","complete",0,1.06920337677002,104,0.331206161941753,1296.19138987183,47.6936873196125,47.4020335534063
400,400,1,"control","Control","complete",0,1.18679285049438,98,0.329756478898921,1434.41655901257,47.4849329614446,47.4020335534063
401,401,1,"control","Control","complete",0,0.897555828094482,103,0.331041753590106,1320.61901989382,47.6700125169753,47.4020335534063
402,402,1,"control","Control","complete",0,1.20359516143799,105,0.329837557759526,1277.57645550397,47.4966083173717,47.4020335534063
403,403,1,"control","Control","complete",0,0.927494049072266,97,0.329462887223051,1476.20369975829,47.4426557601194,47.4020335534063
404,404,1,"control","Control","complete",0,0.941640615463257,104,0.32998763029412,1304.63309434906,47.5182187623533,47.4020335534063
405,405,1,"control","Control","complete",0,1.05668568611145,93,0.329963233784404,1573.38644645775,47.5147056649541,47.4020335534063
406,406,1,"control","Control","complete",0,1.06559109687805,110,0.330234166459562,1162.54599751205,47.553719970177,47.4020335534063
407,407,1,"control","Control","complete",0,1.15116333961487,102,0.329491584119389,1341.27206085915,47.4467881131921,47.4020335534063
408,408,1,"control","Control","complete",0,0.735707759857178,96,0.329629151487345,1502.15928693492,47.4665978141777,47.4020335534063
409,409,1,"control","Control","complete",0,0.702779293060303,115,0.329418910395664,1063.72319180108,47.4363230969755,47.4020335534063
410,410,1,"control","Control","complete",0,0.5700364112854,107,0.329791072885817,1242.5218161301,47.4899144955576,47.4020335534063
411,411,1,"control","Control","complete",0,0.811597585678101,109,0.330067167576878,1195.33656944779,47.5296721310704,47.4020335534063
412,412,1,"control","Control","complete",0,0.618534088134766,114,0.32920492222414,1076.96544531325,47.4055088002762,47.4020335534063
413,413,1,"control","Control","complete",0,1.10950183868408,115,0.329637959409543,1065.47191393699,47.4678661549741,47.4020335534063
414,414,1,"control","Control","complete",0,1.19351935386658,101,0.330039878135678,1362.9134753087,47.5257424515376,47.4020335534063
415,415,1,"control","Control","complete",0,1.040114402771,94,0.330560880092394,1538.46383256884,47.6007667333047,47.4020335534063
416,416,1,"control","Control","complete",0,1.08598637580872,106,0.330579946186352,1252.32915955597,47.6035122508347,47.4020335534063
417,417,1,"control","Control","complete",0,1.01871061325073,114,0.329891213990731,1094.61516600686,47.5043348146653,47.4020335534063
418,418,1,"control","Control","complete",0,0.863847017288208,94,0.32933352679964,1531.14789381497,47.4240278591481,47.4020335534063
419,419,1,"control","Control","complete",0,1.67126154899597,98,0.330068774522795,1436.18489876087,47.5299035312825,47.4020335534063
420,420,1,"control","Control","complete",0,1.20188570022583,112,0.329959386879376,1140.32036443305,47.5141517106301,47.4020335534063
421,421,1,"control","Control","complete",0,1.19468212127686,112,0.331425761974872,1134.4172693983,47.7253097243816,47.4020335534063
422,422,1,"control","Control","complete",0,1.02515292167664,105,0.331771005507673,1277.57645550397,47.7750247931049,47.4020335534063
423,423,1,"control","Control","complete",0,1.03238391876221,100,0.329536752876636,1402.45431723287,47.4532924142355,47.4020335534063
424,424,1,"control","Control","complete",0,0.479525804519653,108,0.330207474880313,1217.91216889184,47.5498763827651,47.4020335534063
425,425,1,"control","Control","complete",0,0.782074689865112,108,0.330172637745442,1211.19114498066,47.5448598353437,47.4020335534063
426,426,1,"control","Control","complete",0,1.04918265342712,92,0.33069882903858,1586.02300678005,47.6206313815556,47.4020335534063
427,427,1,"control","Control","complete",0,0.67578125,98,0.330053838079621,1447.67802302475,47.5277526834654,47.4020335534063
428,428,1,"control","Control","complete",0,1.13696002960205,92,0.330574023256457,1584.56988579109,47.6026593489298,47.4020335534063
429,429,1,"control","Control","complete",0,1.0640184879303,93,0.329606910197789,1576.24571214666,47.4633950684815,47.4020335534063
430,430,1,"control","Control","complete",0,1.05034041404724,98,0.329509597814803,1436.8748039648,47.4493820853317,47.4020335534063
431,431,1,"control","Control","complete",0,0.888400554656982,114,0.330491551366994,1094.98809541981,47.5907833968471,47.4020335534063
432,432,1,"control","Control","complete",0,1.21853256225586,98,0.329796116310258,1434.6496321137,47.4906407486771,47.4020335534063
433,433,1,"control","Control","complete",0,1.05860996246338,106,0.330300901882414,1261.13675049797,47.5633298710676,47.4020335534063
434,434,1,"control","Control","complete",0,0.573571920394897,107,0.330987281251703,1229.80607934852,47.6621685002452,47.4020335534063
435,435,1,"control","Control","complete",0,0.549400806427002,106,0.329664409047754,1243.84617508067,47.4716749028766,47.4020335534063
436,436,1,"control","Control","complete",0,0.996492385864258,117,0.329753252207723,1033.91586012459,47.4844683179121,47.4020335534063
437,437,1,"control","Control","complete",0,0.743840217590332,113,0.330668058858321,1094.37822032497,47.6162004755982,47.4020335534063
438,438,1,"control","Control","complete",0,1.21036219596863,109,0.329306496536245,1201.41332097286,47.4201355012193,47.4020335534063
439,439,1,"control","Control","complete",0,1.17619013786316,106,0.330538700771547,1256.33828506551,47.5975729111028,47.4020335534063
440,440,1,"control","Control","complete",0,1.04138946533203,115,0.330201339164394,1077.49568805936,47.5489928396727,47.4020335534063
441,441,1,"control","Control","complete",0,0.478247165679932,104,0.329618860394414,1308.91863740729,47.4651158967957,47.4020335534063
442,442,1,"control","Control","complete",0,1.35864448547363,121,0.330430850009713,945.023830653958,47.5820424013987,47.4020335534063
443,443,1,"control","Control","complete",0,1.18040895462036,108,0.329774383697667,1222.5179346284,47.4875112524641,47.4020335534063
444,444,1,"control","Control","complete",0,1.03931617736816,106,0.329915692294958,1265.69405580116,47.507859690474,47.4020335534063
445,445,1,"control","Control","complete",0,0.884350061416626,101,0.330004695598104,1362.9785195578,47.520676166127,47.4020335534063
446,446,1,"control","Control","complete",0,1.20240044593811,115,0.329813852733089,1065.47191393699,47.4931947935648,47.4020335534063
447,447,1,"control","Control","complete",0,0.500828981399536,110,0.329212483782182,1174.79937641892,47.4065976646343,47.4020335534063
448,448,1,"control","Control","complete",0,0.771253108978271,100,0.329715481121992,1389.5992925827,47.4790292815668,47.4020335534063
449,449,1,"control","Control","complete",0,1.35400557518005,99,0.330474780704865,1412.20070690523,47.5883684215006,47.4020335534063
450,450,1,"control","Control","complete",0,1.18296980857849,114,0.329462068270684,1080.92544696359,47.4425378309785,47.4020335534063
451,451,1,"control","Control","complete",0,1.18634057044983,116,0.330487740540686,1050.41141909542,47.5902346378588,47.4020335534063
452,452,1,"control","Control","complete",0,1.05541276931763,103,0.329750244782591,1331.49423685135,47.484035248693,47.4020335534063
453,453,1,"control","Control","complete",0,1.32388162612915,111,0.330111769472679,1146.24975318954,47.5360948040658,47.4020335534063
454,454,1,"control","Control","complete",0,1.05249834060669,98,0.330073787248101,1453.75477454982,47.5306253637266,47.4020335534063
455,455,1,"control","Control","complete",0,1.07055950164795,88,0.329213095530458,1691.9309985643,47.406685756386,47.4020335534063
456,456,1,"control","Control","complete",0,1.06177353858948,102,0.330553847952976,1349.6136233126,47.5997541052286,47.4020335534063
457,457,1,"control","Control","complete",0,1.10341858863831,107,0.32997827614536,1230.39120882165,47.5168717649319,47.4020335534063
458,458,1,"control","Control","complete",0,1.21797394752502,103,0.329236968292229,1316.66241362088,47.410123434081,47.4020335534063
459,459,1,"control","Control","complete",0,0.908772706985474,98,0.330134716356451,1436.8748039648,47.539399155329,47.4020335534063
460,460,1,"control","Control","complete",0,1.24671149253845,105,0.329602679513598,1276.99132603084,47.4627858499581,47.4020335534063
461,461,1,"control","Control","complete",0,0.616616010665894,103,0.330420301959398,1324.63376905577,47.5805234821534,47.4020335534063
462,462,1,"control","Control","complete",0,1.17207384109497,120,0.329309318884595,971.827161866021,47.4205419193817,47.4020335534063
463,463,1,"control","Control","complete",0,1.07667303085327,104,0.332395961590366,1301.77259349029,47.8650184690127,47.4020335534063
464,464,1,"control","Control","complete",0,1.03332781791687,105,0.331760401054896,1277.57645550397,47.7734977519051,47.4020335534063
465,465,1,"control","Control","complete",0,1.17606949806213,101,0.330212281166441,1361.44325291063,47.5505684879675,47.4020335534063
466,466,1,"control","Control","complete",0,0.881237030029297,109,0.329951798102424,1189.43173031086,47.513058926749,47.4020335534063
467,467,1,"control","Control","complete",0,0.622024774551392,113,0.329899915247137,1118.10353931595,47.5055877955878,47.4020335534063
468,468,1,"control","Control","complete",0,0.756017208099365,119,0.32964960819706,985.732050511925,47.4695435803767,47.4020335534063
469,469,1,"control","Control","complete",0,0.930774211883545,105,0.330645015883883,1274.44912750656,47.6128822872792,47.4020335534063
470,470,1,"control","Control","complete",0,0.618907451629639,100,0.329895223416364,1387.10961329502,47.5049121719565,47.4020335534063
471,471,1,"control","Control","complete",0,0.637155294418335,100,0.330713395064775,1387.10961329502,47.6227288893277,47.4020335534063
472,472,1,"control","Control","complete",0,0.839219808578491,106,0.330529775367182,1255.8867123753,47.5962876528742,47.4020335534063
473,473,1,"control","Control","complete",0,1.09835577011108,110,0.33059863500464,1168.31502488078,47.6062034406681,47.4020335534063
474,474,1,"control","Control","complete",0,1.20605802536011,102,0.329738606580865,1338.78238157148,47.4823593476445,47.4020335534063
475,475,1,"control","Control","complete",0,1.04584431648254,94,0.330439582355413,1536.89358424587,47.5832998591794,47.4020335534063
476,476,1,"control","Control","complete",0,1.04980850219727,108,0.330735706399555,1209.73816785633,47.6259417215359,47.4020335534063
477,477,1,"control","Control","complete",0,0.551814079284668,111,0.329508060056845,1157.43980792325,47.4491606481857,47.4020335534063
478,478,1,"control","Control","complete",0,0.767805814743042,107,0.330966048207861,1229.80607934852,47.659110941932,47.4020335534063
479,479,1,"control","Control","complete",0,0.498645067214966,103,0.329737954925663,1327.90716461395,47.4822655092955,47.4020335534063
480,480,1,"control","Control","complete",0,0.671878576278687,108,0.330138866030321,1218.23304501643,47.5399967083663,47.4020335534063
481,481,1,"control","Control","complete",0,0.487851142883301,102,0.329849723120523,1338.78238157148,47.4983601293554,47.4020335534063
482,482,1,"control","Control","complete",0,0.477002382278442,105,0.330290979904372,1272.39707104816,47.5619011062295,47.4020335534063
483,483,1,"control","Control","complete",0,1.08139538764954,110,0.330315178445957,1175.00440460705,47.5653856962178,47.4020335534063
484,484,1,"control","Control","complete",0,1.23052501678467,106,0.330192528523061,1255.8867123753,47.5477241073208,47.4020335534063
485,485,1,"control","Control","complete",0,1.15744566917419,112,0.329942081495738,1135.42175697683,47.5116597353863,47.4020335534063
486,486,1,"control","Control","complete",0,1.01917123794556,100,0.329285076520492,1389.5992925827,47.4170510189509,47.4020335534063
487,487,1,"control","Control","complete",0,1.0352737903595,96,0.329560673454733,1485.2793163499,47.4567369774815,47.4020335534063
488,488,1,"control","Control","complete",0,1.01892805099487,99,0.330234404473482,1421.05166276737,47.5537542441813,47.4020335534063
489,489,1,"control","Control","complete",0,1.19970202445984,106,0.330126442209726,1253.39703308763,47.5382076782005,47.4020335534063
490,490,1,"control","Control","complete",0,1.02846646308899,111,0.329571289722982,1157.43980792325,47.4582657201094,47.4020335534063
491,491,1,"control","Control","complete",0,0.930212259292603,110,0.330772365330336,1175.00440460705,47.6312206075684,47.4020335534063
492,492,1,"control","Control","complete",0,0.449516773223877,110,0.329539173214991,1171.00973235658,47.4536409429587,47.4020335534063
493,493,1,"control","Control","complete",0,1.04363465309143,117,0.329452716278172,1013.68568679117,47.4411911440567,47.4020335534063
494,494,1,"control","Control","complete",0,0.683325529098511,99,0.329322294622255,1414.6903861929,47.4224104256048,47.4020335534063
495,495,1,"control","Control","complete",0,1.67122411727905,109,0.329524758956582,1203.90300026053,47.4515652897477,47.4020335534063
496,496,1,"control","Control","complete",0,1.04057240486145,112,0.329560208642519,1116.64252757737,47.4566700445227,47.4020335534063
497,497,1,"control","Control","complete",0,1.04359245300293,98,0.330117072411259,1461.29590516278,47.5368584272213,47.4020335534063
498,498,1,"control","Control","complete",0,1.04443025588989,117,0.330186871217353,1023.50157456521,47.5469094552989,47.4020335534063
499,499,1,"control","Control","complete",0,1.04668235778809,106,0.330368530712225,1259.03217480297,47.5730684225604,47.4020335534063
500,500,1,"control","Control","complete",0,0.900320053100586,106,0.330436623375889,1253.39703308763,47.5828737661281,47.4020335534063
501,501,1,"control","Control","complete",0,1.17999529838562,115,0.330618789425215,1073.50101580888,47.6091056772309,47.4020335534063
502,502,1,"control","Control","complete",0,1.19565558433533,113,0.329388357634212,1110.22924950921,47.4319234993265,47.4020335534063
503,503,1,"control","Control","complete",0,1.09497499465942,94,0.330526313823278,1531.14789381497,47.5957891905521,47.4020335534063
504,504,1,"control","Control","complete",0,1.03965163230896,108,0.330451751614317,1217.02631257645,47.5850522324616,47.4020335534063
505,505,1,"control","Control","complete",0,1.23910164833069,91,0.330731895519152,1608.38309670396,47.6253929547579,47.4020335534063
506,506,1,"control","Control","complete",0,0.864300489425659,100,0.329909207691068,1398.83581066003,47.5069259075138,47.4020335534063
507,507,1,"control","Control","complete",0,0.458958625793457,105,0.331462125987043,1274.50164674317,47.7305461421341,47.4020335534063
508,508,1,"control","Control","complete",0,0.465551614761353,115,0.3302300484282,1067.05765801891,47.5531269736609,47.4020335534063
509,509,1,"control","Control","complete",0,0.608624458312988,105,0.331488856636213,1276.99132603084,47.7343953556147,47.4020335534063
510,510,1,"control","Control","complete",0,0.698446750640869,105,0.330531203898179,1281.73727222668,47.5964933613377,47.4020335534063
511,511,1,"control","Control","complete",0,0.805609226226807,106,0.329325592721479,1252.38167879258,47.4228853518929,47.4020335534063
512,512,1,"control","Control","complete",0,0.473097085952759,104,0.331042869385505,1306.21742148528,47.6701731915128,47.4020335534063
513,513,1,"control","Control","complete",0,0.781643390655518,118,0.330615596698336,1010.13667832001,47.6086459245604,47.4020335534063
514,514,1,"control","Control","complete",0,0.588171720504761,101,0.330654879673889,1362.9134753087,47.6143026730399,47.4020335534063
515,515,1,"control","Control","complete",0,0.722878694534302,104,0.329728371548281,1303.72774219761,47.4808855029525,47.4020335534063
516,516,1,"control","Control","complete",0,0.490328788757324,110,0.329223970496329,1181.88494931411,47.4082517514714,47.4020335534063
517,517,1,"control","Control","complete",0,0.474881649017334,104,0.32990080479274,1294.08681417683,47.5057158901546,47.4020335534063
518,518,1,"control","Control","complete",0,0.553719758987427,104,0.329328890711068,1303.72774219761,47.4233602623938,47.4020335534063
519,519,1,"control","Control","complete",0,0.954547166824341,112,0.330262569925663,1137.9114362645,47.5578100692954,47.4020335534063
520,520,1,"control","Control","complete",0,0.550862073898315,107,0.329338105253071,1231.27706513704,47.4246871564422,47.4020335534063
521,521,1,"control","Control","complete",0,0.924524784088135,99,0.330196211233655,1412.20070690523,47.5482544176464,47.4020335534063
522,522,1,"control","Control","complete",0,1.02136325836182,99,0.329819370350764,1425.99958700728,47.49398933051,47.4020335534063
523,523,1,"control","Control","complete",0,0.505221366882324,106,0.329514509175208,1251.6636590351,47.45008932123,47.4020335534063
524,524,1,"control","Control","complete",0,0.492854356765747,102,0.330335571551057,1338.78238157148,47.5683223033523,47.4020335534063
525,525,1,"control","Control","complete",0,0.479624032974243,105,0.329861385098521,1276.93880679423,47.5000394541871,47.4020335534063
526,526,1,"control","Control","complete",0,1.05300116539001,112,0.329795988540003,1133.03221971293,47.4906223497604,47.4020335534063
527,527,1,"control","Control","complete",0,1.20490503311157,104,0.330259331058739,1302.84188588222,47.5573436724585,47.4020335534063
528,528,1,"control","Control","complete",0,0.942713022232056,109,0.330050235464847,1183.76360027925,47.527233906938,47.4020335534063
529,529,1,"control","Control","complete",0,0.625794410705566,117,0.329954040056553,1017.49172398023,47.5133817681437,47.4020335534063
530,530,1,"control","Control","complete",0,1.04014420509338,101,0.330501772377243,1372.20945040266,47.592255222323,47.4020335534063
531,531,1,"control","Control","complete",0,0.985086917877197,110,0.330000121597378,1165.77812484829,47.5200175100224,47.4020335534063
532,532,1,"control","Control","complete",0,0.567782163619995,102,0.330661796036011,1344.81515788015,47.6152986291855,47.4020335534063
533,533,1,"control","Control","complete",0,0.768898248672485,103,0.329564127290758,1331.49423685135,47.4572343298692,47.4020335534063
534,534,1,"control","Control","complete",0,1.20611023902893,98,0.330622588566495,1436.8748039648,47.6096527535753,47.4020335534063
535,535,1,"control","Control","complete",0,0.580801963806152,100,0.330259598982677,1397.91283235497,47.5573822535055,47.4020335534063
536,536,1,"control","Control","complete",0,0.629351377487183,107,0.329881899568727,1242.5218161301,47.5029935378966,47.4020335534063
537,537,1,"control","Control","complete",0,0.463246583938599,102,0.330888400791243,1342.32547859247,47.6479297139389,47.4020335534063
538,538,1,"control","Control","complete",0,0.844875812530518,99,0.329896887319956,1411.27772860016,47.5051517740736,47.4020335534063
539,539,1,"control","Control","complete",0,0.648672103881836,113,0.329298304500145,1100.00052716892,47.4189558480208,47.4020335534063
540,540,1,"control","Control","complete",0,0.593498468399048,114,0.329911060720314,1084.87061098287,47.5071927437252,47.4020335534063
541,541,1,"control","Control","complete",0,1.52132177352905,117,0.329967470623178,1013.68568679117,47.5153157697376,47.4020335534063
542,542,1,"control","Control","complete",0,1.13687348365784,102,0.330217910289163,1342.32547859247,47.5513790816394,47.4020335534063
543,543,1,"control","Control","complete",0,1.06536841392517,121,0.329552700094781,934.455822174575,47.4555888136484,47.4020335534063
544,544,1,"control","Control","complete",0,0.485491752624512,88,0.329418716125531,1682.27309522063,47.4362951220765,47.4020335534063
545,545,1,"control","Control","complete",0,0.47442102432251,109,0.329476546455823,1199.00141271873,47.4446226896385,47.4020335534063
546,546,1,"control","Control","complete",0,0.770191192626953,112,0.330916823144112,1137.9114362645,47.6520225327521,47.4020335534063
547,547,1,"control","Control","complete",0,0.636364459991455,103,0.330462868149871,1318.12934060615,47.5866530135814,47.4020335534063
548,548,1,"control","Control","complete",0,1.60395288467407,92,0.329656448391231,1581.99859021962,47.4705285683373,47.4020335534063
549,549,1,"control","Control","complete",0,1.06251239776611,98,0.329278278442799,1436.8748039648,47.4160720957631,47.4020335534063
550,550,1,"control","Control","complete",0,0.601998329162598,114,0.329956278966299,1080.92544696359,47.513704171147,47.4020335534063
551,551,1,"control","Control","complete",0,1.1838059425354,110,0.33016566488984,1184.37462860178,47.543855744137,47.4020335534063
552,552,1,"control","Control","complete",0,1.03504037857056,96,0.329589951243084,1483.49184447842,47.4609529790041,47.4020335534063
553,553,1,"control","Control","complete",0,0.770625591278076,122,0.329307547711542,914.249671030148,47.420286870462,47.4020335534063
554,554,1,"control","Control","complete",0,0.919553995132446,93,0.329720999843401,1556.01135856404,47.4798239774497,47.4020335534063
555,555,1,"control","Control","complete",0,1.3587212562561,115,0.330075621714466,1061.24311084356,47.5308895268832,47.4020335534063
556,556,1,"control","Control","complete",0,1.03383946418762,110,0.331013143983801,1165.77812484829,47.6658927336674,47.4020335534063
557,557,1,"control","Control","complete",0,1.04657793045044,105,0.329229450915476,1283.64729779018,47.4090409318286,47.4020335534063
558,558,1,"control","Control","complete",0,1.04293298721313,108,0.32984460832448,1226.47859970458,47.4976235987252,47.4020335534063
559,559,1,"control","Control","complete",0,1.05244970321655,98,0.330316931650455,1446.14275637758,47.5656381576655,47.4020335534063
560,560,1,"control","Control","complete",0,0.558305501937866,118,0.329188611303126,993.032645825847,47.4031600276502,47.4020335534063
561,561,1,"control","Control","complete",0,1.28370809555054,93,0.329552694360924,1561.334156984,47.4555879879731,47.4020335534063
562,562,1,"control","Control","complete",0,1.0456280708313,101,0.329646914414044,1362.9785195578,47.4691556756223,47.4020335534063
563,563,1,"control","Control","complete",0,1.03018879890442,107,0.329504582665839,1231.27706513704,47.4486599038808,47.4020335534063
564,564,1,"control","Control","complete",0,0.810352087020874,87,0.329536080201513,1719.51949434306,47.4531955490178,47.4020335534063
565,565,1,"control","Control","complete",0,1.21819233894348,120,0.330193102967735,954.731178296308,47.5478068273539,47.4020335534063
566,566,1,"control","Control","complete",0,0.902083158493042,106,0.331261257719969,1258.29564054386,47.7016211116755,47.4020335534063
567,567,1,"control","Control","complete",0,1.05601191520691,103,0.329506032261626,1329.95897020418,47.4488686456742,47.4020335534063
568,568,1,"control","Control","complete",0,0.636232852935791,95,0.330424708698213,1507.91216500788,47.5811580525427,47.4020335534063
569,569,1,"control","Control","complete",0,1.07410383224487,110,0.329916583757989,1181.88494931411,47.5079880611503,47.4020335534063
570,570,1,"control","Control","complete",0,0.576236724853516,119,0.330495550875829,989.655498108932,47.5913593261194,47.4020335534063
571,571,1,"control","Control","complete",0,0.73151707649231,122,0.331210391039893,930.67085178906,47.6942963097447,47.4020335534063
572,572,1,"control","Control","complete",0,0.847531080245972,108,0.330457087616685,1211.19114498066,47.5858206168026,47.4020335534063
573,573,1,"control","Control","complete",0,0.890779495239258,86,0.329642041722632,1734.85627598581,47.4684540080589,47.4020335534063
574,574,1,"control","Control","complete",0,0.448361873626709,103,0.330415338371812,1317.09263844281,47.5798087255409,47.4020335534063
575,575,1,"control","Control","complete",0,0.544844627380371,111,0.330373256815051,1154.95012863558,47.5737489813674,47.4020335534063
576,576,1,"control","Control","complete",0,0.804493188858032,100,0.330136559617738,1401.3254899477,47.5396645849542,47.4020335534063
577,577,1,"control","Control","complete",0,0.532891988754272,99,0.329609694446882,1423.50990771961,47.463796000351,47.4020335534063
578,578,1,"control","Control","complete",0,0.587459564208984,107,0.330247896581878,1242.5218161301,47.5556971077905,47.4020335534063
579,579,1,"control","Control","complete",0,1.17943739891052,99,0.329395101328927,1409.742461953,47.4328945913655,47.4020335534063
580,580,1,"control","Control","complete",0,1.12473201751709,112,0.329979499157817,1138.96160846941,47.5170478787257,47.4020335534063
581,581,1,"control","Control","complete",0,1.06927537918091,112,0.329549525101433,1137.9114362645,47.4551316146064,47.4020335534063
582,582,1,"control","Control","complete",0,0.851323843002319,105,0.331880186767632,1274.50164674317,47.790746894539,47.4020335534063
583,583,1,"control","Control","complete",0,0.616434574127197,109,0.329568533497954,1199.21656310705,47.4578688237054,47.4020335534063
584,584,1,"control","Control","complete",0,1.20074772834778,109,0.330577088848881,1195.33656944779,47.6031007942389,47.4020335534063
585,585,1,"control","Control","complete",0,1.0345299243927,117,0.329915074990989,1033.89927639521,47.5077707987025,47.4020335534063
586,586,1,"control","Control","complete",0,0.964248180389404,102,0.329899673089732,1349.6136233126,47.5055529249214,47.4020335534063
587,587,1,"control","Control","complete",0,1.36646795272827,103,0.329422590641058,1331.49423685135,47.4368530523124,47.4020335534063
588,588,1,"control","Control","complete",0,0.781998872756958,111,0.329750014015805,1163.51655944832,47.4840020182759,47.4020335534063
589,589,1,"control","Control","complete",0,0.948680400848389,98,0.329264955900679,1453.57085110032,47.4141536496978,47.4020335534063
590,590,1,"control","Control","complete",0,0.575145959854126,76,0.330115977481943,2026.67599309993,47.5367007573998,47.4020335534063
591,591,1,"control","Control","complete",0,1.34798550605774,99,0.329689207139119,1429.58665924468,47.4752458280332,47.4020335534063
592,592,1,"control","Control","complete",0,0.819552659988403,94,0.330717654592356,1532.68316046213,47.6233422612992,47.4020335534063
593,593,1,"control","Control","complete",0,1.50535678863525,92,0.330685704045395,1588.59430235151,47.6187413825368,47.4020335534063
594,594,1,"control","Control","complete",0,1.1881320476532,100,0.330667650156001,1389.5992925827,47.6161416224642,47.4020335534063
595,595,1,"control","Control","complete",0,1.07395267486572,104,0.330399258955896,1302.84188588222,47.5774932896491,47.4020335534063
596,596,1,"control","Control","complete",0,0.938965320587158,112,0.330485729668905,1128.1336122567,47.5899450723223,47.4020335534063
597,597,1,"control","Control","complete",0,1.33475279808044,102,0.330124932407273,1349.6136233126,47.5379902666474,47.4020335534063
598,598,1,"control","Control","complete",0,0.557459831237793,109,0.329321796255443,1201.41332097286,47.4223386607838,47.4020335534063
599,599,1,"control","Control","complete",0,1.27884101867676,109,0.330879524656899,1192.12384809725,47.6466515505935,47.4020335534063
600,600,1,"control","Control","complete",0,0.464421987533569,102,0.330762950887161,1341.27206085915,47.6298649277512,47.4020335534063
601,601,1,"control","Control","complete",0,0.474849462509155,118,0.3302084542499,1007.64699903233,47.5500174119856,47.4020335534063
602,602,1,"control","Control","complete",0,0.623154401779175,111,0.329204718519531,1147.66198391545,47.4054794668124,47.4020335534063
603,603,1,"control","Control","complete",0,1.04707646369934,101,0.330340103952998,1366.4565723297,47.5689749692316,47.4020335534063
604,604,1,"control","Control","complete",0,0.457475662231445,103,0.32952726887415,1319.58231773048,47.4519267178776,47.4020335534063
605,605,1,"control","Control","complete",0,0.907318830490112,112,0.32991002226094,1133.03221971293,47.5070432055754,47.4020335534063
606,606,1,"control","Control","complete",0,1.68436694145203,100,0.329384844041912,1397.30054401286,47.4314175420354,47.4020335534063
607,607,1,"control","Control","complete",0,1.05970811843872,102,0.329698465538169,1337.24711492431,47.4765790374963,47.4020335534063
608,608,1,"control","Control","complete",0,0.551275968551636,111,0.330036338627369,1138.78814735923,47.5252327623411,47.4020335534063
609,609,1,"control","Control","complete",0,0.653128147125244,107,0.330423506627776,1239.01678254738,47.5809849543997,47.4020335534063
610,610,1,"control","Control","complete",0,0.624475479125977,101,0.330386669727786,1362.9785195578,47.5756804408012,47.4020335534063
611,611,1,"control","Control","complete",0,0.828624248504639,119,0.329757440793663,980.756087101728,47.4850714742874,47.4020335534063
612,612,1,"control","Control","complete",0,0.462130069732666,113,0.331780212684953,1108.35299166501,47.7763506266332,47.4020335534063
613,613,1,"control","Control","complete",0,0.836658000946045,111,0.331124418960662,1151.2763325097,47.6819163303353,47.4020335534063
614,614,1,"control","Control","complete",0,0.480500221252441,107,0.330159713962404,1240.03213684243,47.5429988105862,47.4020335534063
615,615,1,"control","Control","complete",0,0.882039785385132,106,0.329364170733085,1243.84617508067,47.4284405855643,47.4020335534063
616,616,1,"control","Control","complete",0,0.476264953613281,102,0.330868545860576,1341.27206085915,47.645070603923,47.4020335534063
617,617,1,"control","Control","complete",0,0.806920289993286,100,0.330083829323315,1404.9125621851,47.5320714225574,47.4020335534063
618,618,1,"control","Control","complete",0,1.64065718650818,104,0.329885661967648,1302.84188588222,47.5035353233413,47.4020335534063
619,619,1,"control","Control","complete",0,1.19212532043457,103,0.329371296244488,1320.61901989382,47.4294666592062,47.4020335534063
620,620,1,"control","Control","complete",0,1.02963972091675,107,0.329346786185149,1231.27706513704,47.4259372106615,47.4020335534063
621,621,1,"control","Control","complete",0,1.04138374328613,92,0.329352789448717,1579.55752935907,47.4268016806153,47.4020335534063
622,622,1,"control","Control","complete",0,1.03782296180725,109,0.329202444297956,1191.66277332191,47.4051519789057,47.4020335534063
623,623,1,"control","Control","complete",0,1.03880190849304,106,0.330964563176707,1263.62642978564,47.6588970974459,47.4020335534063
624,624,1,"control","Control","complete",0,1.0406813621521,103,0.329991773826971,1325.28613531439,47.5188154310838,47.4020335534063
625,625,1,"control","Control","complete",0,1.0540497303009,104,0.329384521492094,1295.10216847188,47.4313710948616,47.4020335534063
626,626,1,"control","Control","complete",0,0.603398561477661,104,0.331773879780274,1301.77259349029,47.7754386883594,47.4020335534063
627,627,1,"control","Control","complete",0,0.960108280181885,104,0.329374401302833,1295.10216847188,47.429913787608,47.4020335534063
628,628,1,"control","Control","complete",0,1.07229423522949,104,0.33102211716094,1296.43959747748,47.6671848711754,47.4020335534063
629,629,1,"control","Control","complete",0,1.0700318813324,110,0.330939054789222,1170.80470416845,47.655223889648,47.4020335534063
630,630,1,"control","Control","complete",0,1.04906582832336,108,0.330230688891284,1208.70146569299,47.5532192003449,47.4020335534063
631,631,1,"control","Control","complete",0,1.05065369606018,110,0.330610014735809,1178.29787707671,47.6078421219564,47.4020335534063
632,632,1,"control","Control","complete",0,0.627903461456299,98,0.330187492276899,1436.8748039648,47.5469988878734,47.4020335534063
633,633,1,"control","Control","complete",0,0.878703355789185,99,0.329553585054535,1423.50990771961,47.455716247853,47.4020335534063
634,634,1,"control","Control","complete",0,1.21075129508972,105,0.329860779290905,1272.98220052129,47.4999522178903,47.4020335534063
635,635,1,"control","Control","complete",0,0.894323825836182,97,0.33093335328608,1471.66221488039,47.6544028731955,47.4020335534063
636,636,1,"control","Control","complete",0,1.06140565872192,84,0.329275532658367,1809.31754280337,47.4156767028049,47.4020335534063
637,637,1,"control","Control","complete",0,1.05168557167053,81,0.329292548919759,1894.06011174685,47.4181270444452,47.4020335534063
638,638,1,"control","Control","complete",0,1.18798232078552,96,0.329723320501764,1482.74338142987,47.480158152254,47.4020335534063
639,639,1,"control","Control","complete",0,1.07317543029785,113,0.331241156387862,1108.35299166501,47.6987265198521,47.4020335534063
640,640,1,"control","Control","complete",0,1.57530164718628,91,0.330461307283278,1604.15297256201,47.5864282487921,47.4020335534063
641,641,1,"control","Control","complete",0,1.03429341316223,105,0.330281025980261,1274.50164674317,47.5604677411576,47.4020335534063
642,642,1,"control","Control","complete",0,0.445341825485229,99,0.330925806152712,1414.6903861929,47.6533160859906,47.4020335534063
643,643,1,"control","Control","complete",0,0.797015428543091,99,0.329212581712865,1412.20070690523,47.4066117666525,47.4020335534063
644,644,1,"control","Control","complete",0,0.57911229133606,99,0.330462971856711,1423.50990771961,47.5866679473664,47.4020335534063
645,645,1,"control","Control","complete",0,0.448184490203857,106,0.330094647440017,1259.03217480297,47.5336292313625,47.4020335534063
646,646,1,"control","Control","complete",0,1.10543084144592,109,0.330253072038839,1195.33656944779,47.5564423735928,47.4020335534063
647,647,1,"control","Control","complete",0,0.64443826675415,96,0.329962272771814,1485.02711112559,47.5145672791413,47.4020335534063
648,648,1,"control","Control","complete",0,1.03396773338318,115,0.330434577779872,1068.62179925731,47.5825792003015,47.4020335534063
649,649,1,"control","Control","complete",0,1.20726799964905,104,0.329931412990227,1302.84188588222,47.5101234705926,47.4020335534063
650,650,1,"control","Control","complete",0,1.35910105705261,96,0.329624586489402,1500.62402028775,47.4659404544739,47.4020335534063
651,651,1,"control","Control","complete",0,1.04978942871094,112,0.329230841122246,1137.9114362645,47.4092411216034,47.4020335534063
652,652,1,"control","Control","complete",0,1.04031014442444,115,0.329404432646584,1074.67617979215,47.4342383011081,47.4020335534063
653,653,1,"control","Control","complete",0,1.04658675193787,103,0.329385819223976,1320.16744720361,47.4315579682525,47.4020335534063
654,654,1,"control","Control","complete",0,0.938145160675049,108,0.32937046443966,1226.47859970458,47.429346879311,47.4020335534063
655,655,1,"control","Control","complete",0,1.21315813064575,103,0.329659720979309,1319.58231773048,47.4709998210205,47.4020335534063
656,656,1,"control","Control","complete",0,0.934731006622314,89,0.33032088262748,1655.07145837757,47.5662070983572,47.4020335534063
657,657,1,"control","Control","complete",0,0.731101512908936,105,0.32980131528091,1274.50164674317,47.491389400451,47.4020335534063
658,658,1,"control","Control","complete",0,1.18562602996826,101,0.329813171795534,1364.92130568253,47.4930967385569,47.4020335534063
659,659,1,"control","Control","complete",0,1.06579566001892,109,0.329665026805219,1183.76360027925,47.4717638599516,47.4020335534063
660,660,1,"control","Control","complete",0,1.05468797683716,107,0.330850116334888,1234.34781509459,47.6424167522238,47.4020335534063
661,661,1,"control","Control","complete",0,0.971289157867432,104,0.329428118488567,1294.51703899876,47.4376490623536,47.4020335534063
662,662,1,"control","Control","complete",0,0.616868734359741,111,0.329215959433744,1140.13090088647,47.4070981584592,47.4020335534063
663,663,1,"control","Control","complete",0,1.04737687110901,102,0.329918584986174,1358.11500987625,47.5082762380091,47.4020335534063
664,664,1,"control","Control","complete",0,1.19297575950623,110,0.33081678788744,1165.77812484829,47.6376174557913,47.4020335534063
665,665,1,"control","Control","complete",0,1.0370774269104,103,0.329183681840337,1331.49423685135,47.4024501850085,47.4020335534063
666,666,1,"control","Control","complete",0,0.728793859481812,109,0.33075567049892,1191.66277332191,47.6288165518445,47.4020335534063
667,667,1,"control","Control","complete",0,1.20105051994324,116,0.329226414569914,1039.49386134022,47.4086036980676,47.4020335534063
668,668,1,"control","Control","complete",0,0.470315933227539,97,0.33033295832502,1461.04291926995,47.5679459988029,47.4020335534063
669,669,1,"control","Control","complete",0,0.600210428237915,108,0.330042602730116,1208.70146569299,47.5261347931367,47.4020335534063
670,670,1,"control","Control","complete",0,1.27950239181519,108,0.329495636401619,1220.32117676259,47.4473716418332,47.4020335534063
671,671,1,"control","Control","complete",0,0.453976154327393,100,0.330411925317421,1401.3254899477,47.5793172457086,47.4020335534063
672,672,1,"control","Control","complete",0,0.787383317947388,114,0.330815227436251,1091.69462295015,47.6373927508202,47.4020335534063
673,673,1,"control","Control","complete",0,0.626623868942261,114,0.329372405893982,1097.6217959711,47.4296264487334,47.4020335534063
674,674,1,"control","Control","complete",0,0.77759861946106,98,0.33053044834527,1447.49409957525,47.5963845617189,47.4020335534063
675,675,1,"control","Control","complete",0,1.37420225143433,111,0.329183296090203,1144.82665157168,47.4023946369893,47.4020335534063
676,676,1,"control","Control","complete",0,0.792834758758545,102,0.329446447728889,1355.69037483767,47.4402884729601,47.4020335534063
677,677,1,"control","Control","complete",0,1.04396343231201,103,0.331831747156379,1324.63376905577,47.7837715905186,47.4020335534063
678,678,1,"control","Control","complete",0,1.36000061035156,102,0.330182858427228,1338.78238157148,47.5463316135208,47.4020335534063
679,679,1,"control","Control","complete",0,1.05412268638611,112,0.329833489377989,1137.9114362645,47.4960224704304,47.4020335534063
680,680,1,"control","Control","complete",0,0.568674564361572,104,0.330390916424028,1294.08681417683,47.5762919650601,47.4020335534063
681,681,1,"control","Control","complete",0,1.20601797103882,117,0.329893459156739,1018.36203311555,47.5046581185705,47.4020335534063
682,682,1,"control","Control","complete",0,0.94952130317688,108,0.329570320687524,1211.19114498066,47.4581261790035,47.4020335534063
683,683,1,"control","Control","complete",0,1.04489421844482,137,0.32941428263833,646.725138588323,47.4356566999196,47.4020335534063
684,684,1,"control","Control","complete",0,1.09144711494446,88,0.329230421446824,1680.88130676799,47.4091806883426,47.4020335534063
685,685,1,"control","Control","complete",0,0.875856876373291,109,0.329947326070762,1188.04842472766,47.5124149541897,47.4020335534063
686,686,1,"control","Control","complete",0,0.614949226379395,113,0.329227766271638,1105.86331237733,47.4087983431159,47.4020335534063
687,687,1,"control","Control","complete",0,1.37110733985901,116,0.329662119640259,1040.62688326756,47.4713452281973,47.4020335534063
688,688,1,"control","Control","complete",0,1.04839706420898,112,0.329515803844238,1133.03221971293,47.4502757535703,47.4020335534063
689,689,1,"control","Control","complete",0,1.17220330238342,123,0.329303167840459,914.089545309116,47.4196561690261,47.4020335534063
690,690,1,"control","Control","complete",0,1.02849221229553,109,0.329909696965607,1191.66277332191,47.5069963630475,47.4020335534063
691,691,1,"control","Control","complete",0,0.453162670135498,106,0.329282524660938,1255.8867123753,47.416683551175,47.4020335534063
692,692,1,"control","Control","complete",0,0.938996315002441,115,0.329923660251991,1053.99177951276,47.5090070762868,47.4020335534063
693,693,1,"control","Control","complete",0,0.644830226898193,95,0.330575709461435,1509.44743165505,47.6029021624466,47.4020335534063
694,694,1,"control","Control","complete",0,0.666966438293457,109,0.330374807420023,1194.07170149046,47.5739722684833,47.4020335534063
695,695,1,"control","Control","complete",0,0.72486686706543,112,0.32989227982284,1125.59671222421,47.504488294489,47.4020335534063
696,696,1,"control","Control","complete",0,0.822545051574707,107,0.331903089367926,1233.76674442471,47.7940448689813,47.4020335534063
697,697,1,"control","Control","complete",0,1.20800709724426,121,0.330098073369447,939.896894991973,47.5341225652004,47.4020335534063
698,698,1,"control","Control","complete",0,1.19919037818909,108,0.33023685068572,1209.73816785633,47.5541064987436,47.4020335534063
699,699,1,"control","Control","complete",0,0.484593391418457,115,0.329511024931123,1061.24311084356,47.4495875900817,47.4020335534063
700,700,1,"control","Control","complete",0,1.63402724266052,105,0.329852478109953,1274.50164674317,47.4987568478332,47.4020335534063
701,701,1,"control","Control","complete",0,0.889759063720703,100,0.329767568361208,1387.10961329502,47.486529844014,47.4020335534063
702,702,1,"control","Control","complete",0,1.55222582817078,99,0.33078619573986,1423.50990771961,47.6332121865399,47.4020335534063
703,703,1,"control","Control","complete",0,1.20356678962708,110,0.329696889307403,1178.29787707671,47.476352060266,47.4020335534063
704,704,1,"control","Control","complete",0,0.902976512908936,106,0.329819620189471,1251.74403008284,47.4940253072839,47.4020335534063
705,705,1,"control","Control","complete",0,1.23126220703125,106,0.330464667509208,1251.74403008284,47.586912121326,47.4020335534063
706,706,1,"control","Control","complete",0,1.07543659210205,105,0.329597185320121,1274.50164674317,47.4619946860974,47.4020335534063
707,707,1,"control","Control","complete",0,0.463506460189819,98,0.330351383112757,1436.18489876087,47.570599168237,47.4020335534063
708,708,1,"control","Control","complete",0,0.452692747116089,119,0.330621504683228,970.929289160666,47.6094966743849,47.4020335534063
709,709,1,"control","Control","complete",0,0.920637845993042,103,0.32971524029154,1325.41748532628,47.4789946019817,47.4020335534063
710,710,1,"control","Control","complete",0,0.602217197418213,84,0.329332496571532,1805.55599572718,47.4238795063006,47.4020335534063
711,711,1,"control","Control","complete",0,1.26199531555176,102,0.329675043839056,1349.6136233126,47.4732063128241,47.4020335534063
712,712,1,"control","Control","complete",0,0.788110494613647,102,0.33068381856272,1349.86660920544,47.6184698730317,47.4020335534063
713,713,1,"control","Control","complete",0,0.472838163375854,95,0.329188769864726,1509.44743165505,47.4031828605206,47.4020335534063
714,714,1,"control","Control","complete",0,0.900873422622681,100,0.330653830617225,1397.30054401286,47.6141516088805,47.4020335534063
715,715,1,"control","Control","complete",0,0.458001375198364,103,0.330676513984438,1325.41748532628,47.617418013759,47.4020335534063
716,716,1,"control","Control","complete",0,0.465128660202026,104,0.329489447644524,1290.6195063819,47.4464804608115,47.4020335534063
717,717,1,"control","Control","complete",0,0.946775197982788,109,0.330523402826095,1195.33656944779,47.5953700069577,47.4020335534063
718,718,1,"control","Control","complete",0,1.20021629333496,96,0.32957476166008,1496.08253540985,47.4587656790515,47.4020335534063
719,719,1,"control","Control","complete",0,1.02811503410339,102,0.330066474145262,1349.5485790635,47.5295722769178,47.4020335534063
720,720,1,"control","Control","complete",0,1.06071281433105,109,0.329803203254662,1201.41332097286,47.4916612686713,47.4020335534063
721,721,1,"control","Control","complete",0,1.05414533615112,105,0.330526375891584,1273.4337732115,47.5957981283881,47.4020335534063
722,722,1,"control","Control","complete",0,1.04961538314819,111,0.330967678790365,1148.78665322202,47.6593457458126,47.4020335534063
723,723,1,"control","Control","complete",0,1.20164680480957,97,0.329217964351821,1459.32372917328,47.4073868666622,47.4020335534063
724,724,1,"control","Control","complete",0,0.475268363952637,107,0.329943260042303,1230.6394164273,47.5118294460917,47.4020335534063
725,725,1,"control","Control","complete",0,1.06943225860596,103,0.330992814729749,1320.61901989382,47.6629653210838,47.4020335534063
726,726,1,"control","Control","complete",0,0.894331216812134,92,0.329698823182187,1590.87009063962,47.476630538235,47.4020335534063
727,727,1,"control","Control","complete",0,1.2129967212677,96,0.32946738188752,1494.89794368747,47.4433029918029,47.4020335534063
728,728,1,"control","Control","complete",0,1.05476665496826,99,0.330638688238678,1419.74183751819,47.6119711063696,47.4020335534063
729,729,1,"control","Control","complete",0,1.21779775619507,110,0.329375737154336,1168.31502488078,47.4301061502244,47.4020335534063
730,730,1,"control","Control","complete",0,1.0263671875,104,0.32951940515857,1303.72774219761,47.4507943428341,47.4020335534063
731,731,1,"control","Control","complete",0,0.673234462738037,117,0.330650536322001,1023.23505723485,47.6136772303681,47.4020335534063
732,732,1,"control","Control","complete",0,1.08827996253967,92,0.329901422244801,1581.99859021962,47.5058048032514,47.4020335534063
733,733,1,"control","Control","complete",0,1.51205563545227,106,0.329821280691251,1270.28831078384,47.4942644195402,47.4020335534063
734,734,1,"control","Control","complete",0,0.556047439575195,94,0.329725019825203,1535.34692532842,47.4804028548292,47.4020335534063
735,735,1,"control","Control","complete",0,1.26029133796692,106,0.329613646410112,1272.11210947927,47.4643650830562,47.4020335534063
736,736,1,"control","Control","complete",0,1.21556782722473,109,0.32920508739368,1188.04842472766,47.4055325846899,47.4020335534063
737,737,1,"control","Control","complete",0,1.04336166381836,124,0.330521735381118,876.915594931808,47.595129894881,47.4020335534063
738,738,1,"control","Control","complete",0,1.07828783988953,91,0.330135451394218,1610.87224661721,47.5395050007674,47.4020335534063
739,739,1,"control","Control","complete",0,0.593951940536499,93,0.329554194245139,1561.334156984,47.4558039713001,47.4020335534063
740,740,1,"control","Control","complete",0,0.611287593841553,110,0.329711350892758,1170.80470416845,47.4784345285572,47.4020335534063
741,741,1,"control","Control","complete",0,1.0866641998291,102,0.330413579849198,1342.32547859247,47.5795554982845,47.4020335534063
742,742,1,"control","Control","complete",0,1.04712629318237,84,0.330760703815184,1793.14701732558,47.6295413493865,47.4020335534063
743,743,1,"control","Control","complete",0,0.518389701843262,96,0.329816401159381,1485.2793163499,47.4935617669509,47.4020335534063
744,744,1,"control","Control","complete",0,0.927835941314697,104,0.330331507167024,1295.55374116209,47.5677370320515,47.4020335534063
745,745,1,"control","Control","complete",0,0.804043054580688,110,0.329697273001701,1175.00440460705,47.476407312245,47.4020335534063
746,746,1,"control","Control","complete",0,0.961273670196533,117,0.329844928188044,1019.13980365664,47.4976696590783,47.4020335534063
747,747,1,"control","Control","complete",0,0.579882860183716,101,0.329745138297888,1379.82146857489,47.4832999148959,47.4020335534063
748,748,1,"control","Control","complete",0,0.495704889297485,111,0.329354481376644,1144.64629662362,47.4270453182368,47.4020335534063
749,749,1,"control","Control","complete",0,0.46188497543335,83,0.330306830461009,1816.60568752349,47.5641835863853,47.4020335534063
750,750,1,"control","Control","complete",0,1.20937347412109,79,0.330184162989882,1945.61739685429,47.546519470543,47.4020335534063
751,751,1,"control","Control","complete",0,1.40804433822632,98,0.329418892425889,1436.8748039648,47.4363205093281,47.4020335534063
752,752,1,"control","Control","complete",0,0.890768766403198,99,0.329403533855463,1412.20070690523,47.4341088751867,47.4020335534063
753,753,1,"control","Control","complete",0,1.36831068992615,113,0.329585346771771,1108.35299166501,47.4602899351351,47.4020335534063
754,754,1,"control","Control","complete",0,1.18174266815186,107,0.330678342238606,1242.5218161301,47.6176812823593,47.4020335534063
755,755,1,"control","Control","complete",0,0.886503219604492,104,0.330386400497262,1296.43959747748,47.5756416716058,47.4020335534063
756,756,1,"control","Control","complete",0,0.922008991241455,106,0.329887028720227,1265.69405580116,47.5037321357127,47.4020335534063
757,757,1,"control","Control","complete",0,1.09512209892273,99,0.331160500997746,1418.71144228715,47.6871121436754,47.4020335534063
758,758,1,"control","Control","complete",0,0.578008651733398,118,0.330398991096585,1002.84853359988,47.5774547179082,47.4020335534063
759,759,1,"control","Control","complete",0,1.44243049621582,102,0.330255895588273,1358.11500987625,47.5568489647114,47.4020335534063
760,760,1,"control","Control","complete",0,1.10114717483521,91,0.329420551236161,1618.56437125379,47.4365593780072,47.4020335534063
761,761,1,"control","Control","complete",0,0.537854671478271,102,0.330072086780788,1338.78238157148,47.5303804964334,47.4020335534063
762,762,1,"control","Control","complete",0,0.634960889816284,103,0.330195880283453,1317.09263844281,47.5482067608172,47.4020335534063
763,763,1,"control","Control","complete",0,0.918583393096924,113,0.330277454133453,1105.86331237733,47.5599533952173,47.4020335534063
764,764,1,"control","Control","complete",0,1.50511741638184,97,0.330111786213788,1471.66221488039,47.5360972147855,47.4020335534063
765,765,1,"control","Control","complete",0,1.21190810203552,107,0.329826653980655,1248.59856765517,47.4950381732143,47.4020335534063
766,766,1,"control","Control","complete",0,0.75377631187439,114,0.330870626476898,1094.98809541981,47.6453702126734,47.4020335534063
767,767,1,"control","Control","complete",0,1.37084746360779,117,0.329278017872865,1030.5911747565,47.4160345736926,47.4020335534063
768,768,1,"control","Control","complete",0,0.569360256195068,82,0.329653665885649,1845.47306239103,47.4701278875334,47.4020335534063
769,769,1,"control","Control","complete",0,1.40036559104919,105,0.330120339649308,1272.98220052129,47.5373289095003,47.4020335534063
770,770,1,"control","Control","complete",0,1.0559675693512,106,0.329316351338011,1253.39703308763,47.4215545926736,47.4020335534063
771,771,1,"control","Control","complete",0,0.892991781234741,104,0.329308722801608,1296.43959747748,47.4204560834315,47.4020335534063
772,772,1,"control","Control","complete",0,0.582293033599854,109,0.330702770279356,1190.53810401533,47.6211989202272,47.4020335534063
773,773,1,"control","Control","complete",0,0.805181980133057,110,0.330536258476122,1168.52005306891,47.5972212205616,47.4020335534063
774,774,1,"control","Control","complete",0,1.19104313850403,106,0.329678421616402,1255.8867123753,47.4736927127619,47.4020335534063
775,775,1,"control","Control","complete",0,0.72176718711853,105,0.329914634649018,1281.73727222668,47.5077073894585,47.4020335534063
776,776,1,"control","Control","complete",0,0.95208740234375,108,0.32957160522231,1210.11817693042,47.4583111520127,47.4020335534063
777,777,1,"control","Control","complete",0,1.3173246383667,89,0.329625143184608,1670.4434656226,47.4660206185835,47.4020335534063
778,778,1,"control","Control","complete",0,1.20058655738831,94,0.329611104586459,1531.14789381497,47.4639990604501,47.4020335534063
779,779,1,"control","Control","complete",0,0.931068897247314,93,0.329840035010279,1563.82383627168,47.4969650414801,47.4020335534063
780,780,1,"control","Control","complete",0,1.16911053657532,99,0.330872681732575,1416.22176299948,47.6456661694908,47.4020335534063
781,781,1,"control","Control","complete",0,1.02654767036438,103,0.330893580962723,1325.41748532628,47.6486756586321,47.4020335534063
782,782,1,"control","Control","complete",0,1.19389939308167,96,0.329369653881556,1500.62402028775,47.4292301589441,47.4020335534063
783,783,1,"control","Control","complete",0,0.56200098991394,101,0.330067033401925,1373.74471704982,47.5296528098772,47.4020335534063
784,784,1,"control","Control","complete",0,0.999069452285767,114,0.330188568435953,1101.06484694488,47.5471538547772,47.4020335534063
785,785,1,"control","Control","complete",0,1.02497673034668,112,0.330683054149617,1135.42175697683,47.6183597975448,47.4020335534063
786,786,1,"control","Control","complete",0,1.02974629402161,115,0.329845022335353,1079.57776733395,47.4976832162908,47.4020335534063
787,787,1,"control","Control","complete",0,1.04508709907532,103,0.330035378253874,1330.99868894474,47.5250944685578,47.4020335534063
788,788,1,"control","Control","complete",0,1.19246888160706,110,0.329995374927287,1173.41866052514,47.5193339895293,47.4020335534063
789,789,1,"control","Control","complete",0,0.565330505371094,100,0.330364521377978,1391.5476659399,47.5724910784288,47.4020335534063
790,790,1,"control","Control","complete",0,0.707221746444702,108,0.329771427444553,1208.70146569299,47.4870855520156,47.4020335534063
791,791,1,"control","Control","complete",0,0.493982791900635,108,0.329284834888845,1220.32117676259,47.4170162239937,47.4020335534063
792,792,1,"control","Control","complete",0,1.02137160301208,103,0.329337463369491,1317.09263844281,47.4245947252067,47.4020335534063
793,793,1,"control","Control","complete",0,0.512539386749268,97,0.330124526065691,1477.73896640546,47.5379317534596,47.4020335534063
794,794,1,"control","Control","complete",0,0.912575483322144,91,0.330275875821604,1617.02910460662,47.559726118311,47.4020335534063
795,795,1,"control","Control","complete",0,1.21361517906189,103,0.33050457855678,1318.12934060615,47.5926593121763,47.4020335534063
796,796,1,"control","Control","complete",0,0.610513925552368,108,0.33064216513016,1222.81077634807,47.612471778743,47.4020335534063
797,797,1,"control","Control","complete",0,0.440228462219238,102,0.329561746432371,1352.10330260027,47.4568914862615,47.4020335534063
798,798,1,"control","Control","complete",0,0.948303937911987,111,0.330412158925604,1145.12508388296,47.5793508852869,47.4020335534063
799,799,1,"control","Control","complete",0,0.533244371414185,101,0.329264781981516,1362.9785195578,47.4141286053383,47.4020335534063
800,800,1,"control","Control","complete",0,0.449557065963745,101,0.330339101438244,1362.9785195578,47.5688306071072,47.4020335534063
801,801,1,"control","Control","complete",0,1.05730009078979,114,0.32932801083414,1085.210271412,47.4232335601162,47.4020335534063
802,802,1,"control","Control","complete",0,0.449125528335571,100,0.330193781852032,1407.40224147277,47.5479045866926,47.4020335534063
803,803,1,"control","Control","complete",0,0.688202381134033,111,0.330362437134702,1154.95012863558,47.5721909473971,47.4020335534063
804,804,1,"control","Control","complete",0,0.56955361366272,107,0.330533620245513,1231.85813580692,47.5968413153538,47.4020335534063
805,805,1,"control","Control","complete",0,1.48888230323792,105,0.329590859583068,1289.99344132701,47.4610837799617,47.4020335534063
806,806,1,"control","Control","complete",0,1.69083857536316,103,0.329646200654656,1323.3737298278,47.4690528942705,47.4020335534063
807,807,1,"control","Control","complete",0,0.897956609725952,104,0.330493060214125,1303.72774219761,47.5910006708339,47.4020335534063
808,808,1,"control","Control","complete",0,1.47444105148315,104,0.330281265621778,1294.08681417683,47.5605022495361,47.4020335534063
809,809,1,"control","Control","complete",0,0.580415964126587,121,0.329483575102638,943.880240462389,47.4456348147798,47.4020335534063
810,810,1,"control","Control","complete",0,1.03380703926086,105,0.330032694986598,1276.99132603084,47.5247080780702,47.4020335534063
811,811,1,"control","Control","complete",0,1.20096588134766,105,0.329577554868732,1275.0867762163,47.4591679010975,47.4020335534063
812,812,1,"control","Control","complete",0,0.749752998352051,104,0.329269175095387,1303.72774219761,47.4147612137358,47.4020335534063
813,813,1,"control","Control","complete",0,0.905959129333496,100,0.330896743967539,1401.3254899477,47.6491311313255,47.4020335534063
814,814,1,"control","Control","complete",0,1.35801267623901,115,0.330838351196163,1054.70113806085,47.6407225722475,47.4020335534063
815,815,1,"control","Control","complete",0,0.481643199920654,111,0.329656002106187,1147.58449812884,47.4704643032909,47.4020335534063
816,816,1,"control","Control","complete",0,0.659345388412476,107,0.32932936659882,1240.33656901818,47.4234287902301,47.4020335534063
817,817,1,"control","Control","complete",0,0.787012100219727,110,0.329735394459288,1175.72818979796,47.4818968021375,47.4020335534063
818,818,1,"control","Control","complete",0,0.948518753051758,112,0.329314780848022,1130.62329154437,47.4213284421152,47.4020335534063
819,819,1,"control","Control","complete",0,0.456016063690186,113,0.330448155019399,1112.34766391548,47.5845343227935,47.4020335534063
820,820,1,"control","Control","complete",0,0.456575632095337,102,0.329873502627857,1338.78238157148,47.5017843784114,47.4020335534063
821,821,1,"control","Control","complete",0,0.542426586151123,108,0.329609391055057,1222.5179346284,47.4637523119282,47.4020335534063
822,822,1,"control","Control","complete",0,0.599314212799072,114,0.330408238619945,1085.210271412,47.5787863612721,47.4020335534063
823,823,1,"control","Control","complete",0,0.460762500762939,113,0.329719713829799,1105.86331237733,47.479638791491,47.4020335534063
824,824,1,"control","Control","complete",0,0.705019235610962,99,0.330671743836693,1412.20070690523,47.6167311124838,47.4020335534063
825,825,1,"control","Control","complete",0,0.902931690216064,108,0.329546437364487,1208.70146569299,47.4546869804861,47.4020335534063
826,826,1,"control","Control","complete",0,0.680253505706787,110,0.329609583594838,1181.88494931411,47.4637800376567,47.4020335534063
827,827,1,"control","Control","complete",0,0.442335605621338,103,0.330540344850636,1318.12934060615,47.5978096584916,47.4020335534063
828,828,1,"control","Control","complete",0,0.459845542907715,107,0.330152909777961,1238.00972921224,47.5420190080263,47.4020335534063
829,829,1,"control","Control","complete",0,0.536400079727173,105,0.33243430396835,1279.4002541994,47.8705397714424,47.4020335534063
830,830,1,"control","Control","complete",0,0.476316452026367,106,0.330645342701985,1253.84860577784,47.6129293490858,47.4020335534063
831,831,1,"control","Control","complete",0,0.582776308059692,97,0.33064687099682,1460.85899582044,47.6131494235421,47.4020335534063
832,832,1,"control","Control","complete",0,0.748449563980103,107,0.329852605316943,1242.5218161301,47.4987751656398,47.4020335534063
833,833,1,"control","Control","complete",0,0.777107715606689,106,0.329525898064603,1269.70318131071,47.4517293213028,47.4020335534063
834,834,1,"control","Control","complete",0,1.3314733505249,108,0.329888232404,1217.91216889184,47.503905466176,47.4020335534063
835,835,1,"control","Control","complete",0,0.566710472106934,106,0.330243034089013,1255.8867123753,47.5549969088179,47.4020335534063
836,836,1,"control","Control","complete",0,0.748928070068359,107,0.329907840282237,1242.5218161301,47.5067290006421,47.4020335534063
837,837,1,"control","Control","complete",0,0.764612436294556,103,0.33073521657246,1320.61901989382,47.6258711864342,47.4020335534063
838,838,1,"control","Control","complete",0,0.621025562286377,106,0.331524666748237,1258.29564054386,47.7395520117462,47.4020335534063
839,839,1,"control","Control","complete",0,0.495238780975342,105,0.329897393885739,1274.50164674317,47.5052247195464,47.4020335534063
840,840,1,"control","Control","complete",0,0.721775054931641,102,0.329901503979668,1341.27206085915,47.5058165730721,47.4020335534063
841,841,1,"control","Control","complete",0,0.792672157287598,97,0.330133782217035,1464.37407016026,47.539264639253,47.4020335534063
842,842,1,"control","Control","complete",0,0.783069610595703,120,0.33071091407743,960.1030461364,47.62237162715,47.4020335534063
843,843,1,"control","Control","complete",0,0.446898937225342,103,0.331009440281131,1320.61901989382,47.6653594004829,47.4020335534063
844,844,1,"control","Control","complete",0,0.776261568069458,105,0.329523167010565,1287.22889427863,47.4513360495213,47.4020335534063
845,845,1,"control","Control","complete",0,1.18019437789917,106,0.329872143201131,1252.38167879258,47.5015886209629,47.4020335534063
846,846,1,"control","Control","complete",0,0.980149745941162,97,0.330531183860674,1463.53259855762,47.596490475937,47.4020335534063
847,847,1,"control","Control","complete",0,1.02988958358765,102,0.329451174349573,1352.10330260027,47.4409691063385,47.4020335534063
848,848,1,"control","Control","complete",0,0.947992563247681,102,0.330363921900259,1352.10330260027,47.5724047536373,47.4020335534063
849,849,1,"control","Control","complete",0,0.487695693969727,116,0.330057662944413,1039.71622712713,47.5283034639954,47.4020335534063
850,850,1,"control","Control","complete",0,1.02054476737976,104,0.330581225445224,1289.73365006652,47.6036964641123,47.4020335534063
851,851,1,"control","Control","complete",0,1.1164128780365,112,0.329727078055039,1132.20903562629,47.4806992399256,47.4020335534063
852,852,1,"control","Control","complete",0,1.06339645385742,95,0.329734811594694,1521.98202908322,47.481812869636,47.4020335534063
853,853,1,"control","Control","complete",0,1.18312382698059,98,0.329606777091062,1453.57085110032,47.4633759011129,47.4020335534063
854,854,1,"control","Control","complete",0,0.49171781539917,113,0.329287563022217,1105.86331237733,47.4174090751992,47.4020335534063
855,855,1,"control","Control","complete",0,0.823156833648682,103,0.329217542316929,1317.09263844281,47.4073260936378,47.4020335534063
856,856,1,"control","Control","complete",0,0.721643209457397,113,0.329987175498028,1095.15544796645,47.518153271716,47.4020335534063
857,857,1,"control","Control","complete",0,1.04097175598145,115,0.33011053401137,1065.47191393699,47.5359168976373,47.4020335534063
858,858,1,"control","Control","complete",0,1.04762196540833,104,0.329851618496203,1296.43959747748,47.4986330634532,47.4020335534063
859,859,1,"control","Control","complete",0,0.773762464523315,121,0.329875963560389,938.316929225152,47.5021387526959,47.4020335534063
860,860,1,"control","Control","complete",0,1.2076575756073,99,0.33075076674889,1412.20070690523,47.6281104118401,47.4020335534063
861,861,1,"control","Control","complete",0,0.653426885604858,99,0.330031408066584,1429.58665924468,47.5245227615881,47.4020335534063
862,862,1,"control","Control","complete",0,0.655949592590332,101,0.329384130313969,1382.31114786257,47.4313147652115,47.4020335534063
863,863,1,"control","Control","complete",0,0.812073469161987,93,0.329369249794965,1576.24571214666,47.429171970475,47.4020335534063
864,864,1,"control","Control","complete",0,0.655615091323853,103,0.329718621804669,1312.30924951057,47.4794815398723,47.4020335534063
865,865,1,"control","Control","complete",0,1.21527504920959,110,0.329854186800675,1170.80470416845,47.4990028992972,47.4020335534063
866,866,1,"control","Control","complete",0,1.35066223144531,105,0.330229853895302,1274.50164674317,47.5530989609235,47.4020335534063
867,867,1,"control","Control","complete",0,1.22645664215088,97,0.329222627129966,1460.85899582044,47.4080583067152,47.4020335534063
868,868,1,"control","Control","complete",0,1.04271602630615,102,0.329554336464751,1349.6136233126,47.4558244509242,47.4020335534063
869,869,1,"control","Control","complete",0,0.942198038101196,108,0.330482797469552,1211.19114498066,47.5895228356154,47.4020335534063
870,870,1,"control","Control","complete",0,0.807840824127197,119,0.3294646156522,989.655498108932,47.4429046539169,47.4020335534063
871,871,1,"control","Control","complete",0,0.620185375213623,105,0.330297461229309,1279.4002541994,47.5628344170205,47.4020335534063
872,872,1,"control","Control","complete",0,1.03723859786987,103,0.330479094301062,1316.20678212742,47.5889895793529,47.4020335534063
873,873,1,"control","Control","complete",0,1.18855690956116,98,0.32943827577867,1453.75477454982,47.4391117121285,47.4020335534063
874,874,1,"control","Control","complete",0,0.749414205551147,108,0.32960611436058,1226.47859970458,47.4632804679236,47.4020335534063
875,875,1,"control","Control","complete",0,0.840385913848877,106,0.330691695933421,1259.61730427609,47.6196042144126,47.4020335534063
876,876,1,"control","Control","complete",0,1.20395183563232,98,0.329478574022997,1436.8748039648,47.4449146593116,47.4020335534063
877,877,1,"control","Control","complete",0,1.18587422370911,105,0.330927598666319,1279.4002541994,47.6535742079499,47.4020335534063
878,878,1,"control","Control","complete",0,1.20116519927979,101,0.329226289800662,1362.9785195578,47.4085857312953,47.4020335534063
879,879,1,"control","Control","complete",0,0.470890998840332,98,0.330653607359846,1447.49409957525,47.6141194598178,47.4020335534063
880,880,1,"control","Control","complete",0,1.43856048583984,108,0.330822719553345,1213.11370345939,47.6384716156817,47.4020335534063
881,881,1,"control","Control","complete",0,0.74336838722229,100,0.329829701158412,1387.10961329502,47.4954769668114,47.4020335534063
882,882,1,"control","Control","complete",0,1.35767245292664,107,0.330247005312485,1242.5218161301,47.5555687649978,47.4020335534063
883,883,1,"control","Control","complete",0,1.05430889129639,98,0.329902621924888,1436.8748039648,47.5059775571838,47.4020335534063
884,884,1,"control","Control","complete",0,0.486926078796387,101,0.32992698481787,1373.74471704982,47.5094858137733,47.4020335534063
885,885,1,"control","Control","complete",0,1.23445558547974,112,0.329211472398525,1125.59671222421,47.4064520253876,47.4020335534063
886,886,1,"control","Control","complete",0,1.15938091278076,103,0.329443812845995,1325.41748532628,47.4399090498232,47.4020335534063
887,887,1,"control","Control","complete",0,1.03198456764221,105,0.329352547403744,1272.39707104816,47.4267668261391,47.4020335534063
888,888,1,"control","Control","complete",0,1.02381086349487,105,0.329247977768893,1274.50164674317,47.4117087987205,47.4020335534063
889,889,1,"control","Control","complete",0,1.03007936477661,108,0.329646060039709,1226.47859970458,47.4690326457181,47.4020335534063
890,890,1,"control","Control","complete",0,0.882916688919067,108,0.330298298406075,1220.40184817951,47.5629549704748,47.4020335534063
891,891,1,"control","Control","complete",0,0.690019369125366,102,0.329493595441543,1349.6136233126,47.4470777435822,47.4020335534063
892,892,1,"control","Control","complete",0,1.01256442070007,112,0.330759546832498,1125.39168403608,47.6293747438797,47.4020335534063
893,893,1,"control","Control","complete",0,1.19827389717102,102,0.329795036402937,1338.78238157148,47.4904852420229,47.4020335534063
894,894,1,"control","Control","complete",0,0.635404109954834,101,0.330152903119088,1379.82146857489,47.5420180491487,47.4020335534063
895,895,1,"control","Control","complete",0,1.01203036308289,111,0.32949498947421,1140.84025943456,47.4472784842862,47.4020335534063
896,896,1,"control","Control","complete",0,0.622980833053589,99,0.330522837910744,1423.50990771961,47.5952886591471,47.4020335534063
897,897,1,"control","Control","complete",0,1.35524034500122,110,0.329757739800756,1171.00973235658,47.4851145313089,47.4020335534063
898,898,1,"control","Control","complete",0,0.604672193527222,115,0.330453262695184,1060.88785945731,47.5852698281064,47.4020335534063
899,899,1,"control","Control","complete",0,1.30004096031189,112,0.330087956552403,1125.59671222421,47.5326657435461,47.4020335534063
900,900,1,"control","Control","complete",0,1.10352492332458,97,0.330171604067378,1461.04291926995,47.5447109857024,47.4020335534063
901,901,1,"control","Control","complete",0,0.940560102462769,108,0.329776169284077,1219.51599186413,47.487768376907,47.4020335534063
902,902,1,"control","Control","complete",0,1.04416847229004,102,0.331188410368549,1352.10330260027,47.691131093071,47.4020335534063
903,903,1,"control","Control","complete",0,1.06151509284973,105,0.331784779662396,1274.50164674317,47.777008271385,47.4020335534063
904,904,1,"control","Control","complete",0,0.978725433349609,105,0.329736868975417,1291.39292443938,47.48210913246,47.4020335534063
905,905,1,"control","Control","complete",0,1.64508032798767,106,0.329560447046111,1261.13675049797,47.4567043746399,47.4020335534063
906,906,1,"control","Control","complete",0,0.577873706817627,105,0.331185923200394,1274.50164674317,47.6907729408567,47.4020335534063
907,907,1,"control","Control","complete",0,1.13160800933838,108,0.329515302055719,1211.19114498066,47.4502034960235,47.4020335534063
908,908,1,"control","Control","complete",0,1.18066954612732,106,0.329446246086089,1252.32915955597,47.4402594363968,47.4020335534063
909,909,1,"control","Control","complete",0,1.18779134750366,106,0.330710374894169,1247.45920563443,47.6222939847603,47.4020335534063
910,910,1,"control","Control","complete",0,1.0268235206604,108,0.330434246331587,1213.60007314921,47.5825314717486,47.4020335534063
911,911,1,"control","Control","complete",0,0.442940950393677,111,0.331911528427104,1148.78665322202,47.795260093503,47.4020335534063
912,912,1,"control","Control","complete",0,1.40288209915161,104,0.329391246814617,1298.92927676515,47.4323395413048,47.4020335534063
913,913,1,"control","Control","complete",0,0.456948518753052,106,0.330176607223897,1255.8867123753,47.5454314402412,47.4020335534063
914,914,1,"control","Control","complete",0,1.36104822158813,123,0.331057125231115,892.599944374303,47.6722260332806,47.4020335534063
915,915,1,"control","Control","complete",0,1.04694247245789,108,0.330838296269587,1217.91216889184,47.6407146628205,47.4020335534063
916,916,1,"control","Control","complete",0,0.897369384765625,105,0.329294564793914,1268.86981503693,47.4184173303236,47.4020335534063
917,917,1,"control","Control","complete",0,1.30541658401489,107,0.329436553562028,1245.09353407245,47.438863712932,47.4020335534063
918,918,1,"control","Control","complete",0,1.21859526634216,110,0.330383259182876,1170.80470416845,47.5751893223341,47.4020335534063
919,919,1,"control","Control","complete",0,0.461367845535278,101,0.329994057003006,1372.20945040266,47.5191442084328,47.4020335534063
920,920,1,"control","Control","complete",0,1.05759263038635,103,0.329811983027294,1317.09263844281,47.4929255559304,47.4020335534063
921,921,1,"control","Control","complete",0,1.0766818523407,114,0.329467439483247,1098.5751676572,47.4433112855876,47.4020335534063
922,922,1,"control","Control","complete",0,1.18866229057312,115,0.3298582286049,1075.08679434811,47.4995849191057,47.4020335534063
923,923,1,"control","Control","complete",0,1.03774857521057,108,0.330595075926818,1208.70146569299,47.6056909334619,47.4020335534063
924,924,1,"control","Control","complete",0,1.04032754898071,100,0.330639390011043,1387.10961329502,47.6120721615902,47.4020335534063
925,925,1,"control","Control","complete",0,1.03575301170349,113,0.331079108834704,1105.86331237733,47.6753916721974,47.4020335534063
926,926,1,"control","Control","complete",0,1.05967044830322,108,0.330084748628073,1223.98892041691,47.5322038024425,47.4020335534063
927,927,1,"control","Control","complete",0,0.83780312538147,111,0.329982787649423,1157.43980792325,47.5175214215168,47.4020335534063
928,928,1,"control","Control","complete",0,0.813589096069336,109,0.330162323837459,1187.32499528278,47.5433746325941,47.4020335534063
929,929,1,"control","Control","complete",0,1.35152220726013,103,0.330918184157226,1330.99868894474,47.6522185186405,47.4020335534063
930,930,1,"control","Control","complete",0,1.07018566131592,82,0.330003058082168,1858.42522535664,47.5204403638322,47.4020335534063
931,931,1,"control","Control","complete",0,1.17833614349365,114,0.329749879315305,1094.98809541981,47.483982621404,47.4020335534063
932,932,1,"control","Control","complete",0,0.88477635383606,122,0.330168224186634,919.923172081584,47.5442242828753,47.4020335534063
933,933,1,"control","Control","complete",0,0.894511222839355,115,0.329829987856859,1072.98147316735,47.4955182513877,47.4020335534063
934,934,1,"control","Control","complete",0,0.578796625137329,116,0.33111934208615,1033.21405844993,47.6811852604056,47.4020335534063
935,935,1,"control","Control","complete",0,0.57644248008728,107,0.3299318449834,1230.39120882165,47.5101856776096,47.4020335534063
936,936,1,"control","Control","complete",0,0.856324434280396,116,0.329352579950235,1043.94856383635,47.4267715128339,47.4020335534063
937,937,1,"control","Control","complete",0,1.17990756034851,105,0.329808657008804,1272.98220052129,47.4924466092678,47.4020335534063
938,938,1,"control","Control","complete",0,0.469933271408081,115,0.329635155555304,1066.21287108876,47.4674623999638,47.4020335534063
939,939,1,"control","Control","complete",0,1.35263895988464,115,0.329693191647524,1065.47191393699,47.4758195972434,47.4020335534063
940,940,1,"control","Control","complete",0,0.917970180511475,102,0.330265015892217,1349.6136233126,47.5581622884792,47.4020335534063
941,941,1,"control","Control","complete",0,0.598525762557983,112,0.33039178305626,1125.59671222421,47.5764167601015,47.4020335534063
942,942,1,"control","Control","complete",0,0.468818187713623,95,0.329361849732181,1530.54845989596,47.4281063614341,47.4020335534063
943,943,1,"control","Control","complete",0,1.1044909954071,102,0.332378682408143,1354.9894530882,47.8625302667726,47.4020335534063
944,944,1,"control","Control","complete",0,0.472127914428711,83,0.329748176331398,1816.60568752349,47.4837373917213,47.4020335534063
945,945,1,"control","Control","complete",0,1.36681485176086,109,0.330175503055978,1201.41332097286,47.5452724400608,47.4020335534063
946,946,1,"control","Control","complete",0,0.914858818054199,99,0.329848673641075,1427.36148739357,47.4982090043148,47.4020335534063
947,947,1,"control","Control","complete",0,0.714201211929321,106,0.329444806404324,1265.10892632804,47.4400521222227,47.4020335534063
948,948,1,"control","Control","complete",0,0.910479545593262,111,0.330626815071908,1146.24975318954,47.6102613703547,47.4020335534063
949,949,1,"control","Control","complete",0,0.648488521575928,104,0.329572258420291,1309.80449372268,47.4584052125219,47.4020335534063
950,950,1,"control","Control","complete",0,0.620552062988281,106,0.330240382829868,1269.70318131071,47.5546151275009,47.4020335534063
951,951,1,"control","Control","complete",0,1.36170768737793,98,0.331116844791881,1442.87955759229,47.6808256500309,47.4020335534063
952,952,1,"control","Control","complete",0,1.08382391929626,110,0.329464354839509,1178.29787707671,47.4428670968893,47.4020335534063
953,953,1,"control","Control","complete",0,0.554434776306152,107,0.330446133461629,1233.76674442471,47.5842432184746,47.4020335534063
954,954,1,"control","Control","complete",0,1.33847594261169,108,0.331472844179838,1208.70146569299,47.7320895618967,47.4020335534063
955,955,1,"control","Control","complete",0,1.03635430335999,99,0.329782989043587,1428.66368093961,47.4887504222765,47.4020335534063
956,956,1,"control","Control","complete",0,1.0537474155426,108,0.329463370432366,1223.98892041691,47.4427253422607,47.4020335534063
957,957,1,"control","Control","complete",0,0.462771415710449,119,0.330299176068573,985.660540912325,47.5630813538746,47.4020335534063
958,958,1,"control","Control","complete",0,1.01922130584717,104,0.329993843133575,1312.29417301035,47.5191134112349,47.4020335534063
959,959,1,"control","Control","complete",0,1.0926558971405,104,0.330345216334675,1295.55374116209,47.5697111521932,47.4020335534063
960,960,1,"control","Control","complete",0,1.055424451828,111,0.329740414263907,1154.95012863558,47.4826196540026,47.4020335534063
961,961,1,"control","Control","complete",0,0.884415626525879,102,0.330614144279402,1342.32547859247,47.6084367762338,47.4020335534063
962,962,1,"control","Control","complete",0,1.19785189628601,100,0.329364896954142,1387.10961329502,47.4285451613965,47.4020335534063
963,963,1,"control","Control","complete",0,0.582680225372314,101,0.33041546460097,1373.74471704982,47.5798269025397,47.4020335534063
964,964,1,"control","Control","complete",0,1.06738495826721,106,0.329550961488371,1261.13675049797,47.4553384543254,47.4020335534063
965,965,1,"control","Control","complete",0,1.37429332733154,96,0.33023478942727,1485.02711112559,47.5538096775268,47.4020335534063
966,966,1,"control","Control","complete",0,1.35088324546814,109,0.33061360806317,1195.33656944779,47.6083595610964,47.4020335534063
967,967,1,"control","Control","complete",0,1.04123258590698,107,0.331719999904795,1229.80607934852,47.7676799862905,47.4020335534063
968,968,1,"control","Control","complete",0,1.04038906097412,99,0.329211696617572,1412.20070690523,47.4064843129304,47.4020335534063
969,969,1,"control","Control","complete",0,1.04825854301453,101,0.330964586560252,1365.46819884547,47.6589004646763,47.4020335534063
970,970,1,"control","Control","complete",0,1.0484893321991,108,0.330437002003259,1211.19114498066,47.5829282884693,47.4020335534063
971,971,1,"control","Control","complete",0,0.890630722045898,97,0.329512950998652,1463.53259855762,47.4498649438059,47.4020335534063
972,972,1,"control","Control","complete",0,1.20130205154419,103,0.330542336228386,1320.16744720361,47.5980964168875,47.4020335534063
973,973,1,"control","Control","complete",0,1.19259572029114,105,0.32999051135758,1276.99132603084,47.5186336354916,47.4020335534063
974,974,1,"control","Control","complete",0,0.929574966430664,95,0.330698451276767,1508.26283993267,47.6205769838544,47.4020335534063
975,975,1,"control","Control","complete",0,1.1898353099823,104,0.329885919191743,1308.91863740729,47.503572363611,47.4020335534063
976,976,1,"control","Control","complete",0,0.466850996017456,115,0.330299914327538,1073.50101580888,47.5631876631654,47.4020335534063
977,977,1,"control","Control","complete",0,1.33163666725159,99,0.330401899577723,1412.20070690523,47.5778735391922,47.4020335534063
978,978,1,"control","Control","complete",0,0.459714412689209,114,0.330815015532757,1094.98809541981,47.637362236717,47.4020335534063
979,979,1,"control","Control","complete",0,0.503774642944336,115,0.329690836940934,1073.50101580888,47.4754805194946,47.4020335534063
980,980,1,"control","Control","complete",0,0.889661073684692,105,0.329321854954594,1276.99132603084,47.4223471134615,47.4020335534063
981,981,1,"control","Control","complete",0,1.49532699584961,105,0.329794050299718,1277.57645550397,47.4903432431595,47.4020335534063
982,982,1,"control","Control","complete",0,0.702329635620117,104,0.329354729348086,1296.32755597527,47.4270810261243,47.4020335534063
983,983,1,"control","Control","complete",0,0.938880920410156,101,0.329213083094221,1362.9785195578,47.4066839655679,47.4020335534063
984,984,1,"control","Control","complete",0,1.19893169403076,88,0.329196672247301,1683.80836186779,47.4043208036114,47.4020335534063
985,985,1,"control","Control","complete",0,1.04677367210388,105,0.331099693620343,1292.40236949557,47.6783558813293,47.4020335534063
986,986,1,"control","Control","complete",0,0.628720045089722,112,0.330252343081415,1140.32036443305,47.5563374037238,47.4020335534063
987,987,1,"control","Control","complete",0,0.466371059417725,95,0.329584329804885,1510.14278109897,47.4601434919034,47.4020335534063
988,988,1,"control","Control","complete",0,0.455320358276367,111,0.330109946529672,1151.2763325097,47.5358323002728,47.4020335534063
989,989,1,"control","Control","complete",0,0.780970573425293,99,0.329420723797427,1423.50990771961,47.4365842268295,47.4020335534063
990,990,1,"control","Control","complete",0,1.44318032264709,113,0.3295206323372,1112.02678779088,47.4509710565567,47.4020335534063
991,991,1,"control","Control","complete",0,1.04417371749878,103,0.329979160763381,1317.09263844281,47.5169991499269,47.4020335534063
992,992,1,"control","Control","complete",0,1.05157113075256,103,0.329678982241215,1324.63376905577,47.4737734427349,47.4020335534063
993,993,1,"control","Control","complete",0,0.895903825759888,108,0.330577706503238,1220.40184817951,47.6031897364662,47.4020335534063
994,994,1,"control","Control","complete",0,1.2081024646759,110,0.330693507321999,1159.56586842207,47.6198650543678,47.4020335534063
995,995,1,"control","Control","complete",0,1.11722326278687,110,0.330708094096451,1170.80470416845,47.621965549889,47.4020335534063
996,996,1,"control","Control","complete",0,0.936277389526367,112,0.330343950783773,1128.1336122567,47.5695289128634,47.4020335534063
997,997,1,"control","Control","complete",0,0.985512018203735,101,0.329463773114329,1362.9134753087,47.4427833284633,47.4020335534063
998,998,1,"control","Control","complete",0,1.07220506668091,112,0.331190825284153,1116.64252757737,47.691478840918,47.4020335534063
999,999,1,"control","Control","complete",0,0.883679866790771,114,0.329393598598924,1080.92544696359,47.432678198245,47.4020335534063
1,1,2,"bracelet","Bracelet","complete",0,5.08884024620056,71,0.355911635696432,2535.79783692231,51.2512755402862,47.4020335534063
2,2,2,"bracelet","Bracelet","complete",0,0.485426425933838,71,0.33897661210598,2512.79312725411,48.8126321432611,47.4020335534063
3,3,2,"bracelet","Bracelet","complete",0,1.72649550437927,77,0.329825885636757,2002.79141435279,47.494927531693,47.4020335534063
4,4,2,"bracelet","Bracelet","complete",0,0.96954607963562,73,0.329271208033602,2166.65292328834,47.4150539568386,47.4020335534063
5,5,2,"bracelet","Bracelet","complete",0,0.966194868087769,71,0.329680633745582,2319.70753038328,47.4740112593638,47.4020335534063
6,6,2,"bracelet","Bracelet","complete",0,1.11961627006531,71,0.329432953844549,2378.79446954882,47.438345353615,47.4020335534063
7,7,2,"bracelet","Bracelet","complete",0,0.736063241958618,81,0.330284159652605,1891.13102848624,47.5609189899752,47.4020335534063
8,8,2,"bracelet","Bracelet","complete",0,0.829481363296509,85,0.329669391783109,1772.76505951094,47.4723924167678,47.4020335534063
9,9,2,"bracelet","Bracelet","complete",0,0.519294261932373,98,0.330218464492455,1434.6496321137,47.5514588869135,47.4020335534063
10,10,2,"bracelet","Bracelet","complete",0,1.64475393295288,71,0.343780388860517,2612.89990935482,49.5043759959144,47.4020335534063
11,11,2,"bracelet","Bracelet","complete",0,0.702665328979492,71,0.330860906370338,2475.39235627795,47.6439705173286,47.4020335534063
12,12,2,"bracelet","Bracelet","complete",0,0.528204917907715,76,0.329434471273829,2026.67599309993,47.4385638634314,47.4020335534063
13,13,2,"bracelet","Bracelet","complete",0,0.690199136734009,78,0.329718195281503,1979.07070282157,47.4794201205365,47.4020335534063
14,14,2,"bracelet","Bracelet","complete",0,0.701131820678711,88,0.329635206310854,1699.97963548692,47.467469708763,47.4020335534063
15,15,2,"bracelet","Bracelet","complete",0,1.72855949401855,73,0.329300096381155,2150.10185218109,47.4192138788864,47.4020335534063
16,16,2,"bracelet","Bracelet","complete",0,0.880955696105957,98,0.329649711341338,1434.6496321137,47.4695584331527,47.4020335534063
17,17,2,"bracelet","Bracelet","complete",0,0.472697496414185,87,0.330409040950646,1720.9112827957,47.578901896893,47.4020335534063
18,18,2,"bracelet","Bracelet","complete",0,0.484026432037354,82,0.329324663353494,1847.0083290382,47.4227515229032,47.4020335534063
19,19,2,"bracelet","Bracelet","complete",0,0.717268228530884,95,0.329696385935533,1507.91216500788,47.4762795747168,47.4020335534063
20,20,2,"bracelet","Bracelet","complete",0,0.639074087142944,81,0.330182177542038,1884.27950251649,47.5462335660534,47.4020335534063
21,21,2,"bracelet","Bracelet","complete",0,1.45127820968628,74,0.329999506149026,2110.29650885685,47.5199288854597,47.4020335534063
22,22,2,"bracelet","Bracelet","complete",0,0.483115196228027,89,0.330157661083286,1668.90819897543,47.5427031959932,47.4020335534063
23,23,2,"bracelet","Bracelet","complete",0,1.60135555267334,71,0.332663562028852,2544.29548458559,47.9035529321547,47.4020335534063
24,24,2,"bracelet","Bracelet","complete",0,0.563812255859375,84,0.329813874854736,1790.88254025524,47.493197979082,47.4020335534063
25,25,2,"bracelet","Bracelet","complete",0,0.638532876968384,71,0.330024263429818,2481.03341542455,47.5234939338938,47.4020335534063
26,26,2,"bracelet","Bracelet","complete",0,0.484047174453735,71,0.330251193860849,2503.73841310165,47.5561719159623,47.4020335534063
27,27,2,"bracelet","Bracelet","complete",0,0.781286954879761,71,0.329560637143179,2373.21714366127,47.4567317486178,47.4020335534063
28,28,2,"bracelet","Bracelet","complete",0,0.925101280212402,122,0.330053792540952,919.076768886778,47.5277461258971,47.4020335534063
29,29,2,"bracelet","Bracelet","complete",0,1.10575461387634,79,0.329769224147274,1949.90448670072,47.4867682772074,47.4020335534063
30,30,2,"bracelet","Bracelet","complete",0,0.839041948318481,72,0.330016476837126,2186.811761858,47.5223726645461,47.4020335534063
31,31,2,"bracelet","Bracelet","complete",0,1.23739767074585,71,0.329195669583933,2247.50556551525,47.4041764200863,47.4020335534063
32,32,2,"bracelet","Bracelet","complete",0,0.660984754562378,98,0.329342512144555,1434.6496321137,47.4253217488159,47.4020335534063
33,33,2,"bracelet","Bracelet","complete",0,0.729291677474976,81,0.330462606914684,1893.10291388379,47.5866153957145,47.4020335534063
34,34,2,"bracelet","Bracelet","complete",0,0.678181648254395,71,0.329593265410407,2336.83668164394,47.4614302190986,47.4020335534063
35,35,2,"bracelet","Bracelet","complete",0,0.536998748779297,93,0.329371491172409,1576.24571214666,47.4294947288268,47.4020335534063
36,36,2,"bracelet","Bracelet","complete",0,1.6392674446106,94,0.330111363368346,1531.14789381497,47.5360363250419,47.4020335534063
37,37,2,"bracelet","Bracelet","complete",0,0.692595720291138,103,0.33009791171104,1316.20678212742,47.5340992863898,47.4020335534063
38,38,2,"bracelet","Bracelet","complete",0,0.631430387496948,86,0.330465593869028,1740.32418938054,47.58704551714,47.4020335534063
39,39,2,"bracelet","Bracelet","complete",0,0.652138471603394,85,0.329396686420982,1775.81903705628,47.4331228446215,47.4020335534063
40,40,2,"bracelet","Bracelet","complete",0,0.83490514755249,74,0.330104477030657,2106.73419238596,47.5350446924146,47.4020335534063
41,41,2,"bracelet","Bracelet","complete",0,0.99104380607605,71,0.329327124256979,2525.28973211789,47.4231058930049,47.4020335534063
42,42,2,"bracelet","Bracelet","complete",0,1.38010549545288,76,0.329663230598158,2038.37722314853,47.4715052061348,47.4020335534063
43,43,2,"bracelet","Bracelet","complete",0,0.997416257858276,71,0.352825583961616,2513.61996481453,50.8068840904726,47.4020335534063
44,44,2,"bracelet","Bracelet","complete",0,0.509856939315796,86,0.329999848213921,1748.65026914251,47.5199781428047,47.4020335534063
45,45,2,"bracelet","Bracelet","complete",0,1.76584935188293,80,0.32989104237745,1917.88470644743,47.5043101023528,47.4020335534063
46,46,2,"bracelet","Bracelet","complete",0,1.45385956764221,93,0.330287912856164,1562.88081590146,47.5614594512877,47.4020335534063
47,47,2,"bracelet","Bracelet","complete",0,1.25121068954468,131,0.330147448676613,752.99861417686,47.5412326094322,47.4020335534063
48,48,2,"bracelet","Bracelet","complete",0,1.1462824344635,74,0.329437553682084,2128.88396249554,47.4390077302201,47.4020335534063
49,49,2,"bracelet","Bracelet","complete",0,1.25364947319031,91,0.330618853531348,1608.38309670396,47.6091149085142,47.4020335534063
50,50,2,"bracelet","Bracelet","complete",0,1.0840220451355,71,0.329834361252024,2386.68874650611,47.4961480202915,47.4020335534063
51,51,2,"bracelet","Bracelet","complete",0,0.523422479629517,100,0.330252615924911,1391.5476659399,47.5563766931872,47.4020335534063
52,52,2,"bracelet","Bracelet","complete",0,0.896660327911377,73,0.329795977727186,2141.37083987507,47.4906207927148,47.4020335534063
53,53,2,"bracelet","Bracelet","complete",0,1.43511700630188,96,0.330012741380881,1485.2793163499,47.5218347588468,47.4020335534063
54,54,2,"bracelet","Bracelet","complete",0,1.14028811454773,79,0.330066170827612,1945.61739685429,47.5295285991762,47.4020335534063
55,55,2,"bracelet","Bracelet","complete",0,1.09369897842407,71,0.339622660872034,2544.29548458559,48.9056631655729,47.4020335534063
56,56,2,"bracelet","Bracelet","complete",0,0.679913759231567,84,0.330444598709082,1790.88254025524,47.5840222141078,47.4020335534063
57,57,2,"bracelet","Bracelet","complete",0,0.771298170089722,91,0.329197221994581,1602.63469410258,47.4043999672196,47.4020335534063
58,58,2,"bracelet","Bracelet","complete",0,1.27531147003174,92,0.329394832327746,1601.09495198383,47.4328558551955,47.4020335534063
59,59,2,"bracelet","Bracelet","complete",0,0.53013277053833,97,0.329702755998593,1471.91442010471,47.4771968637974,47.4020335534063
60,60,2,"bracelet","Bracelet","complete",0,0.482311964035034,92,0.330331657338758,1587.73005573863,47.5677586567811,47.4020335534063
61,61,2,"bracelet","Bracelet","complete",0,0.985125780105591,93,0.329300336974614,1572.26938463894,47.4192485243445,47.4020335534063
62,62,2,"bracelet","Bracelet","complete",0,0.812592267990112,93,0.329196602708505,1557.5466252112,47.4043107900247,47.4020335534063
63,63,2,"bracelet","Bracelet","complete",0,1.09105968475342,75,0.330274211387192,2062.26180189567,47.5594864397556,47.4020335534063
64,64,2,"bracelet","Bracelet","complete",0,0.490318059921265,71,0.32978616976741,2418.82591481151,47.4892084465071,47.4020335534063
65,65,2,"bracelet","Bracelet","complete",0,1.65528154373169,71,0.329283177135476,2260.60456972514,47.4167775075086,47.4020335534063
66,66,2,"bracelet","Bracelet","complete",0,1.22259473800659,72,0.329373112050318,2186.811761858,47.4297281352458,47.4020335534063
67,67,2,"bracelet","Bracelet","complete",0,0.737932205200195,86,0.329903387088861,1739.28816045624,47.506087740796,47.4020335534063
68,68,2,"bracelet","Bracelet","complete",0,0.641881465911865,71,0.366470277835463,2625.40482077931,52.7717200083066,47.4020335534063
69,69,2,"bracelet","Bracelet","complete",0,0.815163135528564,75,0.329718111453006,2062.26180189567,47.4794080492328,47.4020335534063
70,70,2,"bracelet","Bracelet","complete",0,0.695738315582275,83,0.330001114636487,1818.05130816901,47.5201605076541,47.4020335534063
71,71,2,"bracelet","Bracelet","complete",0,1.36908555030823,84,0.329483168689351,1789.18393330148,47.4455762912665,47.4020335534063
72,72,2,"bracelet","Bracelet","complete",0,0.85537576675415,90,0.329835456524823,1638.86472231242,47.4963057395745,47.4020335534063
73,73,2,"bracelet","Bracelet","complete",0,0.666257619857788,98,0.329874637977682,1447.49409957525,47.5019478687862,47.4020335534063
74,74,2,"bracelet","Bracelet","complete",0,0.825181007385254,71,0.331083033829308,2402.67196199277,47.6759568714204,47.4020335534063
75,75,2,"bracelet","Bracelet","complete",0,0.489417552947998,91,0.329529921696176,1618.56437125379,47.4523087242494,47.4020335534063
76,76,2,"bracelet","Bracelet","complete",0,0.889287948608398,73,0.330507135164771,2168.18818993551,47.5930274637271,47.4020335534063
77,77,2,"bracelet","Bracelet","complete",0,1.0819525718689,100,0.329822467554335,1403.37729553793,47.4944353278242,47.4020335534063
78,78,2,"bracelet","Bracelet","complete",0,0.510512828826904,83,0.329224550501881,1816.60568752349,47.4083352722708,47.4020335534063
79,79,2,"bracelet","Bracelet","complete",0,1.64476656913757,96,0.330242143401621,1483.74404970274,47.5548686498334,47.4020335534063
80,80,2,"bracelet","Bracelet","complete",0,0.510125398635864,95,0.329666460733029,1523.85974909484,47.4719703455562,47.4020335534063
81,81,2,"bracelet","Bracelet","complete",0,1.500901222229,72,0.329502698021637,2198.42307449731,47.4483885151157,47.4020335534063
82,82,2,"bracelet","Bracelet","complete",0,0.482620477676392,71,0.329940498063433,2508.42571655289,47.5114317211344,47.4020335534063
83,83,2,"bracelet","Bracelet","complete",0,1.3916347026825,80,0.329552538581439,1917.88470644743,47.4555655557272,47.4020335534063
84,84,2,"bracelet","Bracelet","complete",0,0.726624727249146,71,0.329621069657062,2414.31029994184,47.4654340306169,47.4020335534063
85,85,2,"bracelet","Bracelet","complete",0,0.916125774383545,71,0.330119898566142,2401.42311147477,47.5372653935245,47.4020335534063
86,86,2,"bracelet","Bracelet","complete",0,0.928554534912109,71,0.329529170416649,2358.95968967824,47.4522005399974,47.4020335534063
87,87,2,"bracelet","Bracelet","complete",0,1.10724925994873,88,0.329526021726827,1691.9309985643,47.4517471286631,47.4020335534063
88,88,2,"bracelet","Bracelet","complete",0,0.936822652816772,71,0.332046526455505,2544.29548458559,47.8146998095928,47.4020335534063
89,89,2,"bracelet","Bracelet","complete",0,0.747262477874756,73,0.329256697973524,2166.65292328834,47.4129645081875,47.4020335534063
90,90,2,"bracelet","Bracelet","complete",0,1.39579844474792,99,0.329248941203655,1424.25629636657,47.4118475333263,47.4020335534063
91,91,2,"bracelet","Bracelet","complete",0,0.936767339706421,105,0.32983697222021,1267.45847668806,47.4965239997102,47.4020335534063
92,92,2,"bracelet","Bracelet","complete",0,1.2837028503418,82,0.329368940015792,1845.47306239103,47.4291273622741,47.4020335534063
93,93,2,"bracelet","Bracelet","complete",0,0.653165102005005,77,0.329791002292196,1994.02171756586,47.4899043300763,47.4020335534063
94,94,2,"bracelet","Bracelet","complete",0,1.03669142723083,96,0.330264282747944,1483.74404970274,47.5580567157039,47.4020335534063
95,95,2,"bracelet","Bracelet","complete",0,0.502703666687012,83,0.330499392903396,1818.05130816901,47.591912578089,47.4020335534063
96,96,2,"bracelet","Bracelet","complete",0,0.883417367935181,88,0.329515543495558,1683.80836186779,47.4502382633604,47.4020335534063
97,97,2,"bracelet","Bracelet","complete",0,1.02062153816223,75,0.331972726309532,2062.26180189567,47.8040725885727,47.4020335534063
98,98,2,"bracelet","Bracelet","complete",0,0.654074192047119,71,0.356982352940233,2535.79783692231,51.4054588233935,47.4020335534063
99,99,2,"bracelet","Bracelet","complete",0,0.700164079666138,77,0.32994753583543,2011.33921145718,47.5124451603019,47.4020335534063
100,100,2,"bracelet","Bracelet","complete",0,0.900051116943359,72,0.330465330796418,2187.31511408551,47.5870076346842,47.4020335534063
101,101,2,"bracelet","Bracelet","complete",0,0.881587028503418,74,0.329346164771668,2102.0671452199,47.4258477271202,47.4020335534063
102,102,2,"bracelet","Bracelet","complete",0,0.682406187057495,77,0.330071418518365,2015.62630130361,47.5302842666446,47.4020335534063
103,103,2,"bracelet","Bracelet","complete",0,0.762247085571289,87,0.330103519813863,1721.49137974061,47.5349068531963,47.4020335534063
104,104,2,"bracelet","Bracelet","complete",0,0.816511392593384,80,0.329582227998038,1923.9614579725,47.4598408317175,47.4020335534063
105,105,2,"bracelet","Bracelet","complete",0,1.38154077529907,102,0.329662576788101,1348.07835666543,47.4714110574866,47.4020335534063
106,106,2,"bracelet","Bracelet","complete",0,1.23851823806763,83,0.32940254218638,1819.58657481618,47.4339660748387,47.4020335534063
107,107,2,"bracelet","Bracelet","complete",0,0.657056570053101,80,0.330057281580936,1901.69146782749,47.5282485476548,47.4020335534063
108,108,2,"bracelet","Bracelet","complete",0,0.799587249755859,81,0.329337520855886,1888.32657158229,47.4246030032476,47.4020335534063
109,109,2,"bracelet","Bracelet","complete",0,0.780742645263672,71,0.341688197663583,2612.89990935482,49.203100463556,47.4020335534063
110,110,2,"bracelet","Bracelet","complete",0,0.657922029495239,75,0.331455124795845,2062.26180189567,47.7295379706016,47.4020335534063
111,111,2,"bracelet","Bracelet","complete",0,0.642914056777954,71,0.329338873931237,2539.92807388437,47.4247978460981,47.4020335534063
112,112,2,"bracelet","Bracelet","complete",0,0.474010705947876,87,0.329436312603233,1721.49137974061,47.4388290148656,47.4020335534063
113,113,2,"bracelet","Bracelet","complete",0,0.953659534454346,93,0.329884222954561,1562.88081590146,47.5033281054569,47.4020335534063
114,114,2,"bracelet","Bracelet","complete",0,0.661469459533691,73,0.329750706388144,2150.10185218109,47.4841017198927,47.4020335534063
115,115,2,"bracelet","Bracelet","complete",0,0.487768173217773,71,0.378286834699453,2625.40482077931,54.4733041967213,47.4020335534063
116,116,2,"bracelet","Bracelet","complete",0,0.729458570480347,71,0.330218544381662,2293.14577449775,47.5514703909593,47.4020335534063
117,117,2,"bracelet","Bracelet","complete",0,0.998094081878662,71,0.329368131482965,2313.36198852789,47.4290109335469,47.4020335534063
118,118,2,"bracelet","Bracelet","complete",0,1.39349055290222,74,0.3295593621893,2102.0671452199,47.4565481552592,47.4020335534063
119,119,2,"bracelet","Bracelet","complete",0,1.24003601074219,95,0.329743977771664,1525.48748503682,47.4831327991196,47.4020335534063
120,120,2,"bracelet","Bracelet","complete",0,0.638736724853516,72,0.329208221915151,2188.34702850517,47.4059839557818,47.4020335534063
121,121,2,"bracelet","Bracelet","complete",0,1.30124092102051,100,0.329276641803951,1387.10961329502,47.4158364197689,47.4020335534063
122,122,2,"bracelet","Bracelet","complete",0,0.52914834022522,98,0.329723668777017,1434.6496321137,47.4802083038904,47.4020335534063
123,123,2,"bracelet","Bracelet","complete",0,0.660441875457764,95,0.329741279871011,1525.48748503682,47.4827443014255,47.4020335534063
124,124,2,"bracelet","Bracelet","complete",0,0.755564212799072,97,0.329230455884053,1460.60521929033,47.4091856473036,47.4020335534063
125,125,2,"bracelet","Bracelet","complete",0,0.578550577163696,92,0.329591874842369,1590.78807631682,47.4612299773012,47.4020335534063
126,126,2,"bracelet","Bracelet","complete",0,0.802955150604248,71,0.329464244895921,2300.70053753707,47.4428512650126,47.4020335534063
127,127,2,"bracelet","Bracelet","complete",0,0.467144727706909,89,0.329782322157701,1660.22826580266,47.4886543907089,47.4020335534063
128,128,2,"bracelet","Bracelet","complete",0,0.682729721069336,96,0.330089383615835,1488.79439068972,47.5328712406802,47.4020335534063
129,129,2,"bracelet","Bracelet","complete",0,0.480628490447998,83,0.329246844048532,1832.10816614583,47.4115455429886,47.4020335534063
130,130,2,"bracelet","Bracelet","complete",0,0.932170391082764,71,0.374733690654115,2625.40482077931,53.9616514541925,47.4020335534063
131,131,2,"bracelet","Bracelet","complete",0,0.460840225219727,79,0.329845541019076,1949.90448670072,47.4977579067469,47.4020335534063
132,132,2,"bracelet","Bracelet","complete",0,1.0774359703064,92,0.330343264167113,1595.01820045876,47.5694300400642,47.4020335534063
133,133,2,"bracelet","Bracelet","complete",0,0.468664646148682,71,0.330042419575025,2334.21947960928,47.5261084188036,47.4020335534063
134,134,2,"bracelet","Bracelet","complete",0,0.504274606704712,76,0.330507697344652,2026.67599309993,47.5931084176299,47.4020335534063
135,135,2,"bracelet","Bracelet","complete",0,0.672207832336426,102,0.329930691360949,1337.24711492431,47.5100195559767,47.4020335534063
136,136,2,"bracelet","Bracelet","complete",0,0.87948203086853,91,0.329473536615654,1604.15297256201,47.4441892726541,47.4020335534063
137,137,2,"bracelet","Bracelet","complete",0,0.654972314834595,71,0.330025466661333,2583.25056593739,47.5236671992319,47.4020335534063
138,138,2,"bracelet","Bracelet","complete",0,0.659920930862427,100,0.329607519882695,1403.37729553793,47.4634828631081,47.4020335534063
139,139,2,"bracelet","Bracelet","complete",0,1.65876579284668,89,0.329702222793351,1678.02504651829,47.4771200822425,47.4020335534063
140,140,2,"bracelet","Bracelet","complete",0,0.992741584777832,95,0.329675418097736,1528.05878060829,47.473260206074,47.4020335534063
141,141,2,"bracelet","Bracelet","complete",0,1.08333992958069,95,0.329251486599975,1527.02275168399,47.4122140703965,47.4020335534063
142,142,2,"bracelet","Bracelet","complete",0,1.08609819412231,82,0.329700500105099,1847.0083290382,47.4768720151343,47.4020335534063
143,143,2,"bracelet","Bracelet","complete",0,0.535255432128906,115,0.329664113737489,1059.28440289139,47.4716323781984,47.4020335534063
144,144,2,"bracelet","Bracelet","complete",0,0.844189643859863,84,0.330195972402025,1789.18393330148,47.5482200258916,47.4020335534063
145,145,2,"bracelet","Bracelet","complete",0,0.66899847984314,102,0.32968782115059,1338.78238157148,47.475046245685,47.4020335534063
146,146,2,"bracelet","Bracelet","complete",0,0.842283248901367,72,0.329197782643272,2232.13366150451,47.4044807006311,47.4020335534063
147,147,2,"bracelet","Bracelet","complete",0,1.77995252609253,71,0.334459814915518,2543.68799150718,48.1622133478346,47.4020335534063
148,148,2,"bracelet","Bracelet","complete",0,0.8463454246521,106,0.330127059538111,1259.61730427609,47.538296573488,47.4020335534063
149,149,2,"bracelet","Bracelet","complete",0,1.26490235328674,71,0.329292364348163,2379.33814758521,47.4181004661355,47.4020335534063
150,150,2,"bracelet","Bracelet","complete",0,0.89874529838562,89,0.329497376078291,1653.67966992493,47.4476221552739,47.4020335534063
151,151,2,"bracelet","Bracelet","complete",0,0.64171576499939,78,0.330058864907507,1969.59525462414,47.5284765466809,47.4020335534063
152,152,2,"bracelet","Bracelet","complete",0,0.697667121887207,73,0.329783280186114,2141.37083987507,47.4887923468004,47.4020335534063
153,153,2,"bracelet","Bracelet","complete",0,1.18938994407654,71,0.334375875454198,2591.69609272873,48.1501260654045,47.4020335534063
154,154,2,"bracelet","Bracelet","complete",0,0.468172311782837,101,0.330165511141092,1366.4565723297,47.5438336043173,47.4020335534063
155,155,2,"bracelet","Bracelet","complete",0,0.934815406799316,71,0.329330405920021,2374.22798961139,47.4235784524831,47.4020335534063
156,156,2,"bracelet","Bracelet","complete",0,1.08819913864136,82,0.329682825296181,1864.32471682036,47.47432684265,47.4020335534063
157,157,2,"bracelet","Bracelet","complete",0,1.07347226142883,72,0.33064233025095,2186.811761858,47.6124955561368,47.4020335534063
158,158,2,"bracelet","Bracelet","complete",0,0.951501131057739,100,0.329490338083776,1403.37729553793,47.4466086840637,47.4020335534063
159,159,2,"bracelet","Bracelet","complete",0,0.624474048614502,71,0.338380810563932,2543.68799150718,48.7268367212063,47.4020335534063
160,160,2,"bracelet","Bracelet","complete",0,0.829063892364502,76,0.329785886622625,2052.74737674652,47.489167673658,47.4020335534063
161,161,2,"bracelet","Bracelet","complete",0,0.770944833755493,72,0.329697068772259,2189.69206219129,47.4763779032054,47.4020335534063
162,162,2,"bracelet","Bracelet","complete",0,0.978486299514771,71,0.32974575620046,2264.97381828618,47.4833888928662,47.4020335534063
163,163,2,"bracelet","Bracelet","complete",0,0.515751123428345,71,0.329410689658508,2344.94651345202,47.4351393108251,47.4020335534063
164,164,2,"bracelet","Bracelet","complete",0,0.937768697738647,80,0.329939302581164,1901.69146782749,47.5112595716877,47.4020335534063
165,165,2,"bracelet","Bracelet","complete",0,0.636613368988037,77,0.330480422660959,1992.87221781715,47.5891808631782,47.4020335534063
166,166,2,"bracelet","Bracelet","complete",0,0.510528564453125,94,0.329658340280114,1531.14789381497,47.4708010003365,47.4020335534063
167,167,2,"bracelet","Bracelet","complete",0,0.65686297416687,72,0.329256533685996,2222.74532448589,47.4129408507834,47.4020335534063
168,168,2,"bracelet","Bracelet","complete",0,0.590124130249023,75,0.329511548368432,2062.26180189567,47.4496629650542,47.4020335534063
169,169,2,"bracelet","Bracelet","complete",0,1.50148987770081,73,0.329424518409096,2148.8056940051,47.4371306509099,47.4020335534063
170,170,2,"bracelet","Bracelet","complete",0,1.17975473403931,102,0.329506164493376,1348.07835666543,47.4488876870462,47.4020335534063
171,171,2,"bracelet","Bracelet","complete",0,1.17833161354065,76,0.329758508799621,2051.21211009935,47.4852252671454,47.4020335534063
172,172,2,"bracelet","Bracelet","complete",0,0.968554258346558,81,0.329505740685663,1893.8828516855,47.4488266587354,47.4020335534063
173,173,2,"bracelet","Bracelet","complete",0,0.482002735137939,94,0.330074948146402,1536.89358424587,47.5307925330819,47.4020335534063
174,174,2,"bracelet","Bracelet","complete",0,0.633369922637939,71,0.329342743350192,2442.68204356912,47.4253550424276,47.4020335534063
175,175,2,"bracelet","Bracelet","complete",0,0.559399366378784,86,0.329379823577373,1739.28816045624,47.4306945951417,47.4020335534063
176,176,2,"bracelet","Bracelet","complete",0,1.17747139930725,71,0.329288979727033,2314.73096232937,47.4176130806928,47.4020335534063
177,177,2,"bracelet","Bracelet","complete",0,1.78749823570251,78,0.330214115079822,1960.95417849704,47.5508325714944,47.4020335534063
178,178,2,"bracelet","Bracelet","complete",0,1.26510071754456,91,0.329244532792299,1604.15297256201,47.4112127220911,47.4020335534063
179,179,2,"bracelet","Bracelet","complete",0,0.589752674102783,92,0.329276970920719,1581.99859021962,47.4158838125836,47.4020335534063
180,180,2,"bracelet","Bracelet","complete",0,0.557691097259521,78,0.330075927724021,1977.5354361744,47.530933592259,47.4020335534063
181,181,2,"bracelet","Bracelet","complete",0,0.472108602523804,81,0.329752105118872,1891.56764723662,47.4843031371175,47.4020335534063
182,182,2,"bracelet","Bracelet","complete",0,0.680847883224487,73,0.32918151486858,2166.65292328834,47.4021381410755,47.4020335534063
183,183,2,"bracelet","Bracelet","complete",0,1.31372666358948,82,0.329870477521305,1856.45333995909,47.5013487630679,47.4020335534063
184,184,2,"bracelet","Bracelet","complete",0,0.943257570266724,79,0.33079188489737,1947.15266350146,47.6340314252213,47.4020335534063
185,185,2,"bracelet","Bracelet","complete",0,1.46488308906555,85,0.330074834059292,1762.01516538771,47.5307761045381,47.4020335534063
186,186,2,"bracelet","Bracelet","complete",0,1.43618774414062,87,0.329545722853974,1723.80658418949,47.4545840909723,47.4020335534063
187,187,2,"bracelet","Bracelet","complete",0,0.497453927993774,71,0.329460975180768,2288.87181647724,47.4423804260306,47.4020335534063
188,188,2,"bracelet","Bracelet","complete",0,1.48484778404236,87,0.329966755215472,1720.9112827957,47.5152127510279,47.4020335534063
189,189,2,"bracelet","Bracelet","complete",0,1.06846499443054,81,0.329457976868179,1890.64177603117,47.4419486690177,47.4020335534063
190,190,2,"bracelet","Bracelet","complete",0,0.711167335510254,78,0.329367411939287,1960.95417849704,47.4289073192573,47.4020335534063
191,191,2,"bracelet","Bracelet","complete",0,0.574931383132935,80,0.329579594246583,1901.69146782749,47.4594615715079,47.4020335534063
192,192,2,"bracelet","Bracelet","complete",0,1.07209777832031,79,0.330419990075596,1945.61739685429,47.5804785708858,47.4020335534063
193,193,2,"bracelet","Bracelet","complete",0,0.630642175674438,86,0.329226841739602,1737.78333108561,47.4086652105028,47.4020335534063
194,194,2,"bracelet","Bracelet","complete",0,0.91370701789856,71,0.331814592311475,2587.97677288278,47.7813012928524,47.4020335534063
195,195,2,"bracelet","Bracelet","complete",0,0.490112066268921,71,0.365971437478096,2610.64010725199,52.6998869968458,47.4020335534063
196,196,2,"bracelet","Bracelet","complete",0,0.976638793945312,79,0.329763353919493,1934.63711928623,47.485922964407,47.4020335534063
197,197,2,"bracelet","Bracelet","complete",0,0.632607221603394,74,0.329209540275083,2135.45880619225,47.4061737996119,47.4020335534063
198,198,2,"bracelet","Bracelet","complete",0,0.748412370681763,89,0.33012095739873,1660.22826580266,47.5374178654172,47.4020335534063
199,199,2,"bracelet","Bracelet","complete",0,1.09392189979553,71,0.329765469663989,2381.78937643971,47.4862276316145,47.4020335534063
200,200,2,"bracelet","Bracelet","complete",0,0.815573453903198,71,0.331671941045539,2572.3925932691,47.7607595105576,47.4020335534063
201,201,2,"bracelet","Bracelet","complete",0,0.468378305435181,71,0.368859795225563,2625.40482077931,53.115810512481,47.4020335534063
202,202,2,"bracelet","Bracelet","complete",0,1.0341579914093,71,0.329319526365148,2285.72769103079,47.4220117965813,47.4020335534063
203,203,2,"bracelet","Bracelet","complete",0,0.496062040328979,90,0.329463509139805,1633.06055422971,47.4427453161319,47.4020335534063
204,204,2,"bracelet","Bracelet","complete",0,0.510383367538452,90,0.329341751332065,1639.3600184129,47.4252121918173,47.4020335534063
205,205,2,"bracelet","Bracelet","complete",0,1.2847306728363,74,0.331132173928051,2121.27802882238,47.6830330456393,47.4020335534063
206,206,2,"bracelet","Bracelet","complete",0,0.851918935775757,96,0.330156062202385,1496.77788485378,47.5424729571435,47.4020335534063
207,207,2,"bracelet","Bracelet","complete",0,1.85232448577881,78,0.330281292484506,1981.82252602084,47.5605061177689,47.4020335534063
208,208,2,"bracelet","Bracelet","complete",0,0.493070840835571,87,0.329995235716176,1722.44654944287,47.5193139431293,47.4020335534063
209,209,2,"bracelet","Bracelet","complete",0,0.833968639373779,79,0.329369744455317,1934.63711928623,47.4292432015656,47.4020335534063
210,210,2,"bracelet","Bracelet","complete",0,0.479390621185303,87,0.329650196811174,1720.9112827957,47.469628340809,47.4020335534063
211,211,2,"bracelet","Bracelet","complete",0,0.49921989440918,94,0.330063452803906,1551.29450941537,47.5291372037625,47.4020335534063
212,212,2,"bracelet","Bracelet","complete",0,1.73340821266174,91,0.33001658358502,1608.34917143386,47.5223880362428,47.4020335534063
213,213,2,"bracelet","Bracelet","complete",0,1.23875379562378,79,0.330095769801217,1949.90448670072,47.5337908513753,47.4020335534063
214,214,2,"bracelet","Bracelet","complete",0,1.29598903656006,74,0.329287246310569,2102.0671452199,47.4173634687219,47.4020335534063
215,215,2,"bracelet","Bracelet","complete",0,0.475734949111938,84,0.329780280406557,1802.71452652626,47.4883603785442,47.4020335534063
216,216,2,"bracelet","Bracelet","complete",0,0.675285577774048,71,0.330115974392355,2427.70964972248,47.5367003124991,47.4020335534063
217,217,2,"bracelet","Bracelet","complete",0,0.685263395309448,71,0.345741610034193,2531.53025668015,49.7867918449237,47.4020335534063
218,218,2,"bracelet","Bracelet","complete",0,0.650240659713745,79,0.330475219307047,1931.24960269263,47.5884315802148,47.4020335534063
219,219,2,"bracelet","Bracelet","complete",0,0.647046566009521,71,0.329466512198717,2285.96964765216,47.4431777566152,47.4020335534063
220,220,2,"bracelet","Bracelet","complete",0,1.30127668380737,88,0.329684091641324,1691.9309985643,47.4745091963507,47.4020335534063
221,221,2,"bracelet","Bracelet","complete",0,0.742898225784302,91,0.329675308428818,1615.63731615398,47.4732444137498,47.4020335534063
222,222,2,"bracelet","Bracelet","complete",0,0.70779824256897,84,0.32931328758345,1792.41780690241,47.4211134120168,47.4020335534063
223,223,2,"bracelet","Bracelet","complete",0,1.2905433177948,72,0.330140782941726,2186.811761858,47.5402727436086,47.4020335534063
224,224,2,"bracelet","Bracelet","complete",0,1.39602088928223,77,0.329504399171064,1992.87221781715,47.4486334806332,47.4020335534063
225,225,2,"bracelet","Bracelet","complete",0,1.08649373054504,71,0.330938847123122,2433.35107587966,47.6551939857296,47.4020335534063
226,226,2,"bracelet","Bracelet","complete",0,0.642989635467529,77,0.329317554522387,2011.33921145718,47.4217278512238,47.4020335534063
227,227,2,"bracelet","Bracelet","complete",0,1.06306505203247,71,0.329407359899893,2405.25354849984,47.4346598255846,47.4020335534063
228,228,2,"bracelet","Bracelet","complete",0,1.43104457855225,82,0.330300311592943,1856.45333995909,47.5632448693837,47.4020335534063
229,229,2,"bracelet","Bracelet","complete",0,1.30664753913879,71,0.329376885772484,2478.51524224273,47.4302715512377,47.4020335534063
230,230,2,"bracelet","Bracelet","complete",0,0.847147941589355,99,0.329954605755798,1429.58665924468,47.5134632288349,47.4020335534063
231,231,2,"bracelet","Bracelet","complete",0,0.809182405471802,83,0.330224688838108,1824.8200214257,47.5523551926876,47.4020335534063
232,232,2,"bracelet","Bracelet","complete",0,1.73285222053528,79,0.330375187210512,1931.24960269263,47.5740269583138,47.4020335534063
233,233,2,"bracelet","Bracelet","complete",0,1.15909290313721,80,0.329543503974064,1915.91282104988,47.4542645722652,47.4020335534063
234,234,2,"bracelet","Bracelet","complete",0,0.938873052597046,94,0.330212584777947,1535.35831759871,47.5506122080244,47.4020335534063
235,235,2,"bracelet","Bracelet","complete",0,1.42581343650818,85,0.329736192469413,1779.05291065721,47.4820117155954,47.4020335534063
236,236,2,"bracelet","Bracelet","complete",0,1.00783848762512,77,0.329589920653539,2011.33921145718,47.4609485741097,47.4020335534063
237,237,2,"bracelet","Bracelet","complete",0,1.33961796760559,81,0.329926655496591,1875.37440861668,47.509438391509,47.4020335534063
238,238,2,"bracelet","Bracelet","complete",0,1.08258080482483,79,0.329776577127664,1931.24960269263,47.4878271063837,47.4020335534063
239,239,2,"bracelet","Bracelet","complete",0,0.802207469940186,89,0.3292262965942,1667.51641052279,47.4085867095648,47.4020335534063
240,240,2,"bracelet","Bracelet","complete",0,1.2791690826416,92,0.330253054310651,1583.53385686679,47.5564398207337,47.4020335534063
241,241,2,"bracelet","Bracelet","complete",0,0.80479884147644,84,0.329586805606099,1806.79065146836,47.4605000072783,47.4020335534063
242,242,2,"bracelet","Bracelet","complete",0,1.07900857925415,79,0.329932246188396,1931.24960269263,47.510243451129,47.4020335534063
243,243,2,"bracelet","Bracelet","complete",0,1.04231667518616,72,0.329472544466994,2212.09384527127,47.4440464032472,47.4020335534063
244,244,2,"bracelet","Bracelet","complete",0,0.734474182128906,86,0.329192343416049,1734.85627598581,47.4036974519111,47.4020335534063
245,245,2,"bracelet","Bracelet","complete",0,0.68661904335022,90,0.330486786504426,1641.11397947806,47.5900972566374,47.4020335534063
246,246,2,"bracelet","Bracelet","complete",0,0.628743648529053,81,0.329609401057792,1894.40332310736,47.463753752322,47.4020335534063
247,247,2,"bracelet","Bracelet","complete",0,0.643062353134155,95,0.329402410732757,1508.21793170304,47.433947145517,47.4020335534063
248,248,2,"bracelet","Bracelet","complete",0,0.658961534500122,74,0.331484540867431,2121.27802882238,47.73377388491,47.4020335534063
249,249,2,"bracelet","Bracelet","complete",0,0.725175380706787,74,0.329687225632167,2121.27802882238,47.474960491032,47.4020335534063
250,250,2,"bracelet","Bracelet","complete",0,0.653525114059448,89,0.329615942023617,1673.59316204786,47.4646956514008,47.4020335534063
251,251,2,"bracelet","Bracelet","complete",0,0.628092765808105,71,0.333444482325757,2531.53025668015,48.016005454909,47.4020335534063
252,252,2,"bracelet","Bracelet","complete",0,0.840583086013794,88,0.330203426356512,1689.20855003405,47.5492933953378,47.4020335534063
253,253,2,"bracelet","Bracelet","complete",0,0.543769836425781,71,0.329650491805885,2238.06093139549,47.4696708200474,47.4020335534063
254,254,2,"bracelet","Bracelet","complete",0,1.21732640266418,71,0.329272008559346,2342.94400219241,47.4151692325459,47.4020335534063
255,255,2,"bracelet","Bracelet","complete",0,0.979830503463745,71,0.330580968511524,2430.98118316506,47.6036594656594,47.4020335534063
256,256,2,"bracelet","Bracelet","complete",0,0.486818790435791,94,0.330307110898505,1544.181728966,47.5642239693847,47.4020335534063
257,257,2,"bracelet","Bracelet","complete",0,0.518644571304321,89,0.32984389015943,1667.51641052279,47.4975201829579,47.4020335534063
258,258,2,"bracelet","Bracelet","complete",0,0.552038192749023,80,0.329963377099961,1904.93254348182,47.5147263023944,47.4020335534063
259,259,2,"bracelet","Bracelet","complete",0,0.571630239486694,78,0.32984579413385,1960.95417849704,47.4977943552744,47.4020335534063
260,260,2,"bracelet","Bracelet","complete",0,0.747738599777222,88,0.330269055738431,1690.74381668122,47.558744026334,47.4020335534063
261,261,2,"bracelet","Bracelet","complete",0,0.479002475738525,73,0.329353571178626,2166.65292328834,47.4269142497221,47.4020335534063
262,262,2,"bracelet","Bracelet","complete",0,1.15063953399658,98,0.329436563932177,1445.70505639796,47.4388652062335,47.4020335534063
263,263,2,"bracelet","Bracelet","complete",0,0.792564153671265,81,0.329825331350705,1881.03842686216,47.4948477145015,47.4020335534063
264,264,2,"bracelet","Bracelet","complete",0,0.457987070083618,71,0.332224524340104,2544.29548458559,47.840331504975,47.4020335534063
265,265,2,"bracelet","Bracelet","complete",0,0.938938140869141,87,0.32997852318267,1709.86159099938,47.5169073383045,47.4020335534063
266,266,2,"bracelet","Bracelet","complete",0,0.925322294235229,77,0.330339335326173,2000.28951966086,47.5688642869689,47.4020335534063
267,267,2,"bracelet","Bracelet","complete",0,0.47872519493103,95,0.330339317975365,1507.91216500788,47.5688617884526,47.4020335534063
268,268,2,"bracelet","Bracelet","complete",0,0.951732635498047,77,0.330034313675387,2011.33921145718,47.5249411692557,47.4020335534063
269,269,2,"bracelet","Bracelet","complete",0,1.29268169403076,71,0.356708693509927,2552.27484902764,51.3660518654295,47.4020335534063
270,270,2,"bracelet","Bracelet","complete",0,0.847404479980469,71,0.329329257715114,2258.81169787126,47.4234131109763,47.4020335534063
271,271,2,"bracelet","Bracelet","complete",0,0.632745265960693,71,0.330538168785148,2544.29548458559,47.5974963050613,47.4020335534063
272,272,2,"bracelet","Bracelet","complete",0,0.788713932037354,88,0.329337675550444,1680.88130676799,47.4246252792639,47.4020335534063
273,273,2,"bracelet","Bracelet","complete",0,0.824172735214233,80,0.329334224491031,1904.93254348182,47.4241283267084,47.4020335534063
274,274,2,"bracelet","Bracelet","complete",0,0.483563661575317,98,0.329773518680894,1434.6496321137,47.4873866900487,47.4020335534063
275,275,2,"bracelet","Bracelet","complete",0,1.01136183738708,76,0.329279323953908,2046.92502025292,47.4162226493628,47.4020335534063
276,276,2,"bracelet","Bracelet","complete",0,0.482028961181641,71,0.32969947055221,2320.19240509648,47.4767237595183,47.4020335534063
277,277,2,"bracelet","Bracelet","complete",0,1.06137156486511,71,0.331800286623782,2447.90365538941,47.7792412738247,47.4020335534063
278,278,2,"bracelet","Bracelet","complete",0,1.09869575500488,101,0.329408651905056,1378.28620192773,47.4348458743281,47.4020335534063
279,279,2,"bracelet","Bracelet","complete",0,0.836225748062134,84,0.330077650562491,1805.55599572718,47.5311816809987,47.4020335534063
280,280,2,"bracelet","Bracelet","complete",0,1.47285795211792,101,0.330166522849859,1373.74471704982,47.5439792903797,47.4020335534063
281,281,2,"bracelet","Bracelet","complete",0,1.16197395324707,90,0.329611693673827,1629.00221239918,47.4640838890311,47.4020335534063
282,282,2,"bracelet","Bracelet","complete",0,0.772631168365479,75,0.331821966600539,2062.26180189567,47.7823631904776,47.4020335534063
283,283,2,"bracelet","Bracelet","complete",0,0.613093137741089,77,0.330867996988315,1992.87221781715,47.6449915663174,47.4020335534063
284,284,2,"bracelet","Bracelet","complete",0,1.6405189037323,90,0.330310649851634,1634.41841741225,47.5647335786352,47.4020335534063
285,285,2,"bracelet","Bracelet","complete",0,1.24423599243164,73,0.330252925898664,2166.65292328834,47.5564213294076,47.4020335534063
286,286,2,"bracelet","Bracelet","complete",0,1.09207844734192,71,0.329886821919935,2416.59376501362,47.5037023564707,47.4020335534063
287,287,2,"bracelet","Bracelet","complete",0,1.23385572433472,75,0.332108569269315,2062.26180189567,47.8236339747813,47.4020335534063
288,288,2,"bracelet","Bracelet","complete",0,1.40134882926941,99,0.330293408251679,1412.51366602882,47.5622507882418,47.4020335534063
289,289,2,"bracelet","Bracelet","complete",0,1.16022419929504,91,0.330078263558701,1608.38309670396,47.531269952453,47.4020335534063
290,290,2,"bracelet","Bracelet","complete",0,0.667200088500977,71,0.356439176023006,2535.79783692231,51.3272413473129,47.4020335534063
291,291,2,"bracelet","Bracelet","complete",0,0.478943824768066,78,0.329827832294585,1960.95417849704,47.4952078504202,47.4020335534063
292,292,2,"bracelet","Bracelet","complete",0,1.72806215286255,87,0.330017897541981,1707.26778020705,47.5225772460453,47.4020335534063
293,293,2,"bracelet","Bracelet","complete",0,1.10932350158691,71,0.370138663166299,2500.75576400964,53.2999674959471,47.4020335534063
294,294,2,"bracelet","Bracelet","complete",0,1.30918049812317,80,0.329290131591229,1904.93254348182,47.417778949137,47.4020335534063
295,295,2,"bracelet","Bracelet","complete",0,1.01231813430786,97,0.329863525872922,1477.99117162978,47.5003477257008,47.4020335534063
296,296,2,"bracelet","Bracelet","complete",0,1.15539979934692,71,0.329400403793606,2422.49272751375,47.4336581462793,47.4020335534063
297,297,2,"bracelet","Bracelet","complete",0,1.43724846839905,87,0.329409387106545,1720.9112827957,47.4349517433425,47.4020335534063
298,298,2,"bracelet","Bracelet","complete",0,1.08536028862,71,0.409108024198891,2625.40482077931,58.9115554846403,47.4020335534063
299,299,2,"bracelet","Bracelet","complete",0,0.961421489715576,90,0.329847472839852,1629.00221239918,47.4980360889386,47.4020335534063
300,300,2,"bracelet","Bracelet","complete",0,0.654850006103516,78,0.329449457462007,1960.95417849704,47.440721874529,47.4020335534063
301,301,2,"bracelet","Bracelet","complete",0,1.31924986839294,71,0.331250279047966,2433.35107587966,47.7000401829071,47.4020335534063
302,302,2,"bracelet","Bracelet","complete",0,1.62958955764771,71,0.334167298991649,2544.29548458559,48.1200910547974,47.4020335534063
303,303,2,"bracelet","Bracelet","complete",0,1.25882434844971,91,0.329758825821472,1621.71406767905,47.485270918292,47.4020335534063
304,304,2,"bracelet","Bracelet","complete",0,1.30532908439636,81,0.329714525386996,1891.56764723662,47.4788916557274,47.4020335534063
305,305,2,"bracelet","Bracelet","complete",0,0.632359027862549,84,0.32939490108503,1803.2407912783,47.4328657562444,47.4020335534063
306,306,2,"bracelet","Bracelet","complete",0,1.56717443466187,105,0.329328797244118,1285.26340280954,47.423346803153,47.4020335534063
307,307,2,"bracelet","Bracelet","complete",0,1.07170248031616,89,0.329184331486713,1656.60672502474,47.4025437340867,47.4020335534063
308,308,2,"bracelet","Bracelet","complete",0,1.22863364219666,82,0.330691086607782,1860.03762697393,47.6195164715206,47.4020335534063
309,309,2,"bracelet","Bracelet","complete",0,1.07073926925659,80,0.329345860387585,1915.91282104988,47.4258038958123,47.4020335534063
310,310,2,"bracelet","Bracelet","complete",0,0.953442573547363,82,0.329921400406639,1845.47306239103,47.508681658556,47.4020335534063
311,311,2,"bracelet","Bracelet","complete",0,0.459077596664429,71,0.347626566840948,2590.69894867448,50.0582256250966,47.4020335534063
312,312,2,"bracelet","Bracelet","complete",0,0.687738418579102,82,0.329914311905376,1856.45333995909,47.5076609143742,47.4020335534063
313,313,2,"bracelet","Bracelet","complete",0,0.508917808532715,72,0.330411305321145,2189.8518578758,47.5792279662449,47.4020335534063
314,314,2,"bracelet","Bracelet","complete",0,0.51703929901123,89,0.32922350410064,1656.60672502474,47.4081845904922,47.4020335534063
315,315,2,"bracelet","Bracelet","complete",0,0.522279977798462,77,0.330158865566375,1992.87221781715,47.5428766415581,47.4020335534063
316,316,2,"bracelet","Bracelet","complete",0,0.491017818450928,71,0.370092867879681,2625.40482077931,53.293372974674,47.4020335534063
317,317,2,"bracelet","Bracelet","complete",0,0.63953685760498,71,0.329402573815326,2489.67012384164,47.4339706294069,47.4020335534063
318,318,2,"bracelet","Bracelet","complete",0,1.11825275421143,104,0.330155855771683,1294.08681417683,47.5424432311224,47.4020335534063
319,319,2,"bracelet","Bracelet","complete",0,0.535667657852173,71,0.335042129112406,2543.68799150718,48.2460665921865,47.4020335534063
320,320,2,"bracelet","Bracelet","complete",0,0.508072376251221,94,0.329785414962727,1542.64646231884,47.4890997546327,47.4020335534063
321,321,2,"bracelet","Bracelet","complete",0,0.507342338562012,86,0.329658010609111,1750.04205759515,47.470753527712,47.4020335534063
322,322,2,"bracelet","Bracelet","complete",0,0.708349466323853,71,0.329263321286484,2371.17557360114,47.4139182652536,47.4020335534063
323,323,2,"bracelet","Bracelet","complete",0,0.496217250823975,71,0.330804626286334,2425.99601241498,47.6358661852322,47.4020335534063
324,324,2,"bracelet","Bracelet","complete",0,0.730467081069946,80,0.329849118002332,1901.69146782749,47.4982729923358,47.4020335534063
325,325,2,"bracelet","Bracelet","complete",0,0.857948541641235,71,0.32959349438535,2371.53460953799,47.4614631914904,47.4020335534063
326,326,2,"bracelet","Bracelet","complete",0,0.998261213302612,90,0.330395672600127,1631.92926749899,47.5769768544183,47.4020335534063
327,327,2,"bracelet","Bracelet","complete",0,0.492205381393433,75,0.329674030940662,2094.39437444619,47.4730604554553,47.4020335534063
328,328,2,"bracelet","Bracelet","complete",0,0.711258172988892,78,0.329751818733259,1977.5354361744,47.4842618975892,47.4020335534063
329,329,2,"bracelet","Bracelet","complete",0,1.16820025444031,71,0.331156250434557,2425.99601241498,47.6865000625762,47.4020335534063
330,330,2,"bracelet","Bracelet","complete",0,0.792399644851685,71,0.329189304563498,2481.79648729078,47.4032598571437,47.4020335534063
331,331,2,"bracelet","Bracelet","complete",0,0.668342590332031,71,0.368829623158893,2625.40482077931,53.1114657348806,47.4020335534063
332,332,2,"bracelet","Bracelet","complete",0,0.549160480499268,76,0.329228367240677,2046.92502025292,47.4088848826575,47.4020335534063
333,333,2,"bracelet","Bracelet","complete",0,0.648342609405518,74,0.330300867256873,2110.29650885685,47.5633248849897,47.4020335534063
334,334,2,"bracelet","Bracelet","complete",0,1.00641894340515,79,0.329745933621652,1945.61739685429,47.4834144415178,47.4020335534063
335,335,2,"bracelet","Bracelet","complete",0,1.36639595031738,105,0.330543010514887,1280.72191793163,47.5981935141438,47.4020335534063
336,336,2,"bracelet","Bracelet","complete",0,0.961886405944824,102,0.32922505665416,1338.78238157148,47.4084081581991,47.4020335534063
337,337,2,"bracelet","Bracelet","complete",0,0.479823350906372,81,0.329922598541348,1895.64377217871,47.5088541899541,47.4020335534063
338,338,2,"bracelet","Bracelet","complete",0,0.694598436355591,71,0.345245606237537,2532.15086720107,49.7153672982053,47.4020335534063
339,339,2,"bracelet","Bracelet","complete",0,0.481492519378662,71,0.329181747657985,2282.96437284421,47.4021716627498,47.4020335534063
340,340,2,"bracelet","Bracelet","complete",0,0.838447570800781,88,0.329714227179514,1680.88130676799,47.47884871385,47.4020335534063
341,341,2,"bracelet","Bracelet","complete",0,0.49860668182373,78,0.32948673169222,1960.95417849704,47.4460893636797,47.4020335534063
342,342,2,"bracelet","Bracelet","complete",0,0.730241298675537,95,0.329511638118548,1507.91216500788,47.449675889071,47.4020335534063
343,343,2,"bracelet","Bracelet","complete",0,1.13677859306335,86,0.329785453801938,1739.28816045624,47.489105347479,47.4020335534063
344,344,2,"bracelet","Bracelet","complete",0,0.641323328018188,88,0.329555989191913,1682.27309522063,47.4560624436355,47.4020335534063
345,345,2,"bracelet","Bracelet","complete",0,0.720132112503052,72,0.329243552707351,2189.69206219129,47.4110715898585,47.4020335534063
346,346,2,"bracelet","Bracelet","complete",0,0.565498352050781,79,0.329374512171471,1931.24960269263,47.4299297526918,47.4020335534063
347,347,2,"bracelet","Bracelet","complete",0,0.891973495483398,83,0.329387011850693,1816.60568752349,47.4317297064998,47.4020335534063
348,348,2,"bracelet","Bracelet","complete",0,1.03043127059937,74,0.329780981132161,2121.87245371685,47.4884612830312,47.4020335534063
349,349,2,"bracelet","Bracelet","complete",0,1.05634784698486,97,0.330131471327059,1470.37915345754,47.5389318710965,47.4020335534063
350,350,2,"bracelet","Bracelet","complete",0,1.22416353225708,74,0.330204529521274,2121.27802882238,47.5494522510635,47.4020335534063
351,351,2,"bracelet","Bracelet","complete",0,0.644757747650146,85,0.329714353492622,1783.59439553511,47.4788669029375,47.4020335534063
352,352,2,"bracelet","Bracelet","complete",0,0.773581743240356,74,0.329446293996144,2102.0671452199,47.4402663354447,47.4020335534063
353,353,2,"bracelet","Bracelet","complete",0,1.50070571899414,74,0.329208306003245,2121.27802882238,47.4059960644673,47.4020335534063
354,354,2,"bracelet","Bracelet","complete",0,0.453067779541016,71,0.3346915957559,2508.42571655289,48.1955897888496,47.4020335534063
355,355,2,"bracelet","Bracelet","complete",0,1.22240686416626,91,0.330286167504304,1608.38309670396,47.5612081206198,47.4020335534063
356,356,2,"bracelet","Bracelet","complete",0,0.739351034164429,83,0.330056446408346,1837.62785416726,47.5281282828018,47.4020335534063
357,357,2,"bracelet","Bracelet","complete",0,1.30347609519958,90,0.330311444158333,1630.39400085182,47.5648479588,47.4020335534063
358,358,2,"bracelet","Bracelet","complete",0,1.20946574211121,76,0.330187181463272,2026.67599309993,47.5469541307112,47.4020335534063
359,359,2,"bracelet","Bracelet","complete",0,1.09620976448059,73,0.330116397932255,2147.69110858653,47.5367613022447,47.4020335534063
360,360,2,"bracelet","Bracelet","complete",0,0.976500988006592,71,0.354947428221147,2480.21637215414,51.1124296638452,47.4020335534063
361,361,2,"bracelet","Bracelet","complete",0,1.19752907752991,85,0.330036314915697,1777.08102525966,47.5252293478603,47.4020335534063
362,362,2,"bracelet","Bracelet","complete",0,1.13258743286133,74,0.329371225361121,2113.03604240025,47.4294564520015,47.4020335534063
363,363,2,"bracelet","Bracelet","complete",0,0.680483818054199,82,0.331104789067957,1861.5728936211,47.6790896257858,47.4020335534063
364,364,2,"bracelet","Bracelet","complete",0,0.519071578979492,93,0.32918321148536,1574.7104454995,47.4023824538918,47.4020335534063
365,365,2,"bracelet","Bracelet","complete",0,0.65240216255188,79,0.330248257848421,1931.24960269263,47.5557491301726,47.4020335534063
366,366,2,"bracelet","Bracelet","complete",0,1.92337894439697,81,0.329444008336176,1894.40332310736,47.4399372004093,47.4020335534063
367,367,2,"bracelet","Bracelet","complete",0,1.10256767272949,76,0.329679424213333,2026.67599309993,47.47383708672,47.4020335534063
368,368,2,"bracelet","Bracelet","complete",0,0.768848657608032,81,0.329453510037467,1875.37440861668,47.4413054453952,47.4020335534063
369,369,2,"bracelet","Bracelet","complete",0,1.43778657913208,71,0.329246347461168,2542.42237072455,47.4114740344082,47.4020335534063
370,370,2,"bracelet","Bracelet","complete",0,1.26801896095276,94,0.330015006938059,1531.14789381497,47.5221609990805,47.4020335534063
371,371,2,"bracelet","Bracelet","complete",0,0.971948385238647,90,0.329433240526532,1640.31477367973,47.4383866358206,47.4020335534063
372,372,2,"bracelet","Bracelet","complete",0,1.06597495079041,76,0.330065001884064,2026.67599309993,47.5293602713052,47.4020335534063
373,373,2,"bracelet","Bracelet","complete",0,0.611988067626953,71,0.329833730906426,2528.3721736623,47.4960572505253,47.4020335534063
374,374,2,"bracelet","Bracelet","complete",0,1.5378839969635,71,0.330532808411802,2484.14690836529,47.5967244112995,47.4020335534063
375,375,2,"bracelet","Bracelet","complete",0,0.91358208656311,71,0.329261220651665,2527.16284597893,47.4136157738398,47.4020335534063
376,376,2,"bracelet","Bracelet","complete",0,0.831284523010254,71,0.331726626401988,2544.29548458559,47.7686342018863,47.4020335534063
377,377,2,"bracelet","Bracelet","complete",0,0.628289937973022,82,0.329593829153754,1868.08626389655,47.4615113981406,47.4020335534063
378,378,2,"bracelet","Bracelet","complete",0,1.34297299385071,74,0.330747022480782,2102.0671452199,47.6275712372326,47.4020335534063
379,379,2,"bracelet","Bracelet","complete",0,0.662621259689331,73,0.33000548096055,2166.65292328834,47.5207892583192,47.4020335534063
380,380,2,"bracelet","Bracelet","complete",0,0.80873441696167,71,0.329875421924453,2449.08199180268,47.5020607571212,47.4020335534063
381,381,2,"bracelet","Bracelet","complete",0,0.642815351486206,94,0.330272667754964,1535.35831759871,47.5592641567148,47.4020335534063
382,382,2,"bracelet","Bracelet","complete",0,0.650960683822632,90,0.329452958001591,1646.3915252048,47.4412259522292,47.4020335534063
383,383,2,"bracelet","Bracelet","complete",0,0.687635660171509,74,0.329508469970423,2121.87245371685,47.4492196757409,47.4020335534063
384,384,2,"bracelet","Bracelet","complete",0,0.639108896255493,84,0.329717107009262,1790.88254025524,47.4792634093338,47.4020335534063
385,385,2,"bracelet","Bracelet","complete",0,1.09817504882812,71,0.329241395233724,2303.80232717341,47.4107609136563,47.4020335534063
386,386,2,"bracelet","Bracelet","complete",0,1.1357569694519,71,0.329240749118394,2273.13470133228,47.4106678730488,47.4020335534063
387,387,2,"bracelet","Bracelet","complete",0,1.10343194007874,75,0.330854296953206,2062.26180189567,47.6430187612617,47.4020335534063
388,388,2,"bracelet","Bracelet","complete",0,0.804274797439575,85,0.329629389239243,1778.13424150516,47.466632050451,47.4020335534063
389,389,2,"bracelet","Bracelet","complete",0,1.61030697822571,83,0.329603796691869,1818.05130816901,47.4629467236292,47.4020335534063
390,390,2,"bracelet","Bracelet","complete",0,0.492271661758423,75,0.329410081263119,2062.26180189567,47.4350517018891,47.4020335534063
391,391,2,"bracelet","Bracelet","complete",0,1.8864369392395,96,0.329723470530412,1500.62402028775,47.4801797563793,47.4020335534063
392,392,2,"bracelet","Bracelet","complete",0,1.25274872779846,74,0.329707381222638,2121.27802882238,47.4778628960598,47.4020335534063
393,393,2,"bracelet","Bracelet","complete",0,1.15532088279724,71,0.329205714736522,2385.6145682327,47.4056229220592,47.4020335534063
394,394,2,"bracelet","Bracelet","complete",0,0.941156625747681,71,0.335352149950238,2544.29548458559,48.2907095928342,47.4020335534063
395,395,2,"bracelet","Bracelet","complete",0,0.634957790374756,111,0.329419457109385,1146.1513075736,47.4364018237515,47.4020335534063
396,396,2,"bracelet","Bracelet","complete",0,0.701938629150391,74,0.329403232167575,2103.11321686768,47.4340654321307,47.4020335534063
397,397,2,"bracelet","Bracelet","complete",0,0.467021703720093,84,0.32980125856202,1789.18393330148,47.4913812329309,47.4020335534063
398,398,2,"bracelet","Bracelet","complete",0,1.32842087745667,75,0.330014258609806,2062.26180189567,47.5220532398121,47.4020335534063
399,399,2,"bracelet","Bracelet","complete",0,1.24330163002014,93,0.330330436659308,1557.5466252112,47.5675828789403,47.4020335534063
400,400,2,"bracelet","Bracelet","complete",0,0.755139350891113,80,0.329784186521598,1915.91282104988,47.4889228591102,47.4020335534063
401,401,2,"bracelet","Bracelet","complete",0,0.88401460647583,77,0.329306529625752,1992.87221781715,47.4201402661083,47.4020335534063
402,402,2,"bracelet","Bracelet","complete",0,1.58725643157959,78,0.329393426248888,1977.30862837921,47.4326533798398,47.4020335534063
403,403,2,"bracelet","Bracelet","complete",0,1.22404003143311,86,0.330410967435468,1734.85627598581,47.5791793107074,47.4020335534063
404,404,2,"bracelet","Bracelet","complete",0,1.18328547477722,72,0.329700162693165,2189.69206219129,47.4768234278157,47.4020335534063
405,405,2,"bracelet","Bracelet","complete",0,1.48584151268005,71,0.346538713380815,2546.22882848903,49.9015747268373,47.4020335534063
406,406,2,"bracelet","Bracelet","complete",0,1.7572808265686,100,0.330143555111279,1388.90549753817,47.5406719360242,47.4020335534063
407,407,2,"bracelet","Bracelet","complete",0,0.927226305007935,81,0.32949603270495,1871.79012160184,47.4474287095128,47.4020335534063
408,408,2,"bracelet","Bracelet","complete",0,0.640536785125732,71,0.329205637109,2487.7970099806,47.405611743696,47.4020335534063
409,409,2,"bracelet","Bracelet","complete",0,1.57813167572021,99,0.329861602621114,1412.20070690523,47.5000707774405,47.4020335534063
410,410,2,"bracelet","Bracelet","complete",0,0.483303308486938,87,0.330524546062319,1722.44654944287,47.595534632974,47.4020335534063
411,411,2,"bracelet","Bracelet","complete",0,1.5638370513916,71,0.329235137432654,2325.12618413617,47.4098597903021,47.4020335534063
412,412,2,"bracelet","Bracelet","complete",0,0.67233681678772,93,0.329639129470349,1573.31865704686,47.4680346437302,47.4020335534063
413,413,2,"bracelet","Bracelet","complete",0,0.661673069000244,92,0.329789812611492,1579.55752935907,47.4897330160549,47.4020335534063
414,414,2,"bracelet","Bracelet","complete",0,0.848705530166626,89,0.329924748612881,1667.51641052279,47.5091638002549,47.4020335534063
415,415,2,"bracelet","Bracelet","complete",0,0.562994956970215,71,0.377545471111428,2500.75576400964,54.3665478400456,47.4020335534063
416,416,2,"bracelet","Bracelet","complete",0,0.448471784591675,90,0.329732582054433,1649.31858030461,47.4814918158384,47.4020335534063
417,417,2,"bracelet","Bracelet","complete",0,0.625309944152832,93,0.329355998341898,1556.01135856404,47.4272637612334,47.4020335534063
418,418,2,"bracelet","Bracelet","complete",0,0.463245391845703,78,0.329508610411045,1977.5354361744,47.4492398991905,47.4020335534063
419,419,2,"bracelet","Bracelet","complete",0,0.970250844955444,89,0.329873335453699,1660.22826580266,47.5017603053327,47.4020335534063
420,420,2,"bracelet","Bracelet","complete",0,1.46043086051941,79,0.329342199720968,1945.61739685429,47.4252767598194,47.4020335534063
421,421,2,"bracelet","Bracelet","complete",0,0.807185173034668,97,0.329777721965243,1459.06995264316,47.487991962995,47.4020335534063
422,422,2,"bracelet","Bracelet","complete",0,1.04026699066162,92,0.329737020480836,1584.56988579109,47.4821309492404,47.4020335534063
423,423,2,"bracelet","Bracelet","complete",0,0.665895223617554,81,0.32978137342285,1871.79012160184,47.4885177728904,47.4020335534063
424,424,2,"bracelet","Bracelet","complete",0,0.854324817657471,81,0.330016157462411,1888.32657158229,47.5223266745872,47.4020335534063
425,425,2,"bracelet","Bracelet","complete",0,0.537831544876099,94,0.330791141579686,1544.181728966,47.6339243874748,47.4020335534063
426,426,2,"bracelet","Bracelet","complete",0,0.4814453125,74,0.329599508326605,2134.65208676262,47.4623291990311,47.4020335534063
427,427,2,"bracelet","Bracelet","complete",0,0.480699777603149,71,0.329680636679118,2517.74655293737,47.474011681793,47.4020335534063
428,428,2,"bracelet","Bracelet","complete",0,0.605742692947388,71,0.329622068581467,2326.68598047678,47.4655778757312,47.4020335534063
429,429,2,"bracelet","Bracelet","complete",0,0.685834169387817,71,0.330716277016339,2530.58517695022,47.6231438903529,47.4020335534063
430,430,2,"bracelet","Bracelet","complete",0,0.652040719985962,79,0.329524610956747,1945.61739685429,47.4515439777716,47.4020335534063
431,431,2,"bracelet","Bracelet","complete",0,0.810456514358521,78,0.329613048493941,1976.55865886241,47.4642789831275,47.4020335534063
432,432,2,"bracelet","Bracelet","complete",0,0.881826877593994,80,0.329184301095261,1917.88470644743,47.4025393577176,47.4020335534063
433,433,2,"bracelet","Bracelet","complete",0,0.533738851547241,82,0.329371507879013,1864.50197688171,47.4294971345778,47.4020335534063
434,434,2,"bracelet","Bracelet","complete",0,0.88667631149292,87,0.329215471738932,1720.9112827957,47.4070279304063,47.4020335534063
435,435,2,"bracelet","Bracelet","complete",0,0.587925672531128,77,0.329479909785933,2013.31109685473,47.4451070091744,47.4020335534063
436,436,2,"bracelet","Bracelet","complete",0,0.727937459945679,95,0.330007454686672,1510.14278109897,47.5210734748807,47.4020335534063
437,437,2,"bracelet","Bracelet","complete",0,1.60112380981445,84,0.329512547835775,1789.18393330148,47.4498068883516,47.4020335534063
438,438,2,"bracelet","Bracelet","complete",0,1.44438552856445,71,0.336532439971501,2583.83985859525,48.4606713558961,47.4020335534063
439,439,2,"bracelet","Bracelet","complete",0,1.06482219696045,81,0.329533531614066,1890.64177603117,47.4528285524255,47.4020335534063
440,440,2,"bracelet","Bracelet","complete",0,0.911015033721924,77,0.329671503901236,1992.87221781715,47.472696561778,47.4020335534063
441,441,2,"bracelet","Bracelet","complete",0,1.21050810813904,71,0.329217766742713,2255.80798657987,47.4073584109506,47.4020335534063
442,442,2,"bracelet","Bracelet","complete",0,1.21531581878662,94,0.32930150121903,1548.50596762624,47.4194161755403,47.4020335534063
443,443,2,"bracelet","Bracelet","complete",0,1.21046233177185,100,0.329389196085524,1398.83581066003,47.4320442363154,47.4020335534063
444,444,2,"bracelet","Bracelet","complete",0,0.977738380432129,73,0.330293516838452,2169.5992511386,47.5622664247372,47.4020335534063
445,445,2,"bracelet","Bracelet","complete",0,0.466336250305176,101,0.330133916859585,1362.9785195578,47.5392840277802,47.4020335534063
446,446,2,"bracelet","Bracelet","complete",0,0.972260236740112,110,0.330471563643489,1165.77812484829,47.5879051646624,47.4020335534063
447,447,2,"bracelet","Bracelet","complete",0,0.958101749420166,75,0.332368380822003,2063.79706854283,47.8610468383684,47.4020335534063
448,448,2,"bracelet","Bracelet","complete",0,1.10698127746582,71,0.356906805992271,2535.79783692231,51.394580062887,47.4020335534063
449,449,2,"bracelet","Bracelet","complete",0,1.07481718063354,87,0.330236673346737,1722.44654944287,47.5540809619301,47.4020335534063
450,450,2,"bracelet","Bracelet","complete",0,1.58262777328491,81,0.329453023088718,1886.35468618474,47.4412353247754,47.4020335534063
451,451,2,"bracelet","Bracelet","complete",0,1.23822975158691,76,0.329771967217448,2048.89690565047,47.4871632793126,47.4020335534063
452,452,2,"bracelet","Bracelet","complete",0,0.897990465164185,84,0.329944488544864,1792.41780690241,47.5120063504604,47.4020335534063
453,453,2,"bracelet","Bracelet","complete",0,0.594365358352661,86,0.329772216493917,1736.24806443845,47.4871991751241,47.4020335534063
454,454,2,"bracelet","Bracelet","complete",0,0.674559354782104,73,0.330968745070855,2141.37083987507,47.6594992902031,47.4020335534063
455,455,2,"bracelet","Bracelet","complete",0,1.43988537788391,71,0.329345463069604,2331.4836750688,47.425746682023,47.4020335534063
456,456,2,"bracelet","Bracelet","complete",0,1.2586829662323,89,0.330077956778453,1661.6200542553,47.5312257760972,47.4020335534063
457,457,2,"bracelet","Bracelet","complete",0,0.832386016845703,84,0.329685807173212,1790.88254025524,47.4747562329425,47.4020335534063
458,458,2,"bracelet","Bracelet","complete",0,1.26870799064636,94,0.329843262181104,1551.29450941537,47.4974297540789,47.4020335534063
459,459,2,"bracelet","Bracelet","complete",0,1.10684180259705,93,0.329780512858145,1576.24571214666,47.4883938515729,47.4020335534063
460,460,2,"bracelet","Bracelet","complete",0,1.49144458770752,71,0.329259324995222,2358.39481145456,47.413342799312,47.4020335534063
461,461,2,"bracelet","Bracelet","complete",0,1.06927394866943,72,0.33061995922014,2186.811761858,47.6092741277002,47.4020335534063
462,462,2,"bracelet","Bracelet","complete",0,1.07741522789001,71,0.331182434220778,2561.77280146799,47.690270527792,47.4020335534063
463,463,2,"bracelet","Bracelet","complete",0,1.06346035003662,85,0.330418381769648,1778.58585463029,47.5802469748293,47.4020335534063
464,464,2,"bracelet","Bracelet","complete",0,0.843429803848267,71,0.349552290997461,2515.72408677509,50.3355299036344,47.4020335534063
465,465,2,"bracelet","Bracelet","complete",0,1.12929654121399,74,0.329237017743319,2121.27802882238,47.410130555038,47.4020335534063
466,466,2,"bracelet","Bracelet","complete",0,0.834562540054321,91,0.329766653022971,1604.15297256201,47.4863980353078,47.4020335534063
467,467,2,"bracelet","Bracelet","complete",0,1.31222319602966,77,0.329604216975139,2006.0229521346,47.46300724442,47.4020335534063
468,468,2,"bracelet","Bracelet","complete",0,0.885735750198364,99,0.329910869652684,1415.53185779554,47.5071652299865,47.4020335534063
469,469,2,"bracelet","Bracelet","complete",0,1.42175364494324,79,0.329918475341031,1940.30113753171,47.5082604491085,47.4020335534063
470,470,2,"bracelet","Bracelet","complete",0,0.630693435668945,71,0.349507915215379,2508.42571655289,50.3291397910146,47.4020335534063
471,471,2,"bracelet","Bracelet","complete",0,1.575275182724,71,0.329540639830244,2465.6679854383,47.4538521355551,47.4020335534063
472,472,2,"bracelet","Bracelet","complete",0,0.474956512451172,71,0.331004106586329,2544.29548458559,47.6645913484314,47.4020335534063
473,473,2,"bracelet","Bracelet","complete",0,0.959346771240234,71,0.329703512465314,2421.94677158876,47.4773057950052,47.4020335534063
474,474,2,"bracelet","Bracelet","complete",0,0.828211545944214,76,0.329552244898569,2028.21125974709,47.4555232653939,47.4020335534063
475,475,2,"bracelet","Bracelet","complete",0,1.43477749824524,77,0.329974655373241,2005.74020688935,47.5163503737466,47.4020335534063
476,476,2,"bracelet","Bracelet","complete",0,0.530115842819214,84,0.329916081872536,1790.88254025524,47.5079157896452,47.4020335534063
477,477,2,"bracelet","Bracelet","complete",0,0.827380657196045,100,0.330488322404438,1391.5476659399,47.5903184262391,47.4020335534063
478,478,2,"bracelet","Bracelet","complete",0,2.06816744804382,72,0.329392545548625,2189.69206219129,47.432526559002,47.4020335534063
479,479,2,"bracelet","Bracelet","complete",0,1.28298616409302,75,0.332229265022692,2062.26180189567,47.8410141632677,47.4020335534063
480,480,2,"bracelet","Bracelet","complete",0,0.812793731689453,79,0.329714750481961,1936.17238593339,47.4789240694024,47.4020335534063
481,481,2,"bracelet","Bracelet","complete",0,1.59722423553467,81,0.330033508463958,1875.37440861668,47.5248252188099,47.4020335534063
482,482,2,"bracelet","Bracelet","complete",0,1.30709481239319,77,0.329737489044479,1992.87221781715,47.482198422405,47.4020335534063
483,483,2,"bracelet","Bracelet","complete",0,0.583560943603516,76,0.329941884000053,2049.96511627071,47.5116312960077,47.4020335534063
484,484,2,"bracelet","Bracelet","complete",0,0.829042434692383,72,0.330431695196649,2186.811761858,47.5821641083175,47.4020335534063
485,485,2,"bracelet","Bracelet","complete",0,0.479357004165649,86,0.32934810690557,1751.57732424232,47.426127394402,47.4020335534063
486,486,2,"bracelet","Bracelet","complete",0,1.78136444091797,71,0.329343804173902,2410.07609325441,47.4255078010419,47.4020335534063
487,487,2,"bracelet","Bracelet","complete",0,1.07855677604675,80,0.329951608872636,1906.46781012899,47.5130316776596,47.4020335534063
488,488,2,"bracelet","Bracelet","complete",0,0.576290130615234,78,0.329486394190063,1960.95417849704,47.4460407633691,47.4020335534063
489,489,2,"bracelet","Bracelet","complete",0,0.480469703674316,87,0.329366319269664,1711.39685764655,47.4287499748316,47.4020335534063
490,490,2,"bracelet","Bracelet","complete",0,1.42011117935181,91,0.329918986381283,1605.54476101466,47.5083340389048,47.4020335534063
491,491,2,"bracelet","Bracelet","complete",0,1.43370771408081,71,0.329668204165536,2370.00853833439,47.4722213998372,47.4020335534063
492,492,2,"bracelet","Bracelet","complete",0,0.488011598587036,88,0.330196413249855,1689.20855003405,47.5482835079792,47.4020335534063
493,493,2,"bracelet","Bracelet","complete",0,1.56325030326843,75,0.329255030100348,2062.26180189567,47.4127243344502,47.4020335534063
494,494,2,"bracelet","Bracelet","complete",0,0.93488073348999,71,0.343798750482725,2544.29548458559,49.5070200695124,47.4020335534063
495,495,2,"bracelet","Bracelet","complete",0,0.653402090072632,71,0.349809498846238,2528.61148674525,50.3725678338583,47.4020335534063
496,496,2,"bracelet","Bracelet","complete",0,0.473990917205811,84,0.329209572348412,1804.47390357939,47.4061784181713,47.4020335534063
497,497,2,"bracelet","Bracelet","complete",0,0.800061225891113,71,0.35811992187193,2535.79783692231,51.5692687495579,47.4020335534063
498,498,2,"bracelet","Bracelet","complete",0,1.73303890228271,87,0.329199154211834,1707.26778020705,47.4046782065041,47.4020335534063
499,499,2,"bracelet","Bracelet","complete",0,0.889963865280151,88,0.330020395968811,1682.27309522063,47.5229370195089,47.4020335534063
500,500,2,"bracelet","Bracelet","complete",0,0.659026622772217,87,0.330243087113846,1719.51949434306,47.5550045443938,47.4020335534063
501,501,2,"bracelet","Bracelet","complete",0,0.495429992675781,85,0.329929625712713,1762.01516538771,47.5098661026307,47.4020335534063
502,502,2,"bracelet","Bracelet","complete",0,0.483534336090088,100,0.32993911169225,1390.01239929273,47.511232083684,47.4020335534063
503,503,2,"bracelet","Bracelet","complete",0,1.97558641433716,71,0.350155331087254,2528.61148674525,50.4223676765646,47.4020335534063
504,504,2,"bracelet","Bracelet","complete",0,1.13839864730835,82,0.329481337243092,1871.12635991435,47.4453125630052,47.4020335534063
505,505,2,"bracelet","Bracelet","complete",0,1.30913543701172,73,0.329299340474838,2155.42492290445,47.4191050283766,47.4020335534063
506,506,2,"bracelet","Bracelet","complete",0,1.14597082138062,72,0.329544770526754,2218.69459476262,47.4544469558526,47.4020335534063
507,507,2,"bracelet","Bracelet","complete",0,1.38133645057678,88,0.330178139556346,1690.74381668122,47.5456520961138,47.4020335534063
508,508,2,"bracelet","Bracelet","complete",0,0.912762641906738,85,0.329856411420337,1786.63449155291,47.4993232445285,47.4020335534063
509,509,2,"bracelet","Bracelet","complete",0,1.57734489440918,88,0.32961384882929,1691.9309985643,47.4643942314178,47.4020335534063
510,510,2,"bracelet","Bracelet","complete",0,1.13389301300049,71,0.329193721062232,2237.1805226924,47.4038958329615,47.4020335534063
511,511,2,"bracelet","Bracelet","complete",0,1.23506712913513,71,0.338724681203414,2572.3925932691,48.7763540932916,47.4020335534063
512,512,2,"bracelet","Bracelet","complete",0,1.07217144966125,82,0.329731170320105,1854.72136765135,47.481288526095,47.4020335534063
513,513,2,"bracelet","Bracelet","complete",0,1.08359503746033,100,0.329429403130346,1385.57434664786,47.4378340507698,47.4020335534063
514,514,2,"bracelet","Bracelet","complete",0,1.07885050773621,89,0.329333193762413,1674.9849505005,47.4239799017874,47.4020335534063
515,515,2,"bracelet","Bracelet","complete",0,0.941265344619751,91,0.329883663206032,1615.63731615398,47.5032475016686,47.4020335534063
516,516,2,"bracelet","Bracelet","complete",0,0.607044458389282,81,0.329243956026601,1891.56764723662,47.4111296678305,47.4020335534063
517,517,2,"bracelet","Bracelet","complete",0,1.50071692466736,71,0.333762080651534,2572.3925932691,48.0617396138208,47.4020335534063
518,518,2,"bracelet","Bracelet","complete",0,0.827185869216919,72,0.329377461045523,2212.3929956124,47.4303543905553,47.4020335534063
519,519,2,"bracelet","Bracelet","complete",0,1.91127967834473,83,0.32999752705704,1832.10816614583,47.5196438962138,47.4020335534063
520,520,2,"bracelet","Bracelet","complete",0,1.09632587432861,99,0.329581252707714,1427.36148739357,47.4597003899108,47.4020335534063
521,521,2,"bracelet","Bracelet","complete",0,1.10827493667603,82,0.329982318885087,1847.0083290382,47.5174539194525,47.4020335534063
522,522,2,"bracelet","Bracelet","complete",0,0.943639516830444,71,0.332979767116212,2553.7315185633,47.9490864647346,47.4020335534063
523,523,2,"bracelet","Bracelet","complete",0,1.00765681266785,98,0.329904987159504,1445.95883292808,47.5063181509686,47.4020335534063
524,524,2,"bracelet","Bracelet","complete",0,0.987404823303223,83,0.330526094185328,1824.8200214257,47.5957575626872,47.4020335534063
525,525,2,"bracelet","Bracelet","complete",0,0.520983457565308,71,0.376181918072848,2625.40482077931,54.1701962024902,47.4020335534063
526,526,2,"bracelet","Bracelet","complete",0,1.10948300361633,97,0.329413584128374,1477.99117162978,47.4355561144858,47.4020335534063
527,527,2,"bracelet","Bracelet","complete",0,1.16082906723022,77,0.329408393473502,2011.11240366199,47.4348086601843,47.4020335534063
528,528,2,"bracelet","Bracelet","complete",0,1.24063587188721,77,0.329870054247135,1992.87221781715,47.5012878115875,47.4020335534063
529,529,2,"bracelet","Bracelet","complete",0,1.05441164970398,88,0.329821877289603,1680.066143364,47.4943503297028,47.4020335534063
530,530,2,"bracelet","Bracelet","complete",0,1.55970907211304,71,0.329734120055579,2587.97677288278,47.4817132880034,47.4020335534063
531,531,2,"bracelet","Bracelet","complete",0,1.06677627563477,95,0.329449539637642,1507.91216500788,47.4407337078204,47.4020335534063
532,532,2,"bracelet","Bracelet","complete",0,0.591119289398193,81,0.329567398939252,1891.56764723662,47.4577054472523,47.4020335534063
533,533,2,"bracelet","Bracelet","complete",0,1.39580988883972,80,0.32992480785635,1901.34825646698,47.5091723313144,47.4020335534063
534,534,2,"bracelet","Bracelet","complete",0,1.1211142539978,80,0.330059518465342,1901.69146782749,47.5285706590092,47.4020335534063
535,535,2,"bracelet","Bracelet","complete",0,1.27589631080627,75,0.330032326625691,2062.26180189567,47.5246550340995,47.4020335534063
536,536,2,"bracelet","Bracelet","complete",0,1.07109808921814,90,0.329939274394553,1640.31477367973,47.5112555128156,47.4020335534063
537,537,2,"bracelet","Bracelet","complete",0,1.07457232475281,71,0.330151862773309,2507.09732874309,47.5418682393565,47.4020335534063
538,538,2,"bracelet","Bracelet","complete",0,0.471712112426758,71,0.331461872645646,2465.25627499373,47.730509660973,47.4020335534063
539,539,2,"bracelet","Bracelet","complete",0,0.829991817474365,84,0.329583438903238,1789.18393330148,47.4600152020663,47.4020335534063
540,540,2,"bracelet","Bracelet","complete",0,0.845995187759399,102,0.329386892653853,1354.1551081905,47.4317125421549,47.4020335534063
541,541,2,"bracelet","Bracelet","complete",0,0.477393865585327,102,0.329192021499271,1336.4403432478,47.403651095895,47.4020335534063
542,542,2,"bracelet","Bracelet","complete",0,1.13114285469055,76,0.329536607737215,2046.92502025292,47.4532715141589,47.4020335534063
543,543,2,"bracelet","Bracelet","complete",0,1.10132765769958,95,0.329351267458916,1510.14278109897,47.4265825140839,47.4020335534063
544,544,2,"bracelet","Bracelet","complete",0,1.25655913352966,71,0.329347023155761,2378.58383361187,47.4259713344296,47.4020335534063
545,545,2,"bracelet","Bracelet","complete",0,0.499972105026245,101,0.330131840475144,1361.44325291063,47.5389850284208,47.4020335534063
546,546,2,"bracelet","Bracelet","complete",0,1.58759522438049,77,0.330047362148463,1992.87221781715,47.5268201493787,47.4020335534063
547,547,2,"bracelet","Bracelet","complete",0,1.09256887435913,84,0.329518551261917,1789.18393330148,47.4506713817161,47.4020335534063
548,548,2,"bracelet","Bracelet","complete",0,0.75447416305542,71,0.330274454510732,2385.69158393145,47.5595214495454,47.4020335534063
549,549,2,"bracelet","Bracelet","complete",0,0.604354381561279,83,0.329847198468107,1830.13628074828,47.4979965794074,47.4020335534063
550,550,2,"bracelet","Bracelet","complete",0,0.820152521133423,89,0.329753584212239,1674.9849505005,47.4845161265624,47.4020335534063
551,551,2,"bracelet","Bracelet","complete",0,0.664362668991089,97,0.330256197747326,1460.85899582044,47.556892475615,47.4020335534063
552,552,2,"bracelet","Bracelet","complete",0,0.46480131149292,78,0.329596253454793,1979.50732157195,47.4618604974902,47.4020335534063
553,553,2,"bracelet","Bracelet","complete",0,1.16245794296265,113,0.329990141718142,1094.37822032497,47.5185804074125,47.4020335534063
554,554,2,"bracelet","Bracelet","complete",0,0.631065368652344,71,0.343778898574219,2612.89990935482,49.5041613946875,47.4020335534063
555,555,2,"bracelet","Bracelet","complete",0,0.679139137268066,100,0.329314815001078,1398.83581066003,47.4213333601553,47.4020335534063
556,556,2,"bracelet","Bracelet","complete",0,1.54845094680786,103,0.329611929024376,1331.49423685135,47.4641177795101,47.4020335534063
557,557,2,"bracelet","Bracelet","complete",0,0.642720937728882,83,0.330274791967356,1818.05130816901,47.5595700432993,47.4020335534063
558,558,2,"bracelet","Bracelet","complete",0,1.02675604820251,72,0.32993324302244,2186.811761858,47.5103869952313,47.4020335534063
559,559,2,"bracelet","Bracelet","complete",0,0.481522083282471,79,0.329585908760951,1931.24960269263,47.460370861577,47.4020335534063
560,560,2,"bracelet","Bracelet","complete",0,1.2044575214386,87,0.329906377888885,1719.51949434306,47.5065184159994,47.4020335534063
561,561,2,"bracelet","Bracelet","complete",0,0.490403890609741,77,0.330937562739403,1992.87221781715,47.6550090344741,47.4020335534063
562,562,2,"bracelet","Bracelet","complete",0,0.467005491256714,76,0.33015714293832,2048.89690565047,47.5426285831181,47.4020335534063
563,563,2,"bracelet","Bracelet","complete",0,1.08893895149231,88,0.329986661858369,1691.9309985643,47.5180793076051,47.4020335534063
564,564,2,"bracelet","Bracelet","complete",0,0.654060840606689,71,0.373542771999259,2625.40482077931,53.7901591678933,47.4020335534063
565,565,2,"bracelet","Bracelet","complete",0,0.702990293502808,97,0.32993444385201,1471.91442010471,47.5105599146895,47.4020335534063
566,566,2,"bracelet","Bracelet","complete",0,0.514647245407104,77,0.330364165689827,2011.33921145718,47.5724398593351,47.4020335534063
567,567,2,"bracelet","Bracelet","complete",0,1.27009654045105,81,0.329980903653255,1874.96178302791,47.5172501260688,47.4020335534063
568,568,2,"bracelet","Bracelet","complete",0,0.663358688354492,94,0.330349821826924,1531.14789381497,47.5703743430771,47.4020335534063
569,569,2,"bracelet","Bracelet","complete",0,0.7591872215271,90,0.329642139451886,1633.06055422971,47.4684680810716,47.4020335534063
570,570,2,"bracelet","Bracelet","complete",0,0.797439336776733,86,0.329389988934782,1740.32418938054,47.4321584066086,47.4020335534063
571,571,2,"bracelet","Bracelet","complete",0,0.863374948501587,100,0.329652654971706,1385.57434664786,47.4699823159257,47.4020335534063
572,572,2,"bracelet","Bracelet","complete",0,1.19193959236145,79,0.329684073819327,1931.24960269263,47.4745066299831,47.4020335534063
573,573,2,"bracelet","Bracelet","complete",0,1.08230233192444,71,0.330207446193859,2508.42571655289,47.5498722519157,47.4020335534063
574,574,2,"bracelet","Bracelet","complete",0,1.35579109191895,71,0.339349528896746,2587.97677288278,48.8663321611314,47.4020335534063
575,575,2,"bracelet","Bracelet","complete",0,1.28822064399719,77,0.329938785101152,1992.87221781715,47.5111850545659,47.4020335534063
576,576,2,"bracelet","Bracelet","complete",0,0.912166595458984,71,0.329320901447413,2312.98316353931,47.4222098084275,47.4020335534063
577,577,2,"bracelet","Bracelet","complete",0,1.12143063545227,71,0.332676504707883,2448.85636594128,47.9054166779352,47.4020335534063
578,578,2,"bracelet","Bracelet","complete",0,0.630471467971802,73,0.329374114606971,2141.37083987507,47.4298725034038,47.4020335534063
579,579,2,"bracelet","Bracelet","complete",0,1.03146290779114,78,0.329233719425777,1976.55865886241,47.4096555973118,47.4020335534063
580,580,2,"bracelet","Bracelet","complete",0,0.986467361450195,91,0.329862201118986,1615.63731615398,47.5001569611341,47.4020335534063
581,581,2,"bracelet","Bracelet","complete",0,1.07454514503479,71,0.329207212618897,2292.53001195816,47.4058386171212,47.4020335534063
582,582,2,"bracelet","Bracelet","complete",0,1.23260307312012,91,0.329618042680126,1621.71406767905,47.4649981459381,47.4020335534063
583,583,2,"bracelet","Bracelet","complete",0,1.23808336257935,73,0.329629617792662,2159.07113035762,47.4666649621433,47.4020335534063
584,584,2,"bracelet","Bracelet","complete",0,0.929972887039185,96,0.329833681256007,1502.15928693492,47.4960501008649,47.4020335534063
585,585,2,"bracelet","Bracelet","complete",0,1.08913040161133,90,0.329603604736346,1646.3915252048,47.4629190820338,47.4020335534063
586,586,2,"bracelet","Bracelet","complete",0,0.479870080947876,81,0.330160549221654,1884.27950251649,47.5431190879182,47.4020335534063
587,587,2,"bracelet","Bracelet","complete",0,1.09857583045959,83,0.3294982622844,1830.13628074828,47.4477497689535,47.4020335534063
588,588,2,"bracelet","Bracelet","complete",0,0.81709623336792,87,0.329851995957068,1723.80658418949,47.4986874178178,47.4020335534063
589,589,2,"bracelet","Bracelet","complete",0,1.10302257537842,71,0.329841636185366,2249.66745731233,47.4971956106927,47.4020335534063
590,590,2,"bracelet","Bracelet","complete",0,1.20611190795898,76,0.330712987094966,2026.67599309993,47.6226701416751,47.4020335534063
591,591,2,"bracelet","Bracelet","complete",0,0.488826990127563,83,0.330165525231227,1832.10816614583,47.5438356332967,47.4020335534063
592,592,2,"bracelet","Bracelet","complete",0,1.12889003753662,71,0.331274694782912,2425.99601241498,47.7035560487394,47.4020335534063
593,593,2,"bracelet","Bracelet","complete",0,0.619735956192017,78,0.33022966135219,1960.95417849704,47.5530712347154,47.4020335534063
594,594,2,"bracelet","Bracelet","complete",0,0.622014760971069,71,0.372711100177136,2625.40482077931,53.6703984255076,47.4020335534063
595,595,2,"bracelet","Bracelet","complete",0,1.42627644538879,90,0.329295685732628,1649.31858030461,47.4185787454984,47.4020335534063
596,596,2,"bracelet","Bracelet","complete",0,1.50283765792847,97,0.32949146588766,1477.99117162978,47.4467710878231,47.4020335534063
597,597,2,"bracelet","Bracelet","complete",0,1.15267157554626,83,0.329223554271125,1818.05130816901,47.4081918150421,47.4020335534063
598,598,2,"bracelet","Bracelet","complete",0,0.623857021331787,71,0.329252030759195,2382.48887823206,47.4122924293241,47.4020335534063
599,599,2,"bracelet","Bracelet","complete",0,1.4592125415802,88,0.33088895217744,1701.44123694276,47.6480091135513,47.4020335534063
600,600,2,"bracelet","Bracelet","complete",0,0.732559680938721,79,0.33011430535333,1947.58928225184,47.5364599708795,47.4020335534063
601,601,2,"bracelet","Bracelet","complete",0,0.8009934425354,72,0.330412139610212,2212.09384527127,47.5793481038705,47.4020335534063
602,602,2,"bracelet","Bracelet","complete",0,0.734778642654419,85,0.329267293965041,1762.01516538771,47.4144903309658,47.4020335534063
603,603,2,"bracelet","Bracelet","complete",0,0.628930568695068,88,0.329520356470212,1704.10871292642,47.4509313317105,47.4020335534063
604,604,2,"bracelet","Bracelet","complete",0,1.6241135597229,71,0.329246160836813,2331.4836750688,47.411447160501,47.4020335534063
605,605,2,"bracelet","Bracelet","complete",0,0.913984775543213,85,0.330117258603341,1779.83284845892,47.5368852388811,47.4020335534063
606,606,2,"bracelet","Bracelet","complete",0,1.26684856414795,71,0.329983281529541,2591.69609272873,47.517592540254,47.4020335534063
607,607,2,"bracelet","Bracelet","complete",0,1.17680048942566,72,0.32974830227806,2186.811761858,47.4837555280406,47.4020335534063
608,608,2,"bracelet","Bracelet","complete",0,0.66684365272522,90,0.329640740748045,1640.31477367973,47.4682666677184,47.4020335534063
609,609,2,"bracelet","Bracelet","complete",0,0.668496608734131,85,0.329350839859089,1762.01516538771,47.4265209397089,47.4020335534063
610,610,2,"bracelet","Bracelet","complete",0,0.969574928283691,83,0.3300261105227,1818.05130816901,47.5237599152688,47.4020335534063
611,611,2,"bracelet","Bracelet","complete",0,0.840007543563843,86,0.330280530395405,1750.04205759515,47.5603963769384,47.4020335534063
612,612,2,"bracelet","Bracelet","complete",0,1.1134717464447,84,0.329941125304802,1804.68641192381,47.5115220438915,47.4020335534063
613,613,2,"bracelet","Bracelet","complete",0,0.501652717590332,79,0.329620356097673,1945.61739685429,47.465331278065,47.4020335534063
614,614,2,"bracelet","Bracelet","complete",0,1.15505528450012,84,0.329946257278585,1804.64064513613,47.5122610481162,47.4020335534063
615,615,2,"bracelet","Bracelet","complete",0,1.35265755653381,71,0.329471013725753,2572.3925932691,47.4438259765084,47.4020335534063
616,616,2,"bracelet","Bracelet","complete",0,0.5729079246521,71,0.332079462374099,2568.072580851,47.8194425818703,47.4020335534063
617,617,2,"bracelet","Bracelet","complete",0,0.713361978530884,71,0.433726165626541,2625.40482077931,62.4565678502219,47.4020335534063
618,618,2,"bracelet","Bracelet","complete",0,0.470505952835083,81,0.329430501428805,1875.37440861668,47.437992205748,47.4020335534063
619,619,2,"bracelet","Bracelet","complete",0,0.478817462921143,80,0.329394109085787,1906.46781012899,47.4327517083533,47.4020335534063
620,620,2,"bracelet","Bracelet","complete",0,1.19309878349304,77,0.33012336283659,1992.87221781715,47.5377642484689,47.4020335534063
621,621,2,"bracelet","Bracelet","complete",0,0.53354287147522,71,0.329276697668921,2527.16284597893,47.4158444643247,47.4020335534063
622,622,2,"bracelet","Bracelet","complete",0,0.493645429611206,71,0.330677784528309,2402.67196199277,47.6176009720765,47.4020335534063
623,623,2,"bracelet","Bracelet","complete",0,0.494929313659668,77,0.329842846783638,2015.62630130361,47.4973699368439,47.4020335534063
624,624,2,"bracelet","Bracelet","complete",0,0.522415399551392,75,0.332331282611908,2063.79706854283,47.8557046961148,47.4020335534063
625,625,2,"bracelet","Bracelet","complete",0,0.918363571166992,71,0.33696688601543,2553.7315185633,48.523231586222,47.4020335534063
626,626,2,"bracelet","Bracelet","complete",0,0.833380222320557,88,0.329407257383745,1690.39154514644,47.4346450632593,47.4020335534063
627,627,2,"bracelet","Bracelet","complete",0,1.16360378265381,78,0.330081876510393,1960.95417849704,47.5317902174966,47.4020335534063
628,628,2,"bracelet","Bracelet","complete",0,1.16147112846375,90,0.329284247898248,1630.39400085182,47.4169316973477,47.4020335534063
629,629,2,"bracelet","Bracelet","complete",0,0.497080326080322,71,0.362889659997294,2625.40482077931,52.2561110396104,47.4020335534063
630,630,2,"bracelet","Bracelet","complete",0,1.06202077865601,83,0.33016066392344,1824.8200214257,47.5431356049753,47.4020335534063
631,631,2,"bracelet","Bracelet","complete",0,0.822420597076416,89,0.329684748482975,1675.99061997695,47.4746037815484,47.4020335534063
632,632,2,"bracelet","Bracelet","complete",0,1.41220593452454,75,0.330255053272491,2062.26180189567,47.5567276712387,47.4020335534063
633,633,2,"bracelet","Bracelet","complete",0,0.480944395065308,71,0.3293691104078,2278.90370758998,47.4291518987232,47.4020335534063
634,634,2,"bracelet","Bracelet","complete",0,1.31172370910645,75,0.330994338085665,2063.1546644131,47.6631846843357,47.4020335534063
635,635,2,"bracelet","Bracelet","complete",0,0.920059442520142,71,0.344952532040524,2612.89990935482,49.6731646138355,47.4020335534063
636,636,2,"bracelet","Bracelet","complete",0,0.760878086090088,77,0.32945254222309,2007.30708097069,47.441166080125,47.4020335534063
637,637,2,"bracelet","Bracelet","complete",0,0.707278251647949,71,0.394662713770365,2625.40482077931,56.8314307829325,47.4020335534063
638,638,2,"bracelet","Bracelet","complete",0,1.03302836418152,76,0.32920512162194,2048.82831638384,47.4055375135594,47.4020335534063
639,639,2,"bracelet","Bracelet","complete",0,0.686708927154541,90,0.329545426609548,1631.92926749899,47.454541431775,47.4020335534063
640,640,2,"bracelet","Bracelet","complete",0,0.452040195465088,74,0.329658973194562,2108.1474712914,47.4708921400169,47.4020335534063
641,641,2,"bracelet","Bracelet","complete",0,1.70377230644226,94,0.329553505750806,1532.77562975695,47.455704828116,47.4020335534063
642,642,2,"bracelet","Bracelet","complete",0,0.496462821960449,72,0.329432629792363,2232.72808639898,47.4382986901003,47.4020335534063
643,643,2,"bracelet","Bracelet","complete",0,0.821521282196045,71,0.338164910229866,2512.79312725411,48.6957470731006,47.4020335534063
644,644,2,"bracelet","Bracelet","complete",0,0.518045663833618,71,0.329265427357151,2338.8549721952,47.4142215394297,47.4020335534063
645,645,2,"bracelet","Bracelet","complete",0,1.16213464736938,87,0.32920068541512,1707.26778020705,47.4048986997773,47.4020335534063
646,646,2,"bracelet","Bracelet","complete",0,0.996374845504761,88,0.329399528630638,1691.9309985643,47.4335321228119,47.4020335534063
647,647,2,"bracelet","Bracelet","complete",0,0.49450421333313,79,0.32987784329038,1947.58928225184,47.5024094338147,47.4020335534063
648,648,2,"bracelet","Bracelet","complete",0,0.7917640209198,104,0.330053042394256,1289.73365006652,47.5276381047728,47.4020335534063
649,649,2,"bracelet","Bracelet","complete",0,0.955558776855469,97,0.329930293977933,1459.32372917328,47.5099623328223,47.4020335534063
650,650,2,"bracelet","Bracelet","complete",0,0.471250772476196,71,0.331026804396494,2425.99601241498,47.6678598330951,47.4020335534063
651,651,2,"bracelet","Bracelet","complete",0,1.3231189250946,84,0.329470700803926,1789.18393330148,47.4437809157654,47.4020335534063
652,652,2,"bracelet","Bracelet","complete",0,1.43049120903015,89,0.32985051854888,1653.67966992493,47.4984746710387,47.4020335534063
653,653,2,"bracelet","Bracelet","complete",0,0.647982597351074,71,0.329827889322738,2270.01064730744,47.4952160624743,47.4020335534063
654,654,2,"bracelet","Bracelet","complete",0,1.04648518562317,71,0.329230210163832,2277.61136626907,47.4091502635918,47.4020335534063
655,655,2,"bracelet","Bracelet","complete",0,1.10106182098389,71,0.378152138648673,2625.40482077931,54.453907965409,47.4020335534063
656,656,2,"bracelet","Bracelet","complete",0,0.509255647659302,71,0.32922314546584,2384.471526025,47.408132947081,47.4020335534063
657,657,2,"bracelet","Bracelet","complete",0,0.519979000091553,79,0.329756562819011,1931.24960269263,47.4849450459376,47.4020335534063
658,658,2,"bracelet","Bracelet","complete",0,1.24541783332825,81,0.32952352182446,1871.79012160184,47.4513871427223,47.4020335534063
659,659,2,"bracelet","Bracelet","complete",0,0.662255048751831,92,0.329759122182393,1579.55752935907,47.4853135942646,47.4020335534063
660,660,2,"bracelet","Bracelet","complete",0,0.845362901687622,76,0.329879169242032,2051.21211009935,47.5026003708526,47.4020335534063
661,661,2,"bracelet","Bracelet","complete",0,0.638398170471191,94,0.329414080288464,1548.72321384391,47.4356275615388,47.4020335534063
662,662,2,"bracelet","Bracelet","complete",0,1.04892039299011,92,0.329212858112985,1581.99859021962,47.4066515682698,47.4020335534063
663,663,2,"bracelet","Bracelet","complete",0,0.951505899429321,75,0.329415982041129,2062.26180189567,47.4359014139226,47.4020335534063
664,664,2,"bracelet","Bracelet","complete",0,1.24737429618835,75,0.330948331890996,2062.26180189567,47.6565597923035,47.4020335534063
665,665,2,"bracelet","Bracelet","complete",0,0.788373708724976,89,0.32942134114795,1674.9849505005,47.4366731253048,47.4020335534063
666,666,2,"bracelet","Bracelet","complete",0,1.2287962436676,81,0.330184730365455,1875.37440861668,47.5466011726255,47.4020335534063
667,667,2,"bracelet","Bracelet","complete",0,0.758788347244263,76,0.329325410033136,2043.65752201836,47.4228590447715,47.4020335534063
668,668,2,"bracelet","Bracelet","complete",0,0.770610332489014,71,0.336209825422632,2544.29548458559,48.414214860859,47.4020335534063
669,669,2,"bracelet","Bracelet","complete",0,0.465562582015991,77,0.329848815078636,1992.87221781715,47.4982293713235,47.4020335534063
670,670,2,"bracelet","Bracelet","complete",0,0.464166164398193,71,0.35194975806946,2601.50873370013,50.6807651620023,47.4020335534063
671,671,2,"bracelet","Bracelet","complete",0,0.81422233581543,82,0.329569785372215,1857.80532004291,47.4580490935989,47.4020335534063
672,672,2,"bracelet","Bracelet","complete",0,1.32618713378906,108,0.330298701624345,1217.02631257645,47.5630130339056,47.4020335534063
673,673,2,"bracelet","Bracelet","complete",0,0.478633165359497,87,0.329318113239392,1707.26778020705,47.4218083064724,47.4020335534063
674,674,2,"bracelet","Bracelet","complete",0,0.473766088485718,77,0.329415931020253,2019.3878483798,47.4358940669164,47.4020335534063
675,675,2,"bracelet","Bracelet","complete",0,0.736522912979126,93,0.329416612857792,1556.01135856404,47.4359922515221,47.4020335534063
676,676,2,"bracelet","Bracelet","complete",0,0.798583984375,83,0.329844492408914,1821.09140418681,47.4976069068837,47.4020335534063
677,677,2,"bracelet","Bracelet","complete",0,1.43644833564758,91,0.330388095892909,1608.38309670396,47.575885808579,47.4020335534063
678,678,2,"bracelet","Bracelet","complete",0,0.700538158416748,71,0.330598171241934,2565.06757285796,47.6061366588385,47.4020335534063
679,679,2,"bracelet","Bracelet","complete",0,0.622076034545898,94,0.32959453358127,1534.31089640412,47.4616128357029,47.4020335534063
680,680,2,"bracelet","Bracelet","complete",0,0.637569427490234,94,0.329792181494442,1535.35831759871,47.4900741351997,47.4020335534063
681,681,2,"bracelet","Bracelet","complete",0,0.54102897644043,100,0.32947690898056,1385.57434664786,47.4446748932007,47.4020335534063
682,682,2,"bracelet","Bracelet","complete",0,0.640071868896484,94,0.330090648967135,1534.31089640412,47.5330534512674,47.4020335534063
683,683,2,"bracelet","Bracelet","complete",0,0.882118940353394,107,0.329311034457053,1221.72620713008,47.4207889618156,47.4020335534063
684,684,2,"bracelet","Bracelet","complete",0,1.37785625457764,71,0.377094459995481,2500.75576400964,54.3016022393493,47.4020335534063
685,685,2,"bracelet","Bracelet","complete",0,0.810410022735596,97,0.330054187089298,1471.91442010471,47.5278029408589,47.4020335534063
686,686,2,"bracelet","Bracelet","complete",0,0.494200229644775,92,0.329722222231403,1590.78807631682,47.4800000013221,47.4020335534063
687,687,2,"bracelet","Bracelet","complete",0,0.460204124450684,95,0.329537025580411,1507.91216500788,47.4533316835792,47.4020335534063
688,688,2,"bracelet","Bracelet","complete",0,1.09735035896301,83,0.329390996259975,1818.05130816901,47.4323034614364,47.4020335534063
689,689,2,"bracelet","Bracelet","complete",0,0.465965986251831,96,0.329520850616983,1493.36267704031,47.4510024888455,47.4020335534063
690,690,2,"bracelet","Bracelet","complete",0,1.14632248878479,72,0.329295171817615,2189.69206219129,47.4185047417366,47.4020335534063
691,691,2,"bracelet","Bracelet","complete",0,1.05943632125854,79,0.329462778661628,1934.63711928623,47.4426401272745,47.4020335534063
692,692,2,"bracelet","Bracelet","complete",0,0.70796537399292,99,0.329893388609244,1409.5585385035,47.5046479597311,47.4020335534063
693,693,2,"bracelet","Bracelet","complete",0,0.480457544326782,71,0.329755094241958,2367.6489740144,47.484733570842,47.4020335534063
694,694,2,"bracelet","Bracelet","complete",0,0.818827867507935,91,0.330364313343616,1608.38309670396,47.5724611214807,47.4020335534063
695,695,2,"bracelet","Bracelet","complete",0,1.09198093414307,79,0.329825811062776,1931.24960269263,47.4949167930397,47.4020335534063
696,696,2,"bracelet","Bracelet","complete",0,0.513780832290649,71,0.330141731765825,2352.8663614634,47.5404093742789,47.4020335534063
697,697,2,"bracelet","Bracelet","complete",0,0.651998519897461,112,0.330153507183199,1126.76600464127,47.5421050343807,47.4020335534063
698,698,2,"bracelet","Bracelet","complete",0,1.54729151725769,80,0.329290054314219,1901.34825646698,47.4177678212475,47.4020335534063
699,699,2,"bracelet","Bracelet","complete",0,0.664658546447754,80,0.329646632823235,1917.68793602619,47.4691151265459,47.4020335534063
700,700,2,"bracelet","Bracelet","complete",0,1.91677117347717,90,0.329415049312303,1649.31858030461,47.4357671009716,47.4020335534063
701,701,2,"bracelet","Bracelet","complete",0,1.13955521583557,81,0.330037934071008,1895.41811833267,47.5254625062251,47.4020335534063
702,702,2,"bracelet","Bracelet","complete",0,0.942019701004028,81,0.329644546939478,1889.59576183907,47.4688147592849,47.4020335534063
703,703,2,"bracelet","Bracelet","complete",0,1.31744289398193,92,0.329293914225602,1583.53385686679,47.4183236484867,47.4020335534063
704,704,2,"bracelet","Bracelet","complete",0,0.665606737136841,93,0.329682611219683,1556.01135856404,47.4742960156343,47.4020335534063
705,705,2,"bracelet","Bracelet","complete",0,0.482329845428467,83,0.329874110685552,1834.42337059471,47.5018719387195,47.4020335534063
706,706,2,"bracelet","Bracelet","complete",0,1.52030277252197,88,0.329458178483626,1693.90288396185,47.4419777016421,47.4020335534063
707,707,2,"bracelet","Bracelet","complete",0,1.21279835700989,71,0.329544454148501,2269.07403607805,47.4544013973842,47.4020335534063
708,708,2,"bracelet","Bracelet","complete",0,0.483239650726318,106,0.329239611359965,1251.29245739263,47.410504035835,47.4020335534063
709,709,2,"bracelet","Bracelet","complete",0,0.502413749694824,96,0.330228766517409,1483.74404970274,47.5529423785068,47.4020335534063
710,710,2,"bracelet","Bracelet","complete",0,1.24441695213318,71,0.329254015109779,2277.61136626907,47.4125781758082,47.4020335534063
711,711,2,"bracelet","Bracelet","complete",0,1.07498741149902,101,0.330442529465829,1366.4565723297,47.5837242430794,47.4020335534063
712,712,2,"bracelet","Bracelet","complete",0,0.741052627563477,74,0.329215256055879,2131.10326311376,47.4069968720466,47.4020335534063
713,713,2,"bracelet","Bracelet","complete",0,1.40245342254639,71,0.329657664534418,2456.95087362422,47.4707036929562,47.4020335534063
714,714,2,"bracelet","Bracelet","complete",0,0.691191434860229,80,0.33007521044,1901.69146782749,47.53083030336,47.4020335534063
715,715,2,"bracelet","Bracelet","complete",0,1.37677407264709,73,0.329262249179103,2141.37083987507,47.4137638817909,47.4020335534063
716,716,2,"bracelet","Bracelet","complete",0,0.599068164825439,90,0.329350461784227,1640.31477367973,47.4264664969286,47.4020335534063
717,717,2,"bracelet","Bracelet","complete",0,0.558061838150024,85,0.329510910562214,1779.83284845892,47.4495711209588,47.4020335534063
718,718,2,"bracelet","Bracelet","complete",0,0.761434555053711,71,0.335212359076962,2544.29548458559,48.2705797070826,47.4020335534063
719,719,2,"bracelet","Bracelet","complete",0,0.688257932662964,90,0.330249919667299,1629.00221239918,47.5559884320911,47.4020335534063
720,720,2,"bracelet","Bracelet","complete",0,1.56826686859131,84,0.329324548006764,1810.76316344888,47.422734912974,47.4020335534063
721,721,2,"bracelet","Bracelet","complete",0,1.08307361602783,71,0.329349339017223,2367.6489740144,47.4263048184801,47.4020335534063
722,722,2,"bracelet","Bracelet","complete",0,1.14765858650208,99,0.329783209000346,1428.89675404074,47.4887820960498,47.4020335534063
723,723,2,"bracelet","Bracelet","complete",0,1.07957482337952,71,0.342247301813022,2544.29548458559,49.2836114610751,47.4020335534063
724,724,2,"bracelet","Bracelet","complete",0,1.08158993721008,100,0.329647035398468,1385.57434664786,47.4691730973794,47.4020335534063
725,725,2,"bracelet","Bracelet","complete",0,1.08550524711609,90,0.329387499908935,1649.31858030461,47.4317999868867,47.4020335534063
726,726,2,"bracelet","Bracelet","complete",0,0.774299383163452,79,0.33032563033372,1931.24960269263,47.5668907680556,47.4020335534063
727,727,2,"bracelet","Bracelet","complete",0,1.31318712234497,73,0.329545943628125,2141.56018429523,47.45461588245,47.4020335534063
728,728,2,"bracelet","Bracelet","complete",0,1.47333073616028,85,0.329244665077828,1781.36811510609,47.4112317712073,47.4020335534063
729,729,2,"bracelet","Bracelet","complete",0,1.2175121307373,71,0.332247915220448,2448.85636594128,47.8436997917445,47.4020335534063
730,730,2,"bracelet","Bracelet","complete",0,0.748297214508057,76,0.32983905919201,2051.51126044048,47.4968245236494,47.4020335534063
731,731,2,"bracelet","Bracelet","complete",0,1.54139614105225,84,0.329284597946851,1804.68641192381,47.4169821043466,47.4020335534063
732,732,2,"bracelet","Bracelet","complete",0,0.482043266296387,74,0.329432315279568,2121.87245371685,47.4382534002578,47.4020335534063
733,733,2,"bracelet","Bracelet","complete",0,1.39500999450684,90,0.329993490637951,1638.47786337672,47.5190626518649,47.4020335534063
734,734,2,"bracelet","Bracelet","complete",0,0.905667781829834,81,0.329584899757997,1895.41811833267,47.4602255651515,47.4020335534063
735,735,2,"bracelet","Bracelet","complete",0,0.484460830688477,73,0.329274445979863,2141.37083987507,47.4155202211002,47.4020335534063
736,736,2,"bracelet","Bracelet","complete",0,0.505673885345459,90,0.329925482433888,1633.0266289596,47.5092694704798,47.4020335534063
737,737,2,"bracelet","Bracelet","complete",0,0.461473226547241,92,0.329268009346254,1590.3781013317,47.4145933458606,47.4020335534063
738,738,2,"bracelet","Bracelet","complete",0,1.50265002250671,71,0.343916318498819,2512.79312725411,49.5239498638299,47.4020335534063
739,739,2,"bracelet","Bracelet","complete",0,0.578084945678711,72,0.330141395345014,2196.37170679478,47.540360929682,47.4020335534063
740,740,2,"bracelet","Bracelet","complete",0,1.1104371547699,71,0.329220702797614,2539.92807388437,47.4077812028564,47.4020335534063
741,741,2,"bracelet","Bracelet","complete",0,1.24511480331421,71,0.330290314565427,2544.29548458559,47.5618052974215,47.4020335534063
742,742,2,"bracelet","Bracelet","complete",0,1.07119703292847,71,0.37967205945904,2500.75576400964,54.6727765621018,47.4020335534063
743,743,2,"bracelet","Bracelet","complete",0,0.935126304626465,71,0.330629809326217,2273.17482816458,47.6106925429752,47.4020335534063
744,744,2,"bracelet","Bracelet","complete",0,0.755836725234985,72,0.329551372992475,2189.69206219129,47.4553977109163,47.4020335534063
745,745,2,"bracelet","Bracelet","complete",0,1.96110367774963,95,0.330398522047705,1510.14278109897,47.5773871748695,47.4020335534063
746,746,2,"bracelet","Bracelet","complete",0,1.14223051071167,103,0.329419590969404,1329.95897020418,47.4364210995942,47.4020335534063
747,747,2,"bracelet","Bracelet","complete",0,0.835769176483154,73,0.330259817688731,2166.65292328834,47.5574137471773,47.4020335534063
748,748,2,"bracelet","Bracelet","complete",0,0.639519691467285,85,0.329280225950475,1777.51764401004,47.4163525368684,47.4020335534063
749,749,2,"bracelet","Bracelet","complete",0,0.867597579956055,71,0.329519961775323,2277.61136626907,47.4508744956465,47.4020335534063
750,750,2,"bracelet","Bracelet","complete",0,0.513825416564941,71,0.346993055144751,2590.69894867448,49.9669999408441,47.4020335534063
751,751,2,"bracelet","Bracelet","complete",0,0.939327478408813,74,0.329195191860733,2104.94744555319,47.4041076279456,47.4020335534063
752,752,2,"bracelet","Bracelet","complete",0,0.61320161819458,93,0.329678593813488,1576.24571214666,47.4737175091422,47.4020335534063
753,753,2,"bracelet","Bracelet","complete",0,0.683560848236084,71,0.340102542876663,2612.89990935482,48.9747661742394,47.4020335534063
754,754,2,"bracelet","Bracelet","complete",0,0.832387685775757,72,0.32975526931047,2212.09384527127,47.4847587807077,47.4020335534063
755,755,2,"bracelet","Bracelet","complete",0,0.651930093765259,82,0.329490587165937,1856.08392419349,47.4466445518949,47.4020335534063
756,756,2,"bracelet","Bracelet","complete",0,0.745394706726074,73,0.330084797506525,2144.25114020836,47.5322108409396,47.4020335534063
757,757,2,"bracelet","Bracelet","complete",0,0.896690130233765,71,0.329350823784587,2275.78285081274,47.4265186249805,47.4020335534063
758,758,2,"bracelet","Bracelet","complete",0,0.64937949180603,96,0.330117707597475,1485.2793163499,47.5369498940364,47.4020335534063
759,759,2,"bracelet","Bracelet","complete",0,0.498103141784668,77,0.330289772868081,2013.31109685473,47.5617272930037,47.4020335534063
760,760,2,"bracelet","Bracelet","complete",0,0.525792121887207,71,0.390231244749434,2625.40482077931,56.1932992439184,47.4020335534063
761,761,2,"bracelet","Bracelet","complete",0,0.588560104370117,74,0.32925157549574,2110.29650885685,47.4122268713865,47.4020335534063
762,762,2,"bracelet","Bracelet","complete",0,0.50961971282959,94,0.329593303462397,1531.14789381497,47.4614356985852,47.4020335534063
763,763,2,"bracelet","Bracelet","complete",0,0.772974014282227,80,0.329590995412966,1923.9614579725,47.461103339467,47.4020335534063
764,764,2,"bracelet","Bracelet","complete",0,0.761569976806641,73,0.329385438994004,2141.37083987507,47.4315032151365,47.4020335534063
765,765,2,"bracelet","Bracelet","complete",0,1.73421573638916,81,0.329247008896507,1875.37440861668,47.411569281097,47.4020335534063
766,766,2,"bracelet","Bracelet","complete",0,1.24251985549927,71,0.329223326506215,2386.68874650611,47.408159016895,47.4020335534063
767,767,2,"bracelet","Bracelet","complete",0,0.923044681549072,99,0.330080884308092,1409.5585385035,47.5316473403652,47.4020335534063
768,768,2,"bracelet","Bracelet","complete",0,1.27823448181152,71,0.376850135147237,2500.75576400964,54.2664194612021,47.4020335534063
769,769,2,"bracelet","Bracelet","complete",0,0.992992877960205,71,0.329420705390885,2405.25354849984,47.4365815762875,47.4020335534063
770,770,2,"bracelet","Bracelet","complete",0,1.24713826179504,71,0.377942999137525,2625.40482077931,54.4237918758035,47.4020335534063
771,771,2,"bracelet","Bracelet","complete",0,1.26335144042969,71,0.345685808703292,2544.38518958217,49.778756453274,47.4020335534063
772,772,2,"bracelet","Bracelet","complete",0,0.504644632339478,78,0.329765635773431,1987.11933974419,47.4862515513741,47.4020335534063
773,773,2,"bracelet","Bracelet","complete",0,1.34212517738342,76,0.330477816433958,2046.92502025292,47.58880556649,47.4020335534063
774,774,2,"bracelet","Bracelet","complete",0,0.874086141586304,86,0.329538480293996,1751.57732424232,47.4535411623355,47.4020335534063
775,775,2,"bracelet","Bracelet","complete",0,1.39140605926514,85,0.330110776449095,1777.51764401004,47.5359518086697,47.4020335534063
776,776,2,"bracelet","Bracelet","complete",0,1.06202340126038,82,0.329477254017732,1864.50197688171,47.4447245785534,47.4020335534063
777,777,2,"bracelet","Bracelet","complete",0,0.68055534362793,71,0.337185505881458,2543.68799150718,48.55471284693,47.4020335534063
778,778,2,"bracelet","Bracelet","complete",0,1.35538554191589,83,0.329369914311902,1832.10816614583,47.4292676609139,47.4020335534063
779,779,2,"bracelet","Bracelet","complete",0,1.23627996444702,71,0.329221788207206,2258.81169787126,47.4079375018376,47.4020335534063
780,780,2,"bracelet","Bracelet","complete",0,0.90764856338501,71,0.336799295055202,2544.29548458559,48.499098487949,47.4020335534063
781,781,2,"bracelet","Bracelet","complete",0,0.658708572387695,90,0.329413326456983,1641.70656213237,47.4355190098056,47.4020335534063
782,782,2,"bracelet","Bracelet","complete",0,0.702907085418701,76,0.330052795073724,2046.92502025292,47.5276024906163,47.4020335534063
783,783,2,"bracelet","Bracelet","complete",0,0.499666929244995,77,0.330583516589811,1992.87221781715,47.6040263889328,47.4020335534063
784,784,2,"bracelet","Bracelet","complete",0,0.974548578262329,72,0.329303728339689,2193.13203056947,47.4197368809153,47.4020335534063
785,785,2,"bracelet","Bracelet","complete",0,0.501086711883545,83,0.329771835359337,1818.05130816901,47.4871442917445,47.4020335534063
786,786,2,"bracelet","Bracelet","complete",0,2.36042666435242,83,0.329285777111266,1827.58596509156,47.4171519040223,47.4020335534063
787,787,2,"bracelet","Bracelet","complete",0,0.824224472045898,79,0.330229835463806,1936.17238593339,47.5530963067881,47.4020335534063
788,788,2,"bracelet","Bracelet","complete",0,1.40859508514404,71,0.329340950358722,2358.95968967824,47.425096851656,47.4020335534063
789,789,2,"bracelet","Bracelet","complete",0,0.6429603099823,86,0.329220162967996,1737.78333108561,47.4077034673914,47.4020335534063
790,790,2,"bracelet","Bracelet","complete",0,0.502298593521118,89,0.329488252105135,1653.67966992493,47.4463083031395,47.4020335534063
791,791,2,"bracelet","Bracelet","complete",0,1.72659134864807,92,0.330262313721996,1580.60680176698,47.5577731759675,47.4020335534063
792,792,2,"bracelet","Bracelet","complete",0,1.12308716773987,71,0.330287498921505,2391.33222513114,47.5613998446967,47.4020335534063
793,793,2,"bracelet","Bracelet","complete",0,1.27257585525513,71,0.329527612931879,2469.18176636306,47.4519762621905,47.4020335534063
794,794,2,"bracelet","Bracelet","complete",0,1.07602977752686,71,0.332224170027243,2544.29548458559,47.840280483923,47.4020335534063
795,795,2,"bracelet","Bracelet","complete",0,0.541338443756104,87,0.329635513910793,1727.56813126568,47.4675140031542,47.4020335534063
796,796,2,"bracelet","Bracelet","complete",0,1.19958090782166,90,0.329498596676794,1630.39400085182,47.4477979214584,47.4020335534063
797,797,2,"bracelet","Bracelet","complete",0,0.439881801605225,71,0.338843959082899,2543.68799150718,48.7935301079374,47.4020335534063
798,798,2,"bracelet","Bracelet","complete",0,1.00355362892151,90,0.329788807694376,1630.39400085182,47.4895883079902,47.4020335534063
799,799,2,"bracelet","Bracelet","complete",0,0.465534925460815,87,0.329855639925228,1707.26778020705,47.4992121492328,47.4020335534063
800,800,2,"bracelet","Bracelet","complete",0,0.774551391601562,71,0.32931382156207,2299.69706351447,47.421190304938,47.4020335534063
801,801,2,"bracelet","Bracelet","complete",0,1.11176323890686,75,0.329436173451806,2062.26180189567,47.4388089770601,47.4020335534063
802,802,2,"bracelet","Bracelet","complete",0,1.07820439338684,71,0.329834562660623,2289.33527822622,47.4961770231298,47.4020335534063
803,803,2,"bracelet","Bracelet","complete",0,0.96587610244751,95,0.329270505714221,1516.85901341695,47.4149528228478,47.4020335534063
804,804,2,"bracelet","Bracelet","complete",0,1.08133149147034,74,0.329400756162237,2121.87245371685,47.4337088873621,47.4020335534063
805,805,2,"bracelet","Bracelet","complete",0,0.823763847351074,71,0.329542717536158,2375.57966795042,47.4541513252067,47.4020335534063
806,806,2,"bracelet","Bracelet","complete",0,0.469017267227173,83,0.330228226873774,1821.09140418681,47.5528646698235,47.4020335534063
807,807,2,"bracelet","Bracelet","complete",0,0.959263563156128,78,0.329829815289082,1971.28147709691,47.4954934016278,47.4020335534063
808,808,2,"bracelet","Bracelet","complete",0,0.481770277023315,100,0.329589737923956,1385.57434664786,47.4609222610497,47.4020335534063
809,809,2,"bracelet","Bracelet","complete",0,0.480358362197876,94,0.330616312258906,1536.88484795566,47.6087489652825,47.4020335534063
810,810,2,"bracelet","Bracelet","complete",0,0.47262716293335,80,0.330423207169258,1904.93254348182,47.5809418323731,47.4020335534063
811,811,2,"bracelet","Bracelet","complete",0,1.59359502792358,73,0.32936236379742,2150.90857161071,47.4281803868285,47.4020335534063
812,812,2,"bracelet","Bracelet","complete",0,1.32025289535522,84,0.329295515470612,1806.15308930436,47.4185542277681,47.4020335534063
813,813,2,"bracelet","Bracelet","complete",0,0.800721645355225,75,0.329629738773196,2062.26180189567,47.4666823833403,47.4020335534063
814,814,2,"bracelet","Bracelet","complete",0,1.15711903572083,91,0.330358869012275,1602.82403852274,47.5716771377676,47.4020335534063
815,815,2,"bracelet","Bracelet","complete",0,0.97187352180481,105,0.330030288039076,1272.98220052129,47.524361477627,47.4020335534063
816,816,2,"bracelet","Bracelet","complete",0,0.49727725982666,92,0.330128466116858,1579.55752935907,47.5384991208276,47.4020335534063
817,817,2,"bracelet","Bracelet","complete",0,0.893014669418335,76,0.330410258703534,2026.67599309993,47.5790772533089,47.4020335534063
818,818,2,"bracelet","Bracelet","complete",0,0.535766124725342,93,0.329578350908036,1557.5466252112,47.4592825307572,47.4020335534063
819,819,2,"bracelet","Bracelet","complete",0,0.801122426986694,91,0.330080587119753,1611.12235264555,47.5316045452444,47.4020335534063
820,820,2,"bracelet","Bracelet","complete",0,0.778653860092163,85,0.330177405824948,1777.51764401004,47.5455464387925,47.4020335534063
821,821,2,"bracelet","Bracelet","complete",0,0.73780345916748,84,0.329767142429884,1805.55599572718,47.4864685099033,47.4020335534063
822,822,2,"bracelet","Bracelet","complete",0,0.534461498260498,89,0.330333834898945,1670.4434656226,47.568072225448,47.4020335534063
823,823,2,"bracelet","Bracelet","complete",0,1.00145411491394,83,0.329555423372021,1818.05130816901,47.455980965571,47.4020335534063
824,824,2,"bracelet","Bracelet","complete",0,0.741384983062744,95,0.329862914076384,1509.44743165505,47.5002596269993,47.4020335534063
825,825,2,"bracelet","Bracelet","complete",0,1.18089437484741,71,0.329277316190576,2301.69770011172,47.4159335314429,47.4020335534063
826,826,2,"bracelet","Bracelet","complete",0,0.657818794250488,85,0.329324262392589,1779.83284845892,47.4226937845328,47.4020335534063
827,827,2,"bracelet","Bracelet","complete",0,0.464733839035034,71,0.329566008114304,2295.7173397654,47.4575051684598,47.4020335534063
828,828,2,"bracelet","Bracelet","complete",0,1.32637786865234,71,0.362994285729856,2537.85981613508,52.2711771450993,47.4020335534063
829,829,2,"bracelet","Bracelet","complete",0,0.476804256439209,79,0.330120750658515,1931.24960269263,47.5373880948262,47.4020335534063
830,830,2,"bracelet","Bracelet","complete",0,1.28871488571167,82,0.329439427277311,1845.47306239103,47.4392775279327,47.4020335534063
831,831,2,"bracelet","Bracelet","complete",0,0.509989500045776,71,0.329228260275034,2253.16546342314,47.4088694796049,47.4020335534063
832,832,2,"bracelet","Bracelet","complete",0,1.33672952651978,94,0.329984046019743,1550.25848049107,47.517702626843,47.4020335534063
833,833,2,"bracelet","Bracelet","complete",0,1.59618306159973,71,0.330248787969614,2591.69609272873,47.5558254676244,47.4020335534063
834,834,2,"bracelet","Bracelet","complete",0,1.12313151359558,75,0.331479850215509,2062.26180189567,47.7330984310334,47.4020335534063
835,835,2,"bracelet","Bracelet","complete",0,1.10270881652832,94,0.329838989356563,1544.181728966,47.496814467345,47.4020335534063
836,836,2,"bracelet","Bracelet","complete",0,1.00759530067444,83,0.329413393660095,1838.1849176709,47.4355286870537,47.4020335534063
837,837,2,"bracelet","Bracelet","complete",0,0.650292158126831,78,0.329306560876051,1960.95417849704,47.4201447661514,47.4020335534063
838,838,2,"bracelet","Bracelet","complete",0,0.665458679199219,71,0.33360852371735,2544.29548458559,48.0396274152984,47.4020335534063
839,839,2,"bracelet","Bracelet","complete",0,1.84572720527649,84,0.329653581625429,1807.00161637269,47.4701157540618,47.4020335534063
840,840,2,"bracelet","Bracelet","complete",0,0.795754194259644,83,0.330747441591401,1819.58657481618,47.6276315891617,47.4020335534063
841,841,2,"bracelet","Bracelet","complete",0,0.980757236480713,84,0.32954423942576,1790.88254025524,47.4543704773095,47.4020335534063
842,842,2,"bracelet","Bracelet","complete",0,0.471083641052246,90,0.329937788888464,1641.70656213237,47.5110415999389,47.4020335534063
843,843,2,"bracelet","Bracelet","complete",0,1.52273774147034,72,0.32919113380461,2186.811761858,47.4035232678639,47.4020335534063
844,844,2,"bracelet","Bracelet","complete",0,1.61876630783081,91,0.330254605263952,1617.02910460662,47.556663158009,47.4020335534063
845,845,2,"bracelet","Bracelet","complete",0,0.858947992324829,72,0.329678092418999,2186.811761858,47.4736453083358,47.4020335534063
846,846,2,"bracelet","Bracelet","complete",0,0.51645565032959,71,0.34770204379456,2534.14846215467,50.0690943064166,47.4020335534063
847,847,2,"bracelet","Bracelet","complete",0,0.569211483001709,82,0.329469748189101,1843.11209115446,47.4436437392306,47.4020335534063
848,848,2,"bracelet","Bracelet","complete",0,0.834798097610474,71,0.329438836229536,2486.5492670644,47.4391924170531,47.4020335534063
849,849,2,"bracelet","Bracelet","complete",0,0.612633466720581,78,0.3291955650428,1960.95417849704,47.4041613661632,47.4020335534063
850,850,2,"bracelet","Bracelet","complete",0,1.23274493217468,74,0.329560761796077,2101.56549655083,47.4567496986351,47.4020335534063
851,851,2,"bracelet","Bracelet","complete",0,1.37409353256226,85,0.330569743902189,1767.48307878244,47.6020431219152,47.4020335534063
852,852,2,"bracelet","Bracelet","complete",0,0.764075517654419,71,0.349023378332692,2511.34185643583,50.2593664799076,47.4020335534063
853,853,2,"bracelet","Bracelet","complete",0,0.941901206970215,71,0.341499388248542,2568.072580851,49.17591190779,47.4020335534063
854,854,2,"bracelet","Bracelet","complete",0,1.2357075214386,71,0.329652720662619,2288.87181647724,47.4699917754171,47.4020335534063
855,855,2,"bracelet","Bracelet","complete",0,1.27443170547485,80,0.329251486345774,1915.91282104988,47.4122140337914,47.4020335534063
856,856,2,"bracelet","Bracelet","complete",0,0.61074423789978,101,0.329592364545859,1370.70765293394,47.4613004946037,47.4020335534063
857,857,2,"bracelet","Bracelet","complete",0,1.74810647964478,91,0.329254433988346,1604.15297256201,47.4126384943219,47.4020335534063
858,858,2,"bracelet","Bracelet","complete",0,0.936233520507812,75,0.32948699718368,2062.26180189567,47.4461275944499,47.4020335534063
859,859,2,"bracelet","Bracelet","complete",0,1.27660346031189,86,0.329586543333424,1734.85627598581,47.4604622400131,47.4020335534063
860,860,2,"bracelet","Bracelet","complete",0,1.3186194896698,79,0.329619884308463,1949.90448670072,47.4652633404186,47.4020335534063
861,861,2,"bracelet","Bracelet","complete",0,1.27494502067566,82,0.329849277568868,1845.47306239103,47.4982959699169,47.4020335534063
862,862,2,"bracelet","Bracelet","complete",0,1.13836359977722,71,0.33099548979975,2433.35107587966,47.663350531164,47.4020335534063
863,863,2,"bracelet","Bracelet","complete",0,0.747750759124756,73,0.329207273435132,2150.10185218109,47.405847374659,47.4020335534063
864,864,2,"bracelet","Bracelet","complete",0,0.622675657272339,71,0.329291499004502,2384.471526025,47.4179758566483,47.4020335534063
865,865,2,"bracelet","Bracelet","complete",0,1.51833653450012,84,0.329764309997452,1804.68641192381,47.4860606396331,47.4020335534063
866,866,2,"bracelet","Bracelet","complete",0,1.07797598838806,91,0.329777110312628,1608.38309670396,47.4879038850184,47.4020335534063
867,867,2,"bracelet","Bracelet","complete",0,1.22418236732483,71,0.331125761922088,2433.35107587966,47.6821097167807,47.4020335534063
868,868,2,"bracelet","Bracelet","complete",0,0.465566635131836,90,0.330133443488719,1640.31477367973,47.5392158623755,47.4020335534063
869,869,2,"bracelet","Bracelet","complete",0,0.485247135162354,72,0.329190790541794,2213.09980200589,47.4034738380184,47.4020335534063
870,870,2,"bracelet","Bracelet","complete",0,1.03849577903748,100,0.330348894381283,1387.10961329502,47.5702407909048,47.4020335534063
871,871,2,"bracelet","Bracelet","complete",0,0.512074947357178,78,0.329956500222743,1960.95417849704,47.5137360320749,47.4020335534063
872,872,2,"bracelet","Bracelet","complete",0,0.604780912399292,82,0.330020478304173,1862.00951237148,47.5229488758009,47.4020335534063
873,873,2,"bracelet","Bracelet","complete",0,1.22812700271606,80,0.329884442676836,1904.93254348182,47.5033597454643,47.4020335534063
874,874,2,"bracelet","Bracelet","complete",0,0.850855350494385,82,0.329304027319914,1850.99275041246,47.4197799340676,47.4020335534063
875,875,2,"bracelet","Bracelet","complete",0,0.824843645095825,82,0.329394511000905,1845.47306239103,47.4328095841303,47.4020335534063
876,876,2,"bracelet","Bracelet","complete",0,0.648505449295044,74,0.329451904043875,2116.12076414678,47.441074182318,47.4020335534063
877,877,2,"bracelet","Bracelet","complete",0,0.552438020706177,86,0.330150150578961,1737.78333108561,47.5416216833704,47.4020335534063
878,878,2,"bracelet","Bracelet","complete",0,0.760046005249023,78,0.330249306377948,1962.4894451442,47.5559001184244,47.4020335534063
879,879,2,"bracelet","Bracelet","complete",0,1.2243504524231,71,0.330390953190865,2235.67540144995,47.5762972594845,47.4020335534063
880,880,2,"bracelet","Bracelet","complete",0,0.499369859695435,71,0.330065230109786,2466.06918021941,47.5293931358092,47.4020335534063
881,881,2,"bracelet","Bracelet","complete",0,1.27208137512207,74,0.32929840991764,2121.87245371685,47.4189710281401,47.4020335534063
882,882,2,"bracelet","Bracelet","complete",0,0.572212696075439,86,0.329241222155725,1737.78333108561,47.4107359904243,47.4020335534063
883,883,2,"bracelet","Bracelet","complete",0,0.868230104446411,82,0.329738159724605,1845.47306239103,47.4822950003431,47.4020335534063
884,884,2,"bracelet","Bracelet","complete",0,0.541952610015869,77,0.330394626716174,2011.33921145718,47.5768262471291,47.4020335534063
885,885,2,"bracelet","Bracelet","complete",0,0.450135946273804,82,0.329498075467712,1845.47306239103,47.4477228673506,47.4020335534063
886,886,2,"bracelet","Bracelet","complete",0,0.616666316986084,91,0.329576890236482,1604.15297256201,47.4590721940534,47.4020335534063
887,887,2,"bracelet","Bracelet","complete",0,0.493176698684692,75,0.329678862508904,2062.26180189567,47.4737562012822,47.4020335534063
888,888,2,"bracelet","Bracelet","complete",0,0.458943843841553,71,0.34075769282732,2612.89990935482,49.0691077671341,47.4020335534063
889,889,2,"bracelet","Bracelet","complete",0,1.99124383926392,71,0.370942435281904,2625.40482077931,53.4157106805942,47.4020335534063
890,890,2,"bracelet","Bracelet","complete",0,0.478577852249146,91,0.329329522274039,1622.21983730182,47.4234512074616,47.4020335534063
891,891,2,"bracelet","Bracelet","complete",0,0.960597038269043,71,0.332186621552295,2475.65459928535,47.8348735035305,47.4020335534063
892,892,2,"bracelet","Bracelet","complete",0,0.76348090171814,95,0.329263771760713,1523.85974909484,47.4139831335427,47.4020335534063
893,893,2,"bracelet","Bracelet","complete",0,0.625319480895996,71,0.331868005003046,2539.92807388437,47.7889927204387,47.4020335534063
894,894,2,"bracelet","Bracelet","complete",0,0.85613751411438,77,0.329584663310626,1992.87221781715,47.4601915167301,47.4020335534063
895,895,2,"bracelet","Bracelet","complete",0,0.475190877914429,96,0.329367629242136,1500.62402028775,47.4289386108676,47.4020335534063
896,896,2,"bracelet","Bracelet","complete",0,1.03140711784363,74,0.330600895171362,2121.87245371685,47.6065289046761,47.4020335534063
897,897,2,"bracelet","Bracelet","complete",0,0.957994222640991,78,0.330048509770639,1960.95417849704,47.526985406972,47.4020335534063
898,898,2,"bracelet","Bracelet","complete",0,1.39732646942139,71,0.329601230734719,2245.03608612817,47.4625772257995,47.4020335534063
899,899,2,"bracelet","Bracelet","complete",0,0.941470384597778,85,0.329657041348001,1762.01516538771,47.4706139541121,47.4020335534063
900,900,2,"bracelet","Bracelet","complete",0,1.29867792129517,74,0.329952227400824,2110.29650885685,47.5131207457186,47.4020335534063
901,901,2,"bracelet","Bracelet","complete",0,0.972042560577393,76,0.329879971853245,2048.46028690008,47.5027159468673,47.4020335534063
902,902,2,"bracelet","Bracelet","complete",0,1.62336945533752,71,0.329588146962624,2498.44462675271,47.4606931626179,47.4020335534063
903,903,2,"bracelet","Bracelet","complete",0,0.748572111129761,75,0.331277901025212,2062.26180189567,47.7040177476305,47.4020335534063
904,904,2,"bracelet","Bracelet","complete",0,1.17208504676819,87,0.330158558132808,1711.39685764655,47.5428323711243,47.4020335534063
905,905,2,"bracelet","Bracelet","complete",0,1.03611660003662,71,0.329420276488085,2382.46946913546,47.4365198142842,47.4020335534063
906,906,2,"bracelet","Bracelet","complete",0,0.992741584777832,84,0.330461582231394,1804.24979317343,47.5864678413208,47.4020335534063
907,907,2,"bracelet","Bracelet","complete",0,0.569796800613403,77,0.329464489440393,2013.31109685473,47.4428864794166,47.4020335534063
908,908,2,"bracelet","Bracelet","complete",0,1.38078641891479,71,0.338715376201794,2553.7315185633,48.7750141730583,47.4020335534063
909,909,2,"bracelet","Bracelet","complete",0,0.645094871520996,99,0.330091677227364,1410.66544025806,47.5332015207405,47.4020335534063
910,910,2,"bracelet","Bracelet","complete",0,2.06145906448364,84,0.329409194080225,1790.88254025524,47.4349239475523,47.4020335534063
911,911,2,"bracelet","Bracelet","complete",0,1.07699632644653,76,0.3303100014393,2026.67599309993,47.5646402072592,47.4020335534063
912,912,2,"bracelet","Bracelet","complete",0,1.22634530067444,81,0.329408199546797,1891.56764723662,47.4347807347387,47.4020335534063
913,913,2,"bracelet","Bracelet","complete",0,1.08195233345032,71,0.329185173912383,2292.86910407727,47.4026650433832,47.4020335534063
914,914,2,"bracelet","Bracelet","complete",0,0.978774547576904,102,0.329285444549388,1335.22531681093,47.4171040151119,47.4020335534063
915,915,2,"bracelet","Bracelet","complete",0,1.10082221031189,91,0.329936736405868,1608.38309670396,47.510890042445,47.4020335534063
916,916,2,"bracelet","Bracelet","complete",0,1.39825129508972,79,0.330090234772198,1945.61739685429,47.5329938071964,47.4020335534063
917,917,2,"bracelet","Bracelet","complete",0,0.926019430160522,79,0.330197751467612,1931.24960269263,47.5484762113361,47.4020335534063
918,918,2,"bracelet","Bracelet","complete",0,0.633507013320923,77,0.329466128549514,2013.31109685473,47.44312251113,47.4020335534063
919,919,2,"bracelet","Bracelet","complete",0,0.97498607635498,94,0.329501594219994,1548.72321384391,47.4482295676792,47.4020335534063
920,920,2,"bracelet","Bracelet","complete",0,0.658952474594116,74,0.329455157119324,2136.05323108672,47.4415426251826,47.4020335534063
921,921,2,"bracelet","Bracelet","complete",0,1.51908993721008,85,0.329683116592773,1775.81903705628,47.4743687893593,47.4020335534063
922,922,2,"bracelet","Bracelet","complete",0,1.09311103820801,101,0.329960753151213,1373.74471704982,47.5143484537746,47.4020335534063
923,923,2,"bracelet","Bracelet","complete",0,1.41944885253906,87,0.330036931242773,1707.26778020705,47.5253180989593,47.4020335534063
924,924,2,"bracelet","Bracelet","complete",0,0.971071243286133,78,0.329883229077531,1960.95417849704,47.5031849871644,47.4020335534063
925,925,2,"bracelet","Bracelet","complete",0,1.27140021324158,99,0.330095276827507,1415.53185779554,47.533719863161,47.4020335534063
926,926,2,"bracelet","Bracelet","complete",0,1.28922033309937,88,0.329918357082741,1682.27309522063,47.5082434199147,47.4020335534063
927,927,2,"bracelet","Bracelet","complete",0,1.09997057914734,90,0.329328306648729,1630.39400085182,47.423276157417,47.4020335534063
928,928,2,"bracelet","Bracelet","complete",0,1.093989610672,73,0.329386060505086,2150.10185218109,47.4315927127324,47.4020335534063
929,929,2,"bracelet","Bracelet","complete",0,1.28283262252808,71,0.329561353966582,2389.75068243917,47.4568349711878,47.4020335534063
930,930,2,"bracelet","Bracelet","complete",0,0.612763166427612,71,0.362241051922451,2500.75576400964,52.162711476833,47.4020335534063
931,931,2,"bracelet","Bracelet","complete",0,1.44368577003479,75,0.329476092060889,2097.3328970068,47.444557256768,47.4020335534063
932,932,2,"bracelet","Bracelet","complete",0,1.39255499839783,78,0.329732176498305,1962.4894451442,47.4814334157559,47.4020335534063
933,933,2,"bracelet","Bracelet","complete",0,0.492441415786743,95,0.329989911869671,1510.49485284964,47.5185473092326,47.4020335534063
934,934,2,"bracelet","Bracelet","complete",0,0.637631893157959,105,0.32955657292716,1267.61368211593,47.456146501511,47.4020335534063
935,935,2,"bracelet","Bracelet","complete",0,0.464689254760742,85,0.32983672075408,1762.01516538771,47.4964877885875,47.4020335534063
936,936,2,"bracelet","Bracelet","complete",0,1.03951454162598,93,0.329873015792848,1556.01135856404,47.5017142741701,47.4020335534063
937,937,2,"bracelet","Bracelet","complete",0,0.824999809265137,86,0.330022271567938,1751.57732424232,47.523207105783,47.4020335534063
938,938,2,"bracelet","Bracelet","complete",0,0.476279258728027,99,0.330084684363992,1415.53185779554,47.5321945484148,47.4020335534063
939,939,2,"bracelet","Bracelet","complete",0,0.781561374664307,99,0.329667989146393,1410.66544025806,47.4721904370806,47.4020335534063
940,940,2,"bracelet","Bracelet","complete",0,0.461033344268799,80,0.330171254730207,1917.88470644743,47.5446606811498,47.4020335534063
941,941,2,"bracelet","Bracelet","complete",0,0.655570030212402,82,0.329180867763955,1858.42522535664,47.4020449580095,47.4020335534063
942,942,2,"bracelet","Bracelet","complete",0,0.674529314041138,71,0.35676137532062,2540.16315841563,51.3736380461693,47.4020335534063
943,943,2,"bracelet","Bracelet","complete",0,0.515233516693115,71,0.329529472931795,2441.43430065291,47.4522441021784,47.4020335534063
944,944,2,"bracelet","Bracelet","complete",0,0.487078428268433,71,0.381000787120974,2625.40482077931,54.8641133454203,47.4020335534063
945,945,2,"bracelet","Bracelet","complete",0,0.641328811645508,88,0.330276624221495,1682.27309522063,47.5598338878952,47.4020335534063
946,946,2,"bracelet","Bracelet","complete",0,1.0131356716156,81,0.329932025797688,1888.32657158229,47.510211714867,47.4020335534063
947,947,2,"bracelet","Bracelet","complete",0,0.546515703201294,73,0.3291865406289,2141.37083987507,47.4028618505616,47.4020335534063
948,948,2,"bracelet","Bracelet","complete",0,0.907660722732544,88,0.329849993316133,1705.61354229705,47.4983990375232,47.4020335534063
949,949,2,"bracelet","Bracelet","complete",0,0.469839572906494,71,0.330122867168351,2539.92807388437,47.5376928722425,47.4020335534063
950,950,2,"bracelet","Bracelet","complete",0,1.3635265827179,71,0.329531580024305,2468.55488547871,47.4525475235,47.4020335534063
951,951,2,"bracelet","Bracelet","complete",0,0.847069501876831,71,0.359017826168142,2552.27484902764,51.6985669682125,47.4020335534063
952,952,2,"bracelet","Bracelet","complete",0,0.837549448013306,82,0.330168636703626,1845.47306239103,47.5442836853222,47.4020335534063
953,953,2,"bracelet","Bracelet","complete",0,0.492631196975708,88,0.329890017035349,1706.64957122135,47.5041624530902,47.4020335534063
954,954,2,"bracelet","Bracelet","complete",0,0.860854864120483,93,0.329371585596845,1568.63369397443,47.4295083259457,47.4020335534063
955,955,2,"bracelet","Bracelet","complete",0,0.628419876098633,71,0.347608841961532,2593.72590918754,50.0556732424607,47.4020335534063
956,956,2,"bracelet","Bracelet","complete",0,1.47984623908997,90,0.329997638473783,1640.31477367973,47.5196599402248,47.4020335534063
957,957,2,"bracelet","Bracelet","complete",0,0.457321643829346,91,0.329675577312284,1604.15297256201,47.473283132969,47.4020335534063
958,958,2,"bracelet","Bracelet","complete",0,1.5570330619812,74,0.329327955315555,2135.41151767437,47.4232255654399,47.4020335534063
959,959,2,"bracelet","Bracelet","complete",0,1.09394431114197,73,0.329205933165813,2165.98228661252,47.4056543758771,47.4020335534063
960,960,2,"bracelet","Bracelet","complete",0,0.479036331176758,100,0.329829617053683,1404.9125621851,47.4954648557303,47.4020335534063
961,961,2,"bracelet","Bracelet","complete",0,1.15245509147644,73,0.329881389210697,2169.77378006559,47.5029200463404,47.4020335534063
962,962,2,"bracelet","Bracelet","complete",0,0.805299282073975,86,0.329759009592583,1748.65026914251,47.485297381332,47.4020335534063
963,963,2,"bracelet","Bracelet","complete",0,1.5846700668335,71,0.329464457795257,2239.6702872018,47.442881922517,47.4020335534063
964,964,2,"bracelet","Bracelet","complete",0,0.482395648956299,83,0.330029558945617,1830.13628074828,47.5242564881689,47.4020335534063
965,965,2,"bracelet","Bracelet","complete",0,0.880392551422119,76,0.329490168018098,2041.60876093034,47.4465841946062,47.4020335534063
966,966,2,"bracelet","Bracelet","complete",0,0.868087530136108,82,0.32957338892575,1845.47306239103,47.458568005308,47.4020335534063
967,967,2,"bracelet","Bracelet","complete",0,1.00730562210083,99,0.32981421509125,1410.66544025806,47.4932469731399,47.4020335534063
968,968,2,"bracelet","Bracelet","complete",0,1.52706146240234,88,0.329365170028669,1680.88130676799,47.4285844841283,47.4020335534063
969,969,2,"bracelet","Bracelet","complete",0,0.49123477935791,88,0.329375177727657,1706.64957122135,47.4300255927826,47.4020335534063
970,970,2,"bracelet","Bracelet","complete",0,1.57007789611816,74,0.329733655835354,2121.27802882238,47.481646440291,47.4020335534063
971,971,2,"bracelet","Bracelet","complete",0,0.55384635925293,74,0.32921967081102,2121.27802882238,47.4076325967868,47.4020335534063
972,972,2,"bracelet","Bracelet","complete",0,0.894382238388062,88,0.329627186535092,1705.61354229705,47.4663148610532,47.4020335534063
973,973,2,"bracelet","Bracelet","complete",0,1.3067512512207,75,0.331932620959031,2062.26180189567,47.7982974181005,47.4020335534063
974,974,2,"bracelet","Bracelet","complete",0,0.883699655532837,71,0.329816317727478,2488.23956663328,47.4935497527568,47.4020335534063
975,975,2,"bracelet","Bracelet","complete",0,1.22067856788635,92,0.329645465261452,1583.53385686679,47.4689469976491,47.4020335534063
976,976,2,"bracelet","Bracelet","complete",0,0.903295993804932,83,0.329870610594104,1816.60568752349,47.501367925551,47.4020335534063
977,977,2,"bracelet","Bracelet","complete",0,0.621222496032715,85,0.329597462930573,1763.40695384035,47.4620346620026,47.4020335534063
978,978,2,"bracelet","Bracelet","complete",0,0.864114999771118,98,0.330625200177425,1447.49409957525,47.6100288255492,47.4020335534063
979,979,2,"bracelet","Bracelet","complete",0,0.464771747589111,100,0.329221325728779,1385.57434664786,47.4078709049442,47.4020335534063
980,980,2,"bracelet","Bracelet","complete",0,0.869438886642456,71,0.33027223897,2273.12544102699,47.55920241168,47.4020335534063
981,981,2,"bracelet","Bracelet","complete",0,0.618168592453003,89,0.330392162614328,1662.80304936769,47.5764714164633,47.4020335534063
982,982,2,"bracelet","Bracelet","complete",0,1.65875482559204,81,0.330132437076763,1871.79012160184,47.5390709390539,47.4020335534063
983,983,2,"bracelet","Bracelet","complete",0,0.97806715965271,77,0.329416678689607,1992.87221781715,47.4360017313035,47.4020335534063
984,984,2,"bracelet","Bracelet","complete",0,1.55160784721375,74,0.329183410589965,2121.27802882238,47.4024111249549,47.4020335534063
985,985,2,"bracelet","Bracelet","complete",0,1.07773900032043,71,0.329921089540168,2316.73111862099,47.5086368937841,47.4020335534063
986,986,2,"bracelet","Bracelet","complete",0,1.05868220329285,87,0.329331165677265,1707.26778020705,47.4236878575262,47.4020335534063
987,987,2,"bracelet","Bracelet","complete",0,0.899733543395996,71,0.332217098313458,2527.84249768608,47.839262157138,47.4020335534063
988,988,2,"bracelet","Bracelet","complete",0,1.39610314369202,76,0.329328496201827,2051.21211009935,47.4233034530631,47.4020335534063
989,989,2,"bracelet","Bracelet","complete",0,0.932171106338501,71,0.344054826187522,2534.14846215467,49.5438949710031,47.4020335534063
990,990,2,"bracelet","Bracelet","complete",0,1.10103058815002,110,0.329529151019347,1174.20474122311,47.452197746786,47.4020335534063
991,991,2,"bracelet","Bracelet","complete",0,0.821048974990845,80,0.329595035433977,1917.88470644743,47.4616851024926,47.4020335534063
992,992,2,"bracelet","Bracelet","complete",0,1.50368428230286,71,0.329251329663291,2365.06701022671,47.4121914715139,47.4020335534063
993,993,2,"bracelet","Bracelet","complete",0,0.471848964691162,89,0.32938984251868,1664.20925825007,47.4321373226899,47.4020335534063
994,994,2,"bracelet","Bracelet","complete",0,0.908640623092651,88,0.329506476071641,1696.21808841074,47.4489325543163,47.4020335534063
995,995,2,"bracelet","Bracelet","complete",0,0.650646686553955,96,0.330092659870987,1483.74404970274,47.5333430214221,47.4020335534063
996,996,2,"bracelet","Bracelet","complete",0,0.851992607116699,82,0.329452950518545,1860.03762697393,47.4412248746705,47.4020335534063
997,997,2,"bracelet","Bracelet","complete",0,1.11425352096558,89,0.329520943663809,1653.67966992493,47.4510158875885,47.4020335534063
998,998,2,"bracelet","Bracelet","complete",0,1.22185158729553,87,0.329903211272697,1714.20323502048,47.5060624232683,47.4020335534063
999,999,2,"bracelet","Bracelet","complete",0,1.04656338691711,97,0.330183627894901,1459.32372917328,47.5464424168657,47.4020335534063
1,1,3,"static-control","Control social image returns at 0.5km","complete",0,5.07079195976257,84,0.330198220667524,1789.18393330148,47.5485437761235,47.4020335534063
2,2,3,"static-control","Control social image returns at 0.5km","complete",0,0.448855400085449,89,0.330254788879342,1653.67966992493,47.5566895986252,47.4020335534063
3,3,3,"static-control","Control social image returns at 0.5km","complete",0,0.459748029708862,101,0.330208313706059,1364.92130568253,47.5499971736725,47.4020335534063
4,4,3,"static-control","Control social image returns at 0.5km","complete",0,0.459608793258667,88,0.330182127657714,1691.9309985643,47.5462263827108,47.4020335534063
5,5,3,"static-control","Control social image returns at 0.5km","complete",0,0.464061260223389,100,0.329812129499764,1385.57434664786,47.492946647966,47.4020335534063
6,6,3,"static-control","Control social image returns at 0.5km","complete",0,0.631717920303345,85,0.329435670820323,1773.84715165873,47.4387365981264,47.4020335534063
7,7,3,"static-control","Control social image returns at 0.5km","complete",0,1.00934147834778,87,0.329683642971445,1707.26778020705,47.4744445878881,47.4020335534063
8,8,3,"static-control","Control social image returns at 0.5km","complete",0,0.846999168395996,100,0.329331222095451,1402.27039378337,47.4236959817449,47.4020335534063
9,9,3,"static-control","Control social image returns at 0.5km","complete",0,1.27005958557129,112,0.330070867275988,1123.93279002211,47.5302048877423,47.4020335534063
10,10,3,"static-control","Control social image returns at 0.5km","complete",0,0.826630830764771,83,0.329969671861991,1816.60568752349,47.5156327481268,47.4020335534063
11,11,3,"static-control","Control social image returns at 0.5km","complete",0,1.26480174064636,89,0.329618060469292,1653.67966992493,47.4650007075781,47.4020335534063
12,12,3,"static-control","Control social image returns at 0.5km","complete",0,0.69411301612854,93,0.329569058318928,1556.01135856404,47.4579443979257,47.4020335534063
13,13,3,"static-control","Control social image returns at 0.5km","complete",0,0.454251766204834,90,0.329853970948917,1629.00221239918,47.498971816644,47.4020335534063
14,14,3,"static-control","Control social image returns at 0.5km","complete",0,0.583008289337158,95,0.329929185071895,1506.72757328551,47.5098026503529,47.4020335534063
15,15,3,"static-control","Control social image returns at 0.5km","complete",0,0.563385248184204,91,0.329647388250171,1621.71406767905,47.4692239080247,47.4020335534063
16,16,3,"static-control","Control social image returns at 0.5km","complete",0,0.6341712474823,113,0.330214652059453,1095.98948661205,47.5509098965612,47.4020335534063
17,17,3,"static-control","Control social image returns at 0.5km","complete",0,0.746342658996582,103,0.329383162104574,1311.59989096248,47.4311753430586,47.4020335534063
18,18,3,"static-control","Control social image returns at 0.5km","complete",0,1.02088332176208,98,0.330048090573971,1447.49409957525,47.5269250426518,47.4020335534063
19,19,3,"static-control","Control social image returns at 0.5km","complete",0,0.906953096389771,101,0.329453143899067,1378.28620192773,47.4412527214657,47.4020335534063
20,20,3,"static-control","Control social image returns at 0.5km","complete",0,0.927323341369629,100,0.32935944191575,1404.9125621851,47.427759635868,47.4020335534063
21,21,3,"static-control","Control social image returns at 0.5km","complete",0,1.11095857620239,78,0.329860639165969,1960.95417849704,47.4999320398995,47.4020335534063
22,22,3,"static-control","Control social image returns at 0.5km","complete",0,0.956455230712891,94,0.330154804169009,1535.35831759871,47.5422918003374,47.4020335534063
23,23,3,"static-control","Control social image returns at 0.5km","complete",0,1.09711098670959,92,0.32924948967149,1579.55752935907,47.4119265126945,47.4020335534063
24,24,3,"static-control","Control social image returns at 0.5km","complete",0,1.09290862083435,105,0.330070835858029,1280.72191793163,47.5302003635562,47.4020335534063
25,25,3,"static-control","Control social image returns at 0.5km","complete",0,1.32775926589966,96,0.329411065876011,1485.02711112559,47.4351934861455,47.4020335534063
26,26,3,"static-control","Control social image returns at 0.5km","complete",0,0.980360269546509,86,0.32945376167453,1734.85627598581,47.4413416811323,47.4020335534063
27,27,3,"static-control","Control social image returns at 0.5km","complete",0,1.45149517059326,90,0.329836258397275,1640.31477367973,47.4964212092077,47.4020335534063
28,28,3,"static-control","Control social image returns at 0.5km","complete",0,1.27473640441895,126,0.32958413557616,837.583967446611,47.460115522967,47.4020335534063
29,29,3,"static-control","Control social image returns at 0.5km","complete",0,0.648299932479858,97,0.329435368726716,1460.85899582044,47.4386930966472,47.4020335534063
30,30,3,"static-control","Control social image returns at 0.5km","complete",0,1.06520915031433,97,0.329857549949876,1460.85899582044,47.4994871927822,47.4020335534063
31,31,3,"static-control","Control social image returns at 0.5km","complete",0,0.92182445526123,86,0.32930445523875,1750.04205759515,47.4198415543799,47.4020335534063
32,32,3,"static-control","Control social image returns at 0.5km","complete",0,1.4134418964386,84,0.329298899436783,1801.26890588075,47.4190415188967,47.4020335534063
33,33,3,"static-control","Control social image returns at 0.5km","complete",0,0.590149879455566,94,0.330887980683761,1535.34692532842,47.6478692184616,47.4020335534063
34,34,3,"static-control","Control social image returns at 0.5km","complete",0,0.653384923934937,87,0.330178902461681,1707.26778020705,47.5457619544821,47.4020335534063
35,35,3,"static-control","Control social image returns at 0.5km","complete",0,1.92972755432129,114,0.329763682406999,1080.77148250231,47.4859702666078,47.4020335534063
36,36,3,"static-control","Control social image returns at 0.5km","complete",0,0.492656946182251,100,0.330232127422974,1397.30054401286,47.5534263489083,47.4020335534063
37,37,3,"static-control","Control social image returns at 0.5km","complete",0,0.63154673576355,120,0.329949207124453,956.399714789485,47.5126858259212,47.4020335534063
38,38,3,"static-control","Control social image returns at 0.5km","complete",0,1.09213280677795,98,0.330012382506113,1447.49409957525,47.5217830808803,47.4020335534063
39,39,3,"static-control","Control social image returns at 0.5km","complete",0,1.58239364624023,81,0.329262560941146,1886.35468618474,47.413808775525,47.4020335534063
40,40,3,"static-control","Control social image returns at 0.5km","complete",0,0.914831399917603,110,0.329714205408273,1158.0306017749,47.4788455787913,47.4020335534063
41,41,3,"static-control","Control social image returns at 0.5km","complete",0,1.08873724937439,88,0.329723536526453,1691.9309985643,47.4801892598092,47.4020335534063
42,42,3,"static-control","Control social image returns at 0.5km","complete",0,0.655011177062988,92,0.329357298927167,1579.55752935907,47.4274510455121,47.4020335534063
43,43,3,"static-control","Control social image returns at 0.5km","complete",0,0.456552505493164,74,0.329237918454574,2102.0671452199,47.4102602574587,47.4020335534063
44,44,3,"static-control","Control social image returns at 0.5km","complete",0,1.30565237998962,90,0.330532823826933,1633.0266289596,47.5967266310783,47.4020335534063
45,45,3,"static-control","Control social image returns at 0.5km","complete",0,1.56470608711243,94,0.330549635741052,1544.181728966,47.5991475467115,47.4020335534063
46,46,3,"static-control","Control social image returns at 0.5km","complete",0,1.15475058555603,106,0.32951138494916,1251.74403008284,47.449639432679,47.4020335534063
47,47,3,"static-control","Control social image returns at 0.5km","complete",0,0.970925569534302,139,0.32982609087014,617.651918006593,47.4949570853002,47.4020335534063
48,48,3,"static-control","Control social image returns at 0.5km","complete",0,1.41584014892578,80,0.330233705484372,1901.69146782749,47.5536535897495,47.4020335534063
49,49,3,"static-control","Control social image returns at 0.5km","complete",0,1.07660174369812,101,0.32947001664378,1362.9785195578,47.4436823967044,47.4020335534063
50,50,3,"static-control","Control social image returns at 0.5km","complete",0,1.12226152420044,94,0.330201524373863,1531.14789381497,47.5490195098363,47.4020335534063
51,51,3,"static-control","Control social image returns at 0.5km","complete",0,1.28185224533081,102,0.32951465883644,1355.69037483767,47.4501108724473,47.4020335534063
52,52,3,"static-control","Control social image returns at 0.5km","complete",0,0.754742860794067,98,0.330317191066857,1436.8748039648,47.5656755136273,47.4020335534063
53,53,3,"static-control","Control social image returns at 0.5km","complete",0,0.569937705993652,104,0.329862360676615,1304.47725434623,47.5001799374326,47.4020335534063
54,54,3,"static-control","Control social image returns at 0.5km","complete",0,0.592183351516724,98,0.329855618140091,1445.95883292808,47.4992090121731,47.4020335534063
55,55,3,"static-control","Control social image returns at 0.5km","complete",0,0.727976322174072,93,0.329782816992133,1572.26938463894,47.4887256468672,47.4020335534063
56,56,3,"static-control","Control social image returns at 0.5km","complete",0,0.676405906677246,88,0.329734982699757,1680.88130676799,47.481837508765,47.4020335534063
57,57,3,"static-control","Control social image returns at 0.5km","complete",0,1.02064299583435,107,0.32953703936547,1225.19918818359,47.4533336686277,47.4020335534063
58,58,3,"static-control","Control social image returns at 0.5km","complete",0,1.43943691253662,97,0.329704647456603,1476.20369975829,47.4774692337509,47.4020335534063
59,59,3,"static-control","Control social image returns at 0.5km","complete",0,1.2163679599762,117,0.329468562271128,1025.85662130643,47.4434729670424,47.4020335534063
60,60,3,"static-control","Control social image returns at 0.5km","complete",0,0.478678941726685,104,0.330267917355565,1294.08681417683,47.5585800992014,47.4020335534063
61,61,3,"static-control","Control social image returns at 0.5km","complete",0,0.519971370697021,91,0.329581927195173,1621.54228536764,47.4597975161049,47.4020335534063
62,62,3,"static-control","Control social image returns at 0.5km","complete",0,0.722935676574707,111,0.329411088271376,1145.12508388296,47.4351967110782,47.4020335534063
63,63,3,"static-control","Control social image returns at 0.5km","complete",0,0.459721326828003,88,0.330022577525516,1696.21808841074,47.5232511636743,47.4020335534063
64,64,3,"static-control","Control social image returns at 0.5km","complete",0,0.748205661773682,79,0.32996837262471,1945.61739685429,47.5154456579583,47.4020335534063
65,65,3,"static-control","Control social image returns at 0.5km","complete",0,1.76688480377197,103,0.330002912970385,1316.20678212742,47.5204194677354,47.4020335534063
66,66,3,"static-control","Control social image returns at 0.5km","complete",0,1.09107518196106,85,0.329433315448237,1762.01516538771,47.4383974245461,47.4020335534063
67,67,3,"static-control","Control social image returns at 0.5km","complete",0,0.976996183395386,112,0.331547543537098,1125.39168403608,47.7428462693421,47.4020335534063
68,68,3,"static-control","Control social image returns at 0.5km","complete",0,1.31089472770691,73,0.329755073858638,2150.10185218109,47.4847306356439,47.4020335534063
69,69,3,"static-control","Control social image returns at 0.5km","complete",0,1.26440572738647,81,0.329799541319655,1871.79012160184,47.4911339500304,47.4020335534063
70,70,3,"static-control","Control social image returns at 0.5km","complete",0,1.10668730735779,89,0.329924406296541,1653.67966992493,47.5091145067018,47.4020335534063
71,71,3,"static-control","Control social image returns at 0.5km","complete",0,0.468704462051392,99,0.33032410333553,1416.22176299948,47.5666708803163,47.4020335534063
72,72,3,"static-control","Control social image returns at 0.5km","complete",0,0.678547143936157,103,0.329688538422693,1329.95897020418,47.4751495328678,47.4020335534063
73,73,3,"static-control","Control social image returns at 0.5km","complete",0,0.508127927780151,106,0.329288035160195,1251.74403008284,47.4174770630681,47.4020335534063
74,74,3,"static-control","Control social image returns at 0.5km","complete",0,0.464290380477905,78,0.329412051511124,1979.50732157195,47.4353354176019,47.4020335534063
75,75,3,"static-control","Control social image returns at 0.5km","complete",0,1.27974462509155,100,0.330460988010144,1398.83581066003,47.5863822734608,47.4020335534063
76,76,3,"static-control","Control social image returns at 0.5km","complete",0,0.510467529296875,100,0.330206480957992,1398.83581066003,47.5497332579509,47.4020335534063
77,77,3,"static-control","Control social image returns at 0.5km","complete",0,0.577337026596069,107,0.329233891780301,1240.1710609143,47.4096804163633,47.4020335534063
78,78,3,"static-control","Control social image returns at 0.5km","complete",0,0.805637121200562,100,0.330054790828691,1385.57434664786,47.5278898793315,47.4020335534063
79,79,3,"static-control","Control social image returns at 0.5km","complete",0,0.914109468460083,105,0.329322024934414,1267.61368211593,47.4223715905556,47.4020335534063
80,80,3,"static-control","Control social image returns at 0.5km","complete",0,0.448862552642822,109,0.329536013513009,1197.68129645988,47.4531859458733,47.4020335534063
81,81,3,"static-control","Control social image returns at 0.5km","complete",0,0.498938798904419,89,0.329273592650579,1653.67966992493,47.4153973416834,47.4020335534063
82,82,3,"static-control","Control social image returns at 0.5km","complete",0,0.810997247695923,80,0.329404085721278,1915.91282104988,47.434188343864,47.4020335534063
83,83,3,"static-control","Control social image returns at 0.5km","complete",0,0.460067987442017,92,0.330109410177377,1590.78807631682,47.5357550655423,47.4020335534063
84,84,3,"static-control","Control social image returns at 0.5km","complete",0,0.462565422058105,85,0.329598840480637,1775.81903705628,47.4622330292117,47.4020335534063
85,85,3,"static-control","Control social image returns at 0.5km","complete",0,0.615935325622559,87,0.329347870145758,1727.56813126568,47.4260933009891,47.4020335534063
86,86,3,"static-control","Control social image returns at 0.5km","complete",0,0.462603330612183,88,0.32931534596534,1680.066143364,47.4214098190089,47.4020335534063
87,87,3,"static-control","Control social image returns at 0.5km","complete",0,0.770910978317261,98,0.330281118937634,1447.49409957525,47.5604811270194,47.4020335534063
88,88,3,"static-control","Control social image returns at 0.5km","complete",0,0.826015472412109,94,0.329761861682554,1548.72321384391,47.4857080822878,47.4020335534063
89,89,3,"static-control","Control social image returns at 0.5km","complete",0,0.829448938369751,93,0.329380594412253,1566.19263311387,47.4308055953645,47.4020335534063
90,90,3,"static-control","Control social image returns at 0.5km","complete",0,0.826380014419556,113,0.32921321305512,1099.74446007426,47.4067026799373,47.4020335534063
91,91,3,"static-control","Control social image returns at 0.5km","complete",0,0.779464960098267,111,0.329556782195571,1140.84025943456,47.4561766361622,47.4020335534063
92,92,3,"static-control","Control social image returns at 0.5km","complete",0,0.870965719223022,92,0.329624384575298,1579.55752935907,47.4659113788429,47.4020335534063
93,93,3,"static-control","Control social image returns at 0.5km","complete",0,0.473394632339478,95,0.330052385422057,1507.91216500788,47.5275435007762,47.4020335534063
94,94,3,"static-control","Control social image returns at 0.5km","complete",0,0.842910766601562,103,0.330164998507646,1316.20678212742,47.5437597851011,47.4020335534063
95,95,3,"static-control","Control social image returns at 0.5km","complete",0,0.839772939682007,83,0.330457275100683,1830.13628074828,47.5858476144984,47.4020335534063
96,96,3,"static-control","Control social image returns at 0.5km","complete",0,0.81768798828125,95,0.329606750098998,1521.98202908322,47.4633720142556,47.4020335534063
97,97,3,"static-control","Control social image returns at 0.5km","complete",0,0.671964883804321,94,0.329715171732573,1531.14789381497,47.4789847294905,47.4020335534063
98,98,3,"static-control","Control social image returns at 0.5km","complete",0,0.7849440574646,109,0.329358603655656,1194.6526296889,47.4276389264144,47.4020335534063
99,99,3,"static-control","Control social image returns at 0.5km","complete",0,1.28710675239563,98,0.329587724136498,1434.6496321137,47.4606322756557,47.4020335534063
100,100,3,"static-control","Control social image returns at 0.5km","complete",0,1.12398719787598,100,0.329239051684449,1385.57434664786,47.4104234425607,47.4020335534063
101,101,3,"static-control","Control social image returns at 0.5km","complete",0,0.553604125976562,91,0.329909064561419,1608.34917143386,47.5069052968444,47.4020335534063
102,102,3,"static-control","Control social image returns at 0.5km","complete",0,1.90956687927246,89,0.330272181816715,1653.67966992493,47.559194181607,47.4020335534063
103,103,3,"static-control","Control social image returns at 0.5km","complete",0,0.905851125717163,91,0.329524175727951,1604.15297256201,47.451481304825,47.4020335534063
104,104,3,"static-control","Control social image returns at 0.5km","complete",0,1.49343204498291,98,0.329351507148575,1450.59721620066,47.4266170293948,47.4020335534063
105,105,3,"static-control","Control social image returns at 0.5km","complete",0,1.25045728683472,109,0.329338237027252,1187.56963746831,47.4247061319243,47.4020335534063
106,106,3,"static-control","Control social image returns at 0.5km","complete",0,0.92400074005127,103,0.329231832802211,1329.95897020418,47.4093839235184,47.4020335534063
107,107,3,"static-control","Control social image returns at 0.5km","complete",0,0.800405502319336,92,0.330488309537486,1581.99859021962,47.590316573398,47.4020335534063
108,108,3,"static-control","Control social image returns at 0.5km","complete",0,0.93656325340271,94,0.330471110537763,1531.14789381497,47.5878399174379,47.4020335534063
109,109,3,"static-control","Control social image returns at 0.5km","complete",0,0.757061004638672,86,0.329396651296053,1734.85627598581,47.4331177866316,47.4020335534063
110,110,3,"static-control","Control social image returns at 0.5km","complete",0,0.863487243652344,104,0.329676236104067,1304.47725434623,47.4733779989856,47.4020335534063
111,111,3,"static-control","Control social image returns at 0.5km","complete",0,1.72330832481384,86,0.329891591344858,1734.85627598581,47.5043891536595,47.4020335534063
112,112,3,"static-control","Control social image returns at 0.5km","complete",0,0.888499021530151,103,0.329669130753966,1329.95897020418,47.4723548285712,47.4020335534063
113,113,3,"static-control","Control social image returns at 0.5km","complete",0,0.461333751678467,99,0.329394516482081,1412.20070690523,47.4328103734197,47.4020335534063
114,114,3,"static-control","Control social image returns at 0.5km","complete",0,0.949701070785522,93,0.329576247779774,1556.01135856404,47.4589796802875,47.4020335534063
115,115,3,"static-control","Control social image returns at 0.5km","complete",0,1.25607085227966,74,0.330072532277561,2121.27802882238,47.5304446479688,47.4020335534063
116,116,3,"static-control","Control social image returns at 0.5km","complete",0,1.75025057792664,89,0.329981073447183,1653.67966992493,47.5172745763944,47.4020335534063
117,117,3,"static-control","Control social image returns at 0.5km","complete",0,1.27148151397705,77,0.329528295172792,2013.31109685473,47.4520745048821,47.4020335534063
118,118,3,"static-control","Control social image returns at 0.5km","complete",0,1.11650252342224,103,0.330391127945489,1325.41748532628,47.5763224241504,47.4020335534063
119,119,3,"static-control","Control social image returns at 0.5km","complete",0,0.931085348129272,105,0.329190661865619,1287.160614789,47.4034553086492,47.4020335534063
120,120,3,"static-control","Control social image returns at 0.5km","complete",0,0.923722267150879,94,0.329939998657797,1531.14789381497,47.5113598067227,47.4020335534063
121,121,3,"static-control","Control social image returns at 0.5km","complete",0,0.653376340866089,113,0.330250927797134,1105.86331237733,47.5561336027873,47.4020335534063
122,122,3,"static-control","Control social image returns at 0.5km","complete",0,1.65611124038696,97,0.329583533537203,1459.32372917328,47.4600288293572,47.4020335534063
123,123,3,"static-control","Control social image returns at 0.5km","complete",0,0.975899219512939,102,0.330126315944993,1337.24711492431,47.538189496079,47.4020335534063
124,124,3,"static-control","Control social image returns at 0.5km","complete",0,1.78197169303894,111,0.329307608382794,1144.64629662362,47.4202956071224,47.4020335534063
125,125,3,"static-control","Control social image returns at 0.5km","complete",0,1.09595489501953,113,0.32928774446214,1115.90678145015,47.4174352025481,47.4020335534063
126,126,3,"static-control","Control social image returns at 0.5km","complete",0,0.467553853988647,88,0.329347755206511,1680.066143364,47.4260767497375,47.4020335534063
127,127,3,"static-control","Control social image returns at 0.5km","complete",0,0.795152187347412,106,0.329388922155236,1245.21458043917,47.432004790354,47.4020335534063
128,128,3,"static-control","Control social image returns at 0.5km","complete",0,0.690003633499146,103,0.330604526801601,1325.41748532628,47.6070518594305,47.4020335534063
129,129,3,"static-control","Control social image returns at 0.5km","complete",0,0.785361289978027,103,0.329588721607264,1316.20678212742,47.460775911446,47.4020335534063
130,130,3,"static-control","Control social image returns at 0.5km","complete",0,0.821076154708862,75,0.329210408678385,2100.2331200359,47.4062988496874,47.4020335534063
131,131,3,"static-control","Control social image returns at 0.5km","complete",0,0.841793537139893,103,0.329644310082154,1329.95897020418,47.4687806518302,47.4020335534063
132,132,3,"static-control","Control social image returns at 0.5km","complete",0,1.09064435958862,94,0.330244359523114,1542.64646231884,47.5551877713284,47.4020335534063
133,133,3,"static-control","Control social image returns at 0.5km","complete",0,0.619399785995483,98,0.329237185828008,1434.6496321137,47.4101547592331,47.4020335534063
134,134,3,"static-control","Control social image returns at 0.5km","complete",0,1.54866909980774,93,0.330152994868515,1556.01135856404,47.5420312610661,47.4020335534063
135,135,3,"static-control","Control social image returns at 0.5km","complete",0,1.28156924247742,99,0.329699480807951,1409.5585385035,47.476725236345,47.4020335534063
136,136,3,"static-control","Control social image returns at 0.5km","complete",0,1.3130054473877,100,0.329704553010109,1403.37729553793,47.4774556334557,47.4020335534063
137,137,3,"static-control","Control social image returns at 0.5km","complete",0,0.916112899780273,93,0.329907513854063,1556.01135856404,47.5066819949851,47.4020335534063
138,138,3,"static-control","Control social image returns at 0.5km","complete",0,1.26934909820557,113,0.329401897361325,1103.5248912866,47.4338732200308,47.4020335534063
139,139,3,"static-control","Control social image returns at 0.5km","complete",0,1.26061320304871,93,0.329824597144878,1558.5826541355,47.4947419888624,47.4020335534063
140,140,3,"static-control","Control social image returns at 0.5km","complete",0,0.955374002456665,97,0.329385080838467,1460.85899582044,47.4314516407392,47.4020335534063
141,141,3,"static-control","Control social image returns at 0.5km","complete",0,1.14934158325195,100,0.330454964400586,1387.10961329502,47.5855148736844,47.4020335534063
142,142,3,"static-control","Control social image returns at 0.5km","complete",0,1.09567856788635,90,0.330465859282555,1629.00221239918,47.5870837366879,47.4020335534063
143,143,3,"static-control","Control social image returns at 0.5km","complete",0,0.476090669631958,118,0.330016729065514,997.682621414746,47.522408985434,47.4020335534063
144,144,3,"static-control","Control social image returns at 0.5km","complete",0,0.832684516906738,102,0.33045804446422,1348.07835666543,47.5859584028476,47.4020335534063
145,145,3,"static-control","Control social image returns at 0.5km","complete",0,0.874531269073486,114,0.329582434484516,1084.73148415265,47.4598705657703,47.4020335534063
146,146,3,"static-control","Control social image returns at 0.5km","complete",0,1.08056211471558,85,0.329357622963196,1773.84715165873,47.4274977067002,47.4020335534063
147,147,3,"static-control","Control social image returns at 0.5km","complete",0,1.07146787643433,86,0.329196046590432,1750.96547359139,47.4042307090223,47.4020335534063
148,148,3,"static-control","Control social image returns at 0.5km","complete",0,1.24604201316833,116,0.3303316405565,1041.85040642464,47.5677562401359,47.4020335534063
149,149,3,"static-control","Control social image returns at 0.5km","complete",0,0.985114812850952,72,0.330087036489956,2186.811761858,47.5325332545537,47.4020335534063
150,150,3,"static-control","Control social image returns at 0.5km","complete",0,0.616794586181641,90,0.33017850380908,1629.00221239918,47.5457045485075,47.4020335534063
151,151,3,"static-control","Control social image returns at 0.5km","complete",0,1.74801993370056,98,0.329891600525948,1447.49409957525,47.5043904757366,47.4020335534063
152,152,3,"static-control","Control social image returns at 0.5km","complete",0,0.970264911651611,95,0.329574507213351,1507.91216500788,47.4587290387226,47.4020335534063
153,153,3,"static-control","Control social image returns at 0.5km","complete",0,0.919602394104004,96,0.330086895509665,1492.43869288749,47.5325129533918,47.4020335534063
154,154,3,"static-control","Control social image returns at 0.5km","complete",0,0.640192985534668,113,0.329740540666661,1110.22924950921,47.4826378559992,47.4020335534063
155,155,3,"static-control","Control social image returns at 0.5km","complete",0,1.45296049118042,87,0.330101025028744,1714.20323502048,47.5345476041392,47.4020335534063
156,156,3,"static-control","Control social image returns at 0.5km","complete",0,1.4307382106781,93,0.329471296817602,1566.19263311387,47.4438667417346,47.4020335534063
157,157,3,"static-control","Control social image returns at 0.5km","complete",0,1.11423468589783,101,0.330279220026792,1373.74471704982,47.5602076838581,47.4020335534063
158,158,3,"static-control","Control social image returns at 0.5km","complete",0,1.09811401367188,101,0.329511404323477,1361.44325291063,47.4496422225807,47.4020335534063
159,159,3,"static-control","Control social image returns at 0.5km","complete",0,1.28696703910828,78,0.329420958764571,1960.95417849704,47.4366180620982,47.4020335534063
160,160,3,"static-control","Control social image returns at 0.5km","complete",0,0.806008815765381,91,0.330240624191124,1619.69565798451,47.5546498835219,47.4020335534063
161,161,3,"static-control","Control social image returns at 0.5km","complete",0,1.50565791130066,94,0.329488478329515,1542.64646231884,47.4463408794502,47.4020335534063
162,162,3,"static-control","Control social image returns at 0.5km","complete",0,0.493021726608276,92,0.330004126053383,1590.78807631682,47.5205941516871,47.4020335534063
163,163,3,"static-control","Control social image returns at 0.5km","complete",0,0.590150833129883,85,0.329252369793956,1775.81903705628,47.4123412503297,47.4020335534063
164,164,3,"static-control","Control social image returns at 0.5km","complete",0,0.483519792556763,84,0.329276647560001,1805.55599572718,47.4158372486401,47.4020335534063
165,165,3,"static-control","Control social image returns at 0.5km","complete",0,0.469379663467407,120,0.330707839181721,961.170589249932,47.6219288421679,47.4020335534063
166,166,3,"static-control","Control social image returns at 0.5km","complete",0,0.782073020935059,102,0.329877221506717,1337.24711492431,47.5023198969673,47.4020335534063
167,167,3,"static-control","Control social image returns at 0.5km","complete",0,0.756671905517578,116,0.330478086968514,1032.50469990184,47.588844523466,47.4020335534063
168,168,3,"static-control","Control social image returns at 0.5km","complete",0,0.701757669448853,101,0.329901998401265,1364.92130568253,47.5058877697822,47.4020335534063
169,169,3,"static-control","Control social image returns at 0.5km","complete",0,1.11899876594543,98,0.329871200745204,1445.95883292808,47.5014529073094,47.4020335534063
170,170,3,"static-control","Control social image returns at 0.5km","complete",0,0.62064790725708,109,0.330079146737866,1195.33656944779,47.5313971302526,47.4020335534063
171,171,3,"static-control","Control social image returns at 0.5km","complete",0,0.772106409072876,78,0.330009105433018,1979.50732157195,47.5213111823546,47.4020335534063
172,172,3,"static-control","Control social image returns at 0.5km","complete",0,0.460498571395874,95,0.330031147677748,1507.91216500788,47.5244852655957,47.4020335534063
173,173,3,"static-control","Control social image returns at 0.5km","complete",0,1.53960824012756,100,0.330362920231195,1398.83581066003,47.5722605132921,47.4020335534063
174,174,3,"static-control","Control social image returns at 0.5km","complete",0,1.24271607398987,93,0.329961419187613,1558.90448839374,47.5144443630163,47.4020335534063
175,175,3,"static-control","Control social image returns at 0.5km","complete",0,1.43059134483337,96,0.330081999928407,1485.02711112559,47.5318079896906,47.4020335534063
176,176,3,"static-control","Control social image returns at 0.5km","complete",0,1.10186409950256,80,0.330003430211141,1901.69146782749,47.5204939504043,47.4020335534063
177,177,3,"static-control","Control social image returns at 0.5km","complete",0,0.902055501937866,97,0.329589862748428,1459.32372917328,47.4609402357736,47.4020335534063
178,178,3,"static-control","Control social image returns at 0.5km","complete",0,1.4052996635437,93,0.33048486824715,1556.01135856404,47.5898210275895,47.4020335534063
179,179,3,"static-control","Control social image returns at 0.5km","complete",0,1.24085831642151,107,0.329922825059123,1229.80607934852,47.5088868085137,47.4020335534063
180,180,3,"static-control","Control social image returns at 0.5km","complete",0,1.24914050102234,85,0.329396767455819,1762.01516538771,47.4331345136379,47.4020335534063
181,181,3,"static-control","Control social image returns at 0.5km","complete",0,0.751975536346436,84,0.330472052495271,1789.18393330148,47.5879755593191,47.4020335534063
182,182,3,"static-control","Control social image returns at 0.5km","complete",0,0.482152462005615,83,0.329302907286357,1838.1849176709,47.4196186492354,47.4020335534063
183,183,3,"static-control","Control social image returns at 0.5km","complete",0,0.624396562576294,92,0.32969762165695,1579.55752935907,47.4764575186008,47.4020335534063
184,184,3,"static-control","Control social image returns at 0.5km","complete",0,1.19142270088196,92,0.329914750712132,1583.53385686679,47.5077241025469,47.4020335534063
185,185,3,"static-control","Control social image returns at 0.5km","complete",0,0.962966442108154,89,0.329376822149373,1653.67966992493,47.4302623895097,47.4020335534063
186,186,3,"static-control","Control social image returns at 0.5km","complete",0,0.821473360061646,88,0.32946811725672,1680.066143364,47.4434088849677,47.4020335534063
187,187,3,"static-control","Control social image returns at 0.5km","complete",0,0.853650331497192,85,0.330279330297122,1762.01516538771,47.5602235627856,47.4020335534063
188,188,3,"static-control","Control social image returns at 0.5km","complete",0,1.60478115081787,97,0.329646451925299,1476.20369975829,47.4690890772431,47.4020335534063
189,189,3,"static-control","Control social image returns at 0.5km","complete",0,0.973731756210327,97,0.329232071104551,1476.20369975829,47.4094182390553,47.4020335534063
190,190,3,"static-control","Control social image returns at 0.5km","complete",0,1.31153559684753,97,0.329659468672274,1459.32372917328,47.4709634888074,47.4020335534063
191,191,3,"static-control","Control social image returns at 0.5km","complete",0,1.05703091621399,83,0.329384324686723,1830.13628074828,47.4313427548882,47.4020335534063
192,192,3,"static-control","Control social image returns at 0.5km","complete",0,0.59276008605957,85,0.329467615818908,1762.01516538771,47.4433366779228,47.4020335534063
193,193,3,"static-control","Control social image returns at 0.5km","complete",0,1.5661985874176,95,0.329891474324266,1507.91216500788,47.5043723026943,47.4020335534063
194,194,3,"static-control","Control social image returns at 0.5km","complete",0,0.924481391906738,71,0.329616000462039,2363.41476732697,47.4647040665336,47.4020335534063
195,195,3,"static-control","Control social image returns at 0.5km","complete",0,1.1562511920929,93,0.329790385283686,1556.01135856404,47.4898154808508,47.4020335534063
196,196,3,"static-control","Control social image returns at 0.5km","complete",0,0.928564548492432,88,0.329398456693023,1691.9309985643,47.4333777637954,47.4020335534063
197,197,3,"static-control","Control social image returns at 0.5km","complete",0,0.773736238479614,96,0.329731012014634,1493.36267704031,47.4812657301073,47.4020335534063
198,198,3,"static-control","Control social image returns at 0.5km","complete",0,0.822144985198975,98,0.329398362362035,1434.6496321137,47.433364180133,47.4020335534063
199,199,3,"static-control","Control social image returns at 0.5km","complete",0,1.2843906879425,78,0.329365922109214,1985.58407309702,47.4286927837268,47.4020335534063
200,200,3,"static-control","Control social image returns at 0.5km","complete",0,0.945909023284912,87,0.329815380602968,1721.49137974061,47.4934148068273,47.4020335534063
201,201,3,"static-control","Control social image returns at 0.5km","complete",0,0.88630485534668,72,0.329281102915168,2212.09384527127,47.4164788197842,47.4020335534063
202,202,3,"static-control","Control social image returns at 0.5km","complete",0,1.74135136604309,85,0.330245262923376,1768.53089233615,47.5553178609662,47.4020335534063
203,203,3,"static-control","Control social image returns at 0.5km","complete",0,1.28154706954956,102,0.32934234326743,1349.6136233126,47.4252974305099,47.4020335534063
204,204,3,"static-control","Control social image returns at 0.5km","complete",0,0.759875774383545,100,0.330334365597167,1398.83581066003,47.5681486459921,47.4020335534063
205,205,3,"static-control","Control social image returns at 0.5km","complete",0,0.768531560897827,83,0.330545661092657,1830.13628074828,47.5985751973426,47.4020335534063
206,206,3,"static-control","Control social image returns at 0.5km","complete",0,0.595264911651611,108,0.329331997775549,1208.70146569299,47.423807679679,47.4020335534063
207,207,3,"static-control","Control social image returns at 0.5km","complete",0,1.77274084091187,106,0.329883789245398,1264.21155925877,47.5032656513374,47.4020335534063
208,208,3,"static-control","Control social image returns at 0.5km","complete",0,0.593316316604614,93,0.329778585337483,1556.01135856404,47.4881162885976,47.4020335534063
209,209,3,"static-control","Control social image returns at 0.5km","complete",0,0.609449148178101,102,0.329962865332039,1349.6136233126,47.5146526078136,47.4020335534063
210,210,3,"static-control","Control social image returns at 0.5km","complete",0,1.40310335159302,96,0.330366051655128,1483.49184447842,47.5727114383385,47.4020335534063
211,211,3,"static-control","Control social image returns at 0.5km","complete",0,1.58885312080383,95,0.330639161517924,1521.98202908322,47.612039258581,47.4020335534063
212,212,3,"static-control","Control social image returns at 0.5km","complete",0,1.30983304977417,115,0.32925253283686,1065.60299599392,47.4123647285079,47.4020335534063
213,213,3,"static-control","Control social image returns at 0.5km","complete",0,1.08136630058289,94,0.329552804114232,1548.72321384391,47.4556037924494,47.4020335534063
214,214,3,"static-control","Control social image returns at 0.5km","complete",0,0.9899742603302,97,0.330088464049075,1464.37407016026,47.5327388230668,47.4020335534063
215,215,3,"static-control","Control social image returns at 0.5km","complete",0,1.0953996181488,95,0.32929457094419,1507.91216500788,47.4184182159634,47.4020335534063
216,216,3,"static-control","Control social image returns at 0.5km","complete",0,1.63101243972778,74,0.330351343207191,2121.87245371685,47.5705934218356,47.4020335534063
217,217,3,"static-control","Control social image returns at 0.5km","complete",0,0.562757730484009,88,0.32945827835456,1691.9309985643,47.4419920830567,47.4020335534063
218,218,3,"static-control","Control social image returns at 0.5km","complete",0,0.916253805160522,88,0.3296895146973,1680.88130676799,47.4752901164112,47.4020335534063
219,219,3,"static-control","Control social image returns at 0.5km","complete",0,1.71304845809937,89,0.329923641126309,1660.22826580266,47.5090043221884,47.4020335534063
220,220,3,"static-control","Control social image returns at 0.5km","complete",0,1.08454298973083,93,0.329379344564684,1573.31865704686,47.4306256173145,47.4020335534063
221,221,3,"static-control","Control social image returns at 0.5km","complete",0,1.36221933364868,96,0.329604818979862,1500.62402028775,47.4630939331001,47.4020335534063
222,222,3,"static-control","Control social image returns at 0.5km","complete",0,1.08392906188965,91,0.329694683517976,1621.71406767905,47.4760344265886,47.4020335534063
223,223,3,"static-control","Control social image returns at 0.5km","complete",0,0.946901321411133,88,0.329268132657002,1680.88130676799,47.4146111026082,47.4020335534063
224,224,3,"static-control","Control social image returns at 0.5km","complete",0,1.2734706401825,85,0.329949760576224,1762.01516538771,47.5127655229762,47.4020335534063
225,225,3,"static-control","Control social image returns at 0.5km","complete",0,0.619738101959229,81,0.330516082255422,1871.79012160184,47.5943158447808,47.4020335534063
226,226,3,"static-control","Control social image returns at 0.5km","complete",0,1.3838415145874,76,0.329424696724428,2026.67599309993,47.4371563283176,47.4020335534063
227,227,3,"static-control","Control social image returns at 0.5km","complete",0,0.579782485961914,77,0.329637248055566,1992.87221781715,47.4677637200016,47.4020335534063
228,228,3,"static-control","Control social image returns at 0.5km","complete",0,0.47171950340271,106,0.330189520590293,1259.03217480297,47.5472909650021,47.4020335534063
229,229,3,"static-control","Control social image returns at 0.5km","complete",0,0.928936004638672,71,0.32967564474106,2358.95968967824,47.4732928427126,47.4020335534063
230,230,3,"static-control","Control social image returns at 0.5km","complete",0,0.675485849380493,99,0.329888272182989,1412.20070690523,47.5039111943504,47.4020335534063
231,231,3,"static-control","Control social image returns at 0.5km","complete",0,0.501575946807861,94,0.329788402740003,1542.64646231884,47.4895299945604,47.4020335534063
232,232,3,"static-control","Control social image returns at 0.5km","complete",0,0.521853446960449,98,0.330460331323667,1447.49409957525,47.586287710608,47.4020335534063
233,233,3,"static-control","Control social image returns at 0.5km","complete",0,0.88745641708374,119,0.329374119631896,970.868823524488,47.429873226993,47.4020335534063
234,234,3,"static-control","Control social image returns at 0.5km","complete",0,0.727581024169922,98,0.32992846029085,1452.03558445315,47.5096982818825,47.4020335534063
235,235,3,"static-control","Control social image returns at 0.5km","complete",0,1.73601531982422,95,0.33033679062257,1509.44743165505,47.56849784965,47.4020335534063
236,236,3,"static-control","Control social image returns at 0.5km","complete",0,1.09004950523376,87,0.330102914732895,1707.26778020705,47.5348197215369,47.4020335534063
237,237,3,"static-control","Control social image returns at 0.5km","complete",0,0.639767169952393,101,0.32960292469987,1368.46924276202,47.4628211567813,47.4020335534063
238,238,3,"static-control","Control social image returns at 0.5km","complete",0,1.08251976966858,95,0.329513814183458,1506.72757328551,47.4499892424179,47.4020335534063
239,239,3,"static-control","Control social image returns at 0.5km","complete",0,0.467817068099976,100,0.330115415921291,1385.57434664786,47.5366198926659,47.4020335534063
240,240,3,"static-control","Control social image returns at 0.5km","complete",0,0.911828756332397,97,0.330137832674216,1462.83880351309,47.539847905087,47.4020335534063
241,241,3,"static-control","Control social image returns at 0.5km","complete",0,0.454289197921753,99,0.33059287671914,1423.50990771961,47.6053742475561,47.4020335534063
242,242,3,"static-control","Control social image returns at 0.5km","complete",0,1.28501081466675,84,0.329194660962435,1803.2407912783,47.4040311785907,47.4020335534063
243,243,3,"static-control","Control social image returns at 0.5km","complete",0,1.28082370758057,86,0.329244346819129,1754.72702066758,47.4111859419546,47.4020335534063
244,244,3,"static-control","Control social image returns at 0.5km","complete",0,0.509126663208008,96,0.329255469978926,1500.62402028775,47.4127876769653,47.4020335534063
245,245,3,"static-control","Control social image returns at 0.5km","complete",0,0.464210748672485,112,0.3292526294084,1125.39168403608,47.4123786348096,47.4020335534063
246,246,3,"static-control","Control social image returns at 0.5km","complete",0,0.907901287078857,97,0.329199095107749,1476.20369975829,47.4046696955158,47.4020335534063
247,247,3,"static-control","Control social image returns at 0.5km","complete",0,1.08479118347168,105,0.329694015483556,1283.06664494373,47.4759382296321,47.4020335534063
248,248,3,"static-control","Control social image returns at 0.5km","complete",0,1.15253496170044,91,0.330179026761972,1606.84783005679,47.5457798537239,47.4020335534063
249,249,3,"static-control","Control social image returns at 0.5km","complete",0,0.850079774856567,79,0.32959681016301,1931.24960269263,47.4619406634735,47.4020335534063
250,250,3,"static-control","Control social image returns at 0.5km","complete",0,1.18023991584778,100,0.329197411718157,1385.57434664786,47.4044272874147,47.4020335534063
251,251,3,"static-control","Control social image returns at 0.5km","complete",0,1.44324469566345,87,0.329297868997439,1721.49137974061,47.4188931356313,47.4020335534063
252,252,3,"static-control","Control social image returns at 0.5km","complete",0,1.45574283599854,98,0.330348708180241,1445.95883292808,47.5702139779547,47.4020335534063
253,253,3,"static-control","Control social image returns at 0.5km","complete",0,1.27604961395264,98,0.330044403834243,1436.8748039648,47.5263941521309,47.4020335534063
254,254,3,"static-control","Control social image returns at 0.5km","complete",0,0.472763776779175,93,0.33041798425358,1566.19263311387,47.5801897325155,47.4020335534063
255,255,3,"static-control","Control social image returns at 0.5km","complete",0,1.22407245635986,85,0.330106698773036,1762.01516538771,47.5353646233172,47.4020335534063
256,256,3,"static-control","Control social image returns at 0.5km","complete",0,1.27650308609009,114,0.33091889181227,1084.73148415265,47.6523204209669,47.4020335534063
257,257,3,"static-control","Control social image returns at 0.5km","complete",0,1.50904035568237,99,0.32942744188665,1427.36148739357,47.4375516316775,47.4020335534063
258,258,3,"static-control","Control social image returns at 0.5km","complete",0,1.41165518760681,99,0.330105208368174,1412.20070690523,47.535150005017,47.4020335534063
259,259,3,"static-control","Control social image returns at 0.5km","complete",0,1.09504699707031,101,0.330486116191466,1366.4565723297,47.5900007315712,47.4020335534063
260,260,3,"static-control","Control social image returns at 0.5km","complete",0,0.92031192779541,108,0.330019478169805,1216.44118310333,47.522804856452,47.4020335534063
261,261,3,"static-control","Control social image returns at 0.5km","complete",0,0.762069940567017,82,0.330175199600075,1858.42522535664,47.5452287424108,47.4020335534063
262,262,3,"static-control","Control social image returns at 0.5km","complete",0,0.605939149856567,97,0.330204042959039,1460.85899582044,47.5493821861016,47.4020335534063
263,263,3,"static-control","Control social image returns at 0.5km","complete",0,0.538465976715088,93,0.33010379005104,1556.01135856404,47.5349457673498,47.4020335534063
264,264,3,"static-control","Control social image returns at 0.5km","complete",0,0.453738927841187,95,0.329294837717557,1507.91216500788,47.4184566313282,47.4020335534063
265,265,3,"static-control","Control social image returns at 0.5km","complete",0,0.660970449447632,106,0.329253387385578,1256.88716703615,47.4124877835232,47.4020335534063
266,266,3,"static-control","Control social image returns at 0.5km","complete",0,0.766296148300171,80,0.330425183651251,1901.69146782749,47.5812264457801,47.4020335534063
267,267,3,"static-control","Control social image returns at 0.5km","complete",0,0.680123329162598,98,0.33003536551313,1438.67068820795,47.5250926338907,47.4020335534063
268,268,3,"static-control","Control social image returns at 0.5km","complete",0,0.631728887557983,86,0.33009058268441,1734.85627598581,47.5330439065551,47.4020335534063
269,269,3,"static-control","Control social image returns at 0.5km","complete",0,0.481057167053223,99,0.329207189301358,1409.5585385035,47.4058352593955,47.4020335534063
270,270,3,"static-control","Control social image returns at 0.5km","complete",0,0.635161876678467,88,0.329550721310241,1691.9309985643,47.4553038686747,47.4020335534063
271,271,3,"static-control","Control social image returns at 0.5km","complete",0,0.482613801956177,94,0.329635323350126,1546.48193573705,47.4674865624182,47.4020335534063
272,272,3,"static-control","Control social image returns at 0.5km","complete",0,0.597108364105225,97,0.330294777462466,1470.12694823322,47.5624479545951,47.4020335534063
273,273,3,"static-control","Control social image returns at 0.5km","complete",0,0.46978497505188,106,0.329460103027509,1265.10892632804,47.4422548359613,47.4020335534063
274,274,3,"static-control","Control social image returns at 0.5km","complete",0,1.13999795913696,116,0.329896240873462,1055.69408992919,47.5050586857785,47.4020335534063
275,275,3,"static-control","Control social image returns at 0.5km","complete",0,0.492514848709106,93,0.329373794092947,1572.26938463894,47.4298263493844,47.4020335534063
276,276,3,"static-control","Control social image returns at 0.5km","complete",0,0.559688091278076,84,0.329660697006111,1805.55599572718,47.4711403688799,47.4020335534063
277,277,3,"static-control","Control social image returns at 0.5km","complete",0,0.484444856643677,84,0.32930083873251,1789.18393330148,47.4193207774815,47.4020335534063
278,278,3,"static-control","Control social image returns at 0.5km","complete",0,0.75566291809082,106,0.32966921565559,1261.37690181506,47.4723670544049,47.4020335534063
279,279,3,"static-control","Control social image returns at 0.5km","complete",0,1.02817988395691,107,0.329412913060832,1230.6394164273,47.4354594807599,47.4020335534063
280,280,3,"static-control","Control social image returns at 0.5km","complete",0,0.783382892608643,89,0.33009296565141,1653.67966992493,47.533387053803,47.4020335534063
281,281,3,"static-control","Control social image returns at 0.5km","complete",0,0.835943937301636,100,0.329324653536037,1385.57434664786,47.4227501091894,47.4020335534063
282,282,3,"static-control","Control social image returns at 0.5km","complete",0,0.806507110595703,83,0.329198585549208,1838.1849176709,47.404596319086,47.4020335534063
283,283,3,"static-control","Control social image returns at 0.5km","complete",0,0.734633684158325,85,0.330710454481871,1762.01516538771,47.6223054453894,47.4020335534063
284,284,3,"static-control","Control social image returns at 0.5km","complete",0,0.918134450912476,99,0.329548186401709,1410.66544025806,47.4549388418461,47.4020335534063
285,285,3,"static-control","Control social image returns at 0.5km","complete",0,0.750773191452026,79,0.329868106405907,1947.58928225184,47.5010073224505,47.4020335534063
286,286,3,"static-control","Control social image returns at 0.5km","complete",0,1.29221773147583,81,0.329999095879265,1881.03842686216,47.5198698066141,47.4020335534063
287,287,3,"static-control","Control social image returns at 0.5km","complete",0,1.28229022026062,102,0.330316472183875,1349.6136233126,47.565571994478,47.4020335534063
288,288,3,"static-control","Control social image returns at 0.5km","complete",0,0.958120346069336,111,0.329777792184271,1145.12508388296,47.488002074535,47.4020335534063
289,289,3,"static-control","Control social image returns at 0.5km","complete",0,1.35490298271179,99,0.330220416164763,1412.20070690523,47.5517399277258,47.4020335534063
290,290,3,"static-control","Control social image returns at 0.5km","complete",0,0.897688150405884,71,0.330006218606768,2387.07434675328,47.5208954793746,47.4020335534063
291,291,3,"static-control","Control social image returns at 0.5km","complete",0,1.28779673576355,98,0.329547723102801,1450.59721620066,47.4548721268034,47.4020335534063
292,292,3,"static-control","Control social image returns at 0.5km","complete",0,0.78319239616394,91,0.329940198922084,1608.17738912244,47.5113886447801,47.4020335534063
293,293,3,"static-control","Control social image returns at 0.5km","complete",0,0.707671642303467,81,0.329738578047039,1871.79012160184,47.4823552387736,47.4020335534063
294,294,3,"static-control","Control social image returns at 0.5km","complete",0,0.497395277023315,85,0.330065962953326,1762.01516538771,47.529498665279,47.4020335534063
295,295,3,"static-control","Control social image returns at 0.5km","complete",0,0.645216941833496,107,0.331355413729609,1230.39120882165,47.7151795770637,47.4020335534063
296,296,3,"static-control","Control social image returns at 0.5km","complete",0,0.619598388671875,85,0.329704104210628,1775.81903705628,47.4773910063305,47.4020335534063
297,297,3,"static-control","Control social image returns at 0.5km","complete",0,1.14423823356628,94,0.329722073016133,1531.14789381497,47.4799785143232,47.4020335534063
298,298,3,"static-control","Control social image returns at 0.5km","complete",0,0.494236707687378,71,0.329333990847162,2291.45043720919,47.4240946819913,47.4020335534063
299,299,3,"static-control","Control social image returns at 0.5km","complete",0,0.583887100219727,97,0.329775447616463,1476.20369975829,47.4876644567707,47.4020335534063
300,300,3,"static-control","Control social image returns at 0.5km","complete",0,0.635202884674072,98,0.330383510901703,1445.95883292808,47.5752255698452,47.4020335534063
301,301,3,"static-control","Control social image returns at 0.5km","complete",0,0.51093053817749,81,0.32919067657069,1871.79012160184,47.4034574261793,47.4020335534063
302,302,3,"static-control","Control social image returns at 0.5km","complete",0,0.79383373260498,92,0.329374272827015,1579.55752935907,47.4298952870901,47.4020335534063
303,303,3,"static-control","Control social image returns at 0.5km","complete",0,0.480842351913452,99,0.330182063940924,1410.66544025806,47.5462172074931,47.4020335534063
304,304,3,"static-control","Control social image returns at 0.5km","complete",0,0.77228569984436,100,0.329624763033923,1385.57434664786,47.4659658768849,47.4020335534063
305,305,3,"static-control","Control social image returns at 0.5km","complete",0,0.446569681167603,88,0.329433136458217,1691.9309985643,47.4383716499832,47.4020335534063
306,306,3,"static-control","Control social image returns at 0.5km","complete",0,0.627839088439941,118,0.330108858065814,999.611431997887,47.5356755614772,47.4020335534063
307,307,3,"static-control","Control social image returns at 0.5km","complete",0,0.459606170654297,93,0.329350932803385,1557.5466252112,47.4265343236874,47.4020335534063
308,308,3,"static-control","Control social image returns at 0.5km","complete",0,1.06671237945557,83,0.32956519665448,1832.10816614583,47.4573883182451,47.4020335534063
309,309,3,"static-control","Control social image returns at 0.5km","complete",0,1.3389720916748,93,0.330454798992478,1556.01135856404,47.5854910549168,47.4020335534063
310,310,3,"static-control","Control social image returns at 0.5km","complete",0,0.502820491790771,80,0.329933122957398,1920.19991089631,47.5103697058653,47.4020335534063
311,311,3,"static-control","Control social image returns at 0.5km","complete",0,1.34597659111023,87,0.330485203283051,1707.26778020705,47.5898692727594,47.4020335534063
312,312,3,"static-control","Control social image returns at 0.5km","complete",0,0.967472076416016,91,0.32991890363579,1608.34917143386,47.5083221235537,47.4020335534063
313,313,3,"static-control","Control social image returns at 0.5km","complete",0,0.917335510253906,100,0.329563478626584,1387.10961329502,47.4571409222281,47.4020335534063
314,314,3,"static-control","Control social image returns at 0.5km","complete",0,1.54375743865967,103,0.33041282604025,1318.12934060615,47.579446949796,47.4020335534063
315,315,3,"static-control","Control social image returns at 0.5km","complete",0,1.25236749649048,106,0.329757203038091,1249.72997617632,47.4850372374852,47.4020335534063
316,316,3,"static-control","Control social image returns at 0.5km","complete",0,0.957775592803955,85,0.32942493469119,1762.01516538771,47.4371905955313,47.4020335534063
317,317,3,"static-control","Control social image returns at 0.5km","complete",0,1.91610026359558,109,0.329318417916892,1203.90300026053,47.4218521800324,47.4020335534063
318,318,3,"static-control","Control social image returns at 0.5km","complete",0,1.07719707489014,106,0.329895541102356,1259.03217480297,47.5049579187392,47.4020335534063
319,319,3,"static-control","Control social image returns at 0.5km","complete",0,0.480038642883301,106,0.329199096518041,1261.37690181506,47.4046698985979,47.4020335534063
320,320,3,"static-control","Control social image returns at 0.5km","complete",0,1.48719334602356,108,0.329245729856729,1202.62358873953,47.411385099369,47.4020335534063
321,321,3,"static-control","Control social image returns at 0.5km","complete",0,1.08933234214783,94,0.329597744922945,1550.25848049107,47.4620752689041,47.4020335534063
322,322,3,"static-control","Control social image returns at 0.5km","complete",0,1.08607244491577,83,0.330552781569435,1816.60568752349,47.5996005459986,47.4020335534063
323,323,3,"static-control","Control social image returns at 0.5km","complete",0,1.30681180953979,96,0.329413943965572,1499.43942856538,47.4356079310423,47.4020335534063
324,324,3,"static-control","Control social image returns at 0.5km","complete",0,1.24096131324768,96,0.330095261188545,1483.49184447842,47.5337176111504,47.4020335534063
325,325,3,"static-control","Control social image returns at 0.5km","complete",0,0.93932056427002,80,0.329266633832747,1901.69146782749,47.4143952719155,47.4020335534063
326,326,3,"static-control","Control social image returns at 0.5km","complete",0,1.07266449928284,106,0.329523019660743,1251.74403008284,47.451314831147,47.4020335534063
327,327,3,"static-control","Control social image returns at 0.5km","complete",0,1.24895143508911,108,0.3296835624737,1220.32117676259,47.4744329962129,47.4020335534063
328,328,3,"static-control","Control social image returns at 0.5km","complete",0,0.954129457473755,90,0.329344939031212,1640.31477367973,47.4256712204946,47.4020335534063
329,329,3,"static-control","Control social image returns at 0.5km","complete",0,0.630262136459351,79,0.329737347320984,1931.24960269263,47.4821780142216,47.4020335534063
330,330,3,"static-control","Control social image returns at 0.5km","complete",0,0.621916532516479,103,0.329745810487351,1312.30924951057,47.4833967101786,47.4020335534063
331,331,3,"static-control","Control social image returns at 0.5km","complete",0,1.48656249046326,81,0.329557405357535,1890.64177603117,47.456266371485,47.4020335534063
332,332,3,"static-control","Control social image returns at 0.5km","complete",0,1.27333354949951,93,0.330038273354725,1556.01135856404,47.5255113630804,47.4020335534063
333,333,3,"static-control","Control social image returns at 0.5km","complete",0,1.2612829208374,96,0.329672292622857,1493.36267704031,47.4728101376914,47.4020335534063
334,334,3,"static-control","Control social image returns at 0.5km","complete",0,1.27165699005127,90,0.329307976192802,1628.83043008776,47.4203485717634,47.4020335534063
335,335,3,"static-control","Control social image returns at 0.5km","complete",0,1.38528180122375,106,0.330417298001496,1259.03217480297,47.5800909122154,47.4020335534063
336,336,3,"static-control","Control social image returns at 0.5km","complete",0,1.39405965805054,106,0.329236488917617,1259.03217480297,47.4100544041368,47.4020335534063
337,337,3,"static-control","Control social image returns at 0.5km","complete",0,1.25062990188599,98,0.330483723562116,1447.49409957525,47.5896561929447,47.4020335534063
338,338,3,"static-control","Control social image returns at 0.5km","complete",0,0.932998180389404,84,0.329780624341268,1805.55599572718,47.4884099051427,47.4020335534063
339,339,3,"static-control","Control social image returns at 0.5km","complete",0,1.05201745033264,86,0.329419135246067,1734.85627598581,47.4363554754337,47.4020335534063
340,340,3,"static-control","Control social image returns at 0.5km","complete",0,1.5835063457489,108,0.329185919113398,1207.16619904582,47.4027723523293,47.4020335534063
341,341,3,"static-control","Control social image returns at 0.5km","complete",0,1.23289585113525,96,0.329301553783083,1483.49184447842,47.4194237447639,47.4020335534063
342,342,3,"static-control","Control social image returns at 0.5km","complete",0,0.499351024627686,103,0.329533561109628,1323.88221867911,47.4528327997865,47.4020335534063
343,343,3,"static-control","Control social image returns at 0.5km","complete",0,1.35867929458618,97,0.329848764490275,1477.73896640546,47.4982220865997,47.4020335534063
344,344,3,"static-control","Control social image returns at 0.5km","complete",0,1.28687882423401,97,0.329970208545526,1459.32372917328,47.5157100305557,47.4020335534063
345,345,3,"static-control","Control social image returns at 0.5km","complete",0,1.28301787376404,84,0.329188941656396,1802.77725324624,47.4032075985211,47.4020335534063
346,346,3,"static-control","Control social image returns at 0.5km","complete",0,1.15558433532715,96,0.329407053975811,1493.36267704031,47.4346157725168,47.4020335534063
347,347,3,"static-control","Control social image returns at 0.5km","complete",0,0.993894815444946,92,0.329363867983307,1579.55752935907,47.4283969895962,47.4020335534063
348,348,3,"static-control","Control social image returns at 0.5km","complete",0,0.455790519714355,95,0.330302591145253,1510.49485284964,47.5635731249165,47.4020335534063
349,349,3,"static-control","Control social image returns at 0.5km","complete",0,1.4192943572998,106,0.329948757705765,1245.92393898726,47.5126211096302,47.4020335534063
350,350,3,"static-control","Control social image returns at 0.5km","complete",0,1.25199913978577,92,0.329470099200594,1599.55968533666,47.4436942848855,47.4020335534063
351,351,3,"static-control","Control social image returns at 0.5km","complete",0,1.06445097923279,97,0.329252536212259,1459.32372917328,47.4123652145653,47.4020335534063
352,352,3,"static-control","Control social image returns at 0.5km","complete",0,1.18992614746094,95,0.329503915835602,1517.78299756977,47.4485638803266,47.4020335534063
353,353,3,"static-control","Control social image returns at 0.5km","complete",0,1.07246661186218,105,0.329446803504634,1286.7986694567,47.4403397046673,47.4020335534063
354,354,3,"static-control","Control social image returns at 0.5km","complete",0,1.07745027542114,110,0.329784693685104,1167.22189606767,47.4889958906549,47.4020335534063
355,355,3,"static-control","Control social image returns at 0.5km","complete",0,1.06224632263184,99,0.329889582380941,1412.20070690523,47.5040998628555,47.4020335534063
356,356,3,"static-control","Control social image returns at 0.5km","complete",0,0.97669243812561,116,0.330095332968105,1052.10701769179,47.5337279474072,47.4020335534063
357,357,3,"static-control","Control social image returns at 0.5km","complete",0,0.445415258407593,97,0.330169493139402,1459.32372917328,47.5444070120739,47.4020335534063
358,358,3,"static-control","Control social image returns at 0.5km","complete",0,0.841335773468018,72,0.32941607427294,2212.09384527127,47.4359146953033,47.4020335534063
359,359,3,"static-control","Control social image returns at 0.5km","complete",0,0.811578989028931,94,0.329386684923308,1531.14789381497,47.4316826289564,47.4020335534063
360,360,3,"static-control","Control social image returns at 0.5km","complete",0,0.631985187530518,86,0.329539466573427,1748.65026914251,47.4536831865734,47.4020335534063
361,361,3,"static-control","Control social image returns at 0.5km","complete",0,0.465678691864014,94,0.329711462025834,1532.68316046213,47.4784505317202,47.4020335534063
362,362,3,"static-control","Control social image returns at 0.5km","complete",0,0.458803653717041,86,0.330400850544778,1734.85627598581,47.577722478448,47.4020335534063
363,363,3,"static-control","Control social image returns at 0.5km","complete",0,1.15802764892578,101,0.330275146887548,1362.9785195578,47.559621151807,47.4020335534063
364,364,3,"static-control","Control social image returns at 0.5km","complete",0,0.69225287437439,103,0.329275592205147,1312.30924951057,47.4156852775411,47.4020335534063
365,365,3,"static-control","Control social image returns at 0.5km","complete",0,0.815397500991821,85,0.329567532238736,1762.01516538771,47.457724642378,47.4020335534063
366,366,3,"static-control","Control social image returns at 0.5km","complete",0,0.480650663375854,104,0.329245909049582,1305.18661289432,47.4114109031398,47.4020335534063
367,367,3,"static-control","Control social image returns at 0.5km","complete",0,0.80025577545166,80,0.330233045782918,1901.69146782749,47.5535585927403,47.4020335534063
368,368,3,"static-control","Control social image returns at 0.5km","complete",0,0.789983749389648,91,0.329757407167331,1606.84783005679,47.4850666320956,47.4020335534063
369,369,3,"static-control","Control social image returns at 0.5km","complete",0,0.465553760528564,75,0.330047397667568,2062.26180189567,47.5268252641298,47.4020335534063
370,370,3,"static-control","Control social image returns at 0.5km","complete",0,0.613561391830444,92,0.330023459745249,1579.55752935907,47.5233782033159,47.4020335534063
371,371,3,"static-control","Control social image returns at 0.5km","complete",0,1.72077226638794,99,0.329706594220582,1427.36148739357,47.4777495677638,47.4020335534063
372,372,3,"static-control","Control social image returns at 0.5km","complete",0,1.08272051811218,89,0.32923455551724,1653.67966992493,47.4097759944826,47.4020335534063
373,373,3,"static-control","Control social image returns at 0.5km","complete",0,1.24047780036926,76,0.329432911472573,2048.89690565047,47.4383392520504,47.4020335534063
374,374,3,"static-control","Control social image returns at 0.5km","complete",0,0.892680168151855,91,0.33036110037798,1604.15297256201,47.5719984544292,47.4020335534063
375,375,3,"static-control","Control social image returns at 0.5km","complete",0,1.26659750938416,71,0.329333095345962,2473.28703002199,47.4239657298185,47.4020335534063
376,376,3,"static-control","Control social image returns at 0.5km","complete",0,1.1067533493042,86,0.329471146167702,1750.96547359139,47.4438450481491,47.4020335534063
377,377,3,"static-control","Control social image returns at 0.5km","complete",0,0.985934257507324,109,0.329890525701158,1182.22833363208,47.5042357009667,47.4020335534063
378,378,3,"static-control","Control social image returns at 0.5km","complete",0,1.42441582679749,94,0.330093896056635,1535.35831759871,47.5335210321555,47.4020335534063
379,379,3,"static-control","Control social image returns at 0.5km","complete",0,0.59255576133728,92,0.329274464347181,1601.09495198383,47.4155228659941,47.4020335534063
380,380,3,"static-control","Control social image returns at 0.5km","complete",0,0.548020839691162,79,0.329973403550259,1934.56770505797,47.5161701112372,47.4020335534063
381,381,3,"static-control","Control social image returns at 0.5km","complete",0,0.838676452636719,103,0.32946089375524,1313.88728117378,47.4423687007545,47.4020335534063
382,382,3,"static-control","Control social image returns at 0.5km","complete",0,0.752668619155884,99,0.329239468213753,1410.66544025806,47.4104834227805,47.4020335534063
383,383,3,"static-control","Control social image returns at 0.5km","complete",0,0.465206384658813,109,0.329824363850405,1201.41332097286,47.4947083944583,47.4020335534063
384,384,3,"static-control","Control social image returns at 0.5km","complete",0,0.927147150039673,104,0.329781226753299,1294.08681417683,47.4884966524751,47.4020335534063
385,385,3,"static-control","Control social image returns at 0.5km","complete",0,0.462541818618774,83,0.329497138112449,1816.60568752349,47.4475878881926,47.4020335534063
386,386,3,"static-control","Control social image returns at 0.5km","complete",0,0.865025997161865,92,0.329420733588885,1590.78807631682,47.4365856367994,47.4020335534063
387,387,3,"static-control","Control social image returns at 0.5km","complete",0,0.841727733612061,86,0.330068323144435,1734.85627598581,47.5298385327986,47.4020335534063
388,388,3,"static-control","Control social image returns at 0.5km","complete",0,0.625228643417358,91,0.329385494407344,1604.15297256201,47.4315111946576,47.4020335534063
389,389,3,"static-control","Control social image returns at 0.5km","complete",0,0.989818572998047,81,0.329290249548582,1871.79012160184,47.4177959349959,47.4020335534063
390,390,3,"static-control","Control social image returns at 0.5km","complete",0,1.65948963165283,100,0.330294970464305,1397.30054401286,47.5624757468599,47.4020335534063
391,391,3,"static-control","Control social image returns at 0.5km","complete",0,0.928982019424438,107,0.329310555239014,1240.33656901818,47.420719954418,47.4020335534063
392,392,3,"static-control","Control social image returns at 0.5km","complete",0,1.26550340652466,100,0.330237313816224,1390.01239929273,47.5541731895363,47.4020335534063
393,393,3,"static-control","Control social image returns at 0.5km","complete",0,1.16422820091248,96,0.329811423206585,1485.15054816736,47.4928449417483,47.4020335534063
394,394,3,"static-control","Control social image returns at 0.5km","complete",0,1.06426501274109,95,0.330109656265546,1510.49485284964,47.5357905022387,47.4020335534063
395,395,3,"static-control","Control social image returns at 0.5km","complete",0,1.09137773513794,106,0.330227570385249,1245.92393898726,47.5527701354758,47.4020335534063
396,396,3,"static-control","Control social image returns at 0.5km","complete",0,1.25828647613525,91,0.329732259068326,1604.15297256201,47.481445305839,47.4020335534063
397,397,3,"static-control","Control social image returns at 0.5km","complete",0,1.25104451179504,92,0.329918816624551,1580.60680176698,47.5083095939353,47.4020335534063
398,398,3,"static-control","Control social image returns at 0.5km","complete",0,1.09483933448792,82,0.329585803834699,1858.42522535664,47.4603557521967,47.4020335534063
399,399,3,"static-control","Control social image returns at 0.5km","complete",0,1.11021423339844,97,0.329330566190759,1477.73896640546,47.4236015314693,47.4020335534063
400,400,3,"static-control","Control social image returns at 0.5km","complete",0,0.937588930130005,82,0.329894098463453,1856.45333995909,47.5047501787372,47.4020335534063
401,401,3,"static-control","Control social image returns at 0.5km","complete",0,0.56989598274231,71,0.329564374761484,2390.37622864192,47.4572699656538,47.4020335534063
402,402,3,"static-control","Control social image returns at 0.5km","complete",0,0.760674238204956,99,0.329396303141734,1429.58665924468,47.4330676524096,47.4020335534063
403,403,3,"static-control","Control social image returns at 0.5km","complete",0,0.599756717681885,90,0.329441531838618,1640.31477367973,47.4395805847609,47.4020335534063
404,404,3,"static-control","Control social image returns at 0.5km","complete",0,1.43611884117126,88,0.32976562016416,1680.88130676799,47.486249303639,47.4020335534063
405,405,3,"static-control","Control social image returns at 0.5km","complete",0,0.471394300460815,71,0.330882160433581,2448.05179120843,47.6470311024357,47.4020335534063
406,406,3,"static-control","Control social image returns at 0.5km","complete",0,0.513307094573975,105,0.329186146097179,1266.90432356784,47.4028050379937,47.4020335534063
407,407,3,"static-control","Control social image returns at 0.5km","complete",0,0.65947413444519,91,0.32987163511202,1606.84783005679,47.5015154561309,47.4020335534063
408,408,3,"static-control","Control social image returns at 0.5km","complete",0,0.477998733520508,88,0.329854406588902,1680.88130676799,47.4990345488018,47.4020335534063
409,409,3,"static-control","Control social image returns at 0.5km","complete",0,0.480127573013306,107,0.329188474565461,1230.36399425252,47.4031403374264,47.4020335534063
410,410,3,"static-control","Control social image returns at 0.5km","complete",0,0.631541967391968,95,0.330349870855245,1507.91216500788,47.5703814031553,47.4020335534063
411,411,3,"static-control","Control social image returns at 0.5km","complete",0,0.469302654266357,93,0.329267186186037,1572.26938463894,47.4144748107894,47.4020335534063
412,412,3,"static-control","Control social image returns at 0.5km","complete",0,0.824480772018433,113,0.329678302277536,1094.37822032497,47.4736755279652,47.4020335534063
413,413,3,"static-control","Control social image returns at 0.5km","complete",0,0.596358299255371,115,0.329855315891645,1062.98223464932,47.4991654883969,47.4020335534063
414,414,3,"static-control","Control social image returns at 0.5km","complete",0,0.832927465438843,94,0.329515784214969,1531.14789381497,47.4502729269555,47.4020335534063
415,415,3,"static-control","Control social image returns at 0.5km","complete",0,0.602977275848389,71,0.371951746287082,2518.19977991268,53.5610514653399,47.4020335534063
416,416,3,"static-control","Control social image returns at 0.5km","complete",0,0.759713649749756,102,0.329686634894642,1338.78238157148,47.4748754248285,47.4020335534063
417,417,3,"static-control","Control social image returns at 0.5km","complete",0,0.744646549224854,97,0.329661742261058,1476.20369975829,47.4712908855924,47.4020335534063
418,418,3,"static-control","Control social image returns at 0.5km","complete",0,1.0771906375885,83,0.329475378595302,1830.13628074828,47.4444545177235,47.4020335534063
419,419,3,"static-control","Control social image returns at 0.5km","complete",0,0.919200897216797,96,0.329317278572603,1483.49184447842,47.4216881144548,47.4020335534063
420,420,3,"static-control","Control social image returns at 0.5km","complete",0,1.02068662643433,97,0.329513196225089,1459.32372917328,47.4499002564128,47.4020335534063
421,421,3,"static-control","Control social image returns at 0.5km","complete",0,1.45965170860291,88,0.329882404977639,1680.066143364,47.50306631678,47.4020335534063
422,422,3,"static-control","Control social image returns at 0.5km","complete",0,1.20971655845642,96,0.330521092443952,1485.02711112559,47.5950373119291,47.4020335534063
423,423,3,"static-control","Control social image returns at 0.5km","complete",0,1.22863841056824,89,0.330225598446154,1653.67966992493,47.5524861762462,47.4020335534063
424,424,3,"static-control","Control social image returns at 0.5km","complete",0,0.928810358047485,95,0.329747747702885,1507.91216500788,47.4836756692155,47.4020335534063
425,425,3,"static-control","Control social image returns at 0.5km","complete",0,1.29306149482727,92,0.329281880602362,1579.55752935907,47.4165908067402,47.4020335534063
426,426,3,"static-control","Control social image returns at 0.5km","complete",0,0.632542848587036,80,0.329202986632782,1920.19991089631,47.4052300751206,47.4020335534063
427,427,3,"static-control","Control social image returns at 0.5km","complete",0,1.71379733085632,72,0.330213135781064,2186.811761858,47.5506915524732,47.4020335534063
428,428,3,"static-control","Control social image returns at 0.5km","complete",0,0.933088064193726,78,0.33014085113659,1977.5354361744,47.5402825636689,47.4020335534063
429,429,3,"static-control","Control social image returns at 0.5km","complete",0,0.985773801803589,92,0.330436052338707,1579.55752935907,47.5827915367738,47.4020335534063
430,430,3,"static-control","Control social image returns at 0.5km","complete",0,1.61909174919128,92,0.330422605553857,1579.55752935907,47.5808551997554,47.4020335534063
431,431,3,"static-control","Control social image returns at 0.5km","complete",0,1.28807520866394,105,0.329692856474896,1285.26340280954,47.4757713323851,47.4020335534063
432,432,3,"static-control","Control social image returns at 0.5km","complete",0,1.15201473236084,94,0.329286284137262,1548.72321384391,47.4172249157658,47.4020335534063
433,433,3,"static-control","Control social image returns at 0.5km","complete",0,0.475155591964722,86,0.329979872675967,1734.85627598581,47.5171016653392,47.4020335534063
434,434,3,"static-control","Control social image returns at 0.5km","complete",0,1.49950504302979,100,0.330197983863861,1397.30054401286,47.548509676396,47.4020335534063
435,435,3,"static-control","Control social image returns at 0.5km","complete",0,1.4732403755188,87,0.329525303972774,1723.80658418949,47.4516437720795,47.4020335534063
436,436,3,"static-control","Control social image returns at 0.5km","complete",0,1.14539265632629,111,0.330225943860964,1148.06670844857,47.5525359159788,47.4020335534063
437,437,3,"static-control","Control social image returns at 0.5km","complete",0,0.95801305770874,108,0.329703900538895,1208.36131088488,47.4773616776009,47.4020335534063
438,438,3,"static-control","Control social image returns at 0.5km","complete",0,1.09539866447449,105,0.329705485353972,1272.95498595216,47.477589890972,47.4020335534063
439,439,3,"static-control","Control social image returns at 0.5km","complete",0,1.34342837333679,90,0.330091156768842,1629.00221239918,47.5331265747133,47.4020335534063
440,440,3,"static-control","Control social image returns at 0.5km","complete",0,1.24540328979492,101,0.329609210123211,1361.44325291063,47.4637262577424,47.4020335534063
441,441,3,"static-control","Control social image returns at 0.5km","complete",0,1.24720287322998,90,0.329802155094267,1640.31477367973,47.4915103335745,47.4020335534063
442,442,3,"static-control","Control social image returns at 0.5km","complete",0,1.08107352256775,116,0.329462270009771,1038.04436923558,47.442566881407,47.4020335534063
443,443,3,"static-control","Control social image returns at 0.5km","complete",0,1.09345841407776,104,0.330009120905444,1294.08681417683,47.5213134103839,47.4020335534063
444,444,3,"static-control","Control social image returns at 0.5km","complete",0,1.31594109535217,99,0.330203826491828,1410.66544025806,47.5493510148232,47.4020335534063
445,445,3,"static-control","Control social image returns at 0.5km","complete",0,0.466673374176025,101,0.330088978022718,1362.9785195578,47.5328128352713,47.4020335534063
446,446,3,"static-control","Control social image returns at 0.5km","complete",0,2.24239373207092,114,0.3301551998054,1086.86591205408,47.5423487719775,47.4020335534063
447,447,3,"static-control","Control social image returns at 0.5km","complete",0,1.02997779846191,95,0.33045949884271,1517.78299756977,47.5861678333502,47.4020335534063
448,448,3,"static-control","Control social image returns at 0.5km","complete",0,0.78912878036499,81,0.330206167795274,1871.79012160184,47.5496881625194,47.4020335534063
449,449,3,"static-control","Control social image returns at 0.5km","complete",0,1.80807399749756,97,0.329766986364059,1477.73896640546,47.4864460364245,47.4020335534063
450,450,3,"static-control","Control social image returns at 0.5km","complete",0,1.08721256256104,108,0.329781688756268,1204.48568158208,47.4885631809025,47.4020335534063
451,451,3,"static-control","Control social image returns at 0.5km","complete",0,0.638984203338623,94,0.329942063216618,1531.14789381497,47.511657103193,47.4020335534063
452,452,3,"static-control","Control social image returns at 0.5km","complete",0,0.497292757034302,102,0.330270340316478,1342.32547859247,47.5589290055729,47.4020335534063
453,453,3,"static-control","Control social image returns at 0.5km","complete",0,0.988328218460083,110,0.329950296425718,1165.36417060571,47.5128426853033,47.4020335534063
454,454,3,"static-control","Control social image returns at 0.5km","complete",0,0.468229532241821,85,0.329889629209875,1775.81903705628,47.5041066062221,47.4020335534063
455,455,3,"static-control","Control social image returns at 0.5km","complete",0,0.541561365127563,76,0.33054161952146,2026.67599309993,47.5979932110902,47.4020335534063
456,456,3,"static-control","Control social image returns at 0.5km","complete",0,0.840279340744019,90,0.329358703107301,1629.00221239918,47.4276532474513,47.4020335534063
457,457,3,"static-control","Control social image returns at 0.5km","complete",0,0.589085340499878,105,0.329437344284087,1280.72191793163,47.4389775769085,47.4020335534063
458,458,3,"static-control","Control social image returns at 0.5km","complete",0,0.950949907302856,99,0.329831767710771,1412.20070690523,47.495774550351,47.4020335534063
459,459,3,"static-control","Control social image returns at 0.5km","complete",0,0.865170240402222,91,0.330438203345506,1604.15297256201,47.5831012817528,47.4020335534063
460,460,3,"static-control","Control social image returns at 0.5km","complete",0,0.968077659606934,79,0.330004110155967,1931.24960269263,47.5205918624593,47.4020335534063
461,461,3,"static-control","Control social image returns at 0.5km","complete",0,0.479779005050659,75,0.331841365959369,2062.26180189567,47.7851566981492,47.4020335534063
462,462,3,"static-control","Control social image returns at 0.5km","complete",0,0.751612663269043,104,0.329605168315619,1290.6195063819,47.4631442374491,47.4020335534063
463,463,3,"static-control","Control social image returns at 0.5km","complete",0,0.457334518432617,92,0.330485666552911,1581.99859021962,47.5899359836191,47.4020335534063
464,464,3,"static-control","Control social image returns at 0.5km","complete",0,0.985883235931396,81,0.329808420422415,1894.40332310736,47.4924125408278,47.4020335534063
465,465,3,"static-control","Control social image returns at 0.5km","complete",0,0.450571775436401,98,0.32924736053222,1434.6496321137,47.4116199166397,47.4020335534063
466,466,3,"static-control","Control social image returns at 0.5km","complete",0,0.573929786682129,97,0.329645996286229,1459.32372917328,47.469023465217,47.4020335534063
467,467,3,"static-control","Control social image returns at 0.5km","complete",0,0.835969209671021,99,0.329618476529887,1421.2847358685,47.4650606203037,47.4020335534063
468,468,3,"static-control","Control social image returns at 0.5km","complete",0,0.685946702957153,106,0.330258751261462,1245.92393898726,47.5572601816505,47.4020335534063
469,469,3,"static-control","Control social image returns at 0.5km","complete",0,0.777290821075439,101,0.329956226065675,1362.9785195578,47.5136965534572,47.4020335534063
470,470,3,"static-control","Control social image returns at 0.5km","complete",0,0.472667217254639,86,0.329931283231486,1734.85627598581,47.5101047853341,47.4020335534063
471,471,3,"static-control","Control social image returns at 0.5km","complete",0,0.510916709899902,76,0.3299632046039,2051.21211009935,47.5147014629617,47.4020335534063
472,472,3,"static-control","Control social image returns at 0.5km","complete",0,1.4084324836731,77,0.330050726751938,1992.87221781715,47.5273046522791,47.4020335534063
473,473,3,"static-control","Control social image returns at 0.5km","complete",0,1.00581002235413,80,0.329516727750541,1901.34825646698,47.4504087960778,47.4020335534063
474,474,3,"static-control","Control social image returns at 0.5km","complete",0,0.836848020553589,89,0.329330471746541,1673.59316204786,47.4235879315019,47.4020335534063
475,475,3,"static-control","Control social image returns at 0.5km","complete",0,1.41609168052673,88,0.330746529047498,1691.9309985643,47.6275001828397,47.4020335534063
476,476,3,"static-control","Control social image returns at 0.5km","complete",0,0.601900577545166,97,0.32968742427232,1459.32372917328,47.474989095214,47.4020335534063
477,477,3,"static-control","Control social image returns at 0.5km","complete",0,0.595941781997681,106,0.32981045401962,1251.74403008284,47.4927053788253,47.4020335534063
478,478,3,"static-control","Control social image returns at 0.5km","complete",0,1.35415434837341,90,0.330086212924,1628.83043008776,47.5324146610559,47.4020335534063
479,479,3,"static-control","Control social image returns at 0.5km","complete",0,0.979760408401489,87,0.32978621217871,1707.26778020705,47.4892145537343,47.4020335534063
480,480,3,"static-control","Control social image returns at 0.5km","complete",0,1.09272933006287,87,0.3298805141685,1707.26778020705,47.5027940402641,47.4020335534063
481,481,3,"static-control","Control social image returns at 0.5km","complete",0,1.22410464286804,92,0.329706705482981,1590.78807631682,47.4777655895493,47.4020335534063
482,482,3,"static-control","Control social image returns at 0.5km","complete",0,1.41339731216431,92,0.329947690523632,1579.55752935907,47.512467435403,47.4020335534063
483,483,3,"static-control","Control social image returns at 0.5km","complete",0,0.456141710281372,97,0.329794265013578,1477.73896640546,47.4903741619553,47.4020335534063
484,484,3,"static-control","Control social image returns at 0.5km","complete",0,1.35126185417175,95,0.330150318307261,1512.0301194968,47.5416458362456,47.4020335534063
485,485,3,"static-control","Control social image returns at 0.5km","complete",0,1.2768886089325,103,0.329216498817552,1314.67151548026,47.4071758297275,47.4020335534063
486,486,3,"static-control","Control social image returns at 0.5km","complete",0,0.919983625411987,77,0.329918304898442,1992.87221781715,47.5082359053756,47.4020335534063
487,487,3,"static-control","Control social image returns at 0.5km","complete",0,0.732474088668823,92,0.32995532391021,1583.53385686679,47.5135666430702,47.4020335534063
488,488,3,"static-control","Control social image returns at 0.5km","complete",0,0.996282815933228,86,0.330371380819847,1734.85627598581,47.573478838058,47.4020335534063
489,489,3,"static-control","Control social image returns at 0.5km","complete",0,0.537763595581055,99,0.329913564178255,1412.20070690523,47.5075532416687,47.4020335534063
490,490,3,"static-control","Control social image returns at 0.5km","complete",0,0.890108585357666,98,0.330177266461805,1445.95883292808,47.5455263704999,47.4020335534063
491,491,3,"static-control","Control social image returns at 0.5km","complete",0,1.22856521606445,81,0.329616034592822,1871.79012160184,47.4647089813663,47.4020335534063
492,492,3,"static-control","Control social image returns at 0.5km","complete",0,0.5087890625,102,0.330037133248582,1338.78238157148,47.5253471877958,47.4020335534063
493,493,3,"static-control","Control social image returns at 0.5km","complete",0,0.789415597915649,96,0.329206031513924,1481.12949207311,47.4056685380051,47.4020335534063
494,494,3,"static-control","Control social image returns at 0.5km","complete",0,0.465474843978882,84,0.330544967595609,1790.21921408443,47.5984753337677,47.4020335534063
495,495,3,"static-control","Control social image returns at 0.5km","complete",0,0.944833517074585,79,0.329189672239808,1949.90448670072,47.4033128025323,47.4020335534063
496,496,3,"static-control","Control social image returns at 0.5km","complete",0,1.30614018440247,106,0.32953381827538,1245.92393898726,47.4528698316547,47.4020335534063
497,497,3,"static-control","Control social image returns at 0.5km","complete",0,0.950344085693359,77,0.329708124743932,2019.3878483798,47.4779699631262,47.4020335534063
498,498,3,"static-control","Control social image returns at 0.5km","complete",0,0.936380624771118,113,0.329271292830007,1118.10353931595,47.415066167521,47.4020335534063
499,499,3,"static-control","Control social image returns at 0.5km","complete",0,0.473907470703125,98,0.329673930446994,1445.95883292808,47.4730459843672,47.4020335534063
500,500,3,"static-control","Control social image returns at 0.5km","complete",0,0.471464157104492,99,0.329210988478867,1429.58665924468,47.4063823409569,47.4020335534063
501,501,3,"static-control","Control social image returns at 0.5km","complete",0,0.863511800765991,105,0.330935904442246,1267.61368211593,47.6547702396834,47.4020335534063
502,502,3,"static-control","Control social image returns at 0.5km","complete",0,0.833004713058472,104,0.329600088971281,1289.73365006652,47.4624128118644,47.4020335534063
503,503,3,"static-control","Control social image returns at 0.5km","complete",0,1.29246473312378,77,0.329236479939046,2014.82432809751,47.4100531112226,47.4020335534063
504,504,3,"static-control","Control social image returns at 0.5km","complete",0,1.2214732170105,107,0.329843075079223,1230.6394164273,47.4974028114082,47.4020335534063
505,505,3,"static-control","Control social image returns at 0.5km","complete",0,1.13061785697937,85,0.330528447066059,1775.81903705628,47.5960963775125,47.4020335534063
506,506,3,"static-control","Control social image returns at 0.5km","complete",0,1.08530378341675,93,0.330022525035435,1556.01135856404,47.5232436051027,47.4020335534063
507,507,3,"static-control","Control social image returns at 0.5km","complete",0,0.630647659301758,97,0.329821222698706,1471.66221488039,47.4942560686136,47.4020335534063
508,508,3,"static-control","Control social image returns at 0.5km","complete",0,0.710978746414185,108,0.329552619329251,1208.70146569299,47.4555771834121,47.4020335534063
509,509,3,"static-control","Control social image returns at 0.5km","complete",0,1.07738876342773,92,0.329250542236068,1590.78807631682,47.4120780819938,47.4020335534063
510,510,3,"static-control","Control social image returns at 0.5km","complete",0,1.40586113929749,102,0.330059173297943,1338.78238157148,47.5285209549038,47.4020335534063
511,511,3,"static-control","Control social image returns at 0.5km","complete",0,0.442714691162109,83,0.329888650840756,1822.26970576898,47.5039657210689,47.4020335534063
512,512,3,"static-control","Control social image returns at 0.5km","complete",0,1.96176362037659,82,0.330306007471132,1851.13708063651,47.564065075843,47.4020335534063
513,513,3,"static-control","Control social image returns at 0.5km","complete",0,1.42475819587708,116,0.329892486476882,1049.61733840412,47.504518052671,47.4020335534063
514,514,3,"static-control","Control social image returns at 0.5km","complete",0,0.462098121643066,87,0.329963528616296,1723.80658418949,47.5147481207466,47.4020335534063
515,515,3,"static-control","Control social image returns at 0.5km","complete",0,1.75531339645386,93,0.329567189045254,1573.31865704686,47.4576752225166,47.4020335534063
516,516,3,"static-control","Control social image returns at 0.5km","complete",0,0.893396854400635,101,0.329429182421883,1361.44325291063,47.4378022687512,47.4020335534063
517,517,3,"static-control","Control social image returns at 0.5km","complete",0,1.17662119865417,90,0.330202886537891,1628.83043008776,47.5492156614564,47.4020335534063
518,518,3,"static-control","Control social image returns at 0.5km","complete",0,1.29830694198608,88,0.329564848635403,1690.9542212523,47.457338203498,47.4020335534063
519,519,3,"static-control","Control social image returns at 0.5km","complete",0,0.5888512134552,101,0.330130860082476,1364.92130568253,47.5388438518766,47.4020335534063
520,520,3,"static-control","Control social image returns at 0.5km","complete",0,1.35684013366699,102,0.329819766266054,1338.78238157148,47.4940463423117,47.4020335534063
521,521,3,"static-control","Control social image returns at 0.5km","complete",0,1.27304792404175,92,0.330111167356681,1587.73005573863,47.5360080993621,47.4020335534063
522,522,3,"static-control","Control social image returns at 0.5km","complete",0,0.75875449180603,77,0.32931804894598,1992.87221781715,47.4217990482212,47.4020335534063
523,523,3,"static-control","Control social image returns at 0.5km","complete",0,0.508695125579834,100,0.330207039772411,1385.57434664786,47.5498137272272,47.4020335534063
524,524,3,"static-control","Control social image returns at 0.5km","complete",0,0.886474132537842,92,0.329184781756671,1581.99859021962,47.4026085729606,47.4020335534063
525,525,3,"static-control","Control social image returns at 0.5km","complete",0,0.825197696685791,91,0.329776499742486,1604.15297256201,47.4878159629179,47.4020335534063
526,526,3,"static-control","Control social image returns at 0.5km","complete",0,0.623496532440186,101,0.329805262525602,1373.74471704982,47.4919578036867,47.4020335534063
527,527,3,"static-control","Control social image returns at 0.5km","complete",0,0.686663627624512,97,0.329844744924065,1470.12694823322,47.4976432690653,47.4020335534063
528,528,3,"static-control","Control social image returns at 0.5km","complete",0,1.14022183418274,89,0.329195796784178,1653.67966992493,47.4041947369216,47.4020335534063
529,529,3,"static-control","Control social image returns at 0.5km","complete",0,1.25280904769897,107,0.329427670620636,1225.90854673167,47.4375845693717,47.4020335534063
530,530,3,"static-control","Control social image returns at 0.5km","complete",0,0.947293043136597,83,0.330166230692255,1827.58596509156,47.5439372196848,47.4020335534063
531,531,3,"static-control","Control social image returns at 0.5km","complete",0,0.630933046340942,110,0.329567788246946,1176.640963663,47.4577615075603,47.4020335534063
532,532,3,"static-control","Control social image returns at 0.5km","complete",0,1.09086942672729,91,0.330404060723782,1606.84783005679,47.5781847442246,47.4020335534063
533,533,3,"static-control","Control social image returns at 0.5km","complete",0,0.849176645278931,100,0.329828700269304,1403.37729553793,47.4953328387797,47.4020335534063
534,534,3,"static-control","Control social image returns at 0.5km","complete",0,0.826046705245972,90,0.329615670372003,1640.31477367973,47.4646565335685,47.4020335534063
535,535,3,"static-control","Control social image returns at 0.5km","complete",0,1.40907025337219,81,0.329327627391498,1886.12787838955,47.4231783443758,47.4020335534063
536,536,3,"static-control","Control social image returns at 0.5km","complete",0,1.42883229255676,85,0.329397225131615,1762.01516538771,47.4332004189526,47.4020335534063
537,537,3,"static-control","Control social image returns at 0.5km","complete",0,1.23156833648682,79,0.329587389040122,1931.24960269263,47.4605840217776,47.4020335534063
538,538,3,"static-control","Control social image returns at 0.5km","complete",0,1.08045172691345,75,0.331118549375891,2062.26180189567,47.6810711101283,47.4020335534063
539,539,3,"static-control","Control social image returns at 0.5km","complete",0,0.649854421615601,106,0.329276900507177,1249.72997617632,47.4158736730335,47.4020335534063
540,540,3,"static-control","Control social image returns at 0.5km","complete",0,0.846047163009644,93,0.329799715059628,1556.01135856404,47.4911589685864,47.4020335534063
541,541,3,"static-control","Control social image returns at 0.5km","complete",0,0.859663486480713,111,0.329342163472352,1155.31535439515,47.4252715400187,47.4020335534063
542,542,3,"static-control","Control social image returns at 0.5km","complete",0,1.09858345985413,105,0.329994341527762,1280.72191793163,47.5191851799977,47.4020335534063
543,543,3,"static-control","Control social image returns at 0.5km","complete",0,1.26432490348816,117,0.329745518832739,1013.68568679117,47.4833547119144,47.4020335534063
544,544,3,"static-control","Control social image returns at 0.5km","complete",0,0.470348834991455,78,0.330715040689023,1977.5354361744,47.6229658592193,47.4020335534063
545,545,3,"static-control","Control social image returns at 0.5km","complete",0,1.12310767173767,100,0.329440989913244,1403.37729553793,47.4395025475072,47.4020335534063
546,546,3,"static-control","Control social image returns at 0.5km","complete",0,1.30146288871765,99,0.32940316088392,1410.66544025806,47.4340551672845,47.4020335534063
547,547,3,"static-control","Control social image returns at 0.5km","complete",0,1.24507665634155,99,0.329463779274166,1410.66544025806,47.4427842154799,47.4020335534063
548,548,3,"static-control","Control social image returns at 0.5km","complete",0,1.2627592086792,93,0.329488259479891,1556.01135856404,47.4463093651043,47.4020335534063
549,549,3,"static-control","Control social image returns at 0.5km","complete",0,1.07120037078857,93,0.330375745351319,1568.63369397443,47.5741073305899,47.4020335534063
550,550,3,"static-control","Control social image returns at 0.5km","complete",0,0.735553503036499,114,0.330868342391426,1076.96544531325,47.6450413043653,47.4020335534063
551,551,3,"static-control","Control social image returns at 0.5km","complete",0,0.894935846328735,106,0.329242006776343,1265.10892632804,47.4108489757934,47.4020335534063
552,552,3,"static-control","Control social image returns at 0.5km","complete",0,0.487537622451782,87,0.330246115692034,1723.80658418949,47.555440659653,47.4020335534063
553,553,3,"static-control","Control social image returns at 0.5km","complete",0,0.459853649139404,116,0.330945593048023,1032.50469990184,47.6561653989154,47.4020335534063
554,554,3,"static-control","Control social image returns at 0.5km","complete",0,0.447605609893799,78,0.329342151941879,1960.95417849704,47.4252698796306,47.4020335534063
555,555,3,"static-control","Control social image returns at 0.5km","complete",0,0.901366710662842,108,0.329199778184057,1207.55730609985,47.4047680585042,47.4020335534063
556,556,3,"static-control","Control social image returns at 0.5km","complete",0,0.793166160583496,104,0.329319996845061,1294.08681417683,47.4220795456888,47.4020335534063
557,557,3,"static-control","Control social image returns at 0.5km","complete",0,0.913488626480103,96,0.330344315342742,1488.79439068972,47.5695814093549,47.4020335534063
558,558,3,"static-control","Control social image returns at 0.5km","complete",0,0.810978889465332,96,0.329760282449466,1502.15928693492,47.4854806727231,47.4020335534063
559,559,3,"static-control","Control social image returns at 0.5km","complete",0,0.689879417419434,81,0.329512781646247,1871.79012160184,47.4498405570596,47.4020335534063
560,560,3,"static-control","Control social image returns at 0.5km","complete",0,0.851495742797852,102,0.330192551065221,1341.43197356145,47.5477273533918,47.4020335534063
561,561,3,"static-control","Control social image returns at 0.5km","complete",0,0.462728500366211,71,0.329320999153514,2288.09334185475,47.422223878106,47.4020335534063
562,562,3,"static-control","Control social image returns at 0.5km","complete",0,0.807808637619019,91,0.330088428084617,1604.15297256201,47.5327336441848,47.4020335534063
563,563,3,"static-control","Control social image returns at 0.5km","complete",0,0.480460166931152,100,0.329511522631847,1404.9125621851,47.4496592589859,47.4020335534063
564,564,3,"static-control","Control social image returns at 0.5km","complete",0,0.764159917831421,71,0.329620643044125,2390.37622864192,47.4653725983539,47.4020335534063
565,565,3,"static-control","Control social image returns at 0.5km","complete",0,1.22054219245911,118,0.330689041128488,996.097725863142,47.6192219225023,47.4020335534063
566,566,3,"static-control","Control social image returns at 0.5km","complete",0,1.10709142684937,92,0.330097282711004,1581.99859021962,47.5340087103846,47.4020335534063
567,567,3,"static-control","Control social image returns at 0.5km","complete",0,0.474941253662109,87,0.329789442567656,1707.26778020705,47.4896797297425,47.4020335534063
568,568,3,"static-control","Control social image returns at 0.5km","complete",0,1.61501955986023,95,0.330408988217926,1510.49485284964,47.5788943033813,47.4020335534063
569,569,3,"static-control","Control social image returns at 0.5km","complete",0,1.65057706832886,105,0.329316396868013,1272.39707104816,47.4215611489938,47.4020335534063
570,570,3,"static-control","Control social image returns at 0.5km","complete",0,1.05368876457214,118,0.329665072263892,1012.17294990651,47.4717704060005,47.4020335534063
571,571,3,"static-control","Control social image returns at 0.5km","complete",0,1.25779819488525,111,0.32949471450301,1140.13090088647,47.4472388884334,47.4020335534063
572,572,3,"static-control","Control social image returns at 0.5km","complete",0,1.26889872550964,83,0.329512911875993,1829.55785048911,47.4498593101429,47.4020335534063
573,573,3,"static-control","Control social image returns at 0.5km","complete",0,0.923938989639282,82,0.330055459908614,1845.47306239103,47.5279862268405,47.4020335534063
574,574,3,"static-control","Control social image returns at 0.5km","complete",0,0.456333637237549,76,0.329671372706936,2026.67599309993,47.4726776697988,47.4020335534063
575,575,3,"static-control","Control social image returns at 0.5km","complete",0,1.39774227142334,97,0.329424155410527,1459.32372917328,47.437078379116,47.4020335534063
576,576,3,"static-control","Control social image returns at 0.5km","complete",0,1.41323018074036,74,0.32931197802734,2128.88396249554,47.420924835937,47.4020335534063
577,577,3,"static-control","Control social image returns at 0.5km","complete",0,0.823551654815674,82,0.33022546896165,1845.47306239103,47.5524675304776,47.4020335534063
578,578,3,"static-control","Control social image returns at 0.5km","complete",0,1.74780106544495,94,0.329842787414051,1548.72321384391,47.4973613876234,47.4020335534063
579,579,3,"static-control","Control social image returns at 0.5km","complete",0,1.2247998714447,87,0.329729664156436,1707.26778020705,47.4810716385268,47.4020335534063
580,580,3,"static-control","Control social image returns at 0.5km","complete",0,0.936675310134888,106,0.330203225146058,1251.74403008284,47.5492644210323,47.4020335534063
581,581,3,"static-control","Control social image returns at 0.5km","complete",0,1.26349067687988,99,0.33040865582716,1413.99659114837,47.5788464391111,47.4020335534063
582,582,3,"static-control","Control social image returns at 0.5km","complete",0,0.957051992416382,94,0.329414979241727,1531.14789381497,47.4357570108087,47.4020335534063
583,583,3,"static-control","Control social image returns at 0.5km","complete",0,1.39991664886475,90,0.329868187538942,1640.31477367973,47.5010190056076,47.4020335534063
584,584,3,"static-control","Control social image returns at 0.5km","complete",0,1.27728414535522,101,0.330324958454834,1362.9785195578,47.5667940174961,47.4020335534063
585,585,3,"static-control","Control social image returns at 0.5km","complete",0,0.966243743896484,103,0.329220776700986,1312.30924951057,47.407791844942,47.4020335534063
586,586,3,"static-control","Control social image returns at 0.5km","complete",0,1.00027370452881,89,0.329894470154234,1653.67966992493,47.5048037022096,47.4020335534063
587,587,3,"static-control","Control social image returns at 0.5km","complete",0,0.645569562911987,92,0.330003857167178,1579.55752935907,47.5205554320736,47.4020335534063
588,588,3,"static-control","Control social image returns at 0.5km","complete",0,0.479748964309692,101,0.329971381523251,1372.20945040266,47.5158789393482,47.4020335534063
589,589,3,"static-control","Control social image returns at 0.5km","complete",0,0.662962436676025,89,0.330289666222497,1667.51641052279,47.5617119360396,47.4020335534063
590,590,3,"static-control","Control social image returns at 0.5km","complete",0,0.496458292007446,76,0.330623904060762,2026.67599309993,47.6098421847497,47.4020335534063
591,591,3,"static-control","Control social image returns at 0.5km","complete",0,0.83615255355835,89,0.33035789908499,1653.67966992493,47.5715374682386,47.4020335534063
592,592,3,"static-control","Control social image returns at 0.5km","complete",0,1.6004536151886,85,0.330182634080438,1775.81903705628,47.5462993075831,47.4020335534063
593,593,3,"static-control","Control social image returns at 0.5km","complete",0,1.25275611877441,82,0.330749530588651,1845.47306239103,47.6279324047658,47.4020335534063
594,594,3,"static-control","Control social image returns at 0.5km","complete",0,0.93990159034729,75,0.331041619571135,2062.26180189567,47.6699932182434,47.4020335534063
595,595,3,"static-control","Control social image returns at 0.5km","complete",0,0.867211103439331,95,0.329569298949935,1507.91216500788,47.4579790487907,47.4020335534063
596,596,3,"static-control","Control social image returns at 0.5km","complete",0,0.725188016891479,110,0.329428609629512,1165.77812484829,47.4377197866497,47.4020335534063
597,597,3,"static-control","Control social image returns at 0.5km","complete",0,0.884099006652832,93,0.329472051626788,1566.19263311387,47.4439754342574,47.4020335534063
598,598,3,"static-control","Control social image returns at 0.5km","complete",0,0.943562269210815,87,0.32967788313817,1719.51949434306,47.4736151718964,47.4020335534063
599,599,3,"static-control","Control social image returns at 0.5km","complete",0,1.12394070625305,100,0.329879773204315,1398.83581066003,47.5026873414213,47.4020335534063
600,600,3,"static-control","Control social image returns at 0.5km","complete",0,1.03086733818054,89,0.329225154755486,1673.59316204786,47.4084222847899,47.4020335534063
601,601,3,"static-control","Control social image returns at 0.5km","complete",0,1.11738681793213,117,0.329251068052566,1022.79431058622,47.4121537995695,47.4020335534063
602,602,3,"static-control","Control social image returns at 0.5km","complete",0,0.878917217254639,101,0.329719253164775,1378.28620192773,47.4795724557276,47.4020335534063
603,603,3,"static-control","Control social image returns at 0.5km","complete",0,0.634516000747681,97,0.330092809925995,1471.66221488039,47.5333646293433,47.4020335534063
604,604,3,"static-control","Control social image returns at 0.5km","complete",0,0.619064331054688,74,0.329201237403148,2110.25332325386,47.4049781860533,47.4020335534063
605,605,3,"static-control","Control social image returns at 0.5km","complete",0,0.930728197097778,98,0.329792783146968,1452.03558445315,47.4901607731634,47.4020335534063
606,606,3,"static-control","Control social image returns at 0.5km","complete",0,0.754998683929443,83,0.329529330072619,1816.60568752349,47.4522235304572,47.4020335534063
607,607,3,"static-control","Control social image returns at 0.5km","complete",0,1.59032845497131,103,0.3299594983357,1323.88221867911,47.5141677603408,47.4020335534063
608,608,3,"static-control","Control social image returns at 0.5km","complete",0,0.634297609329224,92,0.329201536935129,1596.86482784189,47.4050213186586,47.4020335534063
609,609,3,"static-control","Control social image returns at 0.5km","complete",0,0.828133821487427,88,0.329692580976457,1680.88130676799,47.4757316606098,47.4020335534063
610,610,3,"static-control","Control social image returns at 0.5km","complete",0,0.790877103805542,89,0.329282103477695,1667.51641052279,47.416622900788,47.4020335534063
611,611,3,"static-control","Control social image returns at 0.5km","complete",0,0.828838586807251,117,0.330132538597754,1026.98029198331,47.5390855580766,47.4020335534063
612,612,3,"static-control","Control social image returns at 0.5km","complete",0,0.817897796630859,98,0.330002080811209,1434.6496321137,47.5202996368141,47.4020335534063
613,613,3,"static-control","Control social image returns at 0.5km","complete",0,1.13445401191711,100,0.330282264922329,1390.01239929273,47.5606461488153,47.4020335534063
614,614,3,"static-control","Control social image returns at 0.5km","complete",0,0.589175462722778,100,0.330461696860497,1391.5476659399,47.5864843479115,47.4020335534063
615,615,3,"static-control","Control social image returns at 0.5km","complete",0,0.92181658744812,81,0.329257215630198,1871.79012160184,47.4130390507485,47.4020335534063
616,616,3,"static-control","Control social image returns at 0.5km","complete",0,0.472851276397705,84,0.329552304809039,1809.31754280337,47.4555318925016,47.4020335534063
617,617,3,"static-control","Control social image returns at 0.5km","complete",0,0.915349006652832,85,0.329697051029335,1773.84715165873,47.4763753482243,47.4020335534063
618,618,3,"static-control","Control social image returns at 0.5km","complete",0,0.594165086746216,94,0.329335044291416,1531.14789381497,47.4242463779639,47.4020335534063
619,619,3,"static-control","Control social image returns at 0.5km","complete",0,0.845379590988159,92,0.330133200375294,1581.99859021962,47.5391808540423,47.4020335534063
620,620,3,"static-control","Control social image returns at 0.5km","complete",0,1.58435916900635,96,0.329398554532042,1500.62402028775,47.4333918526141,47.4020335534063
621,621,3,"static-control","Control social image returns at 0.5km","complete",0,1.30456519126892,82,0.329594013591148,1842.92274673431,47.4615379571253,47.4020335534063
622,622,3,"static-control","Control social image returns at 0.5km","complete",0,0.464310884475708,82,0.329723278090377,1856.45333995909,47.4801520450143,47.4020335534063
623,623,3,"static-control","Control social image returns at 0.5km","complete",0,1.40497231483459,87,0.329525373127398,1707.26778020705,47.4516537303453,47.4020335534063
624,624,3,"static-control","Control social image returns at 0.5km","complete",0,0.908162355422974,89,0.33012955885468,1668.90819897543,47.5386564750739,47.4020335534063
625,625,3,"static-control","Control social image returns at 0.5km","complete",0,1.58931994438171,92,0.329440294690685,1579.55752935907,47.4394024354586,47.4020335534063
626,626,3,"static-control","Control social image returns at 0.5km","complete",0,0.978922128677368,98,0.330193131695736,1436.8748039648,47.547810964186,47.4020335534063
627,627,3,"static-control","Control social image returns at 0.5km","complete",0,0.467229127883911,94,0.330027178743811,1531.14789381497,47.5239137391087,47.4020335534063
628,628,3,"static-control","Control social image returns at 0.5km","complete",0,1.19686031341553,85,0.32957771663163,1773.84715165873,47.4591911949548,47.4020335534063
629,629,3,"static-control","Control social image returns at 0.5km","complete",0,1.41612315177917,75,0.331098118064008,2062.26180189567,47.6781290012171,47.4020335534063
630,630,3,"static-control","Control social image returns at 0.5km","complete",0,0.461144924163818,106,0.329661010739193,1259.03217480297,47.4711855464437,47.4020335534063
631,631,3,"static-control","Control social image returns at 0.5km","complete",0,0.511340379714966,101,0.329317981493804,1362.9785195578,47.4217893351077,47.4020335534063
632,632,3,"static-control","Control social image returns at 0.5km","complete",0,0.799932718276978,85,0.329285617381299,1762.01516538771,47.417128902907,47.4020335534063
633,633,3,"static-control","Control social image returns at 0.5km","complete",0,0.956807851791382,83,0.329880399813438,1830.13628074828,47.5027775731351,47.4020335534063
634,634,3,"static-control","Control social image returns at 0.5km","complete",0,0.492042064666748,99,0.329788988816827,1427.36148739357,47.489614389623,47.4020335534063
635,635,3,"static-control","Control social image returns at 0.5km","complete",0,1.26483368873596,79,0.329292319524746,1949.90448670072,47.4180940115635,47.4020335534063
636,636,3,"static-control","Control social image returns at 0.5km","complete",0,0.981568098068237,79,0.329410645316376,1949.90448670072,47.4351329255581,47.4020335534063
637,637,3,"static-control","Control social image returns at 0.5km","complete",0,1.22954416275024,71,0.334270342836865,2544.29548458559,48.1349293685085,47.4020335534063
638,638,3,"static-control","Control social image returns at 0.5km","complete",0,1.06415152549744,81,0.329875884143073,1888.32657158229,47.5021273166025,47.4020335534063
639,639,3,"static-control","Control social image returns at 0.5km","complete",0,0.78751277923584,103,0.330139345765692,1316.20678212742,47.5400657902596,47.4020335534063
640,640,3,"static-control","Control social image returns at 0.5km","complete",0,0.471514463424683,86,0.329192279330254,1748.65026914251,47.4036882235566,47.4020335534063
641,641,3,"static-control","Control social image returns at 0.5km","complete",0,0.951466798782349,95,0.329538880012602,1517.78299756977,47.4535987218147,47.4020335534063
642,642,3,"static-control","Control social image returns at 0.5km","complete",0,1.12551307678223,83,0.329995159491824,1816.60568752349,47.5193029668226,47.4020335534063
643,643,3,"static-control","Control social image returns at 0.5km","complete",0,0.743550062179565,84,0.329621901739968,1789.18393330148,47.4655538505554,47.4020335534063
644,644,3,"static-control","Control social image returns at 0.5km","complete",0,1.61357355117798,85,0.329397665216566,1775.81903705628,47.4332637911855,47.4020335534063
645,645,3,"static-control","Control social image returns at 0.5km","complete",0,1.24878764152527,100,0.3295680436144,1397.30054401286,47.4577982804736,47.4020335534063
646,646,3,"static-control","Control social image returns at 0.5km","complete",0,0.836565256118774,100,0.329881590985291,1403.37729553793,47.5029491018818,47.4020335534063
647,647,3,"static-control","Control social image returns at 0.5km","complete",0,1.18855500221252,88,0.329979332477978,1680.88130676799,47.5170238768289,47.4020335534063
648,648,3,"static-control","Control social image returns at 0.5km","complete",0,1.28667449951172,105,0.33015982824265,1280.72191793163,47.5430152669416,47.4020335534063
649,649,3,"static-control","Control social image returns at 0.5km","complete",0,0.936121463775635,101,0.330291204114012,1372.20945040266,47.5619333924178,47.4020335534063
650,650,3,"static-control","Control social image returns at 0.5km","complete",0,1.03734421730042,72,0.329565753125088,2186.811761858,47.4574684500127,47.4020335534063
651,651,3,"static-control","Control social image returns at 0.5km","complete",0,1.52199935913086,102,0.32934916711102,1348.07835666543,47.4262800639869,47.4020335534063
652,652,3,"static-control","Control social image returns at 0.5km","complete",0,1.27379250526428,110,0.329793589492921,1174.20474122311,47.4902768869807,47.4020335534063
653,653,3,"static-control","Control social image returns at 0.5km","complete",0,0.901934385299683,91,0.32955466073884,1615.63731615398,47.455871146393,47.4020335534063
654,654,3,"static-control","Control social image returns at 0.5km","complete",0,0.854093313217163,94,0.329352206592602,1531.14789381497,47.4267177493347,47.4020335534063
655,655,3,"static-control","Control social image returns at 0.5km","complete",0,0.603022575378418,82,0.329339945288124,1845.47306239103,47.4249521214899,47.4020335534063
656,656,3,"static-control","Control social image returns at 0.5km","complete",0,1.88994216918945,76,0.329827025462228,2026.67599309993,47.4950916665608,47.4020335534063
657,657,3,"static-control","Control social image returns at 0.5km","complete",0,1.26905679702759,89,0.329483115409034,1653.67966992493,47.4455686189009,47.4020335534063
658,658,3,"static-control","Control social image returns at 0.5km","complete",0,1.31733107566833,98,0.329910389311387,1443.59648052277,47.5070960608397,47.4020335534063
659,659,3,"static-control","Control social image returns at 0.5km","complete",0,0.623480796813965,103,0.329395196976915,1312.30924951057,47.4329083646758,47.4020335534063
660,660,3,"static-control","Control social image returns at 0.5km","complete",0,1.60071706771851,97,0.330490342649482,1462.83880351309,47.5906093415254,47.4020335534063
661,661,3,"static-control","Control social image returns at 0.5km","complete",0,1.24296283721924,99,0.330188553157565,1416.22176299948,47.5471516546893,47.4020335534063
662,662,3,"static-control","Control social image returns at 0.5km","complete",0,0.642261505126953,104,0.329980772237535,1289.73365006652,47.517231202205,47.4020335534063
663,663,3,"static-control","Control social image returns at 0.5km","complete",0,1.07941818237305,85,0.330268717769247,1768.53089233615,47.5586953587716,47.4020335534063
664,664,3,"static-control","Control social image returns at 0.5km","complete",0,1.4720504283905,104,0.329497039889537,1294.08681417683,47.4475737440933,47.4020335534063
665,665,3,"static-control","Control social image returns at 0.5km","complete",0,0.458945035934448,94,0.330315818431001,1535.35831759871,47.5654778540642,47.4020335534063
666,666,3,"static-control","Control social image returns at 0.5km","complete",0,2.09724354743958,93,0.329882133984986,1566.19263311387,47.5030272938379,47.4020335534063
667,667,3,"static-control","Control social image returns at 0.5km","complete",0,0.470215797424316,108,0.329472373660009,1203.33294728762,47.4440218070413,47.4020335534063
668,668,3,"static-control","Control social image returns at 0.5km","complete",0,1.8137092590332,80,0.330031210055016,1917.88470644743,47.5244942479223,47.4020335534063
669,669,3,"static-control","Control social image returns at 0.5km","complete",0,0.645065307617188,90,0.329205925165909,1628.83043008776,47.405653223891,47.4020335534063
670,670,3,"static-control","Control social image returns at 0.5km","complete",0,0.797400236129761,84,0.329718460408212,1801.26890588075,47.4794582987826,47.4020335534063
671,671,3,"static-control","Control social image returns at 0.5km","complete",0,0.646897077560425,90,0.33005556289107,1633.06055422971,47.5280010563141,47.4020335534063
672,672,3,"static-control","Control social image returns at 0.5km","complete",0,0.834188461303711,108,0.330537638208641,1217.91216889184,47.5974199020443,47.4020335534063
673,673,3,"static-control","Control social image returns at 0.5km","complete",0,0.622275829315186,103,0.330250062761829,1323.88221867911,47.5560090377034,47.4020335534063
674,674,3,"static-control","Control social image returns at 0.5km","complete",0,0.488129615783691,94,0.329854037286893,1548.72321384391,47.4989813693126,47.4020335534063
675,675,3,"static-control","Control social image returns at 0.5km","complete",0,0.511282205581665,91,0.329662193986555,1621.54228536764,47.4713559340639,47.4020335534063
676,676,3,"static-control","Control social image returns at 0.5km","complete",0,0.450575351715088,88,0.329867736898916,1680.88130676799,47.5009541134439,47.4020335534063
677,677,3,"static-control","Control social image returns at 0.5km","complete",0,0.458661079406738,86,0.329463431242899,1746.30896797936,47.4427340989775,47.4020335534063
678,678,3,"static-control","Control social image returns at 0.5km","complete",0,0.489665031433105,101,0.329494044400664,1362.9785195578,47.4471423936957,47.4020335534063
679,679,3,"static-control","Control social image returns at 0.5km","complete",0,0.524117231369019,106,0.329667112004526,1251.74403008284,47.4720641286518,47.4020335534063
680,680,3,"static-control","Control social image returns at 0.5km","complete",0,0.576298236846924,96,0.329380432231507,1500.62402028775,47.4307822413371,47.4020335534063
681,681,3,"static-control","Control social image returns at 0.5km","complete",0,0.592192411422729,115,0.329784399384641,1055.47836570233,47.4889535113883,47.4020335534063
682,682,3,"static-control","Control social image returns at 0.5km","complete",0,1.43129229545593,102,0.330002482976548,1355.69037483767,47.520357548623,47.4020335534063
683,683,3,"static-control","Control social image returns at 0.5km","complete",0,1.27041292190552,133,0.32931841840295,724.925285419361,47.4218522500248,47.4020335534063
684,684,3,"static-control","Control social image returns at 0.5km","complete",0,0.908003568649292,90,0.329303086178165,1629.00221239918,47.4196444096557,47.4020335534063
685,685,3,"static-control","Control social image returns at 0.5km","complete",0,1.08338522911072,106,0.329835038877952,1251.74403008284,47.4962455984252,47.4020335534063
686,686,3,"static-control","Control social image returns at 0.5km","complete",0,1.07326602935791,116,0.32922467115074,1050.69359832329,47.4083526457066,47.4020335534063
687,687,3,"static-control","Control social image returns at 0.5km","complete",0,1.59584331512451,107,0.329624608279378,1229.71458392073,47.4659435922304,47.4020335534063
688,688,3,"static-control","Control social image returns at 0.5km","complete",0,0.97587513923645,94,0.329742381530931,1531.14789381497,47.482902940454,47.4020335534063
689,689,3,"static-control","Control social image returns at 0.5km","complete",0,1.10321092605591,121,0.330098098261954,942.128435530789,47.5341261497213,47.4020335534063
690,690,3,"static-control","Control social image returns at 0.5km","complete",0,1.4378514289856,97,0.329671017236867,1459.32372917328,47.4726264821089,47.4020335534063
691,691,3,"static-control","Control social image returns at 0.5km","complete",0,0.961718559265137,88,0.330291446834224,1691.9309985643,47.5619683441282,47.4020335534063
692,692,3,"static-control","Control social image returns at 0.5km","complete",0,1.32738661766052,104,0.33053854184716,1295.12458280718,47.597550025991,47.4020335534063
693,693,3,"static-control","Control social image returns at 0.5km","complete",0,0.458981275558472,90,0.329908364183263,1640.31477367973,47.5068044423898,47.4020335534063
694,694,3,"static-control","Control social image returns at 0.5km","complete",0,1.55329561233521,96,0.33023093989773,1483.49184447842,47.5532553452731,47.4020335534063
695,695,3,"static-control","Control social image returns at 0.5km","complete",0,1.23177886009216,106,0.329242749933886,1261.37690181506,47.4109559904796,47.4020335534063
696,696,3,"static-control","Control social image returns at 0.5km","complete",0,1.25910043716431,95,0.330225865237501,1509.44743165505,47.5525245942002,47.4020335534063
697,697,3,"static-control","Control social image returns at 0.5km","complete",0,1.08629035949707,113,0.329253902679199,1101.90331072699,47.4125619858047,47.4020335534063
698,698,3,"static-control","Control social image returns at 0.5km","complete",0,1.25725841522217,103,0.329383457098292,1311.59989096248,47.4312178221541,47.4020335534063
699,699,3,"static-control","Control social image returns at 0.5km","complete",0,1.26982975006104,106,0.329241817514136,1261.37690181506,47.4108217220356,47.4020335534063
700,700,3,"static-control","Control social image returns at 0.5km","complete",0,0.868268728256226,97,0.330226339372514,1464.37407016026,47.552592869642,47.4020335534063
701,701,3,"static-control","Control social image returns at 0.5km","complete",0,1.45236110687256,93,0.330554543083495,1562.88081590146,47.5998542040233,47.4020335534063
702,702,3,"static-control","Control social image returns at 0.5km","complete",0,1.36711049079895,93,0.329505386325279,1557.5466252112,47.4487756308402,47.4020335534063
703,703,3,"static-control","Control social image returns at 0.5km","complete",0,0.962173700332642,105,0.330274721648888,1280.72191793163,47.5595599174399,47.4020335534063
704,704,3,"static-control","Control social image returns at 0.5km","complete",0,1.40956950187683,102,0.330124391646533,1338.78238157148,47.5379123971007,47.4020335534063
705,705,3,"static-control","Control social image returns at 0.5km","complete",0,1.39527463912964,93,0.329530990802167,1556.01135856404,47.4524626755121,47.4020335534063
706,706,3,"static-control","Control social image returns at 0.5km","complete",0,1.06776070594788,91,0.330022110858864,1608.34917143386,47.5231839636765,47.4020335534063
707,707,3,"static-control","Control social image returns at 0.5km","complete",0,0.974516868591309,96,0.330319136552339,1483.49184447842,47.5659556635368,47.4020335534063
708,708,3,"static-control","Control social image returns at 0.5km","complete",0,1.08706569671631,113,0.329763349313213,1109.35438285725,47.4859223011027,47.4020335534063
709,709,3,"static-control","Control social image returns at 0.5km","complete",0,0.499244213104248,99,0.330342563121518,1410.66544025806,47.5693290894987,47.4020335534063
710,710,3,"static-control","Control social image returns at 0.5km","complete",0,0.854133605957031,75,0.33062756518391,2062.26180189567,47.6103693864831,47.4020335534063
711,711,3,"static-control","Control social image returns at 0.5km","complete",0,0.690435886383057,101,0.32984979756334,1362.9785195578,47.498370849121,47.4020335534063
712,712,3,"static-control","Control social image returns at 0.5km","complete",0,1.69418740272522,88,0.329887765202018,1691.9309985643,47.5038381890906,47.4020335534063
713,713,3,"static-control","Control social image returns at 0.5km","complete",0,1.2614917755127,88,0.329388807672729,1691.9309985643,47.4319883048729,47.4020335534063
714,714,3,"static-control","Control social image returns at 0.5km","complete",0,1.23355412483215,88,0.329835962102802,1680.88130676799,47.4963785428035,47.4020335534063
715,715,3,"static-control","Control social image returns at 0.5km","complete",0,1.24679780006409,79,0.329249866796181,1931.24960269263,47.4119808186501,47.4020335534063
716,716,3,"static-control","Control social image returns at 0.5km","complete",0,0.475063800811768,98,0.329933949357796,1434.6496321137,47.5104887075226,47.4020335534063
717,717,3,"static-control","Control social image returns at 0.5km","complete",0,2.10032558441162,97,0.330278459372332,1462.83880351309,47.5600981496158,47.4020335534063
718,718,3,"static-control","Control social image returns at 0.5km","complete",0,0.971762895584106,83,0.329373633188429,1816.60568752349,47.4298031791338,47.4020335534063
719,719,3,"static-control","Control social image returns at 0.5km","complete",0,1.12097811698914,93,0.330019933435178,1566.19263311387,47.5228704146657,47.4020335534063
720,720,3,"static-control","Control social image returns at 0.5km","complete",0,0.974155426025391,100,0.329466385232322,1387.10961329502,47.4431594734544,47.4020335534063
721,721,3,"static-control","Control social image returns at 0.5km","complete",0,1.27955675125122,100,0.329711835123718,1397.30054401286,47.4785042578154,47.4020335534063
722,722,3,"static-control","Control social image returns at 0.5km","complete",0,1.12183785438538,105,0.329439559374179,1272.39707104816,47.4392965498818,47.4020335534063
723,723,3,"static-control","Control social image returns at 0.5km","complete",0,1.24991035461426,87,0.330000190004867,1707.26778020705,47.5200273607008,47.4020335534063
724,724,3,"static-control","Control social image returns at 0.5km","complete",0,0.96517276763916,106,0.329278255005836,1251.74403008284,47.4160687208404,47.4020335534063
725,725,3,"static-control","Control social image returns at 0.5km","complete",0,0.742388248443604,95,0.330083344743198,1509.44743165505,47.5320016430206,47.4020335534063
726,726,3,"static-control","Control social image returns at 0.5km","complete",0,0.704149484634399,83,0.330200557174254,1816.60568752349,47.5488802330925,47.4020335534063
727,727,3,"static-control","Control social image returns at 0.5km","complete",0,0.446624517440796,82,0.330057562138369,1860.74042980552,47.5282889479251,47.4020335534063
728,728,3,"static-control","Control social image returns at 0.5km","complete",0,0.757063627243042,83,0.329347275503467,1832.10816614583,47.4260076724993,47.4020335534063
729,729,3,"static-control","Control social image returns at 0.5km","complete",0,0.459186553955078,98,0.329443455794023,1445.95883292808,47.4398576343394,47.4020335534063
730,730,3,"static-control","Control social image returns at 0.5km","complete",0,0.495766878128052,90,0.329705019651911,1629.00221239918,47.4775228298752,47.4020335534063
731,731,3,"static-control","Control social image returns at 0.5km","complete",0,0.602938413619995,100,0.329572163205961,1402.27039378337,47.4583915016584,47.4020335534063
732,732,3,"static-control","Control social image returns at 0.5km","complete",0,0.553587675094604,85,0.32941297906889,1773.84715165873,47.4354689859202,47.4020335534063
733,733,3,"static-control","Control social image returns at 0.5km","complete",0,1.90227890014648,96,0.330239692690511,1496.08253540985,47.5545157474336,47.4020335534063
734,734,3,"static-control","Control social image returns at 0.5km","complete",0,0.925041198730469,89,0.330527603673446,1656.60672502474,47.5959749289762,47.4020335534063
735,735,3,"static-control","Control social image returns at 0.5km","complete",0,1.25961899757385,89,0.330513676376736,1660.22826580266,47.59396939825,47.4020335534063
736,736,3,"static-control","Control social image returns at 0.5km","complete",0,0.951467514038086,101,0.330079575415986,1361.44325291063,47.5314588599019,47.4020335534063
737,737,3,"static-control","Control social image returns at 0.5km","complete",0,1.22995114326477,113,0.329336231869944,1094.37822032497,47.424417389272,47.4020335534063
738,738,3,"static-control","Control social image returns at 0.5km","complete",0,0.798479557037354,76,0.330680145736394,2026.67599309993,47.6179409860408,47.4020335534063
739,739,3,"static-control","Control social image returns at 0.5km","complete",0,0.916767597198486,89,0.330175995637742,1656.60672502474,47.5453433718349,47.4020335534063
740,740,3,"static-control","Control social image returns at 0.5km","complete",0,1.06600117683411,78,0.329858780637892,1960.95417849704,47.4996644118564,47.4020335534063
741,741,3,"static-control","Control social image returns at 0.5km","complete",0,1.07279777526855,86,0.329686976049613,1748.65026914251,47.4749245511443,47.4020335534063
742,742,3,"static-control","Control social image returns at 0.5km","complete",0,1.27539873123169,71,0.329623024342374,2367.6489740144,47.4657155053018,47.4020335534063
743,743,3,"static-control","Control social image returns at 0.5km","complete",0,1.26113963127136,101,0.330505417103686,1362.9785195578,47.5927800629308,47.4020335534063
744,744,3,"static-control","Control social image returns at 0.5km","complete",0,1.258385181427,102,0.330263799984127,1349.6136233126,47.5579871977143,47.4020335534063
745,745,3,"static-control","Control social image returns at 0.5km","complete",0,1.20877480506897,101,0.330261053417937,1362.9785195578,47.5575916921829,47.4020335534063
746,746,3,"static-control","Control social image returns at 0.5km","complete",0,1.24192237854004,110,0.329983029038981,1158.0306017749,47.5175561816133,47.4020335534063
747,747,3,"static-control","Control social image returns at 0.5km","complete",0,0.485800504684448,84,0.329753860431092,1803.2407912783,47.4845559020773,47.4020335534063
748,748,3,"static-control","Control social image returns at 0.5km","complete",0,0.671450138092041,97,0.329877705299623,1470.12694823322,47.5023895631457,47.4020335534063
749,749,3,"static-control","Control social image returns at 0.5km","complete",0,0.640885353088379,77,0.329803414193291,1992.87221781715,47.4916916438339,47.4020335534063
750,750,3,"static-control","Control social image returns at 0.5km","complete",0,1.63905167579651,76,0.330414678801893,2026.67599309993,47.5797137474727,47.4020335534063
751,751,3,"static-control","Control social image returns at 0.5km","complete",0,0.934848546981812,86,0.329483842667789,1750.96547359139,47.4456733441616,47.4020335534063
752,752,3,"static-control","Control social image returns at 0.5km","complete",0,1.43183159828186,93,0.330321590458557,1557.5466252112,47.5663090260322,47.4020335534063
753,753,3,"static-control","Control social image returns at 0.5km","complete",0,0.811170816421509,89,0.330295555120289,1664.72936172125,47.5625599373216,47.4020335534063
754,754,3,"static-control","Control social image returns at 0.5km","complete",0,1.19271373748779,98,0.329746250798332,1453.57085110032,47.4834601149599,47.4020335534063
755,755,3,"static-control","Control social image returns at 0.5km","complete",0,1.25973796844482,94,0.329907718589769,1531.14789381497,47.5067114769268,47.4020335534063
756,756,3,"static-control","Control social image returns at 0.5km","complete",0,0.752538442611694,95,0.330269723543048,1510.49485284964,47.558840190199,47.4020335534063
757,757,3,"static-control","Control social image returns at 0.5km","complete",0,0.892295598983765,80,0.329951532954955,1915.91282104988,47.5130207455136,47.4020335534063
758,758,3,"static-control","Control social image returns at 0.5km","complete",0,1.17481660842896,118,0.329603346720494,1002.84853359988,47.4628819277512,47.4020335534063
759,759,3,"static-control","Control social image returns at 0.5km","complete",0,1.54457378387451,87,0.329922421919463,1707.26778020705,47.5088287564027,47.4020335534063
760,760,3,"static-control","Control social image returns at 0.5km","complete",0,1.13517284393311,80,0.329394670609151,1920.19991089631,47.4328325677177,47.4020335534063
761,761,3,"static-control","Control social image returns at 0.5km","complete",0,1.61490511894226,94,0.329991497833688,1535.35831759871,47.518775688051,47.4020335534063
762,762,3,"static-control","Control social image returns at 0.5km","complete",0,0.936992168426514,96,0.329713306742221,1483.49184447842,47.4787161708798,47.4020335534063
763,763,3,"static-control","Control social image returns at 0.5km","complete",0,1.11096358299255,101,0.329656855734003,1361.44325291063,47.4705872256965,47.4020335534063
764,764,3,"static-control","Control social image returns at 0.5km","complete",0,1.15673971176147,81,0.329276202232656,1887.86303355024,47.4157731215025,47.4020335534063
765,765,3,"static-control","Control social image returns at 0.5km","complete",0,1.43777084350586,88,0.32966132108712,1680.88130676799,47.4712302365453,47.4020335534063
766,766,3,"static-control","Control social image returns at 0.5km","complete",0,1.04411339759827,94,0.329468213142962,1531.14789381497,47.4434226925866,47.4020335534063
767,767,3,"static-control","Control social image returns at 0.5km","complete",0,1.22713351249695,110,0.329272343978205,1158.0306017749,47.4152175328616,47.4020335534063
768,768,3,"static-control","Control social image returns at 0.5km","complete",0,0.759258508682251,71,0.329435258729905,2425.4049304085,47.4386772571063,47.4020335534063
769,769,3,"static-control","Control social image returns at 0.5km","complete",0,1.40689396858215,97,0.329569115461072,1470.12694823322,47.4579526263943,47.4020335534063
770,770,3,"static-control","Control social image returns at 0.5km","complete",0,1.38287281990051,71,0.329209097879203,2269.66593150068,47.4061100946053,47.4020335534063
771,771,3,"static-control","Control social image returns at 0.5km","complete",0,0.620296001434326,76,0.3299922807201,2046.92502025292,47.5188884236945,47.4020335534063
772,772,3,"static-control","Control social image returns at 0.5km","complete",0,0.460173606872559,99,0.330387966849425,1416.22176299948,47.5758672263172,47.4020335534063
773,773,3,"static-control","Control social image returns at 0.5km","complete",0,0.770547866821289,106,0.330105818555067,1251.74403008284,47.5352378719296,47.4020335534063
774,774,3,"static-control","Control social image returns at 0.5km","complete",0,0.45019006729126,98,0.329515613134652,1447.49409957525,47.4502482913899,47.4020335534063
775,775,3,"static-control","Control social image returns at 0.5km","complete",0,0.798840045928955,103,0.329499341688409,1316.20678212742,47.4479052031309,47.4020335534063
776,776,3,"static-control","Control social image returns at 0.5km","complete",0,0.450754642486572,98,0.32995284730719,1432.79426731058,47.5132100122353,47.4020335534063
777,777,3,"static-control","Control social image returns at 0.5km","complete",0,0.70943808555603,83,0.329984242477655,1838.1849176709,47.5177309167824,47.4020335534063
778,778,3,"static-control","Control social image returns at 0.5km","complete",0,0.598056554794312,93,0.329970925147022,1566.19263311387,47.5158132211712,47.4020335534063
779,779,3,"static-control","Control social image returns at 0.5km","complete",0,0.460982322692871,77,0.329907954417422,2011.33921145718,47.5067454361087,47.4020335534063
780,780,3,"static-control","Control social image returns at 0.5km","complete",0,1.21206212043762,84,0.329796615295447,1789.18393330148,47.4907126025444,47.4020335534063
781,781,3,"static-control","Control social image returns at 0.5km","complete",0,0.769161939620972,86,0.330287058494482,1746.67838374496,47.5613364232054,47.4020335534063
782,782,3,"static-control","Control social image returns at 0.5km","complete",0,0.848475456237793,85,0.329425464195185,1762.01516538771,47.4372668441067,47.4020335534063
783,783,3,"static-control","Control social image returns at 0.5km","complete",0,0.969185590744019,88,0.329920059903524,1691.9309985643,47.5084886261074,47.4020335534063
784,784,3,"static-control","Control social image returns at 0.5km","complete",0,1.26023077964783,100,0.330265960051726,1385.57434664786,47.5582982474485,47.4020335534063
785,785,3,"static-control","Control social image returns at 0.5km","complete",0,1.27858304977417,94,0.329710836075658,1548.72321384391,47.4783603948947,47.4020335534063
786,786,3,"static-control","Control social image returns at 0.5km","complete",0,0.777130603790283,105,0.329740535862068,1271.41971930499,47.4826371641378,47.4020335534063
787,787,3,"static-control","Control social image returns at 0.5km","complete",0,1.96524858474731,93,0.330520724794193,1562.88081590146,47.5949843703638,47.4020335534063
788,788,3,"static-control","Control social image returns at 0.5km","complete",0,0.475140571594238,88,0.330028858533454,1680.066143364,47.5241556288174,47.4020335534063
789,789,3,"static-control","Control social image returns at 0.5km","complete",0,1.98131489753723,95,0.329937657237149,1509.44743165505,47.5110226421495,47.4020335534063
790,790,3,"static-control","Control social image returns at 0.5km","complete",0,1.09463572502136,103,0.330360631169201,1316.20678212742,47.5719308883649,47.4020335534063
791,791,3,"static-control","Control social image returns at 0.5km","complete",0,0.770940780639648,100,0.330108949817295,1397.30054401286,47.5356887736905,47.4020335534063
792,792,3,"static-control","Control social image returns at 0.5km","complete",0,1.76792025566101,87,0.329638557988942,1707.26778020705,47.4679523504077,47.4020335534063
793,793,3,"static-control","Control social image returns at 0.5km","complete",0,0.803988695144653,84,0.330627641884398,1801.26890588075,47.6103804313533,47.4020335534063
794,794,3,"static-control","Control social image returns at 0.5km","complete",0,0.716045379638672,86,0.329954772469064,1734.85627598581,47.5134872355452,47.4020335534063
795,795,3,"static-control","Control social image returns at 0.5km","complete",0,1.27678871154785,93,0.329882497409981,1573.31865704686,47.5030796270373,47.4020335534063
796,796,3,"static-control","Control social image returns at 0.5km","complete",0,1.23626852035522,96,0.329617690413255,1485.02711112559,47.4649474195087,47.4020335534063
797,797,3,"static-control","Control social image returns at 0.5km","complete",0,0.800141096115112,92,0.329325705140543,1601.09495198383,47.4229015402382,47.4020335534063
798,798,3,"static-control","Control social image returns at 0.5km","complete",0,0.993284702301025,102,0.32942127315068,1354.1551081905,47.4366633336979,47.4020335534063
799,799,3,"static-control","Control social image returns at 0.5km","complete",0,1.38005948066711,99,0.330342720608934,1416.22176299948,47.5693517676865,47.4020335534063
800,800,3,"static-control","Control social image returns at 0.5km","complete",0,1.26862835884094,87,0.32988838755389,1707.26778020705,47.5039278077601,47.4020335534063
801,801,3,"static-control","Control social image returns at 0.5km","complete",0,1.24736332893372,93,0.329773695111507,1553.77008045718,47.487412096057,47.4020335534063
802,802,3,"static-control","Control social image returns at 0.5km","complete",0,1.24640035629272,83,0.330564307346054,1816.60568752349,47.6012602578318,47.4020335534063
803,803,3,"static-control","Control social image returns at 0.5km","complete",0,1.26833200454712,100,0.330316184660096,1385.57434664786,47.5655305910538,47.4020335534063
804,804,3,"static-control","Control social image returns at 0.5km","complete",0,1.19650411605835,98,0.330041031233622,1434.6496321137,47.5259084976416,47.4020335534063
805,805,3,"static-control","Control social image returns at 0.5km","complete",0,0.91044020652771,96,0.329400356053062,1485.02711112559,47.4336512716409,47.4020335534063
806,806,3,"static-control","Control social image returns at 0.5km","complete",0,1.44516444206238,100,0.33077440033196,1391.5476659399,47.6315136478023,47.4020335534063
807,807,3,"static-control","Control social image returns at 0.5km","complete",0,1.08453989028931,90,0.330328494885155,1629.00221239918,47.5673032634623,47.4020335534063
808,808,3,"static-control","Control social image returns at 0.5km","complete",0,0.918638944625854,104,0.329778148018169,1302.84188588222,47.4880533146164,47.4020335534063
809,809,3,"static-control","Control social image returns at 0.5km","complete",0,1.27275705337524,107,0.329598358099369,1230.05105401355,47.4621635663092,47.4020335534063
810,810,3,"static-control","Control social image returns at 0.5km","complete",0,1.43160843849182,87,0.32960292073773,1707.26778020705,47.4628205862331,47.4020335534063
811,811,3,"static-control","Control social image returns at 0.5km","complete",0,0.483556032180786,96,0.330048747432678,1483.49184447842,47.5270196303057,47.4020335534063
812,812,3,"static-control","Control social image returns at 0.5km","complete",0,0.77155327796936,98,0.330472989240209,1447.49409957525,47.5881104505901,47.4020335534063
813,813,3,"static-control","Control social image returns at 0.5km","complete",0,1.26436066627502,85,0.329690556037141,1781.89578858135,47.4754400693483,47.4020335534063
814,814,3,"static-control","Control social image returns at 0.5km","complete",0,0.817220449447632,104,0.329403584528841,1305.18661289432,47.4341161721531,47.4020335534063
815,815,3,"static-control","Control social image returns at 0.5km","complete",0,0.733671903610229,101,0.329748455605506,1378.28620192773,47.4837776071929,47.4020335534063
816,816,3,"static-control","Control social image returns at 0.5km","complete",0,0.548697471618652,97,0.329713377152102,1459.32372917328,47.4787263099027,47.4020335534063
817,817,3,"static-control","Control social image returns at 0.5km","complete",0,1.29688882827759,93,0.329836684655968,1556.01135856404,47.4964825904594,47.4020335534063
818,818,3,"static-control","Control social image returns at 0.5km","complete",0,0.826455116271973,107,0.32963676114932,1229.80607934852,47.4676936055021,47.4020335534063
819,819,3,"static-control","Control social image returns at 0.5km","complete",0,0.769013404846191,99,0.330225026821517,1413.99659114837,47.5524038622984,47.4020335534063
820,820,3,"static-control","Control social image returns at 0.5km","complete",0,0.820132732391357,92,0.329832709686383,1579.55752935907,47.4959101948391,47.4020335534063
821,821,3,"static-control","Control social image returns at 0.5km","complete",0,1.23714280128479,100,0.329205713567825,1385.57434664786,47.4056227537669,47.4020335534063
822,822,3,"static-control","Control social image returns at 0.5km","complete",0,0.847681045532227,109,0.329483198691144,1199.21656310705,47.4455806115248,47.4020335534063
823,823,3,"static-control","Control social image returns at 0.5km","complete",0,1.00497078895569,103,0.329214983561876,1311.59989096248,47.4069576329101,47.4020335534063
824,824,3,"static-control","Control social image returns at 0.5km","complete",0,0.642019987106323,97,0.330221390978039,1471.66221488039,47.5518803008376,47.4020335534063
825,825,3,"static-control","Control social image returns at 0.5km","complete",0,0.530680894851685,96,0.329719742335044,1493.36267704031,47.4796428962463,47.4020335534063
826,826,3,"static-control","Control social image returns at 0.5km","complete",0,0.616631031036377,105,0.329681758263667,1272.39707104816,47.4741731899681,47.4020335534063
827,827,3,"static-control","Control social image returns at 0.5km","complete",0,0.489063262939453,98,0.330248110814655,1434.6496321137,47.5557279573104,47.4020335534063
828,828,3,"static-control","Control social image returns at 0.5km","complete",0,0.956928253173828,106,0.330446165931851,1253.39703308763,47.5842478941866,47.4020335534063
829,829,3,"static-control","Control social image returns at 0.5km","complete",0,0.464295864105225,83,0.329431327061484,1830.13628074828,47.4381110968536,47.4020335534063
830,830,3,"static-control","Control social image returns at 0.5km","complete",0,0.613303899765015,88,0.329418390249169,1680.066143364,47.4362481958803,47.4020335534063
831,831,3,"static-control","Control social image returns at 0.5km","complete",0,0.463235378265381,92,0.329344448583192,1593.48293381159,47.4256005959797,47.4020335534063
832,832,3,"static-control","Control social image returns at 0.5km","complete",0,0.809707403182983,100,0.329896256184128,1398.83581066003,47.5050608905145,47.4020335534063
833,833,3,"static-control","Control social image returns at 0.5km","complete",0,1.08505487442017,77,0.3302385774256,1992.87221781715,47.5543551492864,47.4020335534063
834,834,3,"static-control","Control social image returns at 0.5km","complete",0,0.793740034103394,97,0.329390348502039,1476.20369975829,47.4322101842936,47.4020335534063
835,835,3,"static-control","Control social image returns at 0.5km","complete",0,1.03570055961609,98,0.33048912271763,1436.8748039648,47.5904336713387,47.4020335534063
836,836,3,"static-control","Control social image returns at 0.5km","complete",0,1.42498993873596,98,0.330489732714155,1447.49409957525,47.5905215108384,47.4020335534063
837,837,3,"static-control","Control social image returns at 0.5km","complete",0,0.499062776565552,91,0.329627020496476,1617.02910460662,47.4662909514925,47.4020335534063
838,838,3,"static-control","Control social image returns at 0.5km","complete",0,0.786872625350952,88,0.329996395959148,1680.88130676799,47.5194810181174,47.4020335534063
839,839,3,"static-control","Control social image returns at 0.5km","complete",0,0.922558546066284,87,0.329597716797983,1707.26778020705,47.4620712189096,47.4020335534063
840,840,3,"static-control","Control social image returns at 0.5km","complete",0,1.08985114097595,95,0.329605363218209,1509.44743165505,47.4631723034222,47.4020335534063
841,841,3,"static-control","Control social image returns at 0.5km","complete",0,0.721107959747314,91,0.329859583930581,1604.15297256201,47.4997800860037,47.4020335534063
842,842,3,"static-control","Control social image returns at 0.5km","complete",0,0.873550176620483,109,0.329543265802411,1186.03437082114,47.4542302755472,47.4020335534063
843,843,3,"static-control","Control social image returns at 0.5km","complete",0,0.606240749359131,89,0.330411169411387,1660.22826580266,47.5792083952397,47.4020335534063
844,844,3,"static-control","Control social image returns at 0.5km","complete",0,1.93907904624939,96,0.329513017718612,1483.49184447842,47.4498745514801,47.4020335534063
845,845,3,"static-control","Control social image returns at 0.5km","complete",0,1.09780097007751,79,0.329571567488583,1931.24960269263,47.458305718356,47.4020335534063
846,846,3,"static-control","Control social image returns at 0.5km","complete",0,0.471324443817139,72,0.330950341373294,2212.09384527127,47.6568491577543,47.4020335534063
847,847,3,"static-control","Control social image returns at 0.5km","complete",0,0.646488189697266,97,0.330354454110438,1471.66221488039,47.5710413919031,47.4020335534063
848,848,3,"static-control","Control social image returns at 0.5km","complete",0,0.838872671127319,95,0.329781156149402,1521.98202908322,47.4884864855138,47.4020335534063
849,849,3,"static-control","Control social image returns at 0.5km","complete",0,0.621875047683716,97,0.330017934384897,1467.76459582791,47.5225825514251,47.4020335534063
850,850,3,"static-control","Control social image returns at 0.5km","complete",0,0.475620269775391,90,0.329952161237072,1633.0266289596,47.5131112181384,47.4020335534063
851,851,3,"static-control","Control social image returns at 0.5km","complete",0,1.24063873291016,111,0.331028188177358,1148.78665322202,47.6680590975396,47.4020335534063
852,852,3,"static-control","Control social image returns at 0.5km","complete",0,1.1739068031311,75,0.331215945103456,2062.26180189567,47.6950960948977,47.4020335534063
853,853,3,"static-control","Control social image returns at 0.5km","complete",0,0.789852619171143,84,0.330081931126707,1795.95264655817,47.5317980822458,47.4020335534063
854,854,3,"static-control","Control social image returns at 0.5km","complete",0,0.462748289108276,102,0.329814373979746,1354.1551081905,47.4932698530834,47.4020335534063
855,855,3,"static-control","Control social image returns at 0.5km","complete",0,0.818602323532104,92,0.329928410789996,1579.55752935907,47.5096911537594,47.4020335534063
856,856,3,"static-control","Control social image returns at 0.5km","complete",0,0.833854675292969,111,0.329306122525732,1144.6657055297,47.4200816437054,47.4020335534063
857,857,3,"static-control","Control social image returns at 0.5km","complete",0,0.827435255050659,107,0.330536407748203,1229.80607934852,47.5972427157413,47.4020335534063
858,858,3,"static-control","Control social image returns at 0.5km","complete",0,0.829646348953247,92,0.330258123807945,1590.78807631682,47.5571698283441,47.4020335534063
859,859,3,"static-control","Control social image returns at 0.5km","complete",0,0.864969730377197,108,0.329888888713604,1201.07316616475,47.5039999747589,47.4020335534063
860,860,3,"static-control","Control social image returns at 0.5km","complete",0,0.801698923110962,90,0.329290150437047,1641.70656213237,47.4177816629348,47.4020335534063
861,861,3,"static-control","Control social image returns at 0.5km","complete",0,0.62261438369751,90,0.329575202151363,1631.52528758254,47.4588291097962,47.4020335534063
862,862,3,"static-control","Control social image returns at 0.5km","complete",0,0.853336811065674,79,0.32934342452764,1931.24960269263,47.4254531319801,47.4020335534063
863,863,3,"static-control","Control social image returns at 0.5km","complete",0,0.534960985183716,87,0.329844314853666,1719.51949434306,47.497581338928,47.4020335534063
864,864,3,"static-control","Control social image returns at 0.5km","complete",0,0.771031141281128,91,0.329347223767389,1621.54228536764,47.426000222504,47.4020335534063
865,865,3,"static-control","Control social image returns at 0.5km","complete",0,1.55836081504822,95,0.330009256920561,1510.49485284964,47.5213329965608,47.4020335534063
866,866,3,"static-control","Control social image returns at 0.5km","complete",0,0.575419902801514,101,0.329676983368345,1373.74471704982,47.4734856050416,47.4020335534063
867,867,3,"static-control","Control social image returns at 0.5km","complete",0,0.462092161178589,86,0.330143032922295,1748.65026914251,47.5405967408104,47.4020335534063
868,868,3,"static-control","Control social image returns at 0.5km","complete",0,0.89491081237793,101,0.329476327758157,1361.44325291063,47.4445911971746,47.4020335534063
869,869,3,"static-control","Control social image returns at 0.5km","complete",0,1.10264801979065,87,0.329407096045936,1707.26778020705,47.4346218306148,47.4020335534063
870,870,3,"static-control","Control social image returns at 0.5km","complete",0,1.17714428901672,115,0.329351469944884,1074.67617979215,47.4266116720633,47.4020335534063
871,871,3,"static-control","Control social image returns at 0.5km","complete",0,0.706498384475708,81,0.329392474633293,1871.79012160184,47.4325163471941,47.4020335534063
872,872,3,"static-control","Control social image returns at 0.5km","complete",0,0.602075815200806,96,0.329798494895378,1500.62402028775,47.4909832649345,47.4020335534063
873,873,3,"static-control","Control social image returns at 0.5km","complete",0,1.60843563079834,90,0.329776679089502,1641.70656213237,47.4878417888883,47.4020335534063
874,874,3,"static-control","Control social image returns at 0.5km","complete",0,0.772619962692261,96,0.329742650871109,1500.62402028775,47.4829417254397,47.4020335534063
875,875,3,"static-control","Control social image returns at 0.5km","complete",0,0.943538904190063,102,0.330457737554745,1338.78238157148,47.5859142078833,47.4020335534063
876,876,3,"static-control","Control social image returns at 0.5km","complete",0,1.11175560951233,83,0.330216358159847,1816.60568752349,47.551155575018,47.4020335534063
877,877,3,"static-control","Control social image returns at 0.5km","complete",0,0.481820106506348,93,0.329594948899142,1557.5466252112,47.4616726414765,47.4020335534063
878,878,3,"static-control","Control social image returns at 0.5km","complete",0,1.04943680763245,98,0.3294200562282,1447.49409957525,47.4364880968607,47.4020335534063
879,879,3,"static-control","Control social image returns at 0.5km","complete",0,1.30094647407532,86,0.33005422027357,1734.85627598581,47.527807719394,47.4020335534063
880,880,3,"static-control","Control social image returns at 0.5km","complete",0,0.92443585395813,95,0.330334852461823,1510.49485284964,47.5682187545025,47.4020335534063
881,881,3,"static-control","Control social image returns at 0.5km","complete",0,1.43643999099731,90,0.330448498285128,1640.31477367973,47.5845837530584,47.4020335534063
882,882,3,"static-control","Control social image returns at 0.5km","complete",0,1.35074090957642,96,0.329682235861732,1483.49184447842,47.4742419640894,47.4020335534063
883,883,3,"static-control","Control social image returns at 0.5km","complete",0,1.08641839027405,92,0.330389340586533,1593.48293381159,47.5760650444608,47.4020335534063
884,884,3,"static-control","Control social image returns at 0.5km","complete",0,1.23080062866211,92,0.329692322633503,1590.78807631682,47.4756944592244,47.4020335534063
885,885,3,"static-control","Control social image returns at 0.5km","complete",0,1.50767683982849,107,0.32922719585366,1229.80607934852,47.4087162029271,47.4020335534063
886,886,3,"static-control","Control social image returns at 0.5km","complete",0,0.458558082580566,97,0.330388810424005,1464.37407016026,47.5759887010568,47.4020335534063
887,887,3,"static-control","Control social image returns at 0.5km","complete",0,2.2537682056427,92,0.330053633485771,1583.49993159669,47.5277232219511,47.4020335534063
888,888,3,"static-control","Control social image returns at 0.5km","complete",0,0.93620491027832,76,0.329266868753708,2048.89690565047,47.414429100534,47.4020335534063
889,889,3,"static-control","Control social image returns at 0.5km","complete",0,0.641240835189819,82,0.329331561615164,1858.42522535664,47.4237448725836,47.4020335534063
890,890,3,"static-control","Control social image returns at 0.5km","complete",0,1.7071053981781,99,0.330201329361959,1416.22176299948,47.5489914281221,47.4020335534063
891,891,3,"static-control","Control social image returns at 0.5km","complete",0,1.45676517486572,91,0.329323028093167,1621.71406767905,47.422516045416,47.4020335534063
892,892,3,"static-control","Control social image returns at 0.5km","complete",0,0.781947374343872,105,0.329506579133649,1280.72191793163,47.4489473952455,47.4020335534063
893,893,3,"static-control","Control social image returns at 0.5km","complete",0,1.06113219261169,97,0.329601173644061,1470.12694823322,47.4625690047447,47.4020335534063
894,894,3,"static-control","Control social image returns at 0.5km","complete",0,0.585042238235474,92,0.330135713855365,1583.53385686679,47.5395427951726,47.4020335534063
895,895,3,"static-control","Control social image returns at 0.5km","complete",0,1.42936062812805,103,0.330090076940315,1311.59989096248,47.5329710794053,47.4020335534063
896,896,3,"static-control","Control social image returns at 0.5km","complete",0,0.853380680084229,91,0.330400109303922,1605.54476101466,47.5776157397647,47.4020335534063
897,897,3,"static-control","Control social image returns at 0.5km","complete",0,1.09771966934204,95,0.330365690823173,1510.49485284964,47.572659478537,47.4020335534063
898,898,3,"static-control","Control social image returns at 0.5km","complete",0,1.07519960403442,101,0.329420475069888,1361.44325291063,47.4365484100638,47.4020335534063
899,899,3,"static-control","Control social image returns at 0.5km","complete",0,0.571872234344482,106,0.329538227058129,1251.74403008284,47.4535046963706,47.4020335534063
900,900,3,"static-control","Control social image returns at 0.5km","complete",0,1.24428176879883,87,0.329712644644993,1707.26778020705,47.478620828879,47.4020335534063
901,901,3,"static-control","Control social image returns at 0.5km","complete",0,1.42521548271179,104,0.329630048684214,1294.08681417683,47.4667270105268,47.4020335534063
902,902,3,"static-control","Control social image returns at 0.5km","complete",0,1.11498403549194,82,0.330432909430727,1856.45333995909,47.5823389580246,47.4020335534063
903,903,3,"static-control","Control social image returns at 0.5km","complete",0,1.2710485458374,80,0.330325574593792,1901.69146782749,47.5668827415061,47.4020335534063
904,904,3,"static-control","Control social image returns at 0.5km","complete",0,0.715225219726562,94,0.329620682597322,1532.68316046213,47.4653782940143,47.4020335534063
905,905,3,"static-control","Control social image returns at 0.5km","complete",0,1.59634232521057,84,0.329424708828834,1789.18393330148,47.4371580713521,47.4020335534063
906,906,3,"static-control","Control social image returns at 0.5km","complete",0,0.894954919815063,96,0.329350098604483,1500.62402028775,47.4264141990456,47.4020335534063
907,907,3,"static-control","Control social image returns at 0.5km","complete",0,1.58148217201233,99,0.330159934593778,1414.68649635231,47.5430305815041,47.4020335534063
908,908,3,"static-control","Control social image returns at 0.5km","complete",0,1.2646312713623,99,0.329472747392525,1427.36148739357,47.4440756245236,47.4020335534063
909,909,3,"static-control","Control social image returns at 0.5km","complete",0,0.967621564865112,98,0.329393506956945,1445.95883292808,47.4326650018001,47.4020335534063
910,910,3,"static-control","Control social image returns at 0.5km","complete",0,1.23825764656067,94,0.330313328653968,1531.14789381497,47.5651193261714,47.4020335534063
911,911,3,"static-control","Control social image returns at 0.5km","complete",0,1.24770188331604,101,0.330328752291696,1361.44325291063,47.5673403300043,47.4020335534063
912,912,3,"static-control","Control social image returns at 0.5km","complete",0,1.25890350341797,88,0.330112461329325,1680.88130676799,47.5361944314228,47.4020335534063
913,913,3,"static-control","Control social image returns at 0.5km","complete",0,1.25288367271423,91,0.329350394389865,1621.71406767905,47.4264567921406,47.4020335534063
914,914,3,"static-control","Control social image returns at 0.5km","complete",0,1.21157217025757,114,0.329992610595769,1073.72517935964,47.5189359257908,47.4020335534063
915,915,3,"static-control","Control social image returns at 0.5km","complete",0,0.946868658065796,101,0.329719753146167,1373.74471704982,47.479644453048,47.4020335534063
916,916,3,"static-control","Control social image returns at 0.5km","complete",0,1.41578769683838,85,0.329301882185939,1762.01516538771,47.4194710347752,47.4020335534063
917,917,3,"static-control","Control social image returns at 0.5km","complete",0,1.24678826332092,92,0.329592331693813,1590.78807631682,47.461295763909,47.4020335534063
918,918,3,"static-control","Control social image returns at 0.5km","complete",0,0.933831214904785,86,0.32953369162298,1748.65026914251,47.4528515937091,47.4020335534063
919,919,3,"static-control","Control social image returns at 0.5km","complete",0,1.40356731414795,98,0.330329323063596,1434.6496321137,47.5674225211578,47.4020335534063
920,920,3,"static-control","Control social image returns at 0.5km","complete",0,1.25954461097717,90,0.330160290298523,1640.31477367973,47.5430818029873,47.4020335534063
921,921,3,"static-control","Control social image returns at 0.5km","complete",0,0.484191656112671,108,0.330425653642058,1204.86821393479,47.5812941244563,47.4020335534063
922,922,3,"static-control","Control social image returns at 0.5km","complete",0,0.807386636734009,107,0.329635472603881,1240.33656901818,47.4675080549588,47.4020335534063
923,923,3,"static-control","Control social image returns at 0.5km","complete",0,0.840909004211426,104,0.329559658183849,1294.08681417683,47.4565907784743,47.4020335534063
924,924,3,"static-control","Control social image returns at 0.5km","complete",0,0.621487855911255,89,0.329720050407467,1653.67966992493,47.4796872586753,47.4020335534063
925,925,3,"static-control","Control social image returns at 0.5km","complete",0,1.50275874137878,106,0.329469076558364,1251.74403008284,47.4435470244044,47.4020335534063
926,926,3,"static-control","Control social image returns at 0.5km","complete",0,0.792763233184814,96,0.329265587774832,1483.49184447842,47.4142446395757,47.4020335534063
927,927,3,"static-control","Control social image returns at 0.5km","complete",0,1.5416202545166,99,0.329350709209819,1410.66544025806,47.4265021262139,47.4020335534063
928,928,3,"static-control","Control social image returns at 0.5km","complete",0,0.951857805252075,76,0.32991100601806,2026.67599309993,47.5071848666007,47.4020335534063
929,929,3,"static-control","Control social image returns at 0.5km","complete",0,0.931822299957275,82,0.329320802567178,1858.42522535664,47.4221955696737,47.4020335534063
930,930,3,"static-control","Control social image returns at 0.5km","complete",0,0.619635581970215,71,0.340340567834619,2544.29548458559,49.0090417681852,47.4020335534063
931,931,3,"static-control","Control social image returns at 0.5km","complete",0,0.446656465530396,106,0.329334065210384,1251.74403008284,47.4241053902953,47.4020335534063
932,932,3,"static-control","Control social image returns at 0.5km","complete",0,1.17933440208435,118,0.330162132093094,996.097725863142,47.5433470214055,47.4020335534063
933,933,3,"static-control","Control social image returns at 0.5km","complete",0,0.543622016906738,103,0.329916761586348,1312.30924951057,47.5080136684341,47.4020335534063
934,934,3,"static-control","Control social image returns at 0.5km","complete",0,1.42659115791321,110,0.330370564072781,1158.0306017749,47.5733612264804,47.4020335534063
935,935,3,"static-control","Control social image returns at 0.5km","complete",0,0.798136472702026,103,0.330418600838197,1325.41748532628,47.5802785207003,47.4020335534063
936,936,3,"static-control","Control social image returns at 0.5km","complete",0,0.88606071472168,106,0.329290282092829,1265.47087166033,47.4178006213673,47.4020335534063
937,937,3,"static-control","Control social image returns at 0.5km","complete",0,0.641685009002686,103,0.330283550210673,1316.20678212742,47.5608312303369,47.4020335534063
938,938,3,"static-control","Control social image returns at 0.5km","complete",0,0.823030471801758,109,0.32967502941235,1195.33656944779,47.4732042353785,47.4020335534063
939,939,3,"static-control","Control social image returns at 0.5km","complete",0,0.454236745834351,110,0.32964039135328,1165.77812484829,47.4682163548724,47.4020335534063
940,940,3,"static-control","Control social image returns at 0.5km","complete",0,0.79514217376709,92,0.329575766772301,1590.78807631682,47.4589104152113,47.4020335534063
941,941,3,"static-control","Control social image returns at 0.5km","complete",0,1.08258199691772,107,0.329710182422769,1229.80607934852,47.4782662688787,47.4020335534063
942,942,3,"static-control","Control social image returns at 0.5km","complete",0,1.26551032066345,79,0.330716983546138,1945.61739685429,47.6232456306439,47.4020335534063
943,943,3,"static-control","Control social image returns at 0.5km","complete",0,1.43954348564148,78,0.329709922257917,1977.5354361744,47.47822880514,47.4020335534063
944,944,3,"static-control","Control social image returns at 0.5km","complete",0,1.25433945655823,71,0.349351276941036,2528.61148674525,50.3065838795092,47.4020335534063
945,945,3,"static-control","Control social image returns at 0.5km","complete",0,0.910831928253174,95,0.330182371037517,1510.49485284964,47.5462614294025,47.4020335534063
946,946,3,"static-control","Control social image returns at 0.5km","complete",0,0.539433717727661,93,0.32981777745117,1556.01135856404,47.4937599529685,47.4020335534063
947,947,3,"static-control","Control social image returns at 0.5km","complete",0,1.92990136146545,98,0.329800823060968,1452.03558445315,47.4913185207794,47.4020335534063
948,948,3,"static-control","Control social image returns at 0.5km","complete",0,1.14097857475281,110,0.329439691144726,1164.51140606416,47.4393155248406,47.4020335534063
949,949,3,"static-control","Control social image returns at 0.5km","complete",0,1.37776327133179,89,0.330321622505644,1667.51641052279,47.5663136408127,47.4020335534063
950,950,3,"static-control","Control social image returns at 0.5km","complete",0,0.609545469284058,79,0.330016563246366,1931.24960269263,47.5223851074767,47.4020335534063
951,951,3,"static-control","Control social image returns at 0.5km","complete",0,0.644408226013184,71,0.32931401605632,2293.68258700708,47.4212183121101,47.4020335534063
952,952,3,"static-control","Control social image returns at 0.5km","complete",0,1.56611609458923,99,0.330136258633393,1412.20070690523,47.5396212432086,47.4020335534063
953,953,3,"static-control","Control social image returns at 0.5km","complete",0,1.08327960968018,100,0.329583305123627,1404.9125621851,47.4599959378023,47.4020335534063
954,954,3,"static-control","Control social image returns at 0.5km","complete",0,1.08848524093628,103,0.329699800551558,1316.20678212742,47.4767712794244,47.4020335534063
955,955,3,"static-control","Control social image returns at 0.5km","complete",0,1.35753488540649,71,0.342226162600533,2544.29548458559,49.2805674144768,47.4020335534063
956,956,3,"static-control","Control social image returns at 0.5km","complete",0,1.23962593078613,100,0.329590945905957,1404.9125621851,47.4610962104578,47.4020335534063
957,957,3,"static-control","Control social image returns at 0.5km","complete",0,0.927327632904053,113,0.329917714004166,1107.79302706932,47.5081508165999,47.4020335534063
958,958,3,"static-control","Control social image returns at 0.5km","complete",0,0.46988844871521,89,0.330435421767899,1653.67966992493,47.5827007345774,47.4020335534063
959,959,3,"static-control","Control social image returns at 0.5km","complete",0,1.01142287254333,96,0.329682484969925,1483.49184447842,47.4742778356692,47.4020335534063
960,960,3,"static-control","Control social image returns at 0.5km","complete",0,1.50852394104004,105,0.329363234410844,1286.7986694567,47.4283057551615,47.4020335534063
961,961,3,"static-control","Control social image returns at 0.5km","complete",0,1.26177525520325,90,0.330514841884497,1633.0266289596,47.5941372313676,47.4020335534063
962,962,3,"static-control","Control social image returns at 0.5km","complete",0,1.13144755363464,93,0.329891570526956,1573.31865704686,47.5043861558816,47.4020335534063
963,963,3,"static-control","Control social image returns at 0.5km","complete",0,1.26867938041687,76,0.329983046643809,2051.21211009935,47.5175587167085,47.4020335534063
964,964,3,"static-control","Control social image returns at 0.5km","complete",0,0.659815788269043,98,0.329431275067168,1434.6496321137,47.4381036096722,47.4020335534063
965,965,3,"static-control","Control social image returns at 0.5km","complete",0,1.46335625648499,86,0.329329093983182,1748.65026914251,47.4233895335782,47.4020335534063
966,966,3,"static-control","Control social image returns at 0.5km","complete",0,0.646936178207397,103,0.330327758408249,1316.59407395898,47.5671972107878,47.4020335534063
967,967,3,"static-control","Control social image returns at 0.5km","complete",0,1.44910168647766,103,0.329505746432734,1316.20678212742,47.4488274863137,47.4020335534063
968,968,3,"static-control","Control social image returns at 0.5km","complete",0,1.26471614837646,91,0.330230606767156,1606.84783005679,47.5532073744705,47.4020335534063
969,969,3,"static-control","Control social image returns at 0.5km","complete",0,1.11398863792419,96,0.330054869476502,1496.08253540985,47.5279012046163,47.4020335534063
970,970,3,"static-control","Control social image returns at 0.5km","complete",0,0.764393329620361,92,0.330124466548938,1590.78807631682,47.5379231830471,47.4020335534063
971,971,3,"static-control","Control social image returns at 0.5km","complete",0,0.54272723197937,80,0.330616071613602,1915.91282104988,47.6087143123587,47.4020335534063
972,972,3,"static-control","Control social image returns at 0.5km","complete",0,0.519423246383667,94,0.330249613767558,1532.68316046213,47.5559443825284,47.4020335534063
973,973,3,"static-control","Control social image returns at 0.5km","complete",0,0.504202365875244,84,0.329702062154435,1789.18393330148,47.4770969502386,47.4020335534063
974,974,3,"static-control","Control social image returns at 0.5km","complete",0,0.66557240486145,71,0.333753306050449,2544.29548458559,48.0604760712647,47.4020335534063
975,975,3,"static-control","Control social image returns at 0.5km","complete",0,0.518764019012451,97,0.3292907511732,1476.20369975829,47.4178681689409,47.4020335534063
976,976,3,"static-control","Control social image returns at 0.5km","complete",0,0.952898502349854,104,0.329710287564362,1289.73365006652,47.4782814092682,47.4020335534063
977,977,3,"static-control","Control social image returns at 0.5km","complete",0,0.458414793014526,86,0.330228154723681,1734.85627598581,47.5528542802101,47.4020335534063
978,978,3,"static-control","Control social image returns at 0.5km","complete",0,0.754700660705566,104,0.329914273018229,1302.84188588222,47.507655314625,47.4020335534063
979,979,3,"static-control","Control social image returns at 0.5km","complete",0,0.777853727340698,106,0.330116075025446,1251.74403008284,47.5367148036642,47.4020335534063
980,980,3,"static-control","Control social image returns at 0.5km","complete",0,0.966891765594482,79,0.329685614478514,1931.24960269263,47.4747284849061,47.4020335534063
981,981,3,"static-control","Control social image returns at 0.5km","complete",0,0.451819896697998,100,0.330050739886134,1387.10961329502,47.5273065436034,47.4020335534063
982,982,3,"static-control","Control social image returns at 0.5km","complete",0,0.787610054016113,94,0.330028613738201,1531.14789381497,47.524120378301,47.4020335534063
983,983,3,"static-control","Control social image returns at 0.5km","complete",0,0.792853593826294,97,0.329299065814697,1476.20369975829,47.4190654773164,47.4020335534063
984,984,3,"static-control","Control social image returns at 0.5km","complete",0,0.787845611572266,88,0.329797291363507,1682.27309522063,47.4908099563451,47.4020335534063
985,985,3,"static-control","Control social image returns at 0.5km","complete",0,0.461484432220459,85,0.329227599225697,1762.01516538771,47.4087742885003,47.4020335534063
986,986,3,"static-control","Control social image returns at 0.5km","complete",0,0.455718517303467,93,0.330051658117087,1556.01135856404,47.5274387688605,47.4020335534063
987,987,3,"static-control","Control social image returns at 0.5km","complete",0,0.582485437393188,99,0.329621611505136,1428.05139259751,47.4655120567395,47.4020335534063
988,988,3,"static-control","Control social image returns at 0.5km","complete",0,0.488179445266724,100,0.329354315732191,1403.37729553793,47.4270214654356,47.4020335534063
989,989,3,"static-control","Control social image returns at 0.5km","complete",0,0.76891827583313,84,0.330180293648373,1789.18393330148,47.5459622853657,47.4020335534063
990,990,3,"static-control","Control social image returns at 0.5km","complete",0,0.818306684494019,112,0.32930006276024,1132.88331845223,47.4192090374745,47.4020335534063
991,991,3,"static-control","Control social image returns at 0.5km","complete",0,0.705821990966797,84,0.330379540411283,1789.18393330148,47.5746538192248,47.4020335534063
992,992,3,"static-control","Control social image returns at 0.5km","complete",0,0.645153045654297,84,0.329788687805673,1805.55599572718,47.489571044017,47.4020335534063
993,993,3,"static-control","Control social image returns at 0.5km","complete",0,0.61238694190979,102,0.330502979254442,1338.78238157148,47.5924290126396,47.4020335534063
994,994,3,"static-control","Control social image returns at 0.5km","complete",0,0.685840129852295,99,0.329521102649712,1409.5585385035,47.4510387815585,47.4020335534063
995,995,3,"static-control","Control social image returns at 0.5km","complete",0,0.792932271957397,88,0.330223050855895,1691.9309985643,47.5521193232488,47.4020335534063
996,996,3,"static-control","Control social image returns at 0.5km","complete",0,0.904859781265259,102,0.329433918188844,1354.1551081905,47.4384842191936,47.4020335534063
997,997,3,"static-control","Control social image returns at 0.5km","complete",0,0.62827730178833,92,0.329997225358914,1579.55752935907,47.5196004516836,47.4020335534063
998,998,3,"static-control","Control social image returns at 0.5km","complete",0,0.95215892791748,99,0.329187326859641,1409.5585385035,47.4029750677882,47.4020335534063
999,999,3,"static-control","Control social image returns at 0.5km","complete",0,0.594146013259888,111,0.329701032161209,1155.59124701933,47.476948631214,47.4020335534063
1,1,4,"static-bracelet","Bracelet social image returns at 0.5km","complete",0,0.957959890365601,71,0.329332248203313,2387.89669698818,47.4238437412771,47.4020335534063
2,2,4,"static-bracelet","Bracelet social image returns at 0.5km","complete",0,0.484769821166992,74,0.32931492219407,2121.27802882238,47.4213487959461,47.4020335534063
3,3,4,"static-bracelet","Bracelet social image returns at 0.5km","complete",0,0.477579116821289,92,0.329637304277301,1590.78807631682,47.4677718159314,47.4020335534063
4,4,4,"static-bracelet","Bracelet social image returns at 0.5km","complete",0,0.485085487365723,83,0.3301983113538,1816.60568752349,47.5485568349471,47.4020335534063
5,5,4,"static-bracelet","Bracelet social image returns at 0.5km","complete",0,0.482877492904663,87,0.33012308378774,1707.26778020705,47.5377240654345,47.4020335534063
6,6,4,"static-bracelet","Bracelet social image returns at 0.5km","complete",0,0.472150325775146,77,0.329455154025947,2019.3878483798,47.4415421797364,47.4020335534063
7,7,4,"static-bracelet","Bracelet social image returns at 0.5km","complete",0,0.487515926361084,83,0.329983530666029,1830.13628074828,47.5176284159081,47.4020335534063
8,8,4,"static-bracelet","Bracelet social image returns at 0.5km","complete",0,0.483518123626709,100,0.33008572469559,1385.57434664786,47.532344356165,47.4020335534063
9,9,4,"static-bracelet","Bracelet social image returns at 0.5km","complete",0,0.488794088363647,106,0.330329045788872,1251.74403008284,47.5673825935976,47.4020335534063
10,10,4,"static-bracelet","Bracelet social image returns at 0.5km","complete",0,0.561107873916626,73,0.329219442443754,2141.32765427207,47.4075997119006,47.4020335534063
11,11,4,"static-bracelet","Bracelet social image returns at 0.5km","complete",0,0.469244718551636,81,0.329228360070039,1890.64177603117,47.4088838500857,47.4020335534063
12,12,4,"static-bracelet","Bracelet social image returns at 0.5km","complete",0,0.498209476470947,85,0.329269739890019,1775.81903705628,47.4148425441628,47.4020335534063
13,13,4,"static-bracelet","Bracelet social image returns at 0.5km","complete",0,0.493853807449341,80,0.330181317639131,1901.69146782749,47.5461097400349,47.4020335534063
14,14,4,"static-bracelet","Bracelet social image returns at 0.5km","complete",0,1.10456275939941,92,0.329679998635742,1596.86482784189,47.4739198035469,47.4020335534063
15,15,4,"static-bracelet","Bracelet social image returns at 0.5km","complete",0,0.48637843132019,87,0.330215610022232,1723.80658418949,47.5510478432014,47.4020335534063
16,16,4,"static-bracelet","Bracelet social image returns at 0.5km","complete",0,0.53307580947876,99,0.329277324704681,1427.36148739357,47.415934757474,47.4020335534063
17,17,4,"static-bracelet","Bracelet social image returns at 0.5km","complete",0,0.466458559036255,88,0.329988592904994,1680.88130676799,47.5183573783191,47.4020335534063
18,18,4,"static-bracelet","Bracelet social image returns at 0.5km","complete",0,0.471951007843018,95,0.329301396049643,1509.44743165505,47.4194010311486,47.4020335534063
19,19,4,"static-bracelet","Bracelet social image returns at 0.5km","complete",0,0.456904649734497,97,0.330220398174641,1470.12694823322,47.5517373371483,47.4020335534063
20,20,4,"static-bracelet","Bracelet social image returns at 0.5km","complete",0,0.445292949676514,94,0.330494183645888,1531.14789381497,47.5911624450079,47.4020335534063
21,21,4,"static-bracelet","Bracelet social image returns at 0.5km","complete",0,0.461483716964722,71,0.332281307279967,2443.05449091751,47.8485082483152,47.4020335534063
22,22,4,"static-bracelet","Bracelet social image returns at 0.5km","complete",0,0.474951505661011,93,0.329841082671912,1556.01135856404,47.4971159047553,47.4020335534063
23,23,4,"static-bracelet","Bracelet social image returns at 0.5km","complete",0,0.462155342102051,76,0.330240710235833,2026.67599309993,47.5546622739599,47.4020335534063
24,24,4,"static-bracelet","Bracelet social image returns at 0.5km","complete",0,0.456589460372925,96,0.329750153445915,1485.02711112559,47.4840220962117,47.4020335534063
25,25,4,"static-bracelet","Bracelet social image returns at 0.5km","complete",0,0.470335960388184,76,0.330935372685982,2026.67599309993,47.6546936667814,47.4020335534063
26,26,4,"static-bracelet","Bracelet social image returns at 0.5km","complete",0,0.477103710174561,77,0.329510466183961,2011.33921145718,47.4495071304904,47.4020335534063
27,27,4,"static-bracelet","Bracelet social image returns at 0.5km","complete",0,0.497019529342651,74,0.32996982649376,2110.29650885685,47.5156550151014,47.4020335534063
28,28,4,"static-bracelet","Bracelet social image returns at 0.5km","complete",0,0.875444889068604,123,0.330576739829897,894.836033932604,47.6030505355052,47.4020335534063
29,29,4,"static-bracelet","Bracelet social image returns at 0.5km","complete",0,0.477871894836426,98,0.33015741389452,1447.49409957525,47.5426676008108,47.4020335534063
30,30,4,"static-bracelet","Bracelet social image returns at 0.5km","complete",0,0.490808486938477,89,0.330368934371797,1670.4434656226,47.5731265495388,47.4020335534063
31,31,4,"static-bracelet","Bracelet social image returns at 0.5km","complete",0,0.454379558563232,81,0.329326035467165,1875.37440861668,47.4229491072717,47.4020335534063
32,32,4,"static-bracelet","Bracelet social image returns at 0.5km","complete",0,0.474591970443726,109,0.32980994450763,1179.13521543044,47.4926320090987,47.4020335534063
33,33,4,"static-bracelet","Bracelet social image returns at 0.5km","complete",0,0.478817224502563,89,0.329303736688235,1661.29821999706,47.4197380831058,47.4020335534063
34,34,4,"static-bracelet","Bracelet social image returns at 0.5km","complete",0,0.485934972763062,76,0.330120114037713,2026.67599309993,47.5372964214307,47.4020335534063
35,35,4,"static-bracelet","Bracelet social image returns at 0.5km","complete",0,0.489735126495361,95,0.329783014471503,1507.91216500788,47.4887540838964,47.4020335534063
36,36,4,"static-bracelet","Bracelet social image returns at 0.5km","complete",0,0.533438444137573,96,0.329986144422703,1487.25912404255,47.5180047968692,47.4020335534063
37,37,4,"static-bracelet","Bracelet social image returns at 0.5km","complete",0,0.454276323318481,106,0.330414166955301,1245.92393898726,47.5796400415634,47.4020335534063
38,38,4,"static-bracelet","Bracelet social image returns at 0.5km","complete",0,0.432939529418945,90,0.330555954762311,1634.09658315401,47.6000574857728,47.4020335534063
39,39,4,"static-bracelet","Bracelet social image returns at 0.5km","complete",0,0.453799962997437,77,0.329402786603561,2011.33921145718,47.4340012709128,47.4020335534063
40,40,4,"static-bracelet","Bracelet social image returns at 0.5km","complete",0,0.46269702911377,100,0.330020542550659,1397.30054401286,47.5229581272949,47.4020335534063
41,41,4,"static-bracelet","Bracelet social image returns at 0.5km","complete",0,0.475568056106567,79,0.329482584942349,1931.24960269263,47.4454922316983,47.4020335534063
42,42,4,"static-bracelet","Bracelet social image returns at 0.5km","complete",0,0.472574234008789,84,0.329414557739038,1805.55599572718,47.4356963144215,47.4020335534063
43,43,4,"static-bracelet","Bracelet social image returns at 0.5km","complete",0,0.505645751953125,72,0.331225249965736,2186.811761858,47.696435995066,47.4020335534063
44,44,4,"static-bracelet","Bracelet social image returns at 0.5km","complete",0,0.474483251571655,95,0.329488499054989,1517.78299756977,47.4463438639184,47.4020335534063
45,45,4,"static-bracelet","Bracelet social image returns at 0.5km","complete",0,0.44670295715332,88,0.329207780380196,1682.27309522063,47.4059203747482,47.4020335534063
46,46,4,"static-bracelet","Bracelet social image returns at 0.5km","complete",0,0.47177267074585,96,0.330135346105381,1487.25912404255,47.5394898391749,47.4020335534063
47,47,4,"static-bracelet","Bracelet social image returns at 0.5km","complete",0,0.478461265563965,132,0.329538238078669,728.67637953826,47.4535062833284,47.4020335534063
48,48,4,"static-bracelet","Bracelet social image returns at 0.5km","complete",0,0.468201160430908,73,0.329682549289602,2167.62474250013,47.4742870977027,47.4020335534063
49,49,4,"static-bracelet","Bracelet social image returns at 0.5km","complete",0,0.452048778533936,96,0.329901946934428,1485.02711112559,47.5058803585576,47.4020335534063
50,50,4,"static-bracelet","Bracelet social image returns at 0.5km","complete",0,0.495652437210083,81,0.330784752742876,1875.37440861668,47.6330043949741,47.4020335534063
51,51,4,"static-bracelet","Bracelet social image returns at 0.5km","complete",0,0.455618858337402,102,0.33036792707679,1342.32547859247,47.5729814990578,47.4020335534063
52,52,4,"static-bracelet","Bracelet social image returns at 0.5km","complete",0,0.45302939414978,86,0.330137362836699,1750.04205759515,47.5397802484847,47.4020335534063
53,53,4,"static-bracelet","Bracelet social image returns at 0.5km","complete",0,0.460628509521484,99,0.330196249507241,1413.99659114837,47.5482599290427,47.4020335534063
54,54,4,"static-bracelet","Bracelet social image returns at 0.5km","complete",0,0.458701848983765,90,0.330407533927068,1640.31477367973,47.5786848854978,47.4020335534063
55,55,4,"static-bracelet","Bracelet social image returns at 0.5km","complete",0,0.49705958366394,74,0.329221087487478,2121.27802882238,47.4078365981968,47.4020335534063
56,56,4,"static-bracelet","Bracelet social image returns at 0.5km","complete",0,0.485530614852905,88,0.329892774751166,1691.9309985643,47.5045595641679,47.4020335534063
57,57,4,"static-bracelet","Bracelet social image returns at 0.5km","complete",0,0.483401298522949,105,0.330896719258027,1266.90432356784,47.6491275731559,47.4020335534063
58,58,4,"static-bracelet","Bracelet social image returns at 0.5km","complete",0,0.494416475296021,96,0.329517288279994,1500.62402028775,47.4504895123192,47.4020335534063
59,59,4,"static-bracelet","Bracelet social image returns at 0.5km","complete",0,0.484680652618408,103,0.329704233063588,1316.20678212742,47.4774095611566,47.4020335534063
60,60,4,"static-bracelet","Bracelet social image returns at 0.5km","complete",0,0.474700689315796,98,0.329576125453832,1447.49409957525,47.4589620653518,47.4020335534063
61,61,4,"static-bracelet","Bracelet social image returns at 0.5km","complete",0,0.44444465637207,86,0.32957252076007,1734.85627598581,47.45844298945,47.4020335534063
62,62,4,"static-bracelet","Bracelet social image returns at 0.5km","complete",0,0.472461223602295,102,0.330665556232258,1342.32547859247,47.6158400974452,47.4020335534063
63,63,4,"static-bracelet","Bracelet social image returns at 0.5km","complete",0,0.458864450454712,75,0.329671348308524,2062.26180189567,47.4726741564275,47.4020335534063
64,64,4,"static-bracelet","Bracelet social image returns at 0.5km","complete",0,0.479250192642212,72,0.329284250758013,2188.11569169673,47.4169321091539,47.4020335534063
65,65,4,"static-bracelet","Bracelet social image returns at 0.5km","complete",0,0.449238300323486,86,0.330082778932478,1750.04205759515,47.5319201662769,47.4020335534063
66,66,4,"static-bracelet","Bracelet social image returns at 0.5km","complete",0,0.489265203475952,94,0.330321100284356,1535.35831759871,47.5662384409472,47.4020335534063
67,67,4,"static-bracelet","Bracelet social image returns at 0.5km","complete",0,0.441648960113525,95,0.329386974089782,1528.05878060829,47.4317242689286,47.4020335534063
68,68,4,"static-bracelet","Bracelet social image returns at 0.5km","complete",0,0.485957384109497,71,0.329240225004121,2258.81169787126,47.4105924005934,47.4020335534063
69,69,4,"static-bracelet","Bracelet social image returns at 0.5km","complete",0,0.461196899414062,77,0.3292709762522,2013.31109685473,47.4150205803168,47.4020335534063
70,70,4,"static-bracelet","Bracelet social image returns at 0.5km","complete",0,0.455035448074341,85,0.329747520964791,1773.84715165873,47.48364301893,47.4020335534063
71,71,4,"static-bracelet","Bracelet social image returns at 0.5km","complete",0,0.474851131439209,97,0.3299214836351,1460.85899582044,47.5086936434544,47.4020335534063
72,72,4,"static-bracelet","Bracelet social image returns at 0.5km","complete",0,0.470194101333618,95,0.329511414084111,1523.85974909484,47.4496436281121,47.4020335534063
73,73,4,"static-bracelet","Bracelet social image returns at 0.5km","complete",0,0.458956003189087,105,0.330338039712896,1280.72191793163,47.5686777186571,47.4020335534063
74,74,4,"static-bracelet","Bracelet social image returns at 0.5km","complete",0,0.482833862304688,71,0.332721704748565,2544.29548458559,47.9119254837934,47.4020335534063
75,75,4,"static-bracelet","Bracelet social image returns at 0.5km","complete",0,0.486198902130127,101,0.329321599579283,1373.74471704982,47.4223103394167,47.4020335534063
76,76,4,"static-bracelet","Bracelet social image returns at 0.5km","complete",0,0.488969087600708,82,0.330316495495692,1854.72136765135,47.5655753513796,47.4020335534063
77,77,4,"static-bracelet","Bracelet social image returns at 0.5km","complete",0,0.484826803207397,104,0.329818652529311,1289.73365006652,47.4938859642208,47.4020335534063
78,78,4,"static-bracelet","Bracelet social image returns at 0.5km","complete",0,0.476977825164795,97,0.329632120065415,1470.12694823322,47.4670252894197,47.4020335534063
79,79,4,"static-bracelet","Bracelet social image returns at 0.5km","complete",0,0.490561962127686,94,0.329200343619404,1531.14789381497,47.4048494811942,47.4020335534063
80,80,4,"static-bracelet","Bracelet social image returns at 0.5km","complete",0,0.487051725387573,97,0.329608400957645,1459.32372917328,47.4636097379009,47.4020335534063
81,81,4,"static-bracelet","Bracelet social image returns at 0.5km","complete",0,0.529259204864502,82,0.329611345520035,1845.47306239103,47.464033754885,47.4020335534063
82,82,4,"static-bracelet","Bracelet social image returns at 0.5km","complete",0,0.482629537582397,71,0.329289275877145,2300.52570200986,47.4176557263089,47.4020335534063
83,83,4,"static-bracelet","Bracelet social image returns at 0.5km","complete",0,0.474143505096436,86,0.329907372405035,1750.96547359139,47.5066616263251,47.4020335534063
84,84,4,"static-bracelet","Bracelet social image returns at 0.5km","complete",0,0.454649209976196,74,0.329193179884874,2109.03546839559,47.4038179034219,47.4020335534063
85,85,4,"static-bracelet","Bracelet social image returns at 0.5km","complete",0,0.511847972869873,74,0.329981168176298,2110.29650885685,47.5172882173869,47.4020335534063
86,86,4,"static-bracelet","Bracelet social image returns at 0.5km","complete",0,0.477170467376709,74,0.329349755641226,2128.88396249554,47.4263648123366,47.4020335534063
87,87,4,"static-bracelet","Bracelet social image returns at 0.5km","complete",0,0.449427843093872,98,0.329666816239942,1447.49409957525,47.4720215385517,47.4020335534063
88,88,4,"static-bracelet","Bracelet social image returns at 0.5km","complete",0,0.480144262313843,71,0.329209741466632,2293.22766047773,47.4062027711949,47.4020335534063
89,89,4,"static-bracelet","Bracelet social image returns at 0.5km","complete",0,0.497021198272705,78,0.330757273775618,1960.95417849704,47.629047423689,47.4020335534063
90,90,4,"static-bracelet","Bracelet social image returns at 0.5km","complete",0,0.485546588897705,113,0.329429284258443,1104.25985581141,47.4378169332158,47.4020335534063
91,91,4,"static-bracelet","Bracelet social image returns at 0.5km","complete",0,0.484914064407349,118,0.329187961180983,1005.85369162684,47.4030664100615,47.4020335534063
92,92,4,"static-bracelet","Bracelet social image returns at 0.5km","complete",0,0.488420963287354,83,0.329511048205015,1816.60568752349,47.4495909415221,47.4020335534063
93,93,4,"static-bracelet","Bracelet social image returns at 0.5km","complete",0,0.459890604019165,103,0.329409553310109,1327.54706195005,47.4349756766557,47.4020335534063
94,94,4,"static-bracelet","Bracelet social image returns at 0.5km","complete",0,0.457849502563477,100,0.330339492593118,1387.10961329502,47.5688869334089,47.4020335534063
95,95,4,"static-bracelet","Bracelet social image returns at 0.5km","complete",0,0.490216016769409,84,0.329367270887664,1789.18393330148,47.4288870078236,47.4020335534063
96,96,4,"static-bracelet","Bracelet social image returns at 0.5km","complete",0,0.452495098114014,94,0.329843775204985,1551.29450941537,47.4975036295179,47.4020335534063
97,97,4,"static-bracelet","Bracelet social image returns at 0.5km","complete",0,0.478268384933472,81,0.329597056769069,1875.37440861668,47.4619761747459,47.4020335534063
98,98,4,"static-bracelet","Bracelet social image returns at 0.5km","complete",0,0.456175565719604,73,0.329411214298893,2175.06993479573,47.4352148590405,47.4020335534063
99,99,4,"static-bracelet","Bracelet social image returns at 0.5km","complete",0,0.457224369049072,85,0.329678007245129,1769.81502117224,47.4736330432986,47.4020335534063
100,100,4,"static-bracelet","Bracelet social image returns at 0.5km","complete",0,0.499869585037231,88,0.329222698803955,1696.21808841074,47.4080686277696,47.4020335534063
101,101,4,"static-bracelet","Bracelet social image returns at 0.5km","complete",0,0.476447582244873,82,0.329602241088236,1853.39524192539,47.462722716706,47.4020335534063
102,102,4,"static-bracelet","Bracelet social image returns at 0.5km","complete",0,0.467882394790649,80,0.329268538062013,1901.69146782749,47.4146694809298,47.4020335534063
103,103,4,"static-bracelet","Bracelet social image returns at 0.5km","complete",0,0.529724597930908,86,0.329818276626774,1741.36212442238,47.4938318342554,47.4020335534063
104,104,4,"static-bracelet","Bracelet social image returns at 0.5km","complete",0,0.475812911987305,81,0.329910609309149,1888.32657158229,47.5071277405174,47.4020335534063
105,105,4,"static-bracelet","Bracelet social image returns at 0.5km","complete",0,0.487565517425537,110,0.32987666362591,1176.640963663,47.5022395621311,47.4020335534063
106,106,4,"static-bracelet","Bracelet social image returns at 0.5km","complete",0,0.4700608253479,89,0.330035053651734,1653.67966992493,47.5250477258497,47.4020335534063
107,107,4,"static-bracelet","Bracelet social image returns at 0.5km","complete",0,0.472005844116211,87,0.330002874858852,1719.51949434306,47.5204139796747,47.4020335534063
108,108,4,"static-bracelet","Bracelet social image returns at 0.5km","complete",0,0.471342086791992,91,0.330069805430359,1609.7409598865,47.5300519819717,47.4020335534063
109,109,4,"static-bracelet","Bracelet social image returns at 0.5km","complete",0,0.455798864364624,74,0.329252296006626,2119.7234161514,47.4123306249542,47.4020335534063
110,110,4,"static-bracelet","Bracelet social image returns at 0.5km","complete",0,0.448770523071289,82,0.330585245980448,1845.47306239103,47.6042754211845,47.4020335534063
111,111,4,"static-bracelet","Bracelet social image returns at 0.5km","complete",0,0.467128038406372,71,0.329715827638576,2276.36362335287,47.4790791799549,47.4020335534063
112,112,4,"static-bracelet","Bracelet social image returns at 0.5km","complete",0,0.456395149230957,94,0.330072109462111,1531.14789381497,47.5303837625439,47.4020335534063
113,113,4,"static-bracelet","Bracelet social image returns at 0.5km","complete",0,0.453881740570068,98,0.330132112918896,1440.20595485512,47.539024260321,47.4020335534063
114,114,4,"static-bracelet","Bracelet social image returns at 0.5km","complete",0,0.580968618392944,84,0.330407296598262,1801.26890588075,47.5786507101497,47.4020335534063
115,115,4,"static-bracelet","Bracelet social image returns at 0.5km","complete",0,0.581004858016968,71,0.329742854420762,2498.44462675271,47.4829710365897,47.4020335534063
116,116,4,"static-bracelet","Bracelet social image returns at 0.5km","complete",0,0.44483757019043,81,0.329903450784679,1871.79012160184,47.5060969129938,47.4020335534063
117,117,4,"static-bracelet","Bracelet social image returns at 0.5km","complete",0,0.734971523284912,76,0.329689967841931,2041.32601568509,47.4753553692381,47.4020335534063
118,118,4,"static-bracelet","Bracelet social image returns at 0.5km","complete",0,0.457921028137207,93,0.330430332960451,1556.01135856404,47.5819679463049,47.4020335534063
119,119,4,"static-bracelet","Bracelet social image returns at 0.5km","complete",0,0.480691432952881,103,0.330044686505883,1312.30924951057,47.5264348568471,47.4020335534063
120,120,4,"static-bracelet","Bracelet social image returns at 0.5km","complete",0,0.453686475753784,88,0.329629621131495,1696.21808841074,47.4666654429352,47.4020335534063
121,121,4,"static-bracelet","Bracelet social image returns at 0.5km","complete",0,0.462252378463745,100,0.329599439077126,1398.83581066003,47.4623192271061,47.4020335534063
122,122,4,"static-bracelet","Bracelet social image returns at 0.5km","complete",0,0.506651163101196,108,0.329191405649047,1228.93054234501,47.4035624134628,47.4020335534063
123,123,4,"static-bracelet","Bracelet social image returns at 0.5km","complete",0,0.460654497146606,102,0.329366219894752,1337.24711492431,47.4287356648442,47.4020335534063
124,124,4,"static-bracelet","Bracelet social image returns at 0.5km","complete",0,0.514998435974121,103,0.329816512952131,1316.20678212742,47.4935778651068,47.4020335534063
125,125,4,"static-bracelet","Bracelet social image returns at 0.5km","complete",0,0.506461143493652,104,0.329647017359552,1302.84188588222,47.4691704997755,47.4020335534063
126,126,4,"static-bracelet","Bracelet social image returns at 0.5km","complete",0,0.499553203582764,80,0.329828596062597,1901.69146782749,47.4953178330139,47.4020335534063
127,127,4,"static-bracelet","Bracelet social image returns at 0.5km","complete",0,0.490448951721191,92,0.329608945715114,1596.86482784189,47.4636881829764,47.4020335534063
128,128,4,"static-bracelet","Bracelet social image returns at 0.5km","complete",0,0.445213317871094,103,0.329664140417768,1316.66241362088,47.4716362201586,47.4020335534063
129,129,4,"static-bracelet","Bracelet social image returns at 0.5km","complete",0,0.477965593338013,96,0.330343241542092,1488.79439068972,47.5694267820613,47.4020335534063
130,130,4,"static-bracelet","Bracelet social image returns at 0.5km","complete",0,0.514042615890503,72,0.329693605280407,2212.09384527127,47.4758791603786,47.4020335534063
131,131,4,"static-bracelet","Bracelet social image returns at 0.5km","complete",0,0.444892168045044,91,0.329722698172767,1621.71406767905,47.4800685368785,47.4020335534063
132,132,4,"static-bracelet","Bracelet social image returns at 0.5km","complete",0,0.444108009338379,93,0.329839202353825,1574.7104454995,47.4968451389508,47.4020335534063
133,133,4,"static-bracelet","Bracelet social image returns at 0.5km","complete",0,0.453712224960327,86,0.329659593531146,1734.85627598581,47.4709814684851,47.4020335534063
134,134,4,"static-bracelet","Bracelet social image returns at 0.5km","complete",0,0.445320606231689,82,0.330211989227066,1845.47306239103,47.5505264486975,47.4020335534063
135,135,4,"static-bracelet","Bracelet social image returns at 0.5km","complete",0,0.593997955322266,98,0.329528511840253,1434.6496321137,47.4521057049964,47.4020335534063
136,136,4,"static-bracelet","Bracelet social image returns at 0.5km","complete",0,0.491032600402832,100,0.330105105800658,1390.01239929273,47.5351352352948,47.4020335534063
137,137,4,"static-bracelet","Bracelet social image returns at 0.5km","complete",0,0.472004413604736,75,0.330527835106869,2062.26180189567,47.5960082553891,47.4020335534063
138,138,4,"static-bracelet","Bracelet social image returns at 0.5km","complete",0,0.489095687866211,105,0.329439641976895,1280.72191793163,47.4393084446728,47.4020335534063
139,139,4,"static-bracelet","Bracelet social image returns at 0.5km","complete",0,0.46796727180481,96,0.330668510050116,1488.79439068972,47.6162654472167,47.4020335534063
140,140,4,"static-bracelet","Bracelet social image returns at 0.5km","complete",0,0.460653305053711,96,0.330080306064846,1485.02711112559,47.5315640733379,47.4020335534063
141,141,4,"static-bracelet","Bracelet social image returns at 0.5km","complete",0,0.449111223220825,101,0.329602154246814,1379.82146857489,47.4627102115413,47.4020335534063
142,142,4,"static-bracelet","Bracelet social image returns at 0.5km","complete",0,0.48130464553833,86,0.329458036064137,1734.85627598581,47.4419571932357,47.4020335534063
143,143,4,"static-bracelet","Bracelet social image returns at 0.5km","complete",0,0.465348958969116,118,0.329737193717765,999.875907452917,47.4821558953582,47.4020335534063
144,144,4,"static-bracelet","Bracelet social image returns at 0.5km","complete",0,0.456904888153076,99,0.32947942280296,1427.36148739357,47.4450368836263,47.4020335534063
145,145,4,"static-bracelet","Bracelet social image returns at 0.5km","complete",0,0.493692874908447,110,0.330383672341836,1165.77812484829,47.5752488172244,47.4020335534063
146,146,4,"static-bracelet","Bracelet social image returns at 0.5km","complete",0,0.453621864318848,85,0.3296068337298,1762.01516538771,47.4633840570913,47.4020335534063
147,147,4,"static-bracelet","Bracelet social image returns at 0.5km","complete",0,0.454133272171021,89,0.329692263698593,1667.51641052279,47.4756859725974,47.4020335534063
148,148,4,"static-bracelet","Bracelet social image returns at 0.5km","complete",0,0.525271415710449,113,0.329331330319681,1118.10353931595,47.423711566034,47.4020335534063
149,149,4,"static-bracelet","Bracelet social image returns at 0.5km","complete",0,0.461253881454468,71,0.329728556328196,2467.93402344685,47.4809121112603,47.4020335534063
150,150,4,"static-bracelet","Bracelet social image returns at 0.5km","complete",0,0.474702835083008,90,0.330091255703007,1640.31477367973,47.533140821233,47.4020335534063
151,151,4,"static-bracelet","Bracelet social image returns at 0.5km","complete",0,0.448394298553467,84,0.329805654111757,1804.63257973094,47.492014192093,47.4020335534063
152,152,4,"static-bracelet","Bracelet social image returns at 0.5km","complete",0,0.486217498779297,79,0.330204913114883,1947.58928225184,47.5495074885432,47.4020335534063
153,153,4,"static-bracelet","Bracelet social image returns at 0.5km","complete",0,0.502148628234863,72,0.329351540026479,2208.7158395404,47.4266217638129,47.4020335534063
154,154,4,"static-bracelet","Bracelet social image returns at 0.5km","complete",0,0.48114800453186,102,0.329734974596323,1355.69037483767,47.4818363418705,47.4020335534063
155,155,4,"static-bracelet","Bracelet social image returns at 0.5km","complete",0,0.464103221893311,73,0.329514153972411,2141.37083987507,47.4500381720272,47.4020335534063
156,156,4,"static-bracelet","Bracelet social image returns at 0.5km","complete",0,0.45195746421814,76,0.329261274666156,2046.92502025292,47.4136235519265,47.4020335534063
157,157,4,"static-bracelet","Bracelet social image returns at 0.5km","complete",0,0.497629880905151,81,0.329847144880602,1888.32657158229,47.4979888628066,47.4020335534063
158,158,4,"static-bracelet","Bracelet social image returns at 0.5km","complete",0,0.443466186523438,102,0.330196991852472,1337.24711492431,47.548366826756,47.4020335534063
159,159,4,"static-bracelet","Bracelet social image returns at 0.5km","complete",0,0.488495111465454,88,0.330400236627613,1691.9309985643,47.5776340743763,47.4020335534063
160,160,4,"static-bracelet","Bracelet social image returns at 0.5km","complete",0,0.484360933303833,86,0.329516502401921,1736.24806443845,47.4503763458767,47.4020335534063
161,161,4,"static-bracelet","Bracelet social image returns at 0.5km","complete",0,1.09711933135986,71,0.33037756895393,2527.16284597893,47.574369929366,47.4020335534063
162,162,4,"static-bracelet","Bracelet social image returns at 0.5km","complete",0,0.641628265380859,71,0.351540669672872,2612.89990935482,50.6218564328936,47.4020335534063
163,163,4,"static-bracelet","Bracelet social image returns at 0.5km","complete",0,0.453970193862915,78,0.330505126682453,1977.5354361744,47.5927382422732,47.4020335534063
164,164,4,"static-bracelet","Bracelet social image returns at 0.5km","complete",0,0.451402425765991,81,0.329367720139316,1888.25798231567,47.4289517000615,47.4020335534063
165,165,4,"static-bracelet","Bracelet social image returns at 0.5km","complete",0,0.486851692199707,90,0.330476425338223,1634.09658315401,47.5886052487041,47.4020335534063
166,166,4,"static-bracelet","Bracelet social image returns at 0.5km","complete",0,0.457206010818481,97,0.329925564490078,1470.12694823322,47.5092812865713,47.4020335534063
167,167,4,"static-bracelet","Bracelet social image returns at 0.5km","complete",0,0.467543840408325,97,0.330245998256072,1459.32372917328,47.5554237488743,47.4020335534063
168,168,4,"static-bracelet","Bracelet social image returns at 0.5km","complete",0,0.503618240356445,99,0.329493705391117,1409.5585385035,47.4470935763209,47.4020335534063
169,169,4,"static-bracelet","Bracelet social image returns at 0.5km","complete",0,0.498931169509888,81,0.329753702609407,1871.79012160184,47.4845331757546,47.4020335534063
170,170,4,"static-bracelet","Bracelet social image returns at 0.5km","complete",0,0.526419401168823,108,0.329600169086003,1208.70146569299,47.4624243483844,47.4020335534063
171,171,4,"static-bracelet","Bracelet social image returns at 0.5km","complete",0,0.463150024414062,76,0.330548416245931,2026.67599309993,47.598971939414,47.4020335534063
172,172,4,"static-bracelet","Bracelet social image returns at 0.5km","complete",0,0.547763824462891,86,0.329211483545758,1750.96547359139,47.4064536305892,47.4020335534063
173,173,4,"static-bracelet","Bracelet social image returns at 0.5km","complete",0,0.469356298446655,98,0.329404014737765,1436.8748039648,47.4341781222381,47.4020335534063
174,174,4,"static-bracelet","Bracelet social image returns at 0.5km","complete",0,0.46434497833252,78,0.3306270484955,1960.95417849704,47.610294983352,47.4020335534063
175,175,4,"static-bracelet","Bracelet social image returns at 0.5km","complete",0,0.522726774215698,81,0.329512242231802,1894.40332310736,47.4497628813794,47.4020335534063
176,176,4,"static-bracelet","Bracelet social image returns at 0.5km","complete",0,0.444075584411621,81,0.329584950829605,1871.79012160184,47.4602329194631,47.4020335534063
177,177,4,"static-bracelet","Bracelet social image returns at 0.5km","complete",0,0.470718145370483,87,0.330446585421267,1707.26778020705,47.5843083006624,47.4020335534063
178,178,4,"static-bracelet","Bracelet social image returns at 0.5km","complete",0,0.468543291091919,94,0.329307684139258,1531.14789381497,47.4203065160532,47.4020335534063
179,179,4,"static-bracelet","Bracelet social image returns at 0.5km","complete",0,0.464932203292847,98,0.329571281309134,1453.57085110032,47.4582645085153,47.4020335534063
180,180,4,"static-bracelet","Bracelet social image returns at 0.5km","complete",0,0.48502779006958,73,0.330474137359728,2166.65292328834,47.5882757798008,47.4020335534063
181,181,4,"static-bracelet","Bracelet social image returns at 0.5km","complete",0,0.490458965301514,93,0.33038442042975,1566.19263311387,47.575356541884,47.4020335534063
182,182,4,"static-bracelet","Bracelet social image returns at 0.5km","complete",0,0.487518787384033,80,0.329438815892262,1901.69146782749,47.4391894884858,47.4020335534063
183,183,4,"static-bracelet","Bracelet social image returns at 0.5km","complete",0,0.517818450927734,73,0.329516435662111,2166.65292328834,47.4503667353439,47.4020335534063
184,184,4,"static-bracelet","Bracelet social image returns at 0.5km","complete",0,0.469474315643311,85,0.330844581731169,1763.40695384035,47.6416197692883,47.4020335534063
185,185,4,"static-bracelet","Bracelet social image returns at 0.5km","complete",0,0.480354309082031,88,0.329691995083419,1693.90288396185,47.4756472920123,47.4020335534063
186,186,4,"static-bracelet","Bracelet social image returns at 0.5km","complete",0,0.455220699310303,85,0.330021121758629,1773.84715165873,47.5230415332426,47.4020335534063
187,187,4,"static-bracelet","Bracelet social image returns at 0.5km","complete",0,0.46511435508728,80,0.330454884893897,1915.91282104988,47.5855034247211,47.4020335534063
188,188,4,"static-bracelet","Bracelet social image returns at 0.5km","complete",0,0.477313995361328,95,0.330361259074003,1517.78299756977,47.5720213066564,47.4020335534063
189,189,4,"static-bracelet","Bracelet social image returns at 0.5km","complete",0,0.495175838470459,89,0.330146753109188,1660.22826580266,47.541132447723,47.4020335534063
190,190,4,"static-bracelet","Bracelet social image returns at 0.5km","complete",0,0.478762865066528,96,0.329565858725687,1483.49184447842,47.457483656499,47.4020335534063
191,191,4,"static-bracelet","Bracelet social image returns at 0.5km","complete",0,0.495527029037476,96,0.329727324977738,1483.49184447842,47.4807347967942,47.4020335534063
192,192,4,"static-bracelet","Bracelet social image returns at 0.5km","complete",0,0.478912591934204,81,0.329384321176534,1894.40332310736,47.4313422494209,47.4020335534063
193,193,4,"static-bracelet","Bracelet social image returns at 0.5km","complete",0,0.492582082748413,92,0.330023389758834,1579.55752935907,47.5233681252721,47.4020335534063
194,194,4,"static-bracelet","Bracelet social image returns at 0.5km","complete",0,0.475786685943604,71,0.329327968908499,2509.67227047686,47.4232275228239,47.4020335534063
195,195,4,"static-bracelet","Bracelet social image returns at 0.5km","complete",0,0.475342035293579,76,0.330638846961406,2026.67599309993,47.6119939624425,47.4020335534063
196,196,4,"static-bracelet","Bracelet social image returns at 0.5km","complete",0,0.448256492614746,85,0.330016710692624,1762.01516538771,47.5224063397378,47.4020335534063
197,197,4,"static-bracelet","Bracelet social image returns at 0.5km","complete",0,0.461409568786621,85,0.330457164302104,1773.84715165873,47.585831659503,47.4020335534063
198,198,4,"static-bracelet","Bracelet social image returns at 0.5km","complete",0,0.485034942626953,83,0.329905844421328,1816.60568752349,47.5064415966712,47.4020335534063
199,199,4,"static-bracelet","Bracelet social image returns at 0.5km","complete",0,0.463490724563599,74,0.32999841755648,2129.04172230803,47.5197721281332,47.4020335534063
200,200,4,"static-bracelet","Bracelet social image returns at 0.5km","complete",0,0.452760457992554,79,0.329932853832612,1931.24960269263,47.5103309518962,47.4020335534063
201,201,4,"static-bracelet","Bracelet social image returns at 0.5km","complete",0,0.467028856277466,71,0.329543574613214,2413.95126400499,47.4542747443028,47.4020335534063
202,202,4,"static-bracelet","Bracelet social image returns at 0.5km","complete",0,0.447160720825195,78,0.32934371748561,1977.5354361744,47.4254953179278,47.4020335534063
203,203,4,"static-bracelet","Bracelet social image returns at 0.5km","complete",0,0.469764947891235,93,0.329507131236817,1576.24571214666,47.4490268981017,47.4020335534063
204,204,4,"static-bracelet","Bracelet social image returns at 0.5km","complete",0,0.447937250137329,95,0.329611868131941,1521.98202908322,47.4641090109996,47.4020335534063
205,205,4,"static-bracelet","Bracelet social image returns at 0.5km","complete",0,0.457502126693726,78,0.329847542357091,1960.95417849704,47.4980460994211,47.4020335534063
206,206,4,"static-bracelet","Bracelet social image returns at 0.5km","complete",0,0.622408390045166,104,0.330508247380631,1295.55374116209,47.5931876228109,47.4020335534063
207,207,4,"static-bracelet","Bracelet social image returns at 0.5km","complete",0,0.517081022262573,94,0.329304835621193,1535.34692532842,47.4198963294519,47.4020335534063
208,208,4,"static-bracelet","Bracelet social image returns at 0.5km","complete",0,0.482614517211914,87,0.330061366400018,1707.26778020705,47.5288367616026,47.4020335534063
209,209,4,"static-bracelet","Bracelet social image returns at 0.5km","complete",0,0.753353118896484,88,0.329823637967802,1691.9309985643,47.4946038673635,47.4020335534063
210,210,4,"static-bracelet","Bracelet social image returns at 0.5km","complete",0,0.495663404464722,93,0.329792858122884,1568.63369397443,47.4901715696953,47.4020335534063
211,211,4,"static-bracelet","Bracelet social image returns at 0.5km","complete",0,0.454009294509888,96,0.330517466595538,1485.02711112559,47.5945151897575,47.4020335534063
212,212,4,"static-bracelet","Bracelet social image returns at 0.5km","complete",0,0.484436511993408,100,0.329342741324235,1397.30054401286,47.4253547506898,47.4020335534063
213,213,4,"static-bracelet","Bracelet social image returns at 0.5km","complete",0,0.458797931671143,78,0.329214685428305,1979.50732157195,47.4069147016759,47.4020335534063
214,214,4,"static-bracelet","Bracelet social image returns at 0.5km","complete",0,0.465848207473755,78,0.330218112071934,1981.82252602084,47.5514081383585,47.4020335534063
215,215,4,"static-bracelet","Bracelet social image returns at 0.5km","complete",0,0.493811130523682,88,0.329894372224271,1680.88130676799,47.5047896002951,47.4020335534063
216,216,4,"static-bracelet","Bracelet social image returns at 0.5km","complete",0,0.45147442817688,71,0.329251495445285,2288.09334185475,47.4122153441211,47.4020335534063
217,217,4,"static-bracelet","Bracelet social image returns at 0.5km","complete",0,0.441256284713745,71,0.329192972607052,2382.45900436245,47.4037880554154,47.4020335534063
218,218,4,"static-bracelet","Bracelet social image returns at 0.5km","complete",0,0.477744340896606,85,0.329983988124285,1762.01516538771,47.517694289897,47.4020335534063
219,219,4,"static-bracelet","Bracelet social image returns at 0.5km","complete",0,0.472070693969727,77,0.32979286263984,2006.0229521346,47.490172220137,47.4020335534063
220,220,4,"static-bracelet","Bracelet social image returns at 0.5km","complete",0,0.453526973724365,92,0.330035066998558,1580.60680176698,47.5250496477923,47.4020335534063
221,221,4,"static-bracelet","Bracelet social image returns at 0.5km","complete",0,0.458168029785156,90,0.329895981106305,1640.31477367973,47.505021279308,47.4020335534063
222,222,4,"static-bracelet","Bracelet social image returns at 0.5km","complete",0,0.480604887008667,79,0.329728668971105,1931.24960269263,47.4809283318392,47.4020335534063
223,223,4,"static-bracelet","Bracelet social image returns at 0.5km","complete",0,0.467265605926514,85,0.330491755366258,1762.01516538771,47.5908127727411,47.4020335534063
224,224,4,"static-bracelet","Bracelet social image returns at 0.5km","complete",0,0.468825101852417,77,0.32958069432452,1992.87221781715,47.4596199827309,47.4020335534063
225,225,4,"static-bracelet","Bracelet social image returns at 0.5km","complete",0,0.47371244430542,82,0.329333808639569,1856.45333995909,47.4240684440979,47.4020335534063
226,226,4,"static-bracelet","Bracelet social image returns at 0.5km","complete",0,0.4833984375,71,0.330364920617056,2301.89205894723,47.572548568856,47.4020335534063
227,227,4,"static-bracelet","Bracelet social image returns at 0.5km","complete",0,0.491281747817993,72,0.33020929270648,2211.19255062202,47.5501381497331,47.4020335534063
228,228,4,"static-bracelet","Bracelet social image returns at 0.5km","complete",0,0.467129945755005,96,0.330122509685496,1487.25912404255,47.5376413947115,47.4020335534063
229,229,4,"static-bracelet","Bracelet social image returns at 0.5km","complete",0,0.46153450012207,71,0.329385228063906,2269.85876419574,47.4314728412025,47.4020335534063
230,230,4,"static-bracelet","Bracelet social image returns at 0.5km","complete",0,0.495554208755493,99,0.33057598048314,1416.22176299948,47.6029411895722,47.4020335534063
231,231,4,"static-bracelet","Bracelet social image returns at 0.5km","complete",0,0.475157022476196,94,0.33008455383598,1531.14789381497,47.5321757523811,47.4020335534063
232,232,4,"static-bracelet","Bracelet social image returns at 0.5km","complete",0,0.460782289505005,90,0.330119582748923,1633.06055422971,47.537219915845,47.4020335534063
233,233,4,"static-bracelet","Bracelet social image returns at 0.5km","complete",0,0.490013599395752,97,0.329769604326129,1470.12694823322,47.4868230229626,47.4020335534063
234,234,4,"static-bracelet","Bracelet social image returns at 0.5km","complete",0,0.512710571289062,99,0.330216241015377,1413.99659114837,47.5511387062143,47.4020335534063
235,235,4,"static-bracelet","Bracelet social image returns at 0.5km","complete",0,0.471770048141479,97,0.330624192939857,1464.37407016026,47.6098837833394,47.4020335534063
236,236,4,"static-bracelet","Bracelet social image returns at 0.5km","complete",0,0.50749945640564,79,0.329324004189801,1945.61739685429,47.4226566033314,47.4020335534063
237,237,4,"static-bracelet","Bracelet social image returns at 0.5km","complete",0,0.532040596008301,86,0.329686855030554,1748.65026914251,47.4749071243998,47.4020335534063
238,238,4,"static-bracelet","Bracelet social image returns at 0.5km","complete",0,0.466123342514038,86,0.329633403049714,1734.85627598581,47.4672100391588,47.4020335534063
239,239,4,"static-bracelet","Bracelet social image returns at 0.5km","complete",0,0.471643924713135,92,0.33012929095658,1579.55752935907,47.5386178977475,47.4020335534063
240,240,4,"static-bracelet","Bracelet social image returns at 0.5km","complete",0,0.474924564361572,100,0.329933421002615,1398.83581066003,47.5104126243766,47.4020335534063
241,241,4,"static-bracelet","Bracelet social image returns at 0.5km","complete",0,0.466074705123901,88,0.329494981076745,1705.14474185072,47.4472772750513,47.4020335534063
242,242,4,"static-bracelet","Bracelet social image returns at 0.5km","complete",0,0.449010848999023,84,0.330025356204082,1803.2407912783,47.5236512933879,47.4020335534063
243,243,4,"static-bracelet","Bracelet social image returns at 0.5km","complete",0,0.461203336715698,86,0.330338091791761,1734.85627598581,47.5686852180135,47.4020335534063
244,244,4,"static-bracelet","Bracelet social image returns at 0.5km","complete",0,0.470629215240479,85,0.329605806554112,1762.01516538771,47.4632361437921,47.4020335534063
245,245,4,"static-bracelet","Bracelet social image returns at 0.5km","complete",0,0.450691938400269,96,0.330176576973344,1485.02711112559,47.5454270841615,47.4020335534063
246,246,4,"static-bracelet","Bracelet social image returns at 0.5km","complete",0,0.486980676651001,91,0.32967777600455,1621.54228536764,47.4735997446552,47.4020335534063
247,247,4,"static-bracelet","Bracelet social image returns at 0.5km","complete",0,0.447047472000122,104,0.329224409709639,1289.73365006652,47.408314998188,47.4020335534063
248,248,4,"static-bracelet","Bracelet social image returns at 0.5km","complete",0,0.447466373443604,75,0.333378153813055,2062.26180189567,48.00645414908,47.4020335534063
249,249,4,"static-bracelet","Bracelet social image returns at 0.5km","complete",0,0.455812454223633,75,0.330771417315638,2062.26180189567,47.6310840934518,47.4020335534063
250,250,4,"static-bracelet","Bracelet social image returns at 0.5km","complete",0,0.487560510635376,93,0.330061643564602,1556.01135856404,47.5288766733027,47.4020335534063
251,251,4,"static-bracelet","Bracelet social image returns at 0.5km","complete",0,0.454809665679932,71,0.329272673992846,2346.23119975763,47.4152650549699,47.4020335534063
252,252,4,"static-bracelet","Bracelet social image returns at 0.5km","complete",0,0.457197666168213,91,0.330107502186964,1604.15297256201,47.5354803149228,47.4020335534063
253,253,4,"static-bracelet","Bracelet social image returns at 0.5km","complete",0,0.45445990562439,90,0.329878626691095,1630.39400085182,47.5025222435177,47.4020335534063
254,254,4,"static-bracelet","Bracelet social image returns at 0.5km","complete",0,0.478140830993652,72,0.329465533584529,2216.380457415,47.4430368361722,47.4020335534063
255,255,4,"static-bracelet","Bracelet social image returns at 0.5km","complete",0,0.456776857376099,77,0.330497942330176,1992.87221781715,47.5917036955453,47.4020335534063
256,256,4,"static-bracelet","Bracelet social image returns at 0.5km","complete",0,0.506669044494629,98,0.329220791648406,1436.8748039648,47.4077939973705,47.4020335534063
257,257,4,"static-bracelet","Bracelet social image returns at 0.5km","complete",0,0.452313423156738,97,0.329491937216994,1476.20369975829,47.4468389592472,47.4020335534063
258,258,4,"static-bracelet","Bracelet social image returns at 0.5km","complete",0,0.474620580673218,91,0.329207849764353,1624.23714286241,47.4059303660668,47.4020335534063
259,259,4,"static-bracelet","Bracelet social image returns at 0.5km","complete",0,0.475683450698853,93,0.330645496843192,1562.88081590146,47.6129515454197,47.4020335534063
260,260,4,"static-bracelet","Bracelet social image returns at 0.5km","complete",0,0.522483825683594,93,0.329830012380615,1556.01135856404,47.4955217828086,47.4020335534063
261,261,4,"static-bracelet","Bracelet social image returns at 0.5km","complete",0,0.481786012649536,74,0.329360017251228,2106.06470796956,47.4278424841769,47.4020335534063
262,262,4,"static-bracelet","Bracelet social image returns at 0.5km","complete",0,0.450581073760986,112,0.329560334049164,1133.71762281831,47.4566881030796,47.4020335534063
263,263,4,"static-bracelet","Bracelet social image returns at 0.5km","complete",0,0.470588684082031,89,0.330003135997721,1668.90819897543,47.5204515836718,47.4020335534063
264,264,4,"static-bracelet","Bracelet social image returns at 0.5km","complete",0,0.467892169952393,71,0.32944691090411,2289.09050442941,47.4403551701919,47.4020335534063
265,265,4,"static-bracelet","Bracelet social image returns at 0.5km","complete",0,0.472457885742188,92,0.330015961751141,1579.55752935907,47.5222984921643,47.4020335534063
266,266,4,"static-bracelet","Bracelet social image returns at 0.5km","complete",0,0.486761569976807,85,0.330427717978118,1773.84715165873,47.581591388849,47.4020335534063
267,267,4,"static-bracelet","Bracelet social image returns at 0.5km","complete",0,0.466530799865723,95,0.329612029222846,1507.91216500788,47.4641322080898,47.4020335534063
268,268,4,"static-bracelet","Bracelet social image returns at 0.5km","complete",0,0.444713592529297,79,0.330438414605818,1947.58928225184,47.5831317032377,47.4020335534063
269,269,4,"static-bracelet","Bracelet social image returns at 0.5km","complete",0,0.488783597946167,71,0.331346814157989,2531.53025668015,47.7139412387504,47.4020335534063
270,270,4,"static-bracelet","Bracelet social image returns at 0.5km","complete",0,0.481162786483765,71,0.329599382145206,2269.65480861818,47.4623110289097,47.4020335534063
271,271,4,"static-bracelet","Bracelet social image returns at 0.5km","complete",0,0.486068725585938,71,0.330024263044202,2470.62374678987,47.523493878365,47.4020335534063
272,272,4,"static-bracelet","Bracelet social image returns at 0.5km","complete",0,0.443877458572388,99,0.329900884182908,1410.66544025806,47.5057273223387,47.4020335534063
273,273,4,"static-bracelet","Bracelet social image returns at 0.5km","complete",0,0.454532384872437,90,0.330581816731036,1641.70656213237,47.6037816092693,47.4020335534063
274,274,4,"static-bracelet","Bracelet social image returns at 0.5km","complete",0,0.481162548065186,114,0.329869539826626,1084.37623276641,47.5012137350341,47.4020335534063
275,275,4,"static-bracelet","Bracelet social image returns at 0.5km","complete",0,0.458083629608154,79,0.329564305888802,1945.61739685429,47.4572600479874,47.4020335534063
276,276,4,"static-bracelet","Bracelet social image returns at 0.5km","complete",0,0.45783805847168,75,0.332859979399102,2062.26180189567,47.9318370334706,47.4020335534063
277,277,4,"static-bracelet","Bracelet social image returns at 0.5km","complete",0,0.485156536102295,72,0.330457109617947,2186.811761858,47.5858237849844,47.4020335534063
278,278,4,"static-bracelet","Bracelet social image returns at 0.5km","complete",0,0.482798099517822,103,0.330258251717518,1323.88221867911,47.5571882473226,47.4020335534063
279,279,4,"static-bracelet","Bracelet social image returns at 0.5km","complete",0,0.511594772338867,100,0.329433299460518,1404.9125621851,47.4383951223146,47.4020335534063
280,280,4,"static-bracelet","Bracelet social image returns at 0.5km","complete",0,0.477012634277344,97,0.329628105943673,1459.32372917328,47.4664472558889,47.4020335534063
281,281,4,"static-bracelet","Bracelet social image returns at 0.5km","complete",0,0.454330444335938,91,0.32961907236379,1621.71406767905,47.4651464203857,47.4020335534063
282,282,4,"static-bracelet","Bracelet social image returns at 0.5km","complete",0,0.557244777679443,81,0.329890958252741,1880.75568161691,47.5042979883948,47.4020335534063
283,283,4,"static-bracelet","Bracelet social image returns at 0.5km","complete",0,0.470157384872437,83,0.329274428533899,1834.42337059471,47.4155177088815,47.4020335534063
284,284,4,"static-bracelet","Bracelet social image returns at 0.5km","complete",0,0.442041635513306,80,0.330790151404006,1915.91282104988,47.6337818021769,47.4020335534063
285,285,4,"static-bracelet","Bracelet social image returns at 0.5km","complete",0,0.47375750541687,77,0.329806937325797,1992.87221781715,47.4921989749147,47.4020335534063
286,286,4,"static-bracelet","Bracelet social image returns at 0.5km","complete",0,0.466926574707031,71,0.329261440958007,2310.74406459318,47.413647497953,47.4020335534063
287,287,4,"static-bracelet","Bracelet social image returns at 0.5km","complete",0,0.449504375457764,91,0.330532815310796,1606.84783005679,47.5967254047546,47.4020335534063
288,288,4,"static-bracelet","Bracelet social image returns at 0.5km","complete",0,0.471143484115601,111,0.329963414684948,1152.41322860309,47.5147317146325,47.4020335534063
289,289,4,"static-bracelet","Bracelet social image returns at 0.5km","complete",0,0.452148914337158,96,0.330344523777842,1488.79439068972,47.5696114240092,47.4020335534063
290,290,4,"static-bracelet","Bracelet social image returns at 0.5km","complete",0,0.452645778656006,71,0.344187713076139,2544.29548458559,49.5630306829641,47.4020335534063
291,291,4,"static-bracelet","Bracelet social image returns at 0.5km","complete",0,0.463815927505493,91,0.330020831824861,1604.15297256201,47.5229997827799,47.4020335534063
292,292,4,"static-bracelet","Bracelet social image returns at 0.5km","complete",0,0.44818115234375,84,0.329415905349981,1789.18393330148,47.4358903703973,47.4020335534063
293,293,4,"static-bracelet","Bracelet social image returns at 0.5km","complete",0,0.493998050689697,72,0.330701808860758,2212.09384527127,47.6210604759491,47.4020335534063
294,294,4,"static-bracelet","Bracelet social image returns at 0.5km","complete",0,0.463805437088013,82,0.329307886701894,1860.74042980552,47.4203356850727,47.4020335534063
295,295,4,"static-bracelet","Bracelet social image returns at 0.5km","complete",0,0.444477319717407,101,0.330056223945187,1362.9785195578,47.528096248107,47.4020335534063
296,296,4,"static-bracelet","Bracelet social image returns at 0.5km","complete",0,0.453240633010864,82,0.329564501860002,1845.47306239103,47.4572882678403,47.4020335534063
297,297,4,"static-bracelet","Bracelet social image returns at 0.5km","complete",0,0.451184034347534,94,0.330357043453774,1535.35831759871,47.5714142573434,47.4020335534063
298,298,4,"static-bracelet","Bracelet social image returns at 0.5km","complete",0,0.489653587341309,71,0.374461106703275,2500.75576400964,53.9223993652716,47.4020335534063
299,299,4,"static-bracelet","Bracelet social image returns at 0.5km","complete",0,0.490033626556396,104,0.330373268536307,1302.84188588222,47.5737506692281,47.4020335534063
300,300,4,"static-bracelet","Bracelet social image returns at 0.5km","complete",0,0.470976829528809,79,0.3306158503891,1931.24960269263,47.6086824560303,47.4020335534063
301,301,4,"static-bracelet","Bracelet social image returns at 0.5km","complete",0,0.501743316650391,73,0.331396654275029,2141.37083987507,47.7211182156042,47.4020335534063
302,302,4,"static-bracelet","Bracelet social image returns at 0.5km","complete",0,0.500464200973511,75,0.332171165826499,2062.26180189567,47.8326478790159,47.4020335534063
303,303,4,"static-bracelet","Bracelet social image returns at 0.5km","complete",0,0.483458518981934,91,0.330257880393567,1604.15297256201,47.5571347766736,47.4020335534063
304,304,4,"static-bracelet","Bracelet social image returns at 0.5km","complete",0,0.494365215301514,87,0.329770307115103,1719.51949434306,47.4869242245749,47.4020335534063
305,305,4,"static-bracelet","Bracelet social image returns at 0.5km","complete",0,0.520809173583984,87,0.329758802660336,1723.80658418949,47.4852675830884,47.4020335534063
306,306,4,"static-bracelet","Bracelet social image returns at 0.5km","complete",0,0.4707190990448,109,0.329389492567201,1197.68129645988,47.4320869296769,47.4020335534063
307,307,4,"static-bracelet","Bracelet social image returns at 0.5km","complete",0,0.44910454750061,94,0.330404986587176,1544.181728966,47.5783180685534,47.4020335534063
308,308,4,"static-bracelet","Bracelet social image returns at 0.5km","complete",0,0.441487789154053,83,0.330769287553435,1816.60568752349,47.6307774076947,47.4020335534063
309,309,4,"static-bracelet","Bracelet social image returns at 0.5km","complete",0,0.491339683532715,85,0.330045061600672,1762.01516538771,47.5264888704967,47.4020335534063
310,310,4,"static-bracelet","Bracelet social image returns at 0.5km","complete",0,0.464321613311768,87,0.329817308448005,1707.26778020705,47.4936924165127,47.4020335534063
311,311,4,"static-bracelet","Bracelet social image returns at 0.5km","complete",0,0.479501008987427,71,0.329317047048513,2284.19242438362,47.4216547749859,47.4020335534063
312,312,4,"static-bracelet","Bracelet social image returns at 0.5km","complete",0,0.493366003036499,95,0.330121764149318,1507.91216500788,47.5375340375018,47.4020335534063
313,313,4,"static-bracelet","Bracelet social image returns at 0.5km","complete",0,0.479901790618896,82,0.330521693270227,1845.47306239103,47.5951238309127,47.4020335534063
314,314,4,"static-bracelet","Bracelet social image returns at 0.5km","complete",0,0.445428133010864,89,0.329407675125921,1653.67966992493,47.4347052181327,47.4020335534063
315,315,4,"static-bracelet","Bracelet social image returns at 0.5km","complete",0,0.4546058177948,89,0.329704727060401,1673.59316204786,47.4774806966977,47.4020335534063
316,316,4,"static-bracelet","Bracelet social image returns at 0.5km","complete",0,0.458297252655029,71,0.329381518286062,2306.3882205927,47.4309386331929,47.4020335534063
317,317,4,"static-bracelet","Bracelet social image returns at 0.5km","complete",0,0.457202196121216,83,0.329669673403947,1820.5687715476,47.4724329701684,47.4020335534063
318,318,4,"static-bracelet","Bracelet social image returns at 0.5km","complete",0,0.464801073074341,105,0.329725660840302,1280.72191793163,47.4804951610034,47.4020335534063
319,319,4,"static-bracelet","Bracelet social image returns at 0.5km","complete",0,0.483340978622437,88,0.329984343557534,1680.88130676799,47.5177454722849,47.4020335534063
320,320,4,"static-bracelet","Bracelet social image returns at 0.5km","complete",0,0.49717903137207,101,0.32929423176638,1361.44325291063,47.4183693743588,47.4020335534063
321,321,4,"static-bracelet","Bracelet social image returns at 0.5km","complete",0,0.447725772857666,92,0.329467732490952,1601.09495198383,47.4433534786971,47.4020335534063
322,322,4,"static-bracelet","Bracelet social image returns at 0.5km","complete",0,0.561435699462891,71,0.329359966351659,2273.32210195157,47.4278351546389,47.4020335534063
323,323,4,"static-bracelet","Bracelet social image returns at 0.5km","complete",0,0.502156257629395,76,0.330458452575999,2026.67599309993,47.5860171709439,47.4020335534063
324,324,4,"static-bracelet","Bracelet social image returns at 0.5km","complete",0,0.45583438873291,85,0.330535429544298,1773.84715165873,47.5971018543789,47.4020335534063
325,325,4,"static-bracelet","Bracelet social image returns at 0.5km","complete",0,0.495997667312622,71,0.329251764733367,2525.28973211789,47.4122541216048,47.4020335534063
326,326,4,"static-bracelet","Bracelet social image returns at 0.5km","complete",0,0.454921245574951,93,0.330235872694928,1557.5466252112,47.5539656680697,47.4020335534063
327,327,4,"static-bracelet","Bracelet social image returns at 0.5km","complete",0,0.497837066650391,90,0.330120045925453,1629.00221239918,47.5372866132652,47.4020335534063
328,328,4,"static-bracelet","Bracelet social image returns at 0.5km","complete",0,0.483495950698853,84,0.330034770023787,1789.18393330148,47.5250068834253,47.4020335534063
329,329,4,"static-bracelet","Bracelet social image returns at 0.5km","complete",0,0.452124118804932,76,0.330923199873581,2026.67599309993,47.6529407817957,47.4020335534063
330,330,4,"static-bracelet","Bracelet social image returns at 0.5km","complete",0,0.434841394424438,87,0.329970440080882,1707.26778020705,47.515743371647,47.4020335534063
331,331,4,"static-bracelet","Bracelet social image returns at 0.5km","complete",0,0.474981546401978,71,0.356269641096301,2529.69056463469,51.3028283178674,47.4020335534063
332,332,4,"static-bracelet","Bracelet social image returns at 0.5km","complete",0,0.470824718475342,88,0.329779997392446,1680.88130676799,47.4883196245123,47.4020335534063
333,333,4,"static-bracelet","Bracelet social image returns at 0.5km","complete",0,0.483573436737061,84,0.329227587913158,1789.18393330148,47.4087726594947,47.4020335534063
334,334,4,"static-bracelet","Bracelet social image returns at 0.5km","complete",0,0.475229263305664,83,0.3302053042681,1816.60568752349,47.5495638146064,47.4020335534063
335,335,4,"static-bracelet","Bracelet social image returns at 0.5km","complete",0,0.469062566757202,105,0.329557016448717,1280.72191793163,47.4562103686152,47.4020335534063
336,336,4,"static-bracelet","Bracelet social image returns at 0.5km","complete",0,0.451443672180176,110,0.330276465179387,1170.39870403405,47.5598109858317,47.4020335534063
337,337,4,"static-bracelet","Bracelet social image returns at 0.5km","complete",0,0.467684507369995,82,0.329201885499557,1847.0083290382,47.4050715119362,47.4020335534063
338,338,4,"static-bracelet","Bracelet social image returns at 0.5km","complete",0,0.491343021392822,82,0.329209595511093,1845.47306239103,47.4061817535974,47.4020335534063
339,339,4,"static-bracelet","Bracelet social image returns at 0.5km","complete",0,0.477138042449951,82,0.330105596365945,1858.42522535664,47.535205876696,47.4020335534063
340,340,4,"static-bracelet","Bracelet social image returns at 0.5km","complete",0,0.483835935592651,97,0.330229413801153,1459.32372917328,47.5530355873661,47.4020335534063
341,341,4,"static-bracelet","Bracelet social image returns at 0.5km","complete",0,0.46647834777832,85,0.330665183517334,1762.01516538771,47.6157864264961,47.4020335534063
342,342,4,"static-bracelet","Bracelet social image returns at 0.5km","complete",0,0.495903730392456,96,0.329853251910179,1483.49184447842,47.4988682750658,47.4020335534063
343,343,4,"static-bracelet","Bracelet social image returns at 0.5km","complete",0,0.451599359512329,96,0.329677312212779,1502.15928693492,47.4735329586402,47.4020335534063
344,344,4,"static-bracelet","Bracelet social image returns at 0.5km","complete",0,0.48003625869751,93,0.33005044975331,1556.01135856404,47.5272647644766,47.4020335534063
345,345,4,"static-bracelet","Bracelet social image returns at 0.5km","complete",0,0.487185478210449,80,0.329651900304443,1920.19991089631,47.4698736438399,47.4020335534063
346,346,4,"static-bracelet","Bracelet social image returns at 0.5km","complete",0,0.486882925033569,87,0.330050821426914,1707.26778020705,47.5273182854756,47.4020335534063
347,347,4,"static-bracelet","Bracelet social image returns at 0.5km","complete",0,0.475679397583008,88,0.329859310944354,1691.9309985643,47.499740775987,47.4020335534063
348,348,4,"static-bracelet","Bracelet social image returns at 0.5km","complete",0,0.490231513977051,73,0.330255769361591,2166.65292328834,47.5568307880691,47.4020335534063
349,349,4,"static-bracelet","Bracelet social image returns at 0.5km","complete",0,0.506238698959351,96,0.329375950698831,1483.49184447842,47.4301369006316,47.4020335534063
350,350,4,"static-bracelet","Bracelet social image returns at 0.5km","complete",0,0.468668222427368,89,0.329445169134121,1655.07145837757,47.4401043553134,47.4020335534063
351,351,4,"static-bracelet","Bracelet social image returns at 0.5km","complete",0,0.467038869857788,89,0.329643845818459,1653.67966992493,47.468713797858,47.4020335534063
352,352,4,"static-bracelet","Bracelet social image returns at 0.5km","complete",0,0.441526174545288,87,0.330036661363181,1723.80658418949,47.5252792362981,47.4020335534063
353,353,4,"static-bracelet","Bracelet social image returns at 0.5km","complete",0,0.446846008300781,88,0.330377609517755,1680.88130676799,47.5743757705567,47.4020335534063
354,354,4,"static-bracelet","Bracelet social image returns at 0.5km","complete",0,0.459558486938477,83,0.330226472503539,1816.60568752349,47.5526120405096,47.4020335534063
355,355,4,"static-bracelet","Bracelet social image returns at 0.5km","complete",0,0.46694803237915,97,0.329987052945884,1460.85899582044,47.5181356242072,47.4020335534063
356,356,4,"static-bracelet","Bracelet social image returns at 0.5km","complete",0,0.475618362426758,94,0.330845489899419,1537.92961317017,47.6417505455163,47.4020335534063
357,357,4,"static-bracelet","Bracelet social image returns at 0.5km","complete",0,0.490375518798828,89,0.329627702625595,1673.59316204786,47.4663891780856,47.4020335534063
358,358,4,"static-bracelet","Bracelet social image returns at 0.5km","complete",0,0.448139667510986,71,0.330785498464929,2508.36739190313,47.6331117789497,47.4020335534063
359,359,4,"static-bracelet","Bracelet social image returns at 0.5km","complete",0,0.453095197677612,83,0.330358693444544,1830.13628074828,47.5716518560144,47.4020335534063
360,360,4,"static-bracelet","Bracelet social image returns at 0.5km","complete",0,0.489940881729126,71,0.330531897676037,2382.7185027528,47.5965932653494,47.4020335534063
361,361,4,"static-bracelet","Bracelet social image returns at 0.5km","complete",0,0.469310522079468,89,0.329646788473291,1670.4434656226,47.4691375401538,47.4020335534063
362,362,4,"static-bracelet","Bracelet social image returns at 0.5km","complete",0,0.476399421691895,83,0.33043688351807,1830.13628074828,47.5829112266021,47.4020335534063
363,363,4,"static-bracelet","Bracelet social image returns at 0.5km","complete",0,0.459478139877319,77,0.330139133687468,2006.0229521346,47.5400352509954,47.4020335534063
364,364,4,"static-bracelet","Bracelet social image returns at 0.5km","complete",0,0.477346181869507,95,0.329995786020244,1510.49485284964,47.5193931869151,47.4020335534063
365,365,4,"static-bracelet","Bracelet social image returns at 0.5km","complete",0,0.492600917816162,88,0.329596900422843,1680.88130676799,47.4619536608894,47.4020335534063
366,366,4,"static-bracelet","Bracelet social image returns at 0.5km","complete",0,0.452131748199463,86,0.329709855774125,1748.65026914251,47.478219231474,47.4020335534063
367,367,4,"static-bracelet","Bracelet social image returns at 0.5km","complete",0,0.45873236656189,79,0.329669324668431,1931.24960269263,47.4723827522541,47.4020335534063
368,368,4,"static-bracelet","Bracelet social image returns at 0.5km","complete",0,0.499605655670166,87,0.329525372611931,1723.80658418949,47.451653656118,47.4020335534063
369,369,4,"static-bracelet","Bracelet social image returns at 0.5km","complete",0,0.446981430053711,71,0.329397889584891,2508.42571655289,47.4332961002243,47.4020335534063
370,370,4,"static-bracelet","Bracelet social image returns at 0.5km","complete",0,0.461913824081421,96,0.330021661659446,1481.12949207311,47.5231192789603,47.4020335534063
371,371,4,"static-bracelet","Bracelet social image returns at 0.5km","complete",0,0.461447238922119,99,0.330397182053188,1413.99659114837,47.577194215659,47.4020335534063
372,372,4,"static-bracelet","Bracelet social image returns at 0.5km","complete",0,0.497299909591675,83,0.329987751904148,1827.58596509156,47.5182362741973,47.4020335534063
373,373,4,"static-bracelet","Bracelet social image returns at 0.5km","complete",0,0.551251649856567,72,0.329582472707837,2186.811761858,47.4598760699285,47.4020335534063
374,374,4,"static-bracelet","Bracelet social image returns at 0.5km","complete",0,0.463958740234375,84,0.330351397372185,1805.55599572718,47.5706012215946,47.4020335534063
375,375,4,"static-bracelet","Bracelet social image returns at 0.5km","complete",0,0.439557075500488,71,0.338261100363371,2531.53025668015,48.7095984523254,47.4020335534063
376,376,4,"static-bracelet","Bracelet social image returns at 0.5km","complete",0,0.482270479202271,71,0.330263663320025,2235.81813693932,47.5579675180836,47.4020335534063
377,377,4,"static-bracelet","Bracelet social image returns at 0.5km","complete",0,0.450637578964233,89,0.329727540306935,1673.59316204786,47.4807658041987,47.4020335534063
378,378,4,"static-bracelet","Bracelet social image returns at 0.5km","complete",0,0.563942193984985,71,0.329343464022516,2238.55570178324,47.4254588192423,47.4020335534063
379,379,4,"static-bracelet","Bracelet social image returns at 0.5km","complete",0,0.461972951889038,83,0.329875530746492,1817.99747597613,47.5020764274949,47.4020335534063
380,380,4,"static-bracelet","Bracelet social image returns at 0.5km","complete",0,0.485822916030884,74,0.329554960857822,2102.0671452199,47.4559143635264,47.4020335534063
381,381,4,"static-bracelet","Bracelet social image returns at 0.5km","complete",0,0.443387508392334,96,0.330103392145853,1483.49184447842,47.5348884690028,47.4020335534063
382,382,4,"static-bracelet","Bracelet social image returns at 0.5km","complete",0,0.488466501235962,94,0.330347332789376,1535.35831759871,47.5700159216702,47.4020335534063
383,383,4,"static-bracelet","Bracelet social image returns at 0.5km","complete",0,0.468838214874268,89,0.329485308865278,1668.90819897543,47.4458844766001,47.4020335534063
384,384,4,"static-bracelet","Bracelet social image returns at 0.5km","complete",0,0.49146294593811,95,0.330137067504457,1512.0301194968,47.5397377206418,47.4020335534063
385,385,4,"static-bracelet","Bracelet social image returns at 0.5km","complete",0,0.496387004852295,83,0.329260563814333,1838.1849176709,47.413521189264,47.4020335534063
386,386,4,"static-bracelet","Bracelet social image returns at 0.5km","complete",0,0.446934461593628,82,0.33000120830996,1845.47306239103,47.5201739966342,47.4020335534063
387,387,4,"static-bracelet","Bracelet social image returns at 0.5km","complete",0,0.489528179168701,82,0.330349116171294,1856.45333995909,47.5702727286663,47.4020335534063
388,388,4,"static-bracelet","Bracelet social image returns at 0.5km","complete",0,0.453129053115845,91,0.329320217546802,1621.54228536764,47.4221113267396,47.4020335534063
389,389,4,"static-bracelet","Bracelet social image returns at 0.5km","complete",0,0.487579345703125,90,0.329557503349568,1640.31477367973,47.4562804823378,47.4020335534063
390,390,4,"static-bracelet","Bracelet social image returns at 0.5km","complete",0,0.485142946243286,86,0.329388076891487,1734.85627598581,47.4318830723742,47.4020335534063
391,391,4,"static-bracelet","Bracelet social image returns at 0.5km","complete",0,0.508645057678223,104,0.330148096278815,1294.08681417683,47.5413258641494,47.4020335534063
392,392,4,"static-bracelet","Bracelet social image returns at 0.5km","complete",0,0.451007604598999,91,0.329310662750003,1615.63731615398,47.4207354360004,47.4020335534063
393,393,4,"static-bracelet","Bracelet social image returns at 0.5km","complete",0,0.467203378677368,82,0.33009756903192,1842.92274673431,47.5340499405965,47.4020335534063
394,394,4,"static-bracelet","Bracelet social image returns at 0.5km","complete",0,0.522311687469482,72,0.329207267959704,2212.09384527127,47.4058465861973,47.4020335534063
395,395,4,"static-bracelet","Bracelet social image returns at 0.5km","complete",0,0.492892265319824,115,0.330044842537786,1059.52624446885,47.5264573254411,47.4020335534063
396,396,4,"static-bracelet","Bracelet social image returns at 0.5km","complete",0,0.462798595428467,90,0.330095447882303,1633.0266289596,47.5337444950516,47.4020335534063
397,397,4,"static-bracelet","Bracelet social image returns at 0.5km","complete",0,0.458121776580811,91,0.33013526906967,1604.15297256201,47.5394787460324,47.4020335534063
398,398,4,"static-bracelet","Bracelet social image returns at 0.5km","complete",0,0.480123996734619,83,0.329709401462626,1832.10816614583,47.4781538106182,47.4020335534063
399,399,4,"static-bracelet","Bracelet social image returns at 0.5km","complete",0,0.475578784942627,96,0.329871026893844,1502.15928693492,47.5014278727136,47.4020335534063
400,400,4,"static-bracelet","Bracelet social image returns at 0.5km","complete",0,0.47273588180542,83,0.329747067299894,1831.87305493799,47.4835776911847,47.4020335534063
401,401,4,"static-bracelet","Bracelet social image returns at 0.5km","complete",0,0.480613708496094,71,0.331212498448174,2544.29548458559,47.6945997765371,47.4020335534063
402,402,4,"static-bracelet","Bracelet social image returns at 0.5km","complete",0,0.454720735549927,90,0.330157168418475,1635.95368405941,47.5426322522604,47.4020335534063
403,403,4,"static-bracelet","Bracelet social image returns at 0.5km","complete",0,0.472440242767334,89,0.330082524389123,1660.22826580266,47.5318835120338,47.4020335534063
404,404,4,"static-bracelet","Bracelet social image returns at 0.5km","complete",0,0.466270685195923,76,0.33103141027379,2026.67599309993,47.6685230794257,47.4020335534063
405,405,4,"static-bracelet","Bracelet social image returns at 0.5km","complete",0,0.442884683609009,71,0.329662794442367,2369.29462052909,47.4714423997008,47.4020335534063
406,406,4,"static-bracelet","Bracelet social image returns at 0.5km","complete",0,0.572739601135254,102,0.32999687949588,1337.24711492431,47.5195506474067,47.4020335534063
407,407,4,"static-bracelet","Bracelet social image returns at 0.5km","complete",0,0.489246129989624,99,0.330148201514737,1416.22176299948,47.5413410181221,47.4020335534063
408,408,4,"static-bracelet","Bracelet social image returns at 0.5km","complete",0,0.469865322113037,71,0.329306280124387,2285.72769103079,47.4201043379117,47.4020335534063
409,409,4,"static-bracelet","Bracelet social image returns at 0.5km","complete",0,0.46139669418335,103,0.329633244708688,1314.67151548026,47.467187238051,47.4020335534063
410,410,4,"static-bracelet","Bracelet social image returns at 0.5km","complete",0,0.460413217544556,86,0.329501024721633,1750.96547359139,47.4481475599152,47.4020335534063
411,411,4,"static-bracelet","Bracelet social image returns at 0.5km","complete",0,0.483882665634155,78,0.329898058908303,1960.95417849704,47.5053204827957,47.4020335534063
412,412,4,"static-bracelet","Bracelet social image returns at 0.5km","complete",0,0.456768274307251,99,0.329570751384582,1410.66544025806,47.4581881993798,47.4020335534063
413,413,4,"static-bracelet","Bracelet social image returns at 0.5km","complete",0,0.468265771865845,107,0.330455242338147,1240.03213684243,47.5855548966932,47.4020335534063
414,414,4,"static-bracelet","Bracelet social image returns at 0.5km","complete",0,0.450082778930664,95,0.330411289321912,1510.49485284964,47.5792256623554,47.4020335534063
415,415,4,"static-bracelet","Bracelet social image returns at 0.5km","complete",0,0.499311447143555,71,0.386859464761841,2625.40482077931,55.7077629257051,47.4020335534063
416,416,4,"static-bracelet","Bracelet social image returns at 0.5km","complete",0,0.540431261062622,95,0.329203572232103,1525.395015742,47.4053144014228,47.4020335534063
417,417,4,"static-bracelet","Bracelet social image returns at 0.5km","complete",0,0.474955797195435,97,0.329313618887506,1459.32372917328,47.4211611198009,47.4020335534063
418,418,4,"static-bracelet","Bracelet social image returns at 0.5km","complete",0,0.445821046829224,81,0.329600287935257,1871.79012160184,47.462441462677,47.4020335534063
419,419,4,"static-bracelet","Bracelet social image returns at 0.5km","complete",0,0.441909074783325,94,0.33043145531685,1531.14789381497,47.5821295656264,47.4020335534063
420,420,4,"static-bracelet","Bracelet social image returns at 0.5km","complete",0,0.463360548019409,90,0.329676000303819,1629.00221239918,47.4733440437499,47.4020335534063
421,421,4,"static-bracelet","Bracelet social image returns at 0.5km","complete",0,0.4625563621521,106,0.329292323372978,1259.61617884771,47.4180945657088,47.4020335534063
422,422,4,"static-bracelet","Bracelet social image returns at 0.5km","complete",0,0.47369122505188,89,0.330121776820148,1668.90819897543,47.5375358621014,47.4020335534063
423,423,4,"static-bracelet","Bracelet social image returns at 0.5km","complete",0,0.44516921043396,87,0.32933516593066,1707.26778020705,47.4242638940151,47.4020335534063
424,424,4,"static-bracelet","Bracelet social image returns at 0.5km","complete",0,0.490648746490479,91,0.33027066888703,1608.34917143386,47.5589763197324,47.4020335534063
425,425,4,"static-bracelet","Bracelet social image returns at 0.5km","complete",0,0.469599485397339,81,0.330262724222052,1871.79012160184,47.5578322879756,47.4020335534063
426,426,4,"static-bracelet","Bracelet social image returns at 0.5km","complete",0,0.500806570053101,73,0.329409311252384,2166.65292328834,47.4349408203433,47.4020335534063
427,427,4,"static-bracelet","Bracelet social image returns at 0.5km","complete",0,0.465204477310181,71,0.384814239117327,2625.40482077931,55.413250432895,47.4020335534063
428,428,4,"static-bracelet","Bracelet social image returns at 0.5km","complete",0,0.477263450622559,78,0.329677482035739,1977.5354361744,47.4735574131464,47.4020335534063
429,429,4,"static-bracelet","Bracelet social image returns at 0.5km","complete",0,0.474142551422119,82,0.329661540971118,1864.50197688171,47.4712618998409,47.4020335534063
430,430,4,"static-bracelet","Bracelet social image returns at 0.5km","complete",0,0.491122484207153,83,0.330160645419476,1834.42337059471,47.5431329404045,47.4020335534063
431,431,4,"static-bracelet","Bracelet social image returns at 0.5km","complete",0,0.491112232208252,86,0.329788014719077,1734.85627598581,47.4894741195471,47.4020335534063
432,432,4,"static-bracelet","Bracelet social image returns at 0.5km","complete",0,0.479827165603638,86,0.329699544424078,1750.96547359139,47.4767343970672,47.4020335534063
433,433,4,"static-bracelet","Bracelet social image returns at 0.5km","complete",0,0.48900580406189,99,0.329618836273885,1427.36148739357,47.4651124234394,47.4020335534063
434,434,4,"static-bracelet","Bracelet social image returns at 0.5km","complete",0,0.49577808380127,91,0.329482948592942,1604.15297256201,47.4455445973836,47.4020335534063
435,435,4,"static-bracelet","Bracelet social image returns at 0.5km","complete",0,0.456866264343262,86,0.330037733877256,1746.67838374496,47.5254336783249,47.4020335534063
436,436,4,"static-bracelet","Bracelet social image returns at 0.5km","complete",0,0.474074602127075,104,0.330415195580373,1302.84188588222,47.5797881635738,47.4020335534063
437,437,4,"static-bracelet","Bracelet social image returns at 0.5km","complete",0,0.454858303070068,93,0.329914732657092,1566.19263311387,47.5077215026212,47.4020335534063
438,438,4,"static-bracelet","Bracelet social image returns at 0.5km","complete",0,0.507516622543335,73,0.331515289733939,2141.37083987507,47.7382017216872,47.4020335534063
439,439,4,"static-bracelet","Bracelet social image returns at 0.5km","complete",0,0.492434740066528,88,0.330031252173318,1680.88130676799,47.5245003129577,47.4020335534063
440,440,4,"static-bracelet","Bracelet social image returns at 0.5km","complete",0,0.448879480361938,86,0.32928825291062,1748.65026914251,47.4175084191293,47.4020335534063
441,441,4,"static-bracelet","Bracelet social image returns at 0.5km","complete",0,0.434797763824463,85,0.329583972534884,1762.01516538771,47.4600920450233,47.4020335534063
442,442,4,"static-bracelet","Bracelet social image returns at 0.5km","complete",0,0.477377653121948,111,0.329887375279122,1152.41322860309,47.5037820401936,47.4020335534063
443,443,4,"static-bracelet","Bracelet social image returns at 0.5km","complete",0,0.450946092605591,103,0.330206830549835,1325.41748532628,47.5497835991763,47.4020335534063
444,444,4,"static-bracelet","Bracelet social image returns at 0.5km","complete",0,0.476735353469849,82,0.330534488566537,1845.47306239103,47.5969663535813,47.4020335534063
445,445,4,"static-bracelet","Bracelet social image returns at 0.5km","complete",0,0.473761081695557,101,0.330070165206456,1362.9785195578,47.5301037897296,47.4020335534063
446,446,4,"static-bracelet","Bracelet social image returns at 0.5km","complete",0,0.483034133911133,112,0.33003970858473,1130.62329154437,47.5257180362012,47.4020335534063
447,447,4,"static-bracelet","Bracelet social image returns at 0.5km","complete",0,0.449966669082642,83,0.330430734754108,1816.60568752349,47.5820258045916,47.4020335534063
448,448,4,"static-bracelet","Bracelet social image returns at 0.5km","complete",0,0.465243816375732,79,0.330639121216673,1931.24960269263,47.6120334552009,47.4020335534063
449,449,4,"static-bracelet","Bracelet social image returns at 0.5km","complete",0,0.463827848434448,91,0.329390450399566,1609.41912562826,47.4322248575375,47.4020335534063
450,450,4,"static-bracelet","Bracelet social image returns at 0.5km","complete",0,0.441840648651123,95,0.329454545963998,1523.85974909484,47.4414546188157,47.4020335534063
451,451,4,"static-bracelet","Bracelet social image returns at 0.5km","complete",0,0.45302152633667,96,0.329888030219694,1482.05347622593,47.503876351636,47.4020335534063
452,452,4,"static-bracelet","Bracelet social image returns at 0.5km","complete",0,1.01005339622498,91,0.330317227013047,1620.73168690881,47.5656806898787,47.4020335534063
453,453,4,"static-bracelet","Bracelet social image returns at 0.5km","complete",0,0.454442024230957,95,0.329414546491783,1509.44743165505,47.4356946948167,47.4020335534063
454,454,4,"static-bracelet","Bracelet social image returns at 0.5km","complete",0,0.497565269470215,84,0.329430258632744,1800.29212856875,47.4379572431151,47.4020335534063
455,455,4,"static-bracelet","Bracelet social image returns at 0.5km","complete",0,0.489434719085693,73,0.329626487238737,2150.10185218109,47.4662141623782,47.4020335534063
456,456,4,"static-bracelet","Bracelet social image returns at 0.5km","complete",0,0.477964878082275,95,0.33030031377762,1510.49485284964,47.5632451839773,47.4020335534063
457,457,4,"static-bracelet","Bracelet social image returns at 0.5km","complete",0,0.468186616897583,97,0.329838449708175,1477.73896640546,47.4967367579772,47.4020335534063
458,458,4,"static-bracelet","Bracelet social image returns at 0.5km","complete",0,0.463768482208252,94,0.329451903385463,1535.34692532842,47.4410740875066,47.4020335534063
459,459,4,"static-bracelet","Bracelet social image returns at 0.5km","complete",0,0.484542608261108,98,0.33029944940894,1445.95883292808,47.5631207148874,47.4020335534063
460,460,4,"static-bracelet","Bracelet social image returns at 0.5km","complete",0,0.481619358062744,79,0.329682796121089,1931.24960269263,47.4743226414369,47.4020335534063
461,461,4,"static-bracelet","Bracelet social image returns at 0.5km","complete",0,0.515270233154297,78,0.329508763419569,1960.95417849704,47.4492619324179,47.4020335534063
462,462,4,"static-bracelet","Bracelet social image returns at 0.5km","complete",0,0.468512296676636,102,0.329398042309597,1337.24711492431,47.433318092582,47.4020335534063
463,463,4,"static-bracelet","Bracelet social image returns at 0.5km","complete",0,0.43681788444519,94,0.330176108272104,1532.68316046213,47.545359591183,47.4020335534063
464,464,4,"static-bracelet","Bracelet social image returns at 0.5km","complete",0,0.478307962417603,71,0.33013827754561,2418.82591481151,47.5399119665678,47.4020335534063
465,465,4,"static-bracelet","Bracelet social image returns at 0.5km","complete",0,0.479223012924194,81,0.330451859276683,1871.79012160184,47.5850677358423,47.4020335534063
466,466,4,"static-bracelet","Bracelet social image returns at 0.5km","complete",0,0.449897289276123,98,0.329887005927033,1445.95883292808,47.5037288534927,47.4020335534063
467,467,4,"static-bracelet","Bracelet social image returns at 0.5km","complete",0,0.477346897125244,77,0.329805037693293,1992.87221781715,47.4919254278342,47.4020335534063
468,468,4,"static-bracelet","Bracelet social image returns at 0.5km","complete",0,0.471974849700928,99,0.329637695706459,1410.66544025806,47.4678281817302,47.4020335534063
469,469,4,"static-bracelet","Bracelet social image returns at 0.5km","complete",0,0.493078947067261,94,0.330537154401928,1545.2177578903,47.5973502338776,47.4020335534063
470,470,4,"static-bracelet","Bracelet social image returns at 0.5km","complete",0,0.468758106231689,73,0.330793125825643,2144.25114020836,47.6342101188926,47.4020335534063
471,471,4,"static-bracelet","Bracelet social image returns at 0.5km","complete",0,0.462287902832031,71,0.371045097951805,2552.27484902764,53.4304941050599,47.4020335534063
472,472,4,"static-bracelet","Bracelet social image returns at 0.5km","complete",0,0.468873023986816,71,0.329745244739827,2471.41391616096,47.4833152425351,47.4020335534063
473,473,4,"static-bracelet","Bracelet social image returns at 0.5km","complete",0,0.452295064926147,71,0.355250277464183,2535.79783692231,51.1560399548423,47.4020335534063
474,474,4,"static-bracelet","Bracelet social image returns at 0.5km","complete",0,0.475784063339233,80,0.329272147477821,1915.91282104988,47.4151892368062,47.4020335534063
475,475,4,"static-bracelet","Bracelet social image returns at 0.5km","complete",0,0.497016429901123,80,0.330514416019109,1901.69146782749,47.5940759067517,47.4020335534063
476,476,4,"static-bracelet","Bracelet social image returns at 0.5km","complete",0,0.492305755615234,94,0.329353791479742,1542.64646231884,47.4269459730829,47.4020335534063
477,477,4,"static-bracelet","Bracelet social image returns at 0.5km","complete",0,0.479408979415894,101,0.329732161382874,1362.9785195578,47.4814312391339,47.4020335534063
478,478,4,"static-bracelet","Bracelet social image returns at 0.5km","complete",0,0.480195999145508,87,0.329456264807587,1721.49137974061,47.4417021322925,47.4020335534063
479,479,4,"static-bracelet","Bracelet social image returns at 0.5km","complete",0,0.465298891067505,82,0.330208222276595,1845.47306239103,47.5499840078297,47.4020335534063
480,480,4,"static-bracelet","Bracelet social image returns at 0.5km","complete",0,0.479979515075684,84,0.330542084717448,1789.18393330148,47.5980601993124,47.4020335534063
481,481,4,"static-bracelet","Bracelet social image returns at 0.5km","complete",0,0.453014373779297,85,0.329698115064848,1762.01516538771,47.4765285693381,47.4020335534063
482,482,4,"static-bracelet","Bracelet social image returns at 0.5km","complete",0,0.505709648132324,71,0.330168416324764,2265.4368330847,47.544251950766,47.4020335534063
483,483,4,"static-bracelet","Bracelet social image returns at 0.5km","complete",0,0.529601812362671,84,0.329726808244939,1790.57572175412,47.4806603872713,47.4020335534063
484,484,4,"static-bracelet","Bracelet social image returns at 0.5km","complete",0,0.43596887588501,86,0.329299738193059,1736.24806443845,47.4191622998005,47.4020335534063
485,485,4,"static-bracelet","Bracelet social image returns at 0.5km","complete",0,0.469870328903198,90,0.330180926076473,1640.31477367973,47.5460533550122,47.4020335534063
486,486,4,"static-bracelet","Bracelet social image returns at 0.5km","complete",0,0.450273036956787,77,0.329499398481404,2019.3878483798,47.4479133813222,47.4020335534063
487,487,4,"static-bracelet","Bracelet social image returns at 0.5km","complete",0,0.443678617477417,84,0.329280248267762,1790.57572175412,47.4163557505577,47.4020335534063
488,488,4,"static-bracelet","Bracelet social image returns at 0.5km","complete",0,0.45103907585144,83,0.329238193076949,1816.60568752349,47.4102998030807,47.4020335534063
489,489,4,"static-bracelet","Bracelet social image returns at 0.5km","complete",0,0.463405847549438,88,0.329556364823104,1682.27309522063,47.456116534527,47.4020335534063
490,490,4,"static-bracelet","Bracelet social image returns at 0.5km","complete",0,0.454883337020874,92,0.329224476643033,1590.78807631682,47.4083246365968,47.4020335534063
491,491,4,"static-bracelet","Bracelet social image returns at 0.5km","complete",0,0.473035097122192,71,0.329806618242441,2331.4836750688,47.4921530269115,47.4020335534063
492,492,4,"static-bracelet","Bracelet social image returns at 0.5km","complete",0,0.449380874633789,101,0.329460498676762,1379.82146857489,47.4423118094537,47.4020335534063
493,493,4,"static-bracelet","Bracelet social image returns at 0.5km","complete",0,0.467018842697144,95,0.329505400165718,1505.54981260257,47.4487776238634,47.4020335534063
494,494,4,"static-bracelet","Bracelet social image returns at 0.5km","complete",0,0.615886688232422,71,0.33037067026313,2265.46148743323,47.5733765178908,47.4020335534063
495,495,4,"static-bracelet","Bracelet social image returns at 0.5km","complete",0,0.469141244888306,71,0.329443558284487,2337.59099561727,47.4398723929661,47.4020335534063
496,496,4,"static-bracelet","Bracelet social image returns at 0.5km","complete",0,0.441665172576904,96,0.329615435649398,1483.49184447842,47.4646227335133,47.4020335534063
497,497,4,"static-bracelet","Bracelet social image returns at 0.5km","complete",0,0.471659183502197,72,0.330948416879906,2212.09384527127,47.6565720307064,47.4020335534063
498,498,4,"static-bracelet","Bracelet social image returns at 0.5km","complete",0,0.478177785873413,100,0.33005428279916,1387.10961329502,47.527816723079,47.4020335534063
499,499,4,"static-bracelet","Bracelet social image returns at 0.5km","complete",0,0.472217321395874,89,0.330118832956987,1660.22826580266,47.5371119458061,47.4020335534063
500,500,4,"static-bracelet","Bracelet social image returns at 0.5km","complete",0,0.453383684158325,98,0.330372210157092,1440.20595485512,47.5735982626213,47.4020335534063
501,501,4,"static-bracelet","Bracelet social image returns at 0.5km","complete",0,0.452493190765381,95,0.329642500074319,1523.85974909484,47.4685200107019,47.4020335534063
502,502,4,"static-bracelet","Bracelet social image returns at 0.5km","complete",0,0.502428770065308,107,0.32978198597948,1238.80130237101,47.4886059810452,47.4020335534063
503,503,4,"static-bracelet","Bracelet social image returns at 0.5km","complete",0,0.450654983520508,77,0.33001598861198,2000.28951966086,47.5223023601252,47.4020335534063
504,504,4,"static-bracelet","Bracelet social image returns at 0.5km","complete",0,0.483473062515259,94,0.330349246303665,1537.92961317017,47.5702914677278,47.4020335534063
505,505,4,"static-bracelet","Bracelet social image returns at 0.5km","complete",0,0.468928575515747,75,0.329361852038293,2097.56416432896,47.4281066935142,47.4020335534063
506,506,4,"static-bracelet","Bracelet social image returns at 0.5km","complete",0,0.603631258010864,74,0.329261286294746,2108.1474712914,47.4136252264435,47.4020335534063
507,507,4,"static-bracelet","Bracelet social image returns at 0.5km","complete",0,0.46425461769104,94,0.329221231182573,1532.68316046213,47.4078572902906,47.4020335534063
508,508,4,"static-bracelet","Bracelet social image returns at 0.5km","complete",0,0.435327768325806,91,0.329910024573283,1608.38309670396,47.5070435385527,47.4020335534063
509,509,4,"static-bracelet","Bracelet social image returns at 0.5km","complete",0,0.450690031051636,97,0.329400081133314,1476.20369975829,47.4336116831973,47.4020335534063
510,510,4,"static-bracelet","Bracelet social image returns at 0.5km","complete",0,0.482399225234985,83,0.329974370079945,1830.13628074828,47.516309291512,47.4020335534063
511,511,4,"static-bracelet","Bracelet social image returns at 0.5km","complete",0,0.478022336959839,77,0.330083181712838,1992.87221781715,47.5319781666487,47.4020335534063
512,512,4,"static-bracelet","Bracelet social image returns at 0.5km","complete",0,0.443258285522461,80,0.330407896417008,1915.91282104988,47.5787370840492,47.4020335534063
513,513,4,"static-bracelet","Bracelet social image returns at 0.5km","complete",0,0.445005416870117,109,0.329504720077959,1195.33656944779,47.4486796912261,47.4020335534063
514,514,4,"static-bracelet","Bracelet social image returns at 0.5km","complete",0,0.47289514541626,86,0.330155111262081,1750.96547359139,47.5423360217396,47.4020335534063
515,515,4,"static-bracelet","Bracelet social image returns at 0.5km","complete",0,0.438686847686768,96,0.329637122459773,1483.49184447842,47.4677456342073,47.4020335534063
516,516,4,"static-bracelet","Bracelet social image returns at 0.5km","complete",0,0.491206407546997,87,0.330522377665214,1719.51949434306,47.5952223837908,47.4020335534063
517,517,4,"static-bracelet","Bracelet social image returns at 0.5km","complete",0,0.445294618606567,81,0.330398417671531,1886.35468618474,47.5773721447005,47.4020335534063
518,518,4,"static-bracelet","Bracelet social image returns at 0.5km","complete",0,0.481247186660767,86,0.329918708856059,1748.65026914251,47.5082940752726,47.4020335534063
519,519,4,"static-bracelet","Bracelet social image returns at 0.5km","complete",0,0.47871732711792,86,0.329516626765889,1734.85627598581,47.450394254288,47.4020335534063
520,520,4,"static-bracelet","Bracelet social image returns at 0.5km","complete",0,0.466715335845947,105,0.329393933909209,1280.72191793163,47.4327264829261,47.4020335534063
521,521,4,"static-bracelet","Bracelet social image returns at 0.5km","complete",0,0.482266426086426,85,0.329844444500217,1775.23894011137,47.4976000080312,47.4020335534063
522,522,4,"static-bracelet","Bracelet social image returns at 0.5km","complete",0,0.472270488739014,76,0.330318115073295,2046.92502025292,47.5658085705544,47.4020335534063
523,523,4,"static-bracelet","Bracelet social image returns at 0.5km","complete",0,0.480681657791138,98,0.329647841565148,1445.95883292808,47.4692891853813,47.4020335534063
524,524,4,"static-bracelet","Bracelet social image returns at 0.5km","complete",0,0.478174448013306,86,0.330540381768593,1734.85627598581,47.5978149746774,47.4020335534063
525,525,4,"static-bracelet","Bracelet social image returns at 0.5km","complete",0,0.459756135940552,71,0.333293303485863,2425.99601241498,47.9942357019642,47.4020335534063
526,526,4,"static-bracelet","Bracelet social image returns at 0.5km","complete",0,0.509229183197021,105,0.329529880227161,1272.39707104816,47.4523027527111,47.4020335534063
527,527,4,"static-bracelet","Bracelet social image returns at 0.5km","complete",0,0.481048583984375,88,0.329907737977529,1691.9309985643,47.5067142687641,47.4020335534063
528,528,4,"static-bracelet","Bracelet social image returns at 0.5km","complete",0,0.526381731033325,83,0.3294017353932,1827.58596509156,47.4338498966207,47.4020335534063
529,529,4,"static-bracelet","Bracelet social image returns at 0.5km","complete",0,0.479632139205933,107,0.329937565223316,1225.21043238576,47.5110093921575,47.4020335534063
530,530,4,"static-bracelet","Bracelet social image returns at 0.5km","complete",0,0.484257459640503,72,0.329210474598392,2212.09384527127,47.4063083421685,47.4020335534063
531,531,4,"static-bracelet","Bracelet social image returns at 0.5km","complete",0,0.466736555099487,104,0.329704133796116,1294.08681417683,47.4773952666406,47.4020335534063
532,532,4,"static-bracelet","Bracelet social image returns at 0.5km","complete",0,0.483096837997437,87,0.32992050782823,1707.26778020705,47.5085531272652,47.4020335534063
533,533,4,"static-bracelet","Bracelet social image returns at 0.5km","complete",0,0.463831186294556,96,0.329556784045383,1500.62402028775,47.4561769025352,47.4020335534063
534,534,4,"static-bracelet","Bracelet social image returns at 0.5km","complete",0,0.443220138549805,88,0.330651192634331,1691.9309985643,47.6137717393436,47.4020335534063
535,535,4,"static-bracelet","Bracelet social image returns at 0.5km","complete",0,0.443331480026245,80,0.329240616641813,1901.69146782749,47.4106487964211,47.4020335534063
536,536,4,"static-bracelet","Bracelet social image returns at 0.5km","complete",0,0.45949649810791,94,0.329236833828431,1531.14789381497,47.4101040712941,47.4020335534063
537,537,4,"static-bracelet","Bracelet social image returns at 0.5km","complete",0,0.481575489044189,71,0.33108234397892,2405.69158385896,47.6758575329645,47.4020335534063
538,538,4,"static-bracelet","Bracelet social image returns at 0.5km","complete",0,0.458185911178589,71,0.329314442262032,2322.14480446175,47.4212796857325,47.4020335534063
539,539,4,"static-bracelet","Bracelet social image returns at 0.5km","complete",0,0.480913877487183,93,0.329265812928785,1566.19263311387,47.414277061745,47.4020335534063
540,540,4,"static-bracelet","Bracelet social image returns at 0.5km","complete",0,0.481852293014526,105,0.32942502159399,1266.90432356784,47.4372031095346,47.4020335534063
541,541,4,"static-bracelet","Bracelet social image returns at 0.5km","complete",0,0.47299861907959,112,0.330047121966893,1129.77618218228,47.5267855632327,47.4020335534063
542,542,4,"static-bracelet","Bracelet social image returns at 0.5km","complete",0,0.485761404037476,88,0.330615843170614,1690.74381668122,47.6086814165684,47.4020335534063
543,543,4,"static-bracelet","Bracelet social image returns at 0.5km","complete",0,0.463035583496094,103,0.329294511803212,1329.95897020418,47.4184096996625,47.4020335534063
544,544,4,"static-bracelet","Bracelet social image returns at 0.5km","complete",0,0.480209350585938,73,0.329754955309226,2150.10185218109,47.4847135645286,47.4020335534063
545,545,4,"static-bracelet","Bracelet social image returns at 0.5km","complete",0,0.453019142150879,99,0.330304244674262,1413.99659114837,47.5638112330937,47.4020335534063
546,546,4,"static-bracelet","Bracelet social image returns at 0.5km","complete",0,0.504956245422363,94,0.329507936774176,1548.72321384391,47.4491428954814,47.4020335534063
547,547,4,"static-bracelet","Bracelet social image returns at 0.5km","complete",0,0.49033784866333,92,0.330250614503467,1584.89172004933,47.5560884884993,47.4020335534063
548,548,4,"static-bracelet","Bracelet social image returns at 0.5km","complete",0,0.49686074256897,83,0.329936607684972,1834.42337059471,47.510871506636,47.4020335534063
549,549,4,"static-bracelet","Bracelet social image returns at 0.5km","complete",0,0.468563079833984,84,0.330722498863115,1789.18393330148,47.6240398362886,47.4020335534063
550,550,4,"static-bracelet","Bracelet social image returns at 0.5km","complete",0,0.532040357589722,95,0.329659563495591,1507.91216500788,47.4709771433651,47.4020335534063
551,551,4,"static-bracelet","Bracelet social image returns at 0.5km","complete",0,0.435498237609863,101,0.329668090911116,1379.82146857489,47.4722050912008,47.4020335534063
552,552,4,"static-bracelet","Bracelet social image returns at 0.5km","complete",0,0.440636157989502,87,0.330066487021304,1723.80658418949,47.5295741310677,47.4020335534063
553,553,4,"static-bracelet","Bracelet social image returns at 0.5km","complete",0,0.479389190673828,119,0.330135186508875,978.217433880795,47.5394668572781,47.4020335534063
554,554,4,"static-bracelet","Bracelet social image returns at 0.5km","complete",0,0.462204694747925,71,0.3378928546732,2531.53025668015,48.6565710729408,47.4020335534063
555,555,4,"static-bracelet","Bracelet social image returns at 0.5km","complete",0,0.448118209838867,97,0.329299315140554,1459.32372917328,47.4191013802398,47.4020335534063
556,556,4,"static-bracelet","Bracelet social image returns at 0.5km","complete",0,0.473077297210693,106,0.329617167767565,1265.10892632804,47.4648721585294,47.4020335534063
557,557,4,"static-bracelet","Bracelet social image returns at 0.5km","complete",0,0.471711397171021,97,0.330302644974284,1464.37407016026,47.5635808762969,47.4020335534063
558,558,4,"static-bracelet","Bracelet social image returns at 0.5km","complete",0,0.463502168655396,82,0.330301106758578,1860.03762697393,47.5633593732353,47.4020335534063
559,559,4,"static-bracelet","Bracelet social image returns at 0.5km","complete",0,0.446044921875,88,0.329993231230022,1691.9309985643,47.5190252971232,47.4020335534063
560,560,4,"static-bracelet","Bracelet social image returns at 0.5km","complete",0,0.474298715591431,89,0.329637771235362,1664.72936172125,47.4678390578921,47.4020335534063
561,561,4,"static-bracelet","Bracelet social image returns at 0.5km","complete",0,0.495123624801636,71,0.329211107533727,2393.24970356332,47.4063994848567,47.4020335534063
562,562,4,"static-bracelet","Bracelet social image returns at 0.5km","complete",0,0.49657154083252,80,0.329494550725193,1920.19991089631,47.4472153044278,47.4020335534063
563,563,4,"static-bracelet","Bracelet social image returns at 0.5km","complete",0,0.450716257095337,98,0.330581595316828,1447.49409957525,47.6037497256233,47.4020335534063
564,564,4,"static-bracelet","Bracelet social image returns at 0.5km","complete",0,0.472542762756348,71,0.329953000334089,2508.42571655289,47.5132320481088,47.4020335534063
565,565,4,"static-bracelet","Bracelet social image returns at 0.5km","complete",0,0.460698127746582,102,0.32974518151513,1349.6136233126,47.4833061381787,47.4020335534063
566,566,4,"static-bracelet","Bracelet social image returns at 0.5km","complete",0,0.451652765274048,91,0.329704183422428,1606.84783005679,47.4774024128296,47.4020335534063
567,567,4,"static-bracelet","Bracelet social image returns at 0.5km","complete",0,0.453938722610474,92,0.329278370828432,1596.86482784189,47.4160853992941,47.4020335534063
568,568,4,"static-bracelet","Bracelet social image returns at 0.5km","complete",0,0.474966764450073,94,0.329980524805434,1531.14789381497,47.5171955719825,47.4020335534063
569,569,4,"static-bracelet","Bracelet social image returns at 0.5km","complete",0,0.472670316696167,90,0.330377420017102,1635.95368405941,47.5743484824626,47.4020335534063
570,570,4,"static-bracelet","Bracelet social image returns at 0.5km","complete",0,0.4919114112854,89,0.330683784772697,1664.19134982677,47.6184650072683,47.4020335534063
571,571,4,"static-bracelet","Bracelet social image returns at 0.5km","complete",0,0.46785044670105,111,0.329858273102322,1144.64629662362,47.4995913267344,47.4020335534063
572,572,4,"static-bracelet","Bracelet social image returns at 0.5km","complete",0,0.504772186279297,84,0.329489604333731,1789.18393330148,47.4465030240573,47.4020335534063
573,573,4,"static-bracelet","Bracelet social image returns at 0.5km","complete",0,0.522236108779907,71,0.329725006784112,2471.41391616096,47.4804009769121,47.4020335534063
574,574,4,"static-bracelet","Bracelet social image returns at 0.5km","complete",0,0.454579830169678,71,0.330172761540594,2301.89205894723,47.5448776618455,47.4020335534063
575,575,4,"static-bracelet","Bracelet social image returns at 0.5km","complete",0,0.466254472732544,92,0.33012135026703,1579.55752935907,47.5374744384523,47.4020335534063
576,576,4,"static-bracelet","Bracelet social image returns at 0.5km","complete",0,0.514280557632446,72,0.330594393017627,2186.811761858,47.6055925945383,47.4020335534063
577,577,4,"static-bracelet","Bracelet social image returns at 0.5km","complete",0,0.476418018341064,73,0.331286468323112,2141.37083987507,47.7052514385281,47.4020335534063
578,578,4,"static-bracelet","Bracelet social image returns at 0.5km","complete",0,0.466272115707397,81,0.329323539013044,1886.12787838955,47.4225896178784,47.4020335534063
579,579,4,"static-bracelet","Bracelet social image returns at 0.5km","complete",0,0.454684019088745,85,0.329247210426216,1762.01516538771,47.4115983013751,47.4020335534063
580,580,4,"static-bracelet","Bracelet social image returns at 0.5km","complete",0,0.455175161361694,103,0.329646670595859,1316.20678212742,47.4691205658037,47.4020335534063
581,581,4,"static-bracelet","Bracelet social image returns at 0.5km","complete",0,0.480742216110229,76,0.329262317522635,2047.01288788252,47.4137737232594,47.4020335534063
582,582,4,"static-bracelet","Bracelet social image returns at 0.5km","complete",0,0.445410013198853,102,0.330333507947733,1348.07835666543,47.5680251444736,47.4020335534063
583,583,4,"static-bracelet","Bracelet social image returns at 0.5km","complete",0,0.46083664894104,84,0.329772916857959,1805.55599572718,47.487300027546,47.4020335534063
584,584,4,"static-bracelet","Bracelet social image returns at 0.5km","complete",0,0.472097396850586,93,0.329848277263902,1574.7104454995,47.4981519260019,47.4020335534063
585,585,4,"static-bracelet","Bracelet social image returns at 0.5km","complete",0,0.483201503753662,98,0.329329089445384,1434.6496321137,47.4233888801354,47.4020335534063
586,586,4,"static-bracelet","Bracelet social image returns at 0.5km","complete",0,0.461735248565674,79,0.329371938291093,1931.24960269263,47.4295591139174,47.4020335534063
587,587,4,"static-bracelet","Bracelet social image returns at 0.5km","complete",0,0.457109451293945,95,0.329964837455704,1507.91216500788,47.5149365936214,47.4020335534063
588,588,4,"static-bracelet","Bracelet social image returns at 0.5km","complete",0,0.491858005523682,95,0.329357455256903,1507.91216500788,47.4274735569941,47.4020335534063
589,589,4,"static-bracelet","Bracelet social image returns at 0.5km","complete",0,0.503076553344727,76,0.330341266296474,2041.60876093034,47.5691423466922,47.4020335534063
590,590,4,"static-bracelet","Bracelet social image returns at 0.5km","complete",0,0.478578090667725,76,0.330586387289877,2026.67599309993,47.6044397697423,47.4020335534063
591,591,4,"static-bracelet","Bracelet social image returns at 0.5km","complete",0,0.495453119277954,86,0.32973585839059,1750.96547359139,47.4819636082449,47.4020335534063
592,592,4,"static-bracelet","Bracelet social image returns at 0.5km","complete",0,0.455579042434692,77,0.33057461139923,1992.87221781715,47.6027440414891,47.4020335534063
593,593,4,"static-bracelet","Bracelet social image returns at 0.5km","complete",0,0.473800659179688,84,0.330447673341248,1801.26890588075,47.5844649611397,47.4020335534063
594,594,4,"static-bracelet","Bracelet social image returns at 0.5km","complete",0,0.448897361755371,71,0.332414915739145,2425.99601241498,47.8677478664369,47.4020335534063
595,595,4,"static-bracelet","Bracelet social image returns at 0.5km","complete",0,0.491121530532837,93,0.329348841238116,1556.01135856404,47.4262331382887,47.4020335534063
596,596,4,"static-bracelet","Bracelet social image returns at 0.5km","complete",0,0.450472116470337,99,0.330257551193546,1412.20070690523,47.5570873718706,47.4020335534063
597,597,4,"static-bracelet","Bracelet social image returns at 0.5km","complete",0,0.441627502441406,87,0.330310021784893,1707.26778020705,47.5646431370246,47.4020335534063
598,598,4,"static-bracelet","Bracelet social image returns at 0.5km","complete",0,0.451958894729614,77,0.329773972715633,1992.87221781715,47.4874520710512,47.4020335534063
599,599,4,"static-bracelet","Bracelet social image returns at 0.5km","complete",0,0.447187185287476,86,0.329793179973503,1750.04205759515,47.4902179161844,47.4020335534063
600,600,4,"static-bracelet","Bracelet social image returns at 0.5km","complete",0,0.474917888641357,81,0.32929721280362,1894.40332310736,47.4187986437212,47.4020335534063
601,601,4,"static-bracelet","Bracelet social image returns at 0.5km","complete",0,0.461608171463013,91,0.32982133753518,1624.23714286241,47.4942726050659,47.4020335534063
602,602,4,"static-bracelet","Bracelet social image returns at 0.5km","complete",0,0.46250581741333,90,0.329599934472099,1640.31477367973,47.4623905639822,47.4020335534063
603,603,4,"static-bracelet","Bracelet social image returns at 0.5km","complete",0,0.495014905929565,93,0.329562850212274,1576.24571214666,47.4570504305675,47.4020335534063
604,604,4,"static-bracelet","Bracelet social image returns at 0.5km","complete",0,0.483130216598511,73,0.329290739157498,2141.40339908642,47.4178664386797,47.4020335534063
605,605,4,"static-bracelet","Bracelet social image returns at 0.5km","complete",0,0.467494249343872,89,0.329425037520424,1653.67966992493,47.437205402941,47.4020335534063
606,606,4,"static-bracelet","Bracelet social image returns at 0.5km","complete",0,0.473246097564697,72,0.330644600934871,2186.811761858,47.6128225346214,47.4020335534063
607,607,4,"static-bracelet","Bracelet social image returns at 0.5km","complete",0,0.490551948547363,78,0.330710280996185,1960.95417849704,47.6222804634506,47.4020335534063
608,608,4,"static-bracelet","Bracelet social image returns at 0.5km","complete",0,0.485750913619995,92,0.329421166882539,1579.55752935907,47.4366480310857,47.4020335534063
609,609,4,"static-bracelet","Bracelet social image returns at 0.5km","complete",0,0.481858968734741,75,0.332499942799089,2062.26180189567,47.8799917630688,47.4020335534063
610,610,4,"static-bracelet","Bracelet social image returns at 0.5km","complete",0,0.458332300186157,92,0.329774877218354,1590.78807631682,47.4875823194429,47.4020335534063
611,611,4,"static-bracelet","Bracelet social image returns at 0.5km","complete",0,0.455463409423828,96,0.329574840281227,1502.15928693492,47.4587770004967,47.4020335534063
612,612,4,"static-bracelet","Bracelet social image returns at 0.5km","complete",0,0.471375465393066,86,0.330070106809194,1734.85627598581,47.5300953805239,47.4020335534063
613,613,4,"static-bracelet","Bracelet social image returns at 0.5km","complete",0,0.456343650817871,92,0.330170522091069,1579.55752935907,47.5445551811139,47.4020335534063
614,614,4,"static-bracelet","Bracelet social image returns at 0.5km","complete",0,0.463013172149658,98,0.329573358938404,1447.49409957525,47.4585636871302,47.4020335534063
615,615,4,"static-bracelet","Bracelet social image returns at 0.5km","complete",0,0.478259801864624,71,0.336700621002871,2572.3925932691,48.4848894244135,47.4020335534063
616,616,4,"static-bracelet","Bracelet social image returns at 0.5km","complete",0,0.469911813735962,76,0.330286244471584,2048.89690565047,47.5612192039081,47.4020335534063
617,617,4,"static-bracelet","Bracelet social image returns at 0.5km","complete",0,0.486329078674316,71,0.329552652622298,2425.4049304085,47.4555819776109,47.4020335534063
618,618,4,"static-bracelet","Bracelet social image returns at 0.5km","complete",0,0.477691650390625,85,0.329739964142035,1775.81903705628,47.4825548364531,47.4020335534063
619,619,4,"static-bracelet","Bracelet social image returns at 0.5km","complete",0,0.45237922668457,83,0.329292527984586,1838.1849176709,47.4181240297804,47.4020335534063
620,620,4,"static-bracelet","Bracelet social image returns at 0.5km","complete",0,0.445146799087524,88,0.329518791986165,1680.88130676799,47.4507060460078,47.4020335534063
621,621,4,"static-bracelet","Bracelet social image returns at 0.5km","complete",0,0.468035936355591,71,0.32927603126852,2285.96964765216,47.4157485026669,47.4020335534063
622,622,4,"static-bracelet","Bracelet social image returns at 0.5km","complete",0,0.47818660736084,71,0.329895215862372,2408.37440527708,47.5049110841816,47.4020335534063
623,623,4,"static-bracelet","Bracelet social image returns at 0.5km","complete",0,0.447353363037109,84,0.329702714656201,1798.46236555012,47.4771909104929,47.4020335534063
624,624,4,"static-bracelet","Bracelet social image returns at 0.5km","complete",0,0.471246480941772,81,0.329836568894792,1880.75568161691,47.49646592085,47.4020335534063
625,625,4,"static-bracelet","Bracelet social image returns at 0.5km","complete",0,0.450863361358643,82,0.329601797766938,1858.42522535664,47.462658878439,47.4020335534063
626,626,4,"static-bracelet","Bracelet social image returns at 0.5km","complete",0,0.451061010360718,94,0.329903131094672,1535.34692532842,47.5060508776328,47.4020335534063
627,627,4,"static-bracelet","Bracelet social image returns at 0.5km","complete",0,0.453842163085938,94,0.329459358497563,1531.14789381497,47.442147623649,47.4020335534063
628,628,4,"static-bracelet","Bracelet social image returns at 0.5km","complete",0,0.440566062927246,90,0.330003224334498,1640.31477367973,47.5204643041678,47.4020335534063
629,629,4,"static-bracelet","Bracelet social image returns at 0.5km","complete",0,0.465742111206055,71,0.3312279432601,2544.29548458559,47.6968238294543,47.4020335534063
630,630,4,"static-bracelet","Bracelet social image returns at 0.5km","complete",0,0.488861083984375,93,0.329424731434079,1576.24571214666,47.4371613265073,47.4020335534063
631,631,4,"static-bracelet","Bracelet social image returns at 0.5km","complete",0,0.483187198638916,97,0.32968092897977,1460.85899582044,47.4740537730868,47.4020335534063
632,632,4,"static-bracelet","Bracelet social image returns at 0.5km","complete",0,0.461887359619141,85,0.329385571184863,1775.81903705628,47.4315222506203,47.4020335534063
633,633,4,"static-bracelet","Bracelet social image returns at 0.5km","complete",0,0.449568271636963,78,0.330196746055964,1979.50732157195,47.5483314320589,47.4020335534063
634,634,4,"static-bracelet","Bracelet social image returns at 0.5km","complete",0,0.483749628067017,96,0.329731314072613,1500.62402028775,47.4813092264563,47.4020335534063
635,635,4,"static-bracelet","Bracelet social image returns at 0.5km","complete",0,0.475025415420532,72,0.329626416133015,2212.09384527127,47.4662039231541,47.4020335534063
636,636,4,"static-bracelet","Bracelet social image returns at 0.5km","complete",0,0.493658304214478,79,0.330098372973626,1949.90448670072,47.5341657082022,47.4020335534063
637,637,4,"static-bracelet","Bracelet social image returns at 0.5km","complete",0,0.470775842666626,71,0.345631352722199,2612.89990935482,49.7709147919967,47.4020335534063
638,638,4,"static-bracelet","Bracelet social image returns at 0.5km","complete",0,0.4597487449646,78,0.329770096961675,1960.95417849704,47.4868939624812,47.4020335534063
639,639,4,"static-bracelet","Bracelet social image returns at 0.5km","complete",0,0.505555152893066,97,0.330413065447097,1460.85899582044,47.579481424382,47.4020335534063
640,640,4,"static-bracelet","Bracelet social image returns at 0.5km","complete",0,0.437726020812988,78,0.329834058741892,1960.95417849704,47.4961044588324,47.4020335534063
641,641,4,"static-bracelet","Bracelet social image returns at 0.5km","complete",0,0.456768751144409,94,0.329239906749028,1531.14789381497,47.41054657186,47.4020335534063
642,642,4,"static-bracelet","Bracelet social image returns at 0.5km","complete",0,0.447333335876465,77,0.329711348053091,1992.87221781715,47.4784341196451,47.4020335534063
643,643,4,"static-bracelet","Bracelet social image returns at 0.5km","complete",0,0.454803705215454,71,0.329349298177685,2291.10396627514,47.4262989375867,47.4020335534063
644,644,4,"static-bracelet","Bracelet social image returns at 0.5km","complete",0,0.457995653152466,71,0.329642218920925,2235.67540144995,47.4684795246132,47.4020335534063
645,645,4,"static-bracelet","Bracelet social image returns at 0.5km","complete",0,0.469083786010742,91,0.330441903140125,1608.34917143386,47.5836340521779,47.4020335534063
646,646,4,"static-bracelet","Bracelet social image returns at 0.5km","complete",0,0.470429420471191,97,0.329466426156116,1459.32372917328,47.4431653664808,47.4020335534063
647,647,4,"static-bracelet","Bracelet social image returns at 0.5km","complete",0,0.451909303665161,84,0.329475666644786,1789.18393330148,47.4444959968491,47.4020335534063
648,648,4,"static-bracelet","Bracelet social image returns at 0.5km","complete",0,0.469255685806274,111,0.330263414701111,1140.84025943456,47.55793171696,47.4020335534063
649,649,4,"static-bracelet","Bracelet social image returns at 0.5km","complete",0,0.457107067108154,97,0.329506942828113,1459.32372917328,47.4489997672483,47.4020335534063
650,650,4,"static-bracelet","Bracelet social image returns at 0.5km","complete",0,0.476868629455566,71,0.332490584346835,2485.15275187327,47.8786441459442,47.4020335534063
651,651,4,"static-bracelet","Bracelet social image returns at 0.5km","complete",0,0.465698957443237,92,0.329575235678156,1579.55752935907,47.4588339376544,47.4020335534063
652,652,4,"static-bracelet","Bracelet social image returns at 0.5km","complete",0,0.468878030776978,97,0.329633674753368,1459.32372917328,47.467249164485,47.4020335534063
653,653,4,"static-bracelet","Bracelet social image returns at 0.5km","complete",0,0.47594141960144,79,0.329436499782865,1931.24960269263,47.4388559687326,47.4020335534063
654,654,4,"static-bracelet","Bracelet social image returns at 0.5km","complete",0,0.477105140686035,87,0.330031484875302,1719.51949434306,47.5245338220436,47.4020335534063
655,655,4,"static-bracelet","Bracelet social image returns at 0.5km","complete",0,0.602313995361328,71,0.329876880750725,2238.55570178324,47.5022708281043,47.4020335534063
656,656,4,"static-bracelet","Bracelet social image returns at 0.5km","complete",0,0.47418737411499,71,0.329231358231348,2471.0548802241,47.4093155853141,47.4020335534063
657,657,4,"static-bracelet","Bracelet social image returns at 0.5km","complete",0,0.470209836959839,85,0.329808718462527,1762.01516538771,47.4924554586038,47.4020335534063
658,658,4,"static-bracelet","Bracelet social image returns at 0.5km","complete",0,0.506669998168945,77,0.329191832940013,2012.77610288662,47.4036239433618,47.4020335534063
659,659,4,"static-bracelet","Bracelet social image returns at 0.5km","complete",0,0.451611995697021,99,0.32982534117682,1427.36148739357,47.494849129462,47.4020335534063
660,660,4,"static-bracelet","Bracelet social image returns at 0.5km","complete",0,0.468649387359619,85,0.329963503819628,1762.01516538771,47.5147445500264,47.4020335534063
661,661,4,"static-bracelet","Bracelet social image returns at 0.5km","complete",0,0.470899820327759,99,0.329604162577228,1412.20070690523,47.4629994111209,47.4020335534063
662,662,4,"static-bracelet","Bracelet social image returns at 0.5km","complete",0,0.488976240158081,96,0.330466466354075,1487.25912404255,47.5871711549868,47.4020335534063
663,663,4,"static-bracelet","Bracelet social image returns at 0.5km","complete",0,0.475091695785522,90,0.32936379502566,1640.31477367973,47.428386483695,47.4020335534063
664,664,4,"static-bracelet","Bracelet social image returns at 0.5km","complete",0,0.467701196670532,89,0.330591012465627,1653.67966992493,47.6051057950503,47.4020335534063
665,665,4,"static-bracelet","Bracelet social image returns at 0.5km","complete",0,0.448532819747925,93,0.329765864797512,1568.63369397443,47.4862845308417,47.4020335534063
666,666,4,"static-bracelet","Bracelet social image returns at 0.5km","complete",0,0.453205585479736,93,0.329267806312007,1566.19263311387,47.414564108929,47.4020335534063
667,667,4,"static-bracelet","Bracelet social image returns at 0.5km","complete",0,0.479816436767578,93,0.329859151362148,1572.26938463894,47.4997177961492,47.4020335534063
668,668,4,"static-bracelet","Bracelet social image returns at 0.5km","complete",0,0.446812152862549,74,0.330363917459163,2109.07865399859,47.5724041141195,47.4020335534063
669,669,4,"static-bracelet","Bracelet social image returns at 0.5km","complete",0,0.464661836624146,94,0.330162231461478,1531.14789381497,47.5433613304528,47.4020335534063
670,670,4,"static-bracelet","Bracelet social image returns at 0.5km","complete",0,0.469207763671875,71,0.333969424085637,2544.29548458559,48.0915970683317,47.4020335534063
671,671,4,"static-bracelet","Bracelet social image returns at 0.5km","complete",0,0.440577507019043,91,0.330201013155591,1608.38309670396,47.5489458944052,47.4020335534063
672,672,4,"static-bracelet","Bracelet social image returns at 0.5km","complete",0,0.485782146453857,113,0.331491956627389,1105.86331237733,47.7348417543441,47.4020335534063
673,673,4,"static-bracelet","Bracelet social image returns at 0.5km","complete",0,0.475587368011475,94,0.329689018257153,1548.72321384391,47.4752186290301,47.4020335534063
674,674,4,"static-bracelet","Bracelet social image returns at 0.5km","complete",0,0.483017206192017,86,0.329840511966323,1748.65026914251,47.4970337231505,47.4020335534063
675,675,4,"static-bracelet","Bracelet social image returns at 0.5km","complete",0,0.485229015350342,105,0.329684145957858,1266.90432356784,47.4745170179316,47.4020335534063
676,676,4,"static-bracelet","Bracelet social image returns at 0.5km","complete",0,0.481916189193726,79,0.330163974767037,1949.90448670072,47.5436123664534,47.4020335534063
677,677,4,"static-bracelet","Bracelet social image returns at 0.5km","complete",0,0.48284125328064,90,0.330354851048849,1633.0266289596,47.5710985510343,47.4020335534063
678,678,4,"static-bracelet","Bracelet social image returns at 0.5km","complete",0,0.641064643859863,72,0.329295920905731,2193.13203056947,47.4186126104252,47.4020335534063
679,679,4,"static-bracelet","Bracelet social image returns at 0.5km","complete",0,0.473330497741699,100,0.330425824347768,1387.10961329502,47.5813187060786,47.4020335534063
680,680,4,"static-bracelet","Bracelet social image returns at 0.5km","complete",0,0.481078386306763,108,0.329367246969107,1202.62358873953,47.4288835635513,47.4020335534063
681,681,4,"static-bracelet","Bracelet social image returns at 0.5km","complete",0,0.489468574523926,110,0.329979747914246,1166.8561308668,47.5170836996515,47.4020335534063
682,682,4,"static-bracelet","Bracelet social image returns at 0.5km","complete",0,0.451642274856567,99,0.329331459870006,1412.20070690523,47.4237302212809,47.4020335534063
683,683,4,"static-bracelet","Bracelet social image returns at 0.5km","complete",0,0.497360706329346,121,0.329514654445142,942.854978086522,47.4501102401004,47.4020335534063
684,684,4,"static-bracelet","Bracelet social image returns at 0.5km","complete",0,0.53849720954895,71,0.329406811864645,2486.5492670644,47.4345809085089,47.4020335534063
685,685,4,"static-bracelet","Bracelet social image returns at 0.5km","complete",0,0.469183683395386,101,0.329203476718517,1362.9785195578,47.4053006474664,47.4020335534063
686,686,4,"static-bracelet","Bracelet social image returns at 0.5km","complete",0,0.466182470321655,101,0.329281118012988,1362.9785195578,47.4164809938703,47.4020335534063
687,687,4,"static-bracelet","Bracelet social image returns at 0.5km","complete",0,0.472307682037354,97,0.329384700684607,1470.12694823322,47.4313968985834,47.4020335534063
688,688,4,"static-bracelet","Bracelet social image returns at 0.5km","complete",0,0.456222772598267,88,0.33048060512248,1691.9309985643,47.5892071376372,47.4020335534063
689,689,4,"static-bracelet","Bracelet social image returns at 0.5km","complete",0,0.444860219955444,111,0.33055132895933,1151.2763325097,47.5993913701436,47.4020335534063
690,690,4,"static-bracelet","Bracelet social image returns at 0.5km","complete",0,0.474949598312378,86,0.329586286209791,1734.85627598581,47.4604252142099,47.4020335534063
691,691,4,"static-bracelet","Bracelet social image returns at 0.5km","complete",0,0.46970534324646,78,0.329247213868183,1960.95417849704,47.4115987970184,47.4020335534063
692,692,4,"static-bracelet","Bracelet social image returns at 0.5km","complete",0,0.466270446777344,100,0.329204974578686,1385.57434664786,47.4055163393308,47.4020335534063
693,693,4,"static-bracelet","Bracelet social image returns at 0.5km","complete",0,0.472116708755493,76,0.32939278832279,2048.89690565047,47.4325615184817,47.4020335534063
694,694,4,"static-bracelet","Bracelet social image returns at 0.5km","complete",0,0.474946737289429,94,0.330529437893337,1531.14789381497,47.5962390566406,47.4020335534063
695,695,4,"static-bracelet","Bracelet social image returns at 0.5km","complete",0,0.483844995498657,91,0.329331720570537,1621.71406767905,47.4237677621573,47.4020335534063
696,696,4,"static-bracelet","Bracelet social image returns at 0.5km","complete",0,0.450679779052734,76,0.330116274498262,2046.92502025292,47.5367435277498,47.4020335534063
697,697,4,"static-bracelet","Bracelet social image returns at 0.5km","complete",0,0.459184885025024,115,0.329851766572911,1068.77819876267,47.4986543864992,47.4020335534063
698,698,4,"static-bracelet","Bracelet social image returns at 0.5km","complete",0,0.459667682647705,98,0.32928718189749,1445.95883292808,47.4173541932385,47.4020335534063
699,699,4,"static-bracelet","Bracelet social image returns at 0.5km","complete",0,0.488287925720215,96,0.330128152651712,1483.49184447842,47.5384539818466,47.4020335534063
700,700,4,"static-bracelet","Bracelet social image returns at 0.5km","complete",0,0.478476047515869,95,0.330289348313253,1507.91216500788,47.5616661571084,47.4020335534063
701,701,4,"static-bracelet","Bracelet social image returns at 0.5km","complete",0,0.452458381652832,88,0.329322467634469,1683.80836186779,47.4224353393635,47.4020335534063
702,702,4,"static-bracelet","Bracelet social image returns at 0.5km","complete",0,0.45507287979126,91,0.330014939565059,1625.77240950958,47.5221512973684,47.4020335534063
703,703,4,"static-bracelet","Bracelet social image returns at 0.5km","complete",0,0.476382493972778,99,0.330150578350761,1416.22176299948,47.5416832825096,47.4020335534063
704,704,4,"static-bracelet","Bracelet social image returns at 0.5km","complete",0,0.479800462722778,98,0.330385115697624,1435.33953731764,47.5754566604579,47.4020335534063
705,705,4,"static-bracelet","Bracelet social image returns at 0.5km","complete",0,0.489629745483398,93,0.32995057029064,1556.01135856404,47.5128821218522,47.4020335534063
706,706,4,"static-bracelet","Bracelet social image returns at 0.5km","complete",0,0.505995750427246,98,0.329290296821761,1445.95883292808,47.4178027423336,47.4020335534063
707,707,4,"static-bracelet","Bracelet social image returns at 0.5km","complete",0,0.459800720214844,82,0.329910029155371,1845.47306239103,47.5070441983735,47.4020335534063
708,708,4,"static-bracelet","Bracelet social image returns at 0.5km","complete",0,0.463278770446777,107,0.329542446778698,1225.19918818359,47.4541123361325,47.4020335534063
709,709,4,"static-bracelet","Bracelet social image returns at 0.5km","complete",0,0.484188556671143,96,0.329723624574607,1483.49184447842,47.4802019387434,47.4020335534063
710,710,4,"static-bracelet","Bracelet social image returns at 0.5km","complete",0,0.503907680511475,71,0.329227414901883,2248.14346107437,47.4087477458711,47.4020335534063
711,711,4,"static-bracelet","Bracelet social image returns at 0.5km","complete",0,0.481197357177734,101,0.32933723894081,1379.82146857489,47.4245624074767,47.4020335534063
712,712,4,"static-bracelet","Bracelet social image returns at 0.5km","complete",0,0.472302675247192,80,0.329384213362585,1917.88470644743,47.4313267242123,47.4020335534063
713,713,4,"static-bracelet","Bracelet social image returns at 0.5km","complete",0,0.446593523025513,81,0.329453039693726,1871.79012160184,47.4412377158966,47.4020335534063
714,714,4,"static-bracelet","Bracelet social image returns at 0.5km","complete",0,0.483034372329712,87,0.329618168509703,1721.49137974061,47.4650162653972,47.4020335534063
715,715,4,"static-bracelet","Bracelet social image returns at 0.5km","complete",0,0.466102123260498,75,0.32921780889086,2062.26180189567,47.4073644802838,47.4020335534063
716,716,4,"static-bracelet","Bracelet social image returns at 0.5km","complete",0,0.450591325759888,94,0.329887519362447,1535.35831759871,47.5038027881924,47.4020335534063
717,717,4,"static-bracelet","Bracelet social image returns at 0.5km","complete",0,0.450691699981689,92,0.33017420917968,1579.55752935907,47.5450861218739,47.4020335534063
718,718,4,"static-bracelet","Bracelet social image returns at 0.5km","complete",0,0.460189819335938,71,0.32943532220956,2279.48448013011,47.4386863981766,47.4020335534063
719,719,4,"static-bracelet","Bracelet social image returns at 0.5km","complete",0,0.47822117805481,93,0.330300745648936,1566.19263311387,47.5633073734467,47.4020335534063
720,720,4,"static-bracelet","Bracelet social image returns at 0.5km","complete",0,0.479158401489258,93,0.330070658683701,1561.3455492543,47.5301748504529,47.4020335534063
721,721,4,"static-bracelet","Bracelet social image returns at 0.5km","complete",0,0.473421812057495,80,0.329997593553529,1915.91282104988,47.5196534717082,47.4020335534063
722,722,4,"static-bracelet","Bracelet social image returns at 0.5km","complete",0,0.48581337928772,101,0.329412519817456,1379.82146857489,47.4354028537136,47.4020335534063
723,723,4,"static-bracelet","Bracelet social image returns at 0.5km","complete",0,0.509349584579468,72,0.329292450560283,2208.7158395404,47.4181128806807,47.4020335534063
724,724,4,"static-bracelet","Bracelet social image returns at 0.5km","complete",0,0.479806423187256,105,0.329780237042889,1272.39707104816,47.488354134176,47.4020335534063
725,725,4,"static-bracelet","Bracelet social image returns at 0.5km","complete",0,0.503996133804321,96,0.329791947191331,1485.02711112559,47.4900403955517,47.4020335534063
726,726,4,"static-bracelet","Bracelet social image returns at 0.5km","complete",0,0.480433464050293,83,0.329561519016459,1816.60568752349,47.45685873837,47.4020335534063
727,727,4,"static-bracelet","Bracelet social image returns at 0.5km","complete",0,0.466012477874756,85,0.329405410243972,1762.01516538771,47.434379075132,47.4020335534063
728,728,4,"static-bracelet","Bracelet social image returns at 0.5km","complete",0,0.498631238937378,91,0.329655276458282,1608.38309670396,47.4703598099926,47.4020335534063
729,729,4,"static-bracelet","Bracelet social image returns at 0.5km","complete",0,0.482300758361816,78,0.329471249611589,1977.5354361744,47.4438599440688,47.4020335534063
730,730,4,"static-bracelet","Bracelet social image returns at 0.5km","complete",0,0.483555555343628,97,0.329336284076494,1476.20369975829,47.4244249070151,47.4020335534063
731,731,4,"static-bracelet","Bracelet social image returns at 0.5km","complete",0,0.433964014053345,93,0.330110615580551,1556.01135856404,47.5359286435993,47.4020335534063
732,732,4,"static-bracelet","Bracelet social image returns at 0.5km","complete",0,0.440805673599243,78,0.329300626374319,1960.95417849704,47.419290197902,47.4020335534063
733,733,4,"static-bracelet","Bracelet social image returns at 0.5km","complete",0,0.498691558837891,96,0.330069904936676,1496.08253540985,47.5300663108814,47.4020335534063
734,734,4,"static-bracelet","Bracelet social image returns at 0.5km","complete",0,0.4785475730896,83,0.329300633584751,1832.10816614583,47.4192912362042,47.4020335534063
735,735,4,"static-bracelet","Bracelet social image returns at 0.5km","complete",0,0.463212490081787,86,0.329925938769952,1734.85627598581,47.5093351828731,47.4020335534063
736,736,4,"static-bracelet","Bracelet social image returns at 0.5km","complete",0,0.457451581954956,99,0.329207224478558,1410.66544025806,47.4058403249123,47.4020335534063
737,737,4,"static-bracelet","Bracelet social image returns at 0.5km","complete",0,0.474464178085327,109,0.329861747835678,1179.13521543044,47.5000916883377,47.4020335534063
738,738,4,"static-bracelet","Bracelet social image returns at 0.5km","complete",0,0.449603319168091,71,0.329663838972867,2394.85842021245,47.4715928120929,47.4020335534063
739,739,4,"static-bracelet","Bracelet social image returns at 0.5km","complete",0,0.461037874221802,79,0.329651848282261,1945.61739685429,47.4698661526456,47.4020335534063
740,740,4,"static-bracelet","Bracelet social image returns at 0.5km","complete",0,0.454725980758667,71,0.333150350635438,2544.29548458559,47.9736504915031,47.4020335534063
741,741,4,"static-bracelet","Bracelet social image returns at 0.5km","complete",0,0.519320964813232,72,0.329207641118886,2186.98705655872,47.4059003211196,47.4020335534063
742,742,4,"static-bracelet","Bracelet social image returns at 0.5km","complete",0,0.486795902252197,71,0.354459068955538,2595.15402632321,51.0421059295975,47.4020335534063
743,743,4,"static-bracelet","Bracelet social image returns at 0.5km","complete",0,0.484369039535522,77,0.330519626441242,2011.33921145718,47.5948262075388,47.4020335534063
744,744,4,"static-bracelet","Bracelet social image returns at 0.5km","complete",0,0.462875604629517,85,0.329410373007616,1763.40695384035,47.4350937130967,47.4020335534063
745,745,4,"static-bracelet","Bracelet social image returns at 0.5km","complete",0,0.45783519744873,104,0.33065434574105,1303.72774219761,47.6142257867112,47.4020335534063
746,746,4,"static-bracelet","Bracelet social image returns at 0.5km","complete",0,0.481609344482422,106,0.329509718119094,1245.21458043917,47.4493994091495,47.4020335534063
747,747,4,"static-bracelet","Bracelet social image returns at 0.5km","complete",0,0.483872652053833,78,0.330012009751409,1979.50732157195,47.5217294042029,47.4020335534063
748,748,4,"static-bracelet","Bracelet social image returns at 0.5km","complete",0,0.476480007171631,91,0.329642384545007,1604.15297256201,47.468503374481,47.4020335534063
749,749,4,"static-bracelet","Bracelet social image returns at 0.5km","complete",0,0.474598407745361,73,0.329770480372963,2152.48915561706,47.4869491737066,47.4020335534063
750,750,4,"static-bracelet","Bracelet social image returns at 0.5km","complete",0,0.454555034637451,71,0.329648410815591,2429.76077440898,47.4693711574451,47.4020335534063
751,751,4,"static-bracelet","Bracelet social image returns at 0.5km","complete",0,0.512736558914185,80,0.330411956075395,1901.69146782749,47.5793216748568,47.4020335534063
752,752,4,"static-bracelet","Bracelet social image returns at 0.5km","complete",0,0.440491676330566,98,0.329484954347337,1436.8748039648,47.4458334260165,47.4020335534063
753,753,4,"static-bracelet","Bracelet social image returns at 0.5km","complete",0,0.503354787826538,71,0.329982892750247,2418.82591481151,47.5175365560356,47.4020335534063
754,754,4,"static-bracelet","Bracelet social image returns at 0.5km","complete",0,0.454185009002686,81,0.329685348404745,1875.37440861668,47.4746901702833,47.4020335534063
755,755,4,"static-bracelet","Bracelet social image returns at 0.5km","complete",0,0.455584049224854,96,0.329472925115442,1500.62402028775,47.4441012166236,47.4020335534063
756,756,4,"static-bracelet","Bracelet social image returns at 0.5km","complete",0,0.441190719604492,91,0.329545471876354,1604.15297256201,47.454547950195,47.4020335534063
757,757,4,"static-bracelet","Bracelet social image returns at 0.5km","complete",0,0.451553106307983,76,0.330852054247411,2026.67599309993,47.6426958116272,47.4020335534063
758,758,4,"static-bracelet","Bracelet social image returns at 0.5km","complete",0,0.451026916503906,106,0.330149454476915,1253.39703308763,47.5415214446758,47.4020335534063
759,759,4,"static-bracelet","Bracelet social image returns at 0.5km","complete",0,0.468149662017822,83,0.329217142470375,1816.60568752349,47.407268515734,47.4020335534063
760,760,4,"static-bracelet","Bracelet social image returns at 0.5km","complete",0,0.462997198104858,71,0.329290721442863,2272.77566539543,47.4178638877723,47.4020335534063
761,761,4,"static-bracelet","Bracelet social image returns at 0.5km","complete",0,0.444393634796143,88,0.329717670487187,1680.88130676799,47.4793445501549,47.4020335534063
762,762,4,"static-bracelet","Bracelet social image returns at 0.5km","complete",0,0.45279335975647,97,0.32999841062963,1462.83880351309,47.5197711306666,47.4020335534063
763,763,4,"static-bracelet","Bracelet social image returns at 0.5km","complete",0,0.477598428726196,96,0.329398120425959,1500.62402028775,47.4333293413382,47.4020335534063
764,764,4,"static-bracelet","Bracelet social image returns at 0.5km","complete",0,0.44622278213501,78,0.329324753118193,1960.95417849704,47.4227644490198,47.4020335534063
765,765,4,"static-bracelet","Bracelet social image returns at 0.5km","complete",0,0.486005544662476,88,0.329938716165294,1680.88130676799,47.5111751278023,47.4020335534063
766,766,4,"static-bracelet","Bracelet social image returns at 0.5km","complete",0,0.480897903442383,88,0.329888655850153,1696.21808841074,47.5039664424221,47.4020335534063
767,767,4,"static-bracelet","Bracelet social image returns at 0.5km","complete",0,0.495912313461304,105,0.330798633516154,1271.41971930499,47.6350032263262,47.4020335534063
768,768,4,"static-bracelet","Bracelet social image returns at 0.5km","complete",0,0.462245941162109,71,0.377811450299106,2500.75576400964,54.4048488430712,47.4020335534063
769,769,4,"static-bracelet","Bracelet social image returns at 0.5km","complete",0,0.457280874252319,71,0.329197101496409,2304.805801196,47.4043826154829,47.4020335534063
770,770,4,"static-bracelet","Bracelet social image returns at 0.5km","complete",0,0.485605955123901,71,0.356197997245222,2535.79783692231,51.2925116033119,47.4020335534063
771,771,4,"static-bracelet","Bracelet social image returns at 0.5km","complete",0,0.465442895889282,74,0.329524231838143,2134.01037335027,47.4514893846927,47.4020335534063
772,772,4,"static-bracelet","Bracelet social image returns at 0.5km","complete",0,0.4576416015625,78,0.329964928724229,1960.95417849704,47.5149497362889,47.4020335534063
773,773,4,"static-bracelet","Bracelet social image returns at 0.5km","complete",0,0.533531188964844,89,0.329456503416634,1655.07145837757,47.4417364919954,47.4020335534063
774,774,4,"static-bracelet","Bracelet social image returns at 0.5km","complete",0,0.446563482284546,95,0.33064917641678,1512.0301194968,47.6134814040163,47.4020335534063
775,775,4,"static-bracelet","Bracelet social image returns at 0.5km","complete",0,0.456140518188477,92,0.330432302787575,1595.01820045876,47.5822516014108,47.4020335534063
776,776,4,"static-bracelet","Bracelet social image returns at 0.5km","complete",0,0.474526882171631,86,0.329319444283233,1748.65026914251,47.4219999767856,47.4020335534063
777,777,4,"static-bracelet","Bracelet social image returns at 0.5km","complete",0,0.46694278717041,73,0.330617487503757,2147.69110858653,47.608918200541,47.4020335534063
778,778,4,"static-bracelet","Bracelet social image returns at 0.5km","complete",0,0.471857309341431,84,0.329335955956187,1805.55599572718,47.4243776576909,47.4020335534063
779,779,4,"static-bracelet","Bracelet social image returns at 0.5km","complete",0,0.451421976089478,77,0.329378970304204,2019.3878483798,47.4305717238054,47.4020335534063
780,780,4,"static-bracelet","Bracelet social image returns at 0.5km","complete",0,0.449642896652222,71,0.329405021532926,2295.10077433877,47.4343231007413,47.4020335534063
781,781,4,"static-bracelet","Bracelet social image returns at 0.5km","complete",0,0.456883430480957,93,0.330006015141799,1558.90448839374,47.5208661804191,47.4020335534063
782,782,4,"static-bracelet","Bracelet social image returns at 0.5km","complete",0,0.440420389175415,79,0.329255315538025,1945.61739685429,47.4127654374756,47.4020335534063
783,783,4,"static-bracelet","Bracelet social image returns at 0.5km","complete",0,0.460526704788208,85,0.329670427980496,1762.01516538771,47.4725416291914,47.4020335534063
784,784,4,"static-bracelet","Bracelet social image returns at 0.5km","complete",0,0.45104718208313,91,0.329501044032222,1621.71406767905,47.4481503406399,47.4020335534063
785,785,4,"static-bracelet","Bracelet social image returns at 0.5km","complete",0,0.462180137634277,88,0.329644965395603,1696.21808841074,47.4688750169668,47.4020335534063
786,786,4,"static-bracelet","Bracelet social image returns at 0.5km","complete",0,0.44292163848877,99,0.330068138169817,1413.99659114837,47.5298118964537,47.4020335534063
787,787,4,"static-bracelet","Bracelet social image returns at 0.5km","complete",0,0.476191997528076,85,0.33006352095767,1777.21082550892,47.5291470179044,47.4020335534063
788,788,4,"static-bracelet","Bracelet social image returns at 0.5km","complete",0,0.509865522384644,71,0.33019849548216,2238.31756862677,47.5485833494311,47.4020335534063
789,789,4,"static-bracelet","Bracelet social image returns at 0.5km","complete",0,0.453854322433472,89,0.329475252265443,1655.07145837757,47.4444363262238,47.4020335534063
790,790,4,"static-bracelet","Bracelet social image returns at 0.5km","complete",0,0.487658500671387,100,0.329911097779079,1387.10961329502,47.5071980801874,47.4020335534063
791,791,4,"static-bracelet","Bracelet social image returns at 0.5km","complete",0,0.487064838409424,95,0.330176623133654,1507.91216500788,47.5454337312462,47.4020335534063
792,792,4,"static-bracelet","Bracelet social image returns at 0.5km","complete",0,0.522911071777344,72,0.329709378609327,2212.09384527127,47.4781505197431,47.4020335534063
793,793,4,"static-bracelet","Bracelet social image returns at 0.5km","complete",0,0.46794581413269,76,0.33024478586262,2046.92502025292,47.5552491642173,47.4020335534063
794,794,4,"static-bracelet","Bracelet social image returns at 0.5km","complete",0,0.507227420806885,71,0.330101610184024,2467.93402344685,47.5346318664994,47.4020335534063
795,795,4,"static-bracelet","Bracelet social image returns at 0.5km","complete",0,0.504148721694946,93,0.330170137592098,1556.01135856404,47.5444998132621,47.4020335534063
796,796,4,"static-bracelet","Bracelet social image returns at 0.5km","complete",0,0.496092081069946,100,0.329562821885443,1387.10961329502,47.4570463515038,47.4020335534063
797,797,4,"static-bracelet","Bracelet social image returns at 0.5km","complete",0,0.453878164291382,79,0.329442151557047,1931.24960269263,47.4396698242147,47.4020335534063
798,798,4,"static-bracelet","Bracelet social image returns at 0.5km","complete",0,0.463160276412964,99,0.329846768927387,1427.36148739357,47.4979347255437,47.4020335534063
799,799,4,"static-bracelet","Bracelet social image returns at 0.5km","complete",0,0.441722631454468,94,0.329631065755157,1544.181728966,47.4668734687425,47.4020335534063
800,800,4,"static-bracelet","Bracelet social image returns at 0.5km","complete",0,0.46269416809082,86,0.329452973964332,1748.65026914251,47.4412282508638,47.4020335534063
801,801,4,"static-bracelet","Bracelet social image returns at 0.5km","complete",0,0.446077585220337,78,0.330022913742662,1960.95417849704,47.5232995789433,47.4020335534063
802,802,4,"static-bracelet","Bracelet social image returns at 0.5km","complete",0,0.480075836181641,71,0.329205591396207,2299.45279462086,47.4056051610538,47.4020335534063
803,803,4,"static-bracelet","Bracelet social image returns at 0.5km","complete",0,0.481182813644409,106,0.329506548254398,1260.66754326698,47.4489429486333,47.4020335534063
804,804,4,"static-bracelet","Bracelet social image returns at 0.5km","complete",0,0.441731929779053,78,0.329967314874971,1960.95417849704,47.5152933419959,47.4020335534063
805,805,4,"static-bracelet","Bracelet social image returns at 0.5km","complete",0,0.450507640838623,89,0.329619368983538,1676.52021714767,47.4651891336295,47.4020335534063
806,806,4,"static-bracelet","Bracelet social image returns at 0.5km","complete",0,0.457663536071777,96,0.330223053096134,1485.02711112559,47.5521196458433,47.4020335534063
807,807,4,"static-bracelet","Bracelet social image returns at 0.5km","complete",0,0.447835683822632,82,0.32962767405908,1845.47306239103,47.4663850645075,47.4020335534063
808,808,4,"static-bracelet","Bracelet social image returns at 0.5km","complete",0,0.454503536224365,106,0.329597883179993,1265.10892632804,47.4620951779189,47.4020335534063
809,809,4,"static-bracelet","Bracelet social image returns at 0.5km","complete",0,0.516962766647339,73,0.329443776535124,2141.37083987507,47.4399038210578,47.4020335534063
810,810,4,"static-bracelet","Bracelet social image returns at 0.5km","complete",0,0.460321664810181,81,0.32958025392454,1871.79012160184,47.4595565651338,47.4020335534063
811,811,4,"static-bracelet","Bracelet social image returns at 0.5km","complete",0,0.459315061569214,82,0.330526292419385,1856.45333995909,47.5957861083914,47.4020335534063
812,812,4,"static-bracelet","Bracelet social image returns at 0.5km","complete",0,0.474737644195557,87,0.329750742594033,1709.86159099938,47.4841069335408,47.4020335534063
813,813,4,"static-bracelet","Bracelet social image returns at 0.5km","complete",0,0.450947046279907,87,0.330091273969461,1707.26778020705,47.5331434516024,47.4020335534063
814,814,4,"static-bracelet","Bracelet social image returns at 0.5km","complete",0,0.459064483642578,104,0.330780123888366,1289.02429151843,47.6323378399246,47.4020335534063
815,815,4,"static-bracelet","Bracelet social image returns at 0.5km","complete",0,0.484958410263062,106,0.329301693465451,1261.37690181506,47.4194438590249,47.4020335534063
816,816,4,"static-bracelet","Bracelet social image returns at 0.5km","complete",0,0.46706223487854,95,0.330133206503135,1506.72757328551,47.5391817364514,47.4020335534063
817,817,4,"static-bracelet","Bracelet social image returns at 0.5km","complete",0,0.469184160232544,82,0.329463204776301,1864.50197688171,47.4427014877873,47.4020335534063
818,818,4,"static-bracelet","Bracelet social image returns at 0.5km","complete",0,0.519344806671143,103,0.329426223799503,1325.41748532628,47.4373762271285,47.4020335534063
819,819,4,"static-bracelet","Bracelet social image returns at 0.5km","complete",0,0.470913410186768,91,0.3299202203686,1604.15297256201,47.5085117330784,47.4020335534063
820,820,4,"static-bracelet","Bracelet social image returns at 0.5km","complete",0,0.484102725982666,91,0.329929190824389,1608.34917143386,47.509803478712,47.4020335534063
821,821,4,"static-bracelet","Bracelet social image returns at 0.5km","complete",0,0.44776725769043,95,0.329688934879544,1507.91216500788,47.4752066226543,47.4020335534063
822,822,4,"static-bracelet","Bracelet social image returns at 0.5km","complete",0,0.479698896408081,93,0.329848807673287,1573.31865704686,47.4982283049533,47.4020335534063
823,823,4,"static-bracelet","Bracelet social image returns at 0.5km","complete",0,0.475724697113037,94,0.32995698314682,1542.64646231884,47.5138055731421,47.4020335534063
824,824,4,"static-bracelet","Bracelet social image returns at 0.5km","complete",0,0.479836940765381,96,0.32967140107848,1485.02711112559,47.4726817553011,47.4020335534063
825,825,4,"static-bracelet","Bracelet social image returns at 0.5km","complete",0,0.443671941757202,78,0.329795552851342,1960.95417849704,47.4905596105932,47.4020335534063
826,826,4,"static-bracelet","Bracelet social image returns at 0.5km","complete",0,0.461721897125244,94,0.330541840473225,1532.68316046213,47.5980250281444,47.4020335534063
827,827,4,"static-bracelet","Bracelet social image returns at 0.5km","complete",0,0.461704015731812,75,0.330909778643308,2062.26180189567,47.6510081246364,47.4020335534063
828,828,4,"static-bracelet","Bracelet social image returns at 0.5km","complete",0,0.46655011177063,71,0.331624052330202,2402.67196199277,47.7538635355491,47.4020335534063
829,829,4,"static-bracelet","Bracelet social image returns at 0.5km","complete",0,0.465303659439087,80,0.330325140246822,1915.91282104988,47.5668201955424,47.4020335534063
830,830,4,"static-bracelet","Bracelet social image returns at 0.5km","complete",0,0.475628614425659,91,0.32935067910895,1604.15297256201,47.4264977916888,47.4020335534063
831,831,4,"static-bracelet","Bracelet social image returns at 0.5km","complete",0,0.464413166046143,80,0.329896493747134,1901.69146782749,47.5050950995873,47.4020335534063
832,832,4,"static-bracelet","Bracelet social image returns at 0.5km","complete",0,0.458257436752319,95,0.330089308857098,1512.0301194968,47.5328604754222,47.4020335534063
833,833,4,"static-bracelet","Bracelet social image returns at 0.5km","complete",0,0.585422277450562,71,0.329369603622167,2245.21313318559,47.429222921592,47.4020335534063
834,834,4,"static-bracelet","Bracelet social image returns at 0.5km","complete",0,0.467982769012451,93,0.329828947586004,1566.19263311387,47.4953684523846,47.4020335534063
835,835,4,"static-bracelet","Bracelet social image returns at 0.5km","complete",0,0.449916124343872,103,0.329468219280459,1325.41748532628,47.4434235763861,47.4020335534063
836,836,4,"static-bracelet","Bracelet social image returns at 0.5km","complete",0,0.479600191116333,90,0.329715690321931,1641.70656213237,47.4790594063581,47.4020335534063
837,837,4,"static-bracelet","Bracelet social image returns at 0.5km","complete",0,0.466321468353271,87,0.330230724745787,1719.51949434306,47.5532243633934,47.4020335534063
838,838,4,"static-bracelet","Bracelet social image returns at 0.5km","complete",0,0.462537527084351,71,0.330123126895929,2342.70317528957,47.5377302730138,47.4020335534063
839,839,4,"static-bracelet","Bracelet social image returns at 0.5km","complete",0,0.496749639511108,85,0.32997298822757,1773.84715165873,47.5161103047701,47.4020335534063
840,840,4,"static-bracelet","Bracelet social image returns at 0.5km","complete",0,0.494211673736572,89,0.329806672082559,1676.52021714767,47.4921607798885,47.4020335534063
841,841,4,"static-bracelet","Bracelet social image returns at 0.5km","complete",0,0.446926832199097,88,0.329399041935896,1680.88130676799,47.433462038769,47.4020335534063
842,842,4,"static-bracelet","Bracelet social image returns at 0.5km","complete",0,0.47236180305481,91,0.329896039353319,1604.15297256201,47.505029666878,47.4020335534063
843,843,4,"static-bracelet","Bracelet social image returns at 0.5km","complete",0,0.464000225067139,82,0.329780070495171,1864.50197688171,47.4883301513046,47.4020335534063
844,844,4,"static-bracelet","Bracelet social image returns at 0.5km","complete",0,0.444904804229736,93,0.329580501977552,1556.01135856404,47.4595922847675,47.4020335534063
845,845,4,"static-bracelet","Bracelet social image returns at 0.5km","complete",0,0.489326238632202,71,0.32966226586257,2312.36849398445,47.47136628421,47.4020335534063
846,846,4,"static-bracelet","Bracelet social image returns at 0.5km","complete",0,0.475512266159058,73,0.330734344753418,2144.25114020836,47.6257456444922,47.4020335534063
847,847,4,"static-bracelet","Bracelet social image returns at 0.5km","complete",0,0.475223302841187,98,0.33036660885093,1436.8748039648,47.5727916745339,47.4020335534063
848,848,4,"static-bracelet","Bracelet social image returns at 0.5km","complete",0,0.448919773101807,83,0.329360394089301,1817.99747597613,47.4278967488594,47.4020335534063
849,849,4,"static-bracelet","Bracelet social image returns at 0.5km","complete",0,0.461905241012573,95,0.329526280799614,1522.93576494202,47.4517844351444,47.4020335534063
850,850,4,"static-bracelet","Bracelet social image returns at 0.5km","complete",0,0.439280986785889,86,0.32922621412401,1748.65026914251,47.4085748338575,47.4020335534063
851,851,4,"static-bracelet","Bracelet social image returns at 0.5km","complete",0,0.490228176116943,93,0.33014864956806,1571.20498954589,47.5414055378007,47.4020335534063
852,852,4,"static-bracelet","Bracelet social image returns at 0.5km","complete",0,0.488124132156372,71,0.330930392938168,2462.36576066818,47.6539765830962,47.4020335534063
853,853,4,"static-bracelet","Bracelet social image returns at 0.5km","complete",0,0.444789171218872,76,0.33063958750498,2046.92502025292,47.6121006007171,47.4020335534063
854,854,4,"static-bracelet","Bracelet social image returns at 0.5km","complete",0,0.492247581481934,87,0.329688033701975,1723.80658418949,47.4750768530844,47.4020335534063
855,855,4,"static-bracelet","Bracelet social image returns at 0.5km","complete",0,0.479106903076172,90,0.329612329982262,1629.00221239918,47.4641755174457,47.4020335534063
856,856,4,"static-bracelet","Bracelet social image returns at 0.5km","complete",0,0.481279134750366,112,0.329459413494776,1116.64252757737,47.4421555432477,47.4020335534063
857,857,4,"static-bracelet","Bracelet social image returns at 0.5km","complete",0,0.452849626541138,107,0.329548882415178,1229.80607934852,47.4550390677856,47.4020335534063
858,858,4,"static-bracelet","Bracelet social image returns at 0.5km","complete",0,0.48447322845459,81,0.329229228211982,1888.32657158229,47.4090088625254,47.4020335534063
859,859,4,"static-bracelet","Bracelet social image returns at 0.5km","complete",0,0.484386205673218,91,0.329398330022811,1621.54228536764,47.4333595232847,47.4020335534063
860,860,4,"static-bracelet","Bracelet social image returns at 0.5km","complete",0,0.496302604675293,83,0.3307405638896,1830.13628074828,47.6266412001025,47.4020335534063
861,861,4,"static-bracelet","Bracelet social image returns at 0.5km","complete",0,0.491437196731567,86,0.32984518745057,1736.24806443845,47.4977069928821,47.4020335534063
862,862,4,"static-bracelet","Bracelet social image returns at 0.5km","complete",0,0.491093397140503,75,0.32953914047227,2062.26180189567,47.4536362280068,47.4020335534063
863,863,4,"static-bracelet","Bracelet social image returns at 0.5km","complete",0,0.510412693023682,80,0.330037598538153,1901.69146782749,47.525414189494,47.4020335534063
864,864,4,"static-bracelet","Bracelet social image returns at 0.5km","complete",0,0.436961650848389,75,0.332208016249423,2062.26180189567,47.837954339917,47.4020335534063
865,865,4,"static-bracelet","Bracelet social image returns at 0.5km","complete",0,0.46184515953064,84,0.329463167965196,1809.31754280337,47.4426961869882,47.4020335534063
866,866,4,"static-bracelet","Bracelet social image returns at 0.5km","complete",0,0.4878830909729,94,0.33021408838688,1544.181728966,47.5508287277107,47.4020335534063
867,867,4,"static-bracelet","Bracelet social image returns at 0.5km","complete",0,0.51264476776123,71,0.329526181390348,2240.2835338066,47.4517701202101,47.4020335534063
868,868,4,"static-bracelet","Bracelet social image returns at 0.5km","complete",0,0.449531316757202,93,0.329799364763901,1556.01135856404,47.4911085260018,47.4020335534063
869,869,4,"static-bracelet","Bracelet social image returns at 0.5km","complete",0,0.465268850326538,81,0.329652277186041,1871.79012160184,47.4699279147899,47.4020335534063
870,870,4,"static-bracelet","Bracelet social image returns at 0.5km","complete",0,0.444832324981689,106,0.329977463767751,1251.74403008284,47.5167547825562,47.4020335534063
871,871,4,"static-bracelet","Bracelet social image returns at 0.5km","complete",0,0.483416080474854,81,0.330329418176281,1871.79012160184,47.5674362173845,47.4020335534063
872,872,4,"static-bracelet","Bracelet social image returns at 0.5km","complete",0,0.459205150604248,91,0.330559992967768,1604.15297256201,47.6006389873585,47.4020335534063
873,873,4,"static-bracelet","Bracelet social image returns at 0.5km","complete",0,0.491694211959839,84,0.329184828596093,1789.18393330148,47.4026153178374,47.4020335534063
874,874,4,"static-bracelet","Bracelet social image returns at 0.5km","complete",0,0.467838287353516,83,0.329680458040804,1838.1849176709,47.4739859578757,47.4020335534063
875,875,4,"static-bracelet","Bracelet social image returns at 0.5km","complete",0,0.455749273300171,92,0.330079047970634,1583.53385686679,47.5313829077713,47.4020335534063
876,876,4,"static-bracelet","Bracelet social image returns at 0.5km","complete",0,0.492071390151978,81,0.329318783355297,1886.12787838955,47.4219048031627,47.4020335534063
877,877,4,"static-bracelet","Bracelet social image returns at 0.5km","complete",0,0.489502906799316,89,0.330705616104776,1655.07145837757,47.6216087190877,47.4020335534063
878,878,4,"static-bracelet","Bracelet social image returns at 0.5km","complete",0,0.470659017562866,83,0.329658881539554,1830.13628074828,47.4708789416958,47.4020335534063
879,879,4,"static-bracelet","Bracelet social image returns at 0.5km","complete",0,0.486628770828247,71,0.329310517896975,2288.09334185475,47.4207145771644,47.4020335534063
880,880,4,"static-bracelet","Bracelet social image returns at 0.5km","complete",0,0.455968618392944,83,0.330331622164145,1816.60568752349,47.5677535916369,47.4020335534063
881,881,4,"static-bracelet","Bracelet social image returns at 0.5km","complete",0,0.475736141204834,87,0.330589754521034,1707.26778020705,47.6049246510289,47.4020335534063
882,882,4,"static-bracelet","Bracelet social image returns at 0.5km","complete",0,0.460726499557495,91,0.329714470267924,1606.84783005679,47.478883718581,47.4020335534063
883,883,4,"static-bracelet","Bracelet social image returns at 0.5km","complete",0,0.454515933990479,92,0.329771473087065,1593.48293381159,47.4870921245373,47.4020335534063
884,884,4,"static-bracelet","Bracelet social image returns at 0.5km","complete",0,0.461155891418457,84,0.330526785523444,1801.26890588075,47.595857115376,47.4020335534063
885,885,4,"static-bracelet","Bracelet social image returns at 0.5km","complete",0,0.542294979095459,93,0.329547146689104,1573.31865704686,47.454789123231,47.4020335534063
886,886,4,"static-bracelet","Bracelet social image returns at 0.5km","complete",0,0.479394674301147,97,0.329556791030711,1477.73896640546,47.4561779084224,47.4020335534063
887,887,4,"static-bracelet","Bracelet social image returns at 0.5km","complete",0,0.46779990196228,77,0.329797153583676,1992.87221781715,47.4907901160494,47.4020335534063
888,888,4,"static-bracelet","Bracelet social image returns at 0.5km","complete",0,0.474581003189087,71,0.330319000236104,2385.02322206678,47.565936033999,47.4020335534063
889,889,4,"static-bracelet","Bracelet social image returns at 0.5km","complete",0,0.46865701675415,78,0.33018101936289,1960.95417849704,47.5460667882562,47.4020335534063
890,890,4,"static-bracelet","Bracelet social image returns at 0.5km","complete",0,0.444759845733643,92,0.329858902675622,1593.48293381159,47.4996819852895,47.4020335534063
891,891,4,"static-bracelet","Bracelet social image returns at 0.5km","complete",0,0.46644115447998,79,0.329772937031202,1931.24960269263,47.4873029324931,47.4020335534063
892,892,4,"static-bracelet","Bracelet social image returns at 0.5km","complete",0,0.452627182006836,102,0.329477003030192,1338.78238157148,47.4446884363476,47.4020335534063
893,893,4,"static-bracelet","Bracelet social image returns at 0.5km","complete",0,0.472344875335693,71,0.329906932101525,2350.77833913601,47.5065982226196,47.4020335534063
894,894,4,"static-bracelet","Bracelet social image returns at 0.5km","complete",0,0.438023805618286,85,0.329565782655826,1777.21082550892,47.457472702439,47.4020335534063
895,895,4,"static-bracelet","Bracelet social image returns at 0.5km","complete",0,0.464780569076538,98,0.329193898077088,1434.6496321137,47.4039213231007,47.4020335534063
896,896,4,"static-bracelet","Bracelet social image returns at 0.5km","complete",0,0.440319776535034,84,0.329277949881787,1789.18393330148,47.4160247829773,47.4020335534063
897,897,4,"static-bracelet","Bracelet social image returns at 0.5km","complete",0,0.459120512008667,85,0.329231684527689,1775.81903705628,47.4093625719873,47.4020335534063
898,898,4,"static-bracelet","Bracelet social image returns at 0.5km","complete",0,0.504441976547241,96,0.329859764436648,1483.49184447842,47.4998060788772,47.4020335534063
899,899,4,"static-bracelet","Bracelet social image returns at 0.5km","complete",0,0.48790717124939,102,0.329915700061541,1338.78238157148,47.507860808862,47.4020335534063
900,900,4,"static-bracelet","Bracelet social image returns at 0.5km","complete",0,0.461314678192139,84,0.329670051741205,1789.18393330148,47.4724874507335,47.4020335534063
901,901,4,"static-bracelet","Bracelet social image returns at 0.5km","complete",0,0.451655387878418,89,0.330378776785853,1656.60672502474,47.5745438571628,47.4020335534063
902,902,4,"static-bracelet","Bracelet social image returns at 0.5km","complete",0,0.494103670120239,72,0.330297343688771,2212.09384527127,47.562817491183,47.4020335534063
903,903,4,"static-bracelet","Bracelet social image returns at 0.5km","complete",0,0.495114803314209,74,0.329513439930084,2103.60241186707,47.4499353499321,47.4020335534063
904,904,4,"static-bracelet","Bracelet social image returns at 0.5km","complete",0,0.500749111175537,94,0.329567491988186,1544.181728966,47.4577188462988,47.4020335534063
905,905,4,"static-bracelet","Bracelet social image returns at 0.5km","complete",0,0.459321022033691,71,0.329272443504448,2293.22766047773,47.4152318646405,47.4020335534063
906,906,4,"static-bracelet","Bracelet social image returns at 0.5km","complete",0,0.469135999679565,87,0.330053867639926,1707.26778020705,47.5277569401493,47.4020335534063
907,907,4,"static-bracelet","Bracelet social image returns at 0.5km","complete",0,0.538635730743408,87,0.329405266360033,1727.56813126568,47.4343583558448,47.4020335534063
908,908,4,"static-bracelet","Bracelet social image returns at 0.5km","complete",0,0.461891412734985,83,0.330150947022512,1816.60568752349,47.5417363712418,47.4020335534063
909,909,4,"static-bracelet","Bracelet social image returns at 0.5km","complete",0,0.479129076004028,105,0.329925322783801,1280.03797817275,47.5092464808674,47.4020335534063
910,910,4,"static-bracelet","Bracelet social image returns at 0.5km","complete",0,0.445781230926514,91,0.329277326152301,1615.63731615398,47.4159349659313,47.4020335534063
911,911,4,"static-bracelet","Bracelet social image returns at 0.5km","complete",0,0.44160532951355,84,0.330580969123764,1789.18393330148,47.6036595538219,47.4020335534063
912,912,4,"static-bracelet","Bracelet social image returns at 0.5km","complete",0,0.447789907455444,93,0.330370236770063,1559.95376080166,47.573314094889,47.4020335534063
913,913,4,"static-bracelet","Bracelet social image returns at 0.5km","complete",0,0.446572303771973,77,0.330211936241335,1992.87221781715,47.5505188187522,47.4020335534063
914,914,4,"static-bracelet","Bracelet social image returns at 0.5km","complete",0,0.455835819244385,115,0.32992799833053,1059.52624446885,47.5096317595963,47.4020335534063
915,915,4,"static-bracelet","Bracelet social image returns at 0.5km","complete",0,0.462214469909668,97,0.330432320272913,1464.37407016026,47.5822541192995,47.4020335534063
916,916,4,"static-bracelet","Bracelet social image returns at 0.5km","complete",0,0.48161506652832,79,0.33010696057792,1945.61739685429,47.5354023232205,47.4020335534063
917,917,4,"static-bracelet","Bracelet social image returns at 0.5km","complete",0,0.464409589767456,87,0.330453296959229,1707.26778020705,47.585274762129,47.4020335534063
918,918,4,"static-bracelet","Bracelet social image returns at 0.5km","complete",0,0.478671789169312,72,0.32934773035874,2213.23593360271,47.4260731716586,47.4020335534063
919,919,4,"static-bracelet","Bracelet social image returns at 0.5km","complete",0,0.493521451950073,96,0.329738024265642,1500.62402028775,47.4822754942525,47.4020335534063
920,920,4,"static-bracelet","Bracelet social image returns at 0.5km","complete",0,0.473629474639893,73,0.330706941831945,2166.65292328834,47.6217996238001,47.4020335534063
921,921,4,"static-bracelet","Bracelet social image returns at 0.5km","complete",0,0.464309453964233,96,0.329625318483898,1500.62402028775,47.4660458616813,47.4020335534063
922,922,4,"static-bracelet","Bracelet social image returns at 0.5km","complete",0,0.488842725753784,104,0.329263870021327,1304.971462506,47.4139972830711,47.4020335534063
923,923,4,"static-bracelet","Bracelet social image returns at 0.5km","complete",0,0.489789724349976,95,0.330230412743027,1507.91216500788,47.553179434996,47.4020335534063
924,924,4,"static-bracelet","Bracelet social image returns at 0.5km","complete",0,0.474440574645996,86,0.329889376915492,1748.65026914251,47.5040702758308,47.4020335534063
925,925,4,"static-bracelet","Bracelet social image returns at 0.5km","complete",0,0.469413280487061,102,0.329868848920907,1338.78238157148,47.5011142446106,47.4020335534063
926,926,4,"static-bracelet","Bracelet social image returns at 0.5km","complete",0,0.512257814407349,90,0.329270531459934,1629.00221239918,47.4149565302305,47.4020335534063
927,927,4,"static-bracelet","Bracelet social image returns at 0.5km","complete",0,0.472318887710571,97,0.329513663421708,1459.32372917328,47.4499675327259,47.4020335534063
928,928,4,"static-bracelet","Bracelet social image returns at 0.5km","complete",0,0.493464946746826,83,0.329929315717012,1816.60568752349,47.5098214632497,47.4020335534063
929,929,4,"static-bracelet","Bracelet social image returns at 0.5km","complete",0,0.464844465255737,71,0.330033589992893,2489.67012384164,47.5248369589765,47.4020335534063
930,930,4,"static-bracelet","Bracelet social image returns at 0.5km","complete",0,0.525948047637939,71,0.331669141845194,2544.29548458559,47.7603564257079,47.4020335534063
931,931,4,"static-bracelet","Bracelet social image returns at 0.5km","complete",0,0.434892177581787,90,0.330484515411238,1630.39400085182,47.5897702192182,47.4020335534063
932,932,4,"static-bracelet","Bracelet social image returns at 0.5km","complete",0,0.439967632293701,89,0.330355318861668,1653.67966992493,47.5711659160801,47.4020335534063
933,933,4,"static-bracelet","Bracelet social image returns at 0.5km","complete",0,0.474071741104126,103,0.329377700321833,1329.95897020418,47.4303888463439,47.4020335534063
934,934,4,"static-bracelet","Bracelet social image returns at 0.5km","complete",0,0.491974592208862,108,0.329278525212615,1203.33294728762,47.4161076306165,47.4020335534063
935,935,4,"static-bracelet","Bracelet social image returns at 0.5km","complete",0,0.46332573890686,97,0.33014918197619,1460.85899582044,47.5414822045714,47.4020335534063
936,936,4,"static-bracelet","Bracelet social image returns at 0.5km","complete",0,0.456610441207886,104,0.3308789512346,1293.53968725558,47.6465689777824,47.4020335534063
937,937,4,"static-bracelet","Bracelet social image returns at 0.5km","complete",0,0.465147495269775,88,0.329295416357961,1682.27309522063,47.4185399555463,47.4020335534063
938,938,4,"static-bracelet","Bracelet social image returns at 0.5km","complete",0,0.478036403656006,103,0.330270432918651,1316.20678212742,47.5589423402857,47.4020335534063
939,939,4,"static-bracelet","Bracelet social image returns at 0.5km","complete",0,0.441939115524292,107,0.330605309302143,1229.80607934852,47.6071645395086,47.4020335534063
940,940,4,"static-bracelet","Bracelet social image returns at 0.5km","complete",0,0.487156629562378,85,0.329602689631921,1762.01516538771,47.4627873069966,47.4020335534063
941,941,4,"static-bracelet","Bracelet social image returns at 0.5km","complete",0,0.443506717681885,96,0.329204520733676,1502.15928693492,47.4054509856493,47.4020335534063
942,942,4,"static-bracelet","Bracelet social image returns at 0.5km","complete",0,0.459392309188843,71,0.329870932381161,2309.25672486896,47.5014142628872,47.4020335534063
943,943,4,"static-bracelet","Bracelet social image returns at 0.5km","complete",0,0.479920148849487,80,0.330179820828721,1901.69146782749,47.5458941993359,47.4020335534063
944,944,4,"static-bracelet","Bracelet social image returns at 0.5km","complete",0,0.454664468765259,71,0.351162091998778,2601.50873370013,50.567341247824,47.4020335534063
945,945,4,"static-bracelet","Bracelet social image returns at 0.5km","complete",0,0.491673231124878,93,0.329602131394553,1556.01135856404,47.4627069208156,47.4020335534063
946,946,4,"static-bracelet","Bracelet social image returns at 0.5km","complete",0,0.469426155090332,85,0.329362975057142,1762.01516538771,47.4282684082285,47.4020335534063
947,947,4,"static-bracelet","Bracelet social image returns at 0.5km","complete",0,0.486136436462402,82,0.329304290577433,1858.42522535664,47.4198178431503,47.4020335534063
948,948,4,"static-bracelet","Bracelet social image returns at 0.5km","complete",0,0.487297534942627,86,0.329641436137185,1750.04205759515,47.4683668037546,47.4020335534063
949,949,4,"static-bracelet","Bracelet social image returns at 0.5km","complete",0,0.49885106086731,79,0.329218111138649,1947.58928225184,47.4074080039655,47.4020335534063
950,950,4,"static-bracelet","Bracelet social image returns at 0.5km","complete",0,0.50477123260498,80,0.330040380687576,1920.19991089631,47.525814819011,47.4020335534063
951,951,4,"static-bracelet","Bracelet social image returns at 0.5km","complete",0,0.50709056854248,71,0.336817626393587,2544.29548458559,48.5017382006765,47.4020335534063
952,952,4,"static-bracelet","Bracelet social image returns at 0.5km","complete",0,0.520500898361206,92,0.330543287727001,1581.99859021962,47.5982334326882,47.4020335534063
953,953,4,"static-bracelet","Bracelet social image returns at 0.5km","complete",0,0.47765040397644,84,0.330231678863212,1790.57572175412,47.5533617563025,47.4020335534063
954,954,4,"static-bracelet","Bracelet social image returns at 0.5km","complete",0,0.479594230651855,99,0.329660393199365,1427.36148739357,47.4710966207086,47.4020335534063
955,955,4,"static-bracelet","Bracelet social image returns at 0.5km","complete",0,0.453802347183228,71,0.34114054468344,2612.89990935482,49.1242384344154,47.4020335534063
956,956,4,"static-bracelet","Bracelet social image returns at 0.5km","complete",0,0.482685804367065,102,0.329794935946999,1349.6136233126,47.4904707763678,47.4020335534063
957,957,4,"static-bracelet","Bracelet social image returns at 0.5km","complete",0,0.445735692977905,101,0.329434154393486,1361.44325291063,47.4385182326619,47.4020335534063
958,958,4,"static-bracelet","Bracelet social image returns at 0.5km","complete",0,0.47795295715332,82,0.329204616140397,1858.42522535664,47.4054647242172,47.4020335534063
959,959,4,"static-bracelet","Bracelet social image returns at 0.5km","complete",0,0.457650899887085,87,0.32969172409743,1707.26778020705,47.47560827003,47.4020335534063
960,960,4,"static-bracelet","Bracelet social image returns at 0.5km","complete",0,0.467509269714355,103,0.32947894202844,1325.41748532628,47.4449676520953,47.4020335534063
961,961,4,"static-bracelet","Bracelet social image returns at 0.5km","complete",0,0.46596622467041,84,0.329789340098938,1789.18393330148,47.489664974247,47.4020335534063
962,962,4,"static-bracelet","Bracelet social image returns at 0.5km","complete",0,0.4974684715271,92,0.330156292605116,1580.60680176698,47.5425061351367,47.4020335534063
963,963,4,"static-bracelet","Bracelet social image returns at 0.5km","complete",0,0.444245576858521,82,0.329806459075757,1845.47306239103,47.4921301069091,47.4020335534063
964,964,4,"static-bracelet","Bracelet social image returns at 0.5km","complete",0,0.451475143432617,88,0.329382386282392,1691.9309985643,47.4310636246645,47.4020335534063
965,965,4,"static-bracelet","Bracelet social image returns at 0.5km","complete",0,0.45794677734375,86,0.329261439520345,1748.65026914251,47.4136472909297,47.4020335534063
966,966,4,"static-bracelet","Bracelet social image returns at 0.5km","complete",0,0.497522830963135,94,0.329359295593152,1531.14789381497,47.4277385654139,47.4020335534063
967,967,4,"static-bracelet","Bracelet social image returns at 0.5km","complete",0,0.461454391479492,102,0.329837792331458,1338.78238157148,47.4966420957299,47.4020335534063
968,968,4,"static-bracelet","Bracelet social image returns at 0.5km","complete",0,0.468056440353394,94,0.329912806693765,1532.68316046213,47.5074441639022,47.4020335534063
969,969,4,"static-bracelet","Bracelet social image returns at 0.5km","complete",0,0.491690874099731,92,0.329938517311577,1584.56988579109,47.5111464928671,47.4020335534063
970,970,4,"static-bracelet","Bracelet social image returns at 0.5km","complete",0,0.454549551010132,84,0.329998975406149,1805.55599572718,47.5198524584854,47.4020335534063
971,971,4,"static-bracelet","Bracelet social image returns at 0.5km","complete",0,0.496288299560547,74,0.330035430674619,2110.29650885685,47.5251020171452,47.4020335534063
972,972,4,"static-bracelet","Bracelet social image returns at 0.5km","complete",0,0.479243993759155,93,0.33036090550367,1557.5466252112,47.5719703925285,47.4020335534063
973,973,4,"static-bracelet","Bracelet social image returns at 0.5km","complete",0,0.516830444335938,74,0.32921571331672,2110.29650885685,47.4070627176077,47.4020335534063
974,974,4,"static-bracelet","Bracelet social image returns at 0.5km","complete",0,0.519978284835815,71,0.330293242250446,2262.6928525789,47.5622268840643,47.4020335534063
975,975,4,"static-bracelet","Bracelet social image returns at 0.5km","complete",0,0.434506177902222,96,0.329274531393874,1500.62402028775,47.4155325207178,47.4020335534063
976,976,4,"static-bracelet","Bracelet social image returns at 0.5km","complete",0,0.477844476699829,99,0.330064593051469,1410.66544025806,47.5293013994116,47.4020335534063
977,977,4,"static-bracelet","Bracelet social image returns at 0.5km","complete",0,0.470202684402466,89,0.32992593483183,1653.67966992493,47.5093346157835,47.4020335534063
978,978,4,"static-bracelet","Bracelet social image returns at 0.5km","complete",0,0.474692106246948,86,0.330090567170162,1734.85627598581,47.5330416725034,47.4020335534063
979,979,4,"static-bracelet","Bracelet social image returns at 0.5km","complete",0,0.475172519683838,113,0.330060015671914,1100.45381862235,47.5286422567556,47.4020335534063
980,980,4,"static-bracelet","Bracelet social image returns at 0.5km","complete",0,0.463412046432495,78,0.330383141346016,1960.95417849704,47.5751723538263,47.4020335534063
981,981,4,"static-bracelet","Bracelet social image returns at 0.5km","complete",0,0.466565847396851,91,0.329627776352738,1619.69565798451,47.4663997947942,47.4020335534063
982,982,4,"static-bracelet","Bracelet social image returns at 0.5km","complete",0,0.473747730255127,90,0.330328344122019,1633.0266289596,47.5672815535707,47.4020335534063
983,983,4,"static-bracelet","Bracelet social image returns at 0.5km","complete",0,0.447540760040283,83,0.330283889107609,1816.60568752349,47.5608800314957,47.4020335534063
984,984,4,"static-bracelet","Bracelet social image returns at 0.5km","complete",0,0.469817638397217,85,0.330628098806147,1777.21082550892,47.6104462280852,47.4020335534063
985,985,4,"static-bracelet","Bracelet social image returns at 0.5km","complete",0,0.477522611618042,76,0.32932103612376,2026.67599309993,47.4222292018215,47.4020335534063
986,986,4,"static-bracelet","Bracelet social image returns at 0.5km","complete",0,0.464497089385986,95,0.330010906481893,1517.78299756977,47.5215705333925,47.4020335534063
987,987,4,"static-bracelet","Bracelet social image returns at 0.5km","complete",0,0.50710654258728,72,0.33025501891047,2212.09384527127,47.5567227231077,47.4020335534063
988,988,4,"static-bracelet","Bracelet social image returns at 0.5km","complete",0,0.523839950561523,87,0.33039745094926,1719.51949434306,47.5772329366934,47.4020335534063
989,989,4,"static-bracelet","Bracelet social image returns at 0.5km","complete",0,0.476009130477905,75,0.33022321555221,2062.26180189567,47.5521430395182,47.4020335534063
990,990,4,"static-bracelet","Bracelet social image returns at 0.5km","complete",0,0.487157106399536,111,0.330201264700025,1140.13090088647,47.5489821168036,47.4020335534063
991,991,4,"static-bracelet","Bracelet social image returns at 0.5km","complete",0,0.459887742996216,74,0.329201084394883,2112.70543702541,47.4049561528632,47.4020335534063
992,992,4,"static-bracelet","Bracelet social image returns at 0.5km","complete",0,0.464757680892944,78,0.329784981380324,1977.5354361744,47.4890373187666,47.4020335534063
993,993,4,"static-bracelet","Bracelet social image returns at 0.5km","complete",0,0.479963302612305,94,0.330383945051146,1535.34692532842,47.575288087365,47.4020335534063
994,994,4,"static-bracelet","Bracelet social image returns at 0.5km","complete",0,0.502382278442383,96,0.329425173455473,1500.62402028775,47.4372249775881,47.4020335534063
995,995,4,"static-bracelet","Bracelet social image returns at 0.5km","complete",0,0.477623462677002,99,0.330159174810384,1409.5585385035,47.5429211726952,47.4020335534063
996,996,4,"static-bracelet","Bracelet social image returns at 0.5km","complete",0,0.466507196426392,87,0.329433611837536,1719.51949434306,47.4384401046052,47.4020335534063
997,997,4,"static-bracelet","Bracelet social image returns at 0.5km","complete",0,0.489007949829102,90,0.329371330034943,1640.31477367973,47.4294715250317,47.4020335534063
998,998,4,"static-bracelet","Bracelet social image returns at 0.5km","complete",0,0.488026857376099,94,0.329918047928097,1533.11703949185,47.508198901646,47.4020335534063
999,999,4,"static-bracelet","Bracelet social image returns at 0.5km","complete",0,0.45353889465332,103,0.329979076005106,1312.30924951057,47.5169869447352,47.4020335534063
1,1,5,"suppress-reputation","No social image returns","target_infeasible",NA,0.000341892242431641,144,0.0730682258851627,552.905025297392,10.5218245274634,47.4020335534063
2,2,5,"suppress-reputation","No social image returns","target_infeasible",NA,0.000295877456665039,144,0.0547129921031021,552.905025297392,7.8786708628467,47.4020335534063
3,3,5,"suppress-reputation","No social image returns","target_infeasible",NA,0.000331401824951172,144,0.134866825166592,552.905025297392,19.4208228239892,47.4020335534063
4,4,5,"suppress-reputation","No social image returns","target_infeasible",NA,0.00030970573425293,144,0.0399332718370519,552.905025297392,5.75039114453548,47.4020335534063
5,5,5,"suppress-reputation","No social image returns","target_infeasible",NA,0.000274181365966797,144,0.0823592653941658,552.905025297392,11.8597342167599,47.4020335534063
6,6,5,"suppress-reputation","No social image returns","target_infeasible",NA,0.000406026840209961,144,0.00614524928286243,552.905025297392,0.884915896732189,47.4020335534063
7,7,5,"suppress-reputation","No social image returns","target_infeasible",NA,0.000414133071899414,144,0.118882521333767,552.905025297392,17.1190830720625,47.4020335534063
8,8,5,"suppress-reputation","No social image returns","target_infeasible",NA,0.000325679779052734,144,0.101129369154755,552.905025297392,14.5626291582847,47.4020335534063
9,9,5,"suppress-reputation","No social image returns","target_infeasible",NA,0.000524282455444336,144,0.153561798007267,552.905025297392,22.1128989130465,47.4020335534063
10,10,5,"suppress-reputation","No social image returns","target_infeasible",NA,0.000346899032592773,144,0.057142617895866,552.905025297392,8.2285369770047,47.4020335534063
11,11,5,"suppress-reputation","No social image returns","target_infeasible",NA,0.000468254089355469,144,0.0885916897377079,552.905025297392,12.7572033222299,47.4020335534063
12,12,5,"suppress-reputation","No social image returns","target_infeasible",NA,0.000376462936401367,144,0.164088577814908,552.905025297392,23.6287552053468,47.4020335534063
13,13,5,"suppress-reputation","No social image returns","target_infeasible",NA,0.000470876693725586,144,0.0164741735711508,552.905025297392,2.37228099424572,47.4020335534063
14,14,5,"suppress-reputation","No social image returns","target_infeasible",NA,0.000341176986694336,144,0.29847296170897,552.905025297392,42.9801064860917,47.4020335534063
15,15,5,"suppress-reputation","No social image returns","target_infeasible",NA,0.000428438186645508,144,0.0290624715679088,552.905025297392,4.18499590577887,47.4020335534063
16,16,5,"suppress-reputation","No social image returns","target_infeasible",NA,0.000327587127685547,144,0.127399847551703,552.905025297392,18.3455780474452,47.4020335534063
17,17,5,"suppress-reputation","No social image returns","target_infeasible",NA,0.000355958938598633,144,0.0718149216826566,552.905025297392,10.3413487223026,47.4020335534063
18,18,5,"suppress-reputation","No social image returns","target_infeasible",NA,0.000414848327636719,144,0.0268648727048647,552.905025297392,3.86854166950052,47.4020335534063
19,19,5,"suppress-reputation","No social image returns","target_infeasible",NA,0.000339508056640625,144,0.11365523179725,552.905025297392,16.366353378804,47.4020335534063
20,20,5,"suppress-reputation","No social image returns","target_infeasible",NA,0.000459432601928711,144,0.0163780865901467,552.905025297392,2.35844446898113,47.4020335534063
21,21,5,"suppress-reputation","No social image returns","target_infeasible",NA,0.000329256057739258,144,0.0362770006997954,552.905025297392,5.22388810077054,47.4020335534063
22,22,5,"suppress-reputation","No social image returns","target_infeasible",NA,0.000457525253295898,144,0.14457770480296,552.905025297392,20.8191894916262,47.4020335534063
23,23,5,"suppress-reputation","No social image returns","target_infeasible",NA,0.0003509521484375,144,0.0178807859143456,552.905025297392,2.57483317166576,47.4020335534063
24,24,5,"suppress-reputation","No social image returns","target_infeasible",NA,0.000486135482788086,144,0.0456286853211893,552.905025297392,6.57053068625127,47.4020335534063
25,25,5,"suppress-reputation","No social image returns","target_infeasible",NA,0.000345945358276367,144,0.0267020361195106,552.905025297392,3.84509320120952,47.4020335534063
26,26,5,"suppress-reputation","No social image returns","target_infeasible",NA,0.000344276428222656,144,0.174895011369548,552.905025297392,25.184881637215,47.4020335534063
27,27,5,"suppress-reputation","No social image returns","target_infeasible",NA,0.000344038009643555,144,0.0276289171480987,552.905025297392,3.97856406932621,47.4020335534063
28,28,5,"suppress-reputation","No social image returns","target_infeasible",NA,0.000315666198730469,144,0.257733621025578,552.905025297392,37.1136414276832,47.4020335534063
29,29,5,"suppress-reputation","No social image returns","target_infeasible",NA,0.000324249267578125,144,0.0372297346275798,552.905025297392,5.36108178637148,47.4020335534063
30,30,5,"suppress-reputation","No social image returns","target_infeasible",NA,0.000323772430419922,144,0.0636397415999129,552.905025297392,9.16412279038746,47.4020335534063
31,31,5,"suppress-reputation","No social image returns","target_infeasible",NA,0.000311851501464844,144,0.0492608032864794,552.905025297392,7.09355567325304,47.4020335534063
32,32,5,"suppress-reputation","No social image returns","target_infeasible",NA,0.000314950942993164,144,0.00269227480956524,552.905025297392,0.387687572577395,47.4020335534063
33,33,5,"suppress-reputation","No social image returns","target_infeasible",NA,0.000370979309082031,144,0.0728253768511618,552.905025297392,10.4868542665673,47.4020335534063
34,34,5,"suppress-reputation","No social image returns","target_infeasible",NA,0.000328302383422852,144,0.203395974308615,552.905025297392,29.2890203004405,47.4020335534063
35,35,5,"suppress-reputation","No social image returns","target_infeasible",NA,0.000320672988891602,144,0.0244957323382946,552.905025297392,3.52738545671442,47.4020335534063
36,36,5,"suppress-reputation","No social image returns","target_infeasible",NA,0.00032353401184082,144,0.303123388329029,552.905025297392,43.6497679193801,47.4020335534063
37,37,5,"suppress-reputation","No social image returns","target_infeasible",NA,0.000329017639160156,144,0.100721043185427,552.905025297392,14.5038302187015,47.4020335534063
38,38,5,"suppress-reputation","No social image returns","target_infeasible",NA,0.000313282012939453,144,0.0650843249992094,552.905025297392,9.37214279988615,47.4020335534063
39,39,5,"suppress-reputation","No social image returns","target_infeasible",NA,0.000333786010742188,144,0.0908735860452553,552.905025297392,13.0857963905168,47.4020335534063
40,40,5,"suppress-reputation","No social image returns","target_infeasible",NA,0.000326156616210938,144,0.0443767495233812,552.905025297392,6.3902519313669,47.4020335534063
41,41,5,"suppress-reputation","No social image returns","target_infeasible",NA,0.000348567962646484,144,0.0484400883131083,552.905025297392,6.9753727170876,47.4020335534063
42,42,5,"suppress-reputation","No social image returns","target_infeasible",NA,0.000332832336425781,144,0.0375957581824518,552.905025297392,5.41378917827307,47.4020335534063
43,43,5,"suppress-reputation","No social image returns","target_infeasible",NA,0.000329017639160156,144,0.134774059236621,552.905025297392,19.4074645300735,47.4020335534063
44,44,5,"suppress-reputation","No social image returns","target_infeasible",NA,0.000328779220581055,144,0.0790470350255722,552.905025297392,11.3827730436824,47.4020335534063
45,45,5,"suppress-reputation","No social image returns","target_infeasible",NA,0.000327825546264648,144,0.176918423473963,552.905025297392,25.4762529802506,47.4020335534063
46,46,5,"suppress-reputation","No social image returns","target_infeasible",NA,0.000377416610717773,144,0.150572514776381,552.905025297392,21.6824421277988,47.4020335534063
47,47,5,"suppress-reputation","No social image returns","target_infeasible",NA,0.000362396240234375,144,0.179816675195525,552.905025297392,25.8936012281555,47.4020335534063
48,48,5,"suppress-reputation","No social image returns","target_infeasible",NA,0.000343561172485352,144,0.100151833254729,552.905025297392,14.4218639886809,47.4020335534063
49,49,5,"suppress-reputation","No social image returns","target_infeasible",NA,0.000342607498168945,144,0.114260553998463,552.905025297392,16.4535197757786,47.4020335534063
50,50,5,"suppress-reputation","No social image returns","target_infeasible",NA,0.000336408615112305,144,0.116673650035172,552.905025297392,16.8010056050647,47.4020335534063
51,51,5,"suppress-reputation","No social image returns","target_infeasible",NA,0.000333070755004883,144,0.285150533828923,552.905025297392,41.0616768713648,47.4020335534063
52,52,5,"suppress-reputation","No social image returns","target_infeasible",NA,0.000326633453369141,144,0.0262729763848111,552.905025297392,3.7833085994128,47.4020335534063
53,53,5,"suppress-reputation","No social image returns","target_infeasible",NA,0.000334978103637695,144,0.0996181543204621,552.905025297392,14.3450142221465,47.4020335534063
54,54,5,"suppress-reputation","No social image returns","target_infeasible",NA,0.000351905822753906,144,0.0244038796649131,552.905025297392,3.51415867174749,47.4020335534063
55,55,5,"suppress-reputation","No social image returns","target_infeasible",NA,0.000341176986694336,144,0.0805945704607009,552.905025297392,11.6056181463409,47.4020335534063
56,56,5,"suppress-reputation","No social image returns","target_infeasible",NA,0.000341415405273438,144,0.198173912331849,552.905025297392,28.5370433757863,47.4020335534063
57,57,5,"suppress-reputation","No social image returns","target_infeasible",NA,0.000342130661010742,144,0.101259909455869,552.905025297392,14.5814269616451,47.4020335534063
58,58,5,"suppress-reputation","No social image returns","target_infeasible",NA,0.000337123870849609,144,0.00511003762503912,552.905025297392,0.735845418005633,47.4020335534063
59,59,5,"suppress-reputation","No social image returns","target_infeasible",NA,0.000324010848999023,144,0.0525078237489095,552.905025297392,7.56112661984297,47.4020335534063
60,60,5,"suppress-reputation","No social image returns","target_infeasible",NA,0.000389814376831055,144,0.10663146613849,552.905025297392,15.3549311239425,47.4020335534063
61,61,5,"suppress-reputation","No social image returns","target_infeasible",NA,0.000345945358276367,144,0.0342080644617613,552.905025297392,4.92596128249362,47.4020335534063
62,62,5,"suppress-reputation","No social image returns","target_infeasible",NA,0.000337600708007812,144,0.0376329448730788,552.905025297392,5.41914406172335,47.4020335534063
63,63,5,"suppress-reputation","No social image returns","target_infeasible",NA,0.000338315963745117,144,0.0605339198828464,552.905025297392,8.71688446312988,47.4020335534063
64,64,5,"suppress-reputation","No social image returns","target_infeasible",NA,0.000340461730957031,144,0.196328755343479,552.905025297392,28.271340769461,47.4020335534063
65,65,5,"suppress-reputation","No social image returns","target_infeasible",NA,0.000339508056640625,144,0.097850101892307,552.905025297392,14.0904146724922,47.4020335534063
66,66,5,"suppress-reputation","No social image returns","target_infeasible",NA,0.000394821166992188,144,0.0260375839663385,552.905025297392,3.74941209115274,47.4020335534063
67,67,5,"suppress-reputation","No social image returns","target_infeasible",NA,0.000347614288330078,144,0.0176763169742969,552.905025297392,2.54538964429875,47.4020335534063
68,68,5,"suppress-reputation","No social image returns","target_infeasible",NA,0.000333309173583984,144,0.0622783814380183,552.905025297392,8.96808692707464,47.4020335534063
69,69,5,"suppress-reputation","No social image returns","target_infeasible",NA,0.000344038009643555,144,0.0318137741516445,552.905025297392,4.5811834778368,47.4020335534063
70,70,5,"suppress-reputation","No social image returns","target_infeasible",NA,0.000355720520019531,144,0.0472627758273198,552.905025297392,6.80583971913406,47.4020335534063
71,71,5,"suppress-reputation","No social image returns","target_infeasible",NA,0.000318288803100586,144,0.125592527426275,552.905025297392,18.0853239493836,47.4020335534063
72,72,5,"suppress-reputation","No social image returns","target_infeasible",NA,0.000320911407470703,144,0.017090254880348,552.905025297392,2.46099670277012,47.4020335534063
73,73,5,"suppress-reputation","No social image returns","target_infeasible",NA,0.000324726104736328,144,0.124752587835585,552.905025297392,17.9643726483243,47.4020335534063
74,74,5,"suppress-reputation","No social image returns","target_infeasible",NA,0.000340700149536133,144,0.0515144229259871,552.905025297392,7.41807690134215,47.4020335534063
75,75,5,"suppress-reputation","No social image returns","target_infeasible",NA,0.000321388244628906,144,0.0412625476904396,552.905025297392,5.94180686742331,47.4020335534063
76,76,5,"suppress-reputation","No social image returns","target_infeasible",NA,0.000331640243530273,144,0.0163262361503344,552.905025297392,2.35097800564816,47.4020335534063
77,77,5,"suppress-reputation","No social image returns","target_infeasible",NA,0.000336885452270508,144,0.224328448768966,552.905025297392,32.3032966227311,47.4020335534063
78,78,5,"suppress-reputation","No social image returns","target_infeasible",NA,0.000305891036987305,144,0.0313095289752065,552.905025297392,4.50857217242973,47.4020335534063
79,79,5,"suppress-reputation","No social image returns","target_infeasible",NA,0.000368118286132812,144,0.0272694582402583,552.905025297392,3.92680198659719,47.4020335534063
80,80,5,"suppress-reputation","No social image returns","target_infeasible",NA,0.000339508056640625,144,0.205524247139491,552.905025297392,29.5954915880866,47.4020335534063
81,81,5,"suppress-reputation","No social image returns","target_infeasible",NA,0.00031733512878418,144,0.0651209618947844,552.905025297392,9.37741851284895,47.4020335534063
82,82,5,"suppress-reputation","No social image returns","target_infeasible",NA,0.00030970573425293,144,0.134473971642273,552.905025297392,19.3642519164873,47.4020335534063
83,83,5,"suppress-reputation","No social image returns","target_infeasible",NA,0.000305414199829102,144,0.150017138275802,552.905025297392,21.6024679117155,47.4020335534063
84,84,5,"suppress-reputation","No social image returns","target_infeasible",NA,0.000290155410766602,144,0.0594181872107341,552.905025297392,8.55621895834571,47.4020335534063
85,85,5,"suppress-reputation","No social image returns","target_infeasible",NA,0.000323057174682617,144,0.00897977757362166,552.905025297392,1.29308797060152,47.4020335534063
86,86,5,"suppress-reputation","No social image returns","target_infeasible",NA,0.000299930572509766,144,0.00735178063407681,552.905025297392,1.05865641130706,47.4020335534063
87,87,5,"suppress-reputation","No social image returns","target_infeasible",NA,0.000281810760498047,144,0.157176531090727,552.905025297392,22.6334204770647,47.4020335534063
88,88,5,"suppress-reputation","No social image returns","target_infeasible",NA,0.000293254852294922,144,0.0353026327056018,552.905025297392,5.08357910960667,47.4020335534063
89,89,5,"suppress-reputation","No social image returns","target_infeasible",NA,0.000285625457763672,144,0.179965208135644,552.905025297392,25.9149899715327,47.4020335534063
90,90,5,"suppress-reputation","No social image returns","target_infeasible",NA,0.000288724899291992,144,0.0737353617340827,552.905025297392,10.6178920897079,47.4020335534063
91,91,5,"suppress-reputation","No social image returns","target_infeasible",NA,0.000294208526611328,144,0.0576840043404409,552.905025297392,8.30649662502349,47.4020335534063
92,92,5,"suppress-reputation","No social image returns","target_infeasible",NA,0.000326871871948242,144,0.0192165089712993,552.905025297392,2.7671772918671,47.4020335534063
93,93,5,"suppress-reputation","No social image returns","target_infeasible",NA,0.000288724899291992,144,0.0196331448164883,552.905025297392,2.82717285357431,47.4020335534063
94,94,5,"suppress-reputation","No social image returns","target_infeasible",NA,0.000278234481811523,144,0.220317762392719,552.905025297392,31.7257577845516,47.4020335534063
95,95,5,"suppress-reputation","No social image returns","target_infeasible",NA,0.000284433364868164,144,0.0637823712685048,552.905025297392,9.18466146266469,47.4020335534063
96,96,5,"suppress-reputation","No social image returns","target_infeasible",NA,0.000282049179077148,144,0.163945759066574,552.905025297392,23.6081893055867,47.4020335534063
97,97,5,"suppress-reputation","No social image returns","target_infeasible",NA,0.000285625457763672,144,0.076973232930056,552.905025297392,11.0841455419281,47.4020335534063
98,98,5,"suppress-reputation","No social image returns","target_infeasible",NA,0.000276088714599609,144,0.0334605739467272,552.905025297392,4.81832264832872,47.4020335534063
99,99,5,"suppress-reputation","No social image returns","target_infeasible",NA,0.000294208526611328,144,0.0538754916717024,552.905025297392,7.75807080072514,47.4020335534063
100,100,5,"suppress-reputation","No social image returns","target_infeasible",NA,0.000275611877441406,144,0.0732410837960374,552.905025297392,10.5467160666294,47.4020335534063
101,101,5,"suppress-reputation","No social image returns","target_infeasible",NA,0.000283956527709961,144,0.0607978094515849,552.905025297392,8.75488456102823,47.4020335534063
102,102,5,"suppress-reputation","No social image returns","target_infeasible",NA,0.00031590461730957,144,0.0317082387481119,552.905025297392,4.56598637972811,47.4020335534063
103,103,5,"suppress-reputation","No social image returns","target_infeasible",NA,0.000288724899291992,144,0.138658399116587,552.905025297392,19.9668094727885,47.4020335534063
104,104,5,"suppress-reputation","No social image returns","target_infeasible",NA,0.000324010848999023,144,0.111724095152462,552.905025297392,16.0882697019546,47.4020335534063
105,105,5,"suppress-reputation","No social image returns","target_infeasible",NA,0.000291585922241211,144,0.0601030832173863,552.905025297392,8.65484398330363,47.4020335534063
106,106,5,"suppress-reputation","No social image returns","target_infeasible",NA,0.000281810760498047,144,0.0586222803454758,552.905025297392,8.44160836974851,47.4020335534063
107,107,5,"suppress-reputation","No social image returns","target_infeasible",NA,0.000295877456665039,144,0.199881820625629,552.905025297392,28.7829821700906,47.4020335534063
108,108,5,"suppress-reputation","No social image returns","target_infeasible",NA,0.000283718109130859,144,0.0845014307313821,552.905025297392,12.168206025319,47.4020335534063
109,109,5,"suppress-reputation","No social image returns","target_infeasible",NA,0.000280380249023438,144,0.0433617444847347,552.905025297392,6.2440912058018,47.4020335534063
110,110,5,"suppress-reputation","No social image returns","target_infeasible",NA,0.000319480895996094,144,0.11494090055997,552.905025297392,16.5514896806357,47.4020335534063
111,111,5,"suppress-reputation","No social image returns","target_infeasible",NA,0.000288486480712891,144,0.0280267869407636,552.905025297392,4.03585731946996,47.4020335534063
112,112,5,"suppress-reputation","No social image returns","target_infeasible",NA,0.00028538703918457,144,0.120570275823325,552.905025297392,17.3621197185587,47.4020335534063
113,113,5,"suppress-reputation","No social image returns","target_infeasible",NA,0.000316858291625977,144,0.0656512461979759,552.905025297392,9.45377945250853,47.4020335534063
114,114,5,"suppress-reputation","No social image returns","target_infeasible",NA,0.000316858291625977,144,0.129359679028518,552.905025297392,18.6277937801066,47.4020335534063
115,115,5,"suppress-reputation","No social image returns","target_infeasible",NA,0.000309944152832031,144,0.0828117382332349,552.905025297392,11.9248903055858,47.4020335534063
116,116,5,"suppress-reputation","No social image returns","target_infeasible",NA,0.000348091125488281,144,0.06074398884326,552.905025297392,8.74713439342944,47.4020335534063
117,117,5,"suppress-reputation","No social image returns","target_infeasible",NA,0.000329732894897461,144,0.088335092856509,552.905025297392,12.7202533713373,47.4020335534063
118,118,5,"suppress-reputation","No social image returns","target_infeasible",NA,0.000297307968139648,144,0.0422120078650304,552.905025297392,6.07852913256437,47.4020335534063
119,119,5,"suppress-reputation","No social image returns","target_infeasible",NA,0.000303030014038086,144,0.0575232356793857,552.905025297392,8.28334593783154,47.4020335534063
120,120,5,"suppress-reputation","No social image returns","target_infeasible",NA,0.000303506851196289,144,0.0639587333059653,552.905025297392,9.210057596059,47.4020335534063
121,121,5,"suppress-reputation","No social image returns","target_infeasible",NA,0.000295400619506836,144,0.0159842737619695,552.905025297392,2.30173542172361,47.4020335534063
122,122,5,"suppress-reputation","No social image returns","target_infeasible",NA,0.000281572341918945,144,0.036537925959907,552.905025297392,5.26146133822661,47.4020335534063
123,123,5,"suppress-reputation","No social image returns","target_infeasible",NA,0.00030064582824707,144,0.0336674308652992,552.905025297392,4.84811004460309,47.4020335534063
124,124,5,"suppress-reputation","No social image returns","target_infeasible",NA,0.000299215316772461,144,0.0754469693290739,552.905025297392,10.8643635833866,47.4020335534063
125,125,5,"suppress-reputation","No social image returns","target_infeasible",NA,0.000310897827148438,144,0.0719490287447346,552.905025297392,10.3606601392418,47.4020335534063
126,126,5,"suppress-reputation","No social image returns","target_infeasible",NA,0.000308036804199219,144,0.158799215683586,552.905025297392,22.8670870584363,47.4020335534063
127,127,5,"suppress-reputation","No social image returns","target_infeasible",NA,0.000327587127685547,144,0.181002008165633,552.905025297392,26.0642891758512,47.4020335534063
128,128,5,"suppress-reputation","No social image returns","target_infeasible",NA,0.000298500061035156,144,0.148661727415623,552.905025297392,21.4072887478497,47.4020335534063
129,129,5,"suppress-reputation","No social image returns","target_infeasible",NA,0.000284194946289062,144,0.082154166566847,552.905025297392,11.830199985626,47.4020335534063
130,130,5,"suppress-reputation","No social image returns","target_infeasible",NA,0.000303030014038086,144,0.0445867581530138,552.905025297392,6.42049317403399,47.4020335534063
131,131,5,"suppress-reputation","No social image returns","target_infeasible",NA,0.000285148620605469,144,0.0866730094489682,552.905025297392,12.4809133606514,47.4020335534063
132,132,5,"suppress-reputation","No social image returns","target_infeasible",NA,0.000282526016235352,144,0.0839892937139262,552.905025297392,12.0944582948054,47.4020335534063
133,133,5,"suppress-reputation","No social image returns","target_infeasible",NA,0.000321865081787109,144,0.0173867010535448,552.905025297392,2.50368495171045,47.4020335534063
134,134,5,"suppress-reputation","No social image returns","target_infeasible",NA,0.000303983688354492,144,0.0810376871206138,552.905025297392,11.6694269453684,47.4020335534063
135,135,5,"suppress-reputation","No social image returns","target_infeasible",NA,0.000286340713500977,144,0.0463514033023363,552.905025297392,6.67460207553643,47.4020335534063
136,136,5,"suppress-reputation","No social image returns","target_infeasible",NA,0.000294685363769531,144,0.0702131755662984,552.905025297392,10.110697281547,47.4020335534063
137,137,5,"suppress-reputation","No social image returns","target_infeasible",NA,0.000280380249023438,144,0.00167344020403821,552.905025297392,0.240975389381502,47.4020335534063
138,138,5,"suppress-reputation","No social image returns","target_infeasible",NA,0.000269174575805664,144,0.149680485105008,552.905025297392,21.5539898551212,47.4020335534063
139,139,5,"suppress-reputation","No social image returns","target_infeasible",NA,0.000314474105834961,144,0.0782142477386474,552.905025297392,11.2628516743652,47.4020335534063
140,140,5,"suppress-reputation","No social image returns","target_infeasible",NA,0.000289440155029297,144,0.242545341780954,552.905025297392,34.9265292164574,47.4020335534063
141,141,5,"suppress-reputation","No social image returns","target_infeasible",NA,0.000278949737548828,144,0.0668497673298392,552.905025297392,9.62636649549685,47.4020335534063
142,142,5,"suppress-reputation","No social image returns","target_infeasible",NA,0.000281572341918945,144,0.041994391054037,552.905025297392,6.04719231178132,47.4020335534063
143,143,5,"suppress-reputation","No social image returns","target_infeasible",NA,0.000278711318969727,144,0.179651279341996,552.905025297392,25.8697842252475,47.4020335534063
144,144,5,"suppress-reputation","No social image returns","target_infeasible",NA,0.000312328338623047,144,0.0700635019929064,552.905025297392,10.0891442869785,47.4020335534063
145,145,5,"suppress-reputation","No social image returns","target_infeasible",NA,0.000300407409667969,144,0.0199930517286659,552.905025297392,2.87899944892789,47.4020335534063
146,146,5,"suppress-reputation","No social image returns","target_infeasible",NA,0.000287294387817383,144,0.0677013586991122,552.905025297392,9.74899565267215,47.4020335534063
147,147,5,"suppress-reputation","No social image returns","target_infeasible",NA,0.000295400619506836,144,0.0153725716352835,552.905025297392,2.21365031548082,47.4020335534063
148,148,5,"suppress-reputation","No social image returns","target_infeasible",NA,0.000288009643554688,144,0.075983546115412,552.905025297392,10.9416306406193,47.4020335534063
149,149,5,"suppress-reputation","No social image returns","target_infeasible",NA,0.000284671783447266,144,0.0152214114347618,552.905025297392,2.1918832466057,47.4020335534063
150,150,5,"suppress-reputation","No social image returns","complete",0,0.731657266616821,95,0.330157549734341,1510.49485284964,47.5426871617451,47.4020335534063
151,151,5,"suppress-reputation","No social image returns","target_infeasible",NA,0.000341892242431641,144,0.0139439159001977,552.905025297392,2.00792388962847,47.4020335534063
152,152,5,"suppress-reputation","No social image returns","target_infeasible",NA,0.000351905822753906,144,0.140927107457313,552.905025297392,20.293503473853,47.4020335534063
153,153,5,"suppress-reputation","No social image returns","target_infeasible",NA,0.000337839126586914,144,0.100118837981706,552.905025297392,14.4171126693656,47.4020335534063
154,154,5,"suppress-reputation","No social image returns","target_infeasible",NA,0.000324487686157227,144,0.162505866414331,552.905025297392,23.4008447636637,47.4020335534063
155,155,5,"suppress-reputation","No social image returns","target_infeasible",NA,0.0003204345703125,144,0.0962218966949788,552.905025297392,13.8559531240769,47.4020335534063
156,156,5,"suppress-reputation","No social image returns","target_infeasible",NA,0.000333786010742188,144,0.038727011411826,552.905025297392,5.57668964330295,47.4020335534063
157,157,5,"suppress-reputation","No social image returns","target_infeasible",NA,0.000435113906860352,144,0.0748258750905577,552.905025297392,10.7749260130403,47.4020335534063
158,158,5,"suppress-reputation","No social image returns","complete",0,1.16228270530701,134,0.329414013199079,706.506297979761,47.4356179006674,47.4020335534063
159,159,5,"suppress-reputation","No social image returns","target_infeasible",NA,0.000382423400878906,144,0.00565095611373408,552.905025297392,0.813737680377707,47.4020335534063
160,160,5,"suppress-reputation","No social image returns","target_infeasible",NA,0.000368833541870117,144,0.0184026471403721,552.905025297392,2.64998118821358,47.4020335534063
161,161,5,"suppress-reputation","No social image returns","target_infeasible",NA,0.000337362289428711,144,0.0219567229402721,552.905025297392,3.16176810339919,47.4020335534063
162,162,5,"suppress-reputation","No social image returns","target_infeasible",NA,0.000389575958251953,144,0.0600606731136671,552.905025297392,8.64873692836806,47.4020335534063
163,163,5,"suppress-reputation","No social image returns","target_infeasible",NA,0.000423669815063477,144,0.0543741141801725,552.905025297392,7.82987244194484,47.4020335534063
164,164,5,"suppress-reputation","No social image returns","target_infeasible",NA,0.000354766845703125,144,0.280036892053146,552.905025297392,40.3253124556531,47.4020335534063
165,165,5,"suppress-reputation","No social image returns","target_infeasible",NA,0.000336170196533203,144,0.0382418794783975,552.905025297392,5.50683064488924,47.4020335534063
166,166,5,"suppress-reputation","No social image returns","target_infeasible",NA,0.000317096710205078,144,0.0585175417672505,552.905025297392,8.42652601448407,47.4020335534063
167,167,5,"suppress-reputation","No social image returns","target_infeasible",NA,0.00032496452331543,144,0.0302048852158418,552.905025297392,4.34950347108121,47.4020335534063
168,168,5,"suppress-reputation","No social image returns","target_infeasible",NA,0.00043177604675293,144,0.0120998599569716,552.905025297392,1.74237983380391,47.4020335534063
169,169,5,"suppress-reputation","No social image returns","target_infeasible",NA,0.000303506851196289,144,0.0925132020136977,552.905025297392,13.3219010899725,47.4020335534063
170,170,5,"suppress-reputation","No social image returns","target_infeasible",NA,0.000293254852294922,144,0.138873512534092,552.905025297392,19.9977858049092,47.4020335534063
171,171,5,"suppress-reputation","No social image returns","target_infeasible",NA,0.000285863876342773,144,0.0817025032576125,552.905025297392,11.7651604690962,47.4020335534063
172,172,5,"suppress-reputation","No social image returns","target_infeasible",NA,0.000292539596557617,144,0.00842375582259136,552.905025297392,1.21302083845316,47.4020335534063
173,173,5,"suppress-reputation","No social image returns","target_infeasible",NA,0.000289440155029297,144,0.101692870412002,552.905025297392,14.6437733393283,47.4020335534063
174,174,5,"suppress-reputation","No social image returns","target_infeasible",NA,0.000312566757202148,144,0.0537934904968643,552.905025297392,7.74626263154846,47.4020335534063
175,175,5,"suppress-reputation","No social image returns","target_infeasible",NA,0.000426054000854492,144,0.00256531806589657,552.905025297392,0.369405801489105,47.4020335534063
176,176,5,"suppress-reputation","No social image returns","target_infeasible",NA,0.00029301643371582,144,0.0181166547806818,552.905025297392,2.60879828841817,47.4020335534063
177,177,5,"suppress-reputation","No social image returns","target_infeasible",NA,0.000278711318969727,144,0.187293044835868,552.905025297392,26.9701984563649,47.4020335534063
178,178,5,"suppress-reputation","No social image returns","target_infeasible",NA,0.000303506851196289,144,0.27907896782443,552.905025297392,40.1873713667179,47.4020335534063
179,179,5,"suppress-reputation","No social image returns","target_infeasible",NA,0.000357627868652344,144,0.209267437158919,552.905025297392,30.1345109508843,47.4020335534063
180,180,5,"suppress-reputation","No social image returns","target_infeasible",NA,0.000323295593261719,144,0.132963753591133,552.905025297392,19.1467805171232,47.4020335534063
181,181,5,"suppress-reputation","No social image returns","target_infeasible",NA,0.000294685363769531,144,0.0188120518688169,552.905025297392,2.70893546910964,47.4020335534063
182,182,5,"suppress-reputation","No social image returns","target_infeasible",NA,0.000402212142944336,144,0.0911595072599803,552.905025297392,13.1269690454372,47.4020335534063
183,183,5,"suppress-reputation","No social image returns","target_infeasible",NA,0.000306129455566406,144,0.126067604284468,552.905025297392,18.1537350169634,47.4020335534063
184,184,5,"suppress-reputation","No social image returns","target_infeasible",NA,0.000295400619506836,144,0.0573315343542111,552.905025297392,8.25574094700639,47.4020335534063
185,185,5,"suppress-reputation","No social image returns","target_infeasible",NA,0.000281572341918945,144,0.109301408317072,552.905025297392,15.7394027976584,47.4020335534063
186,186,5,"suppress-reputation","No social image returns","target_infeasible",NA,0.000287294387817383,144,0.0664423863949921,552.905025297392,9.56770364087887,47.4020335534063
187,187,5,"suppress-reputation","No social image returns","target_infeasible",NA,0.000288486480712891,144,0.084681844629055,552.905025297392,12.1941856265839,47.4020335534063
188,188,5,"suppress-reputation","No social image returns","target_infeasible",NA,0.000414133071899414,144,0.0802024404872785,552.905025297392,11.5491514301681,47.4020335534063
189,189,5,"suppress-reputation","No social image returns","target_infeasible",NA,0.000298261642456055,144,0.160666205045861,552.905025297392,23.135933526604,47.4020335534063
190,190,5,"suppress-reputation","No social image returns","target_infeasible",NA,0.000297307968139648,144,0.0502831381755961,552.905025297392,7.24077189728584,47.4020335534063
191,191,5,"suppress-reputation","No social image returns","target_infeasible",NA,0.00028538703918457,144,0.0586227070615825,552.905025297392,8.44166981686788,47.4020335534063
192,192,5,"suppress-reputation","No social image returns","target_infeasible",NA,0.00028228759765625,144,0.186409277226647,552.905025297392,26.8429359206371,47.4020335534063
193,193,5,"suppress-reputation","No social image returns","target_infeasible",NA,0.000280380249023438,144,0.0118286434437212,552.905025297392,1.70332465589585,47.4020335534063
194,194,5,"suppress-reputation","No social image returns","target_infeasible",NA,0.000286340713500977,144,0.183176504336558,552.905025297392,26.3774166244643,47.4020335534063
195,195,5,"suppress-reputation","No social image returns","target_infeasible",NA,0.000386953353881836,144,0.0296240046006592,552.905025297392,4.26585666249493,47.4020335534063
196,196,5,"suppress-reputation","No social image returns","target_infeasible",NA,0.000292062759399414,144,0.0363423148561164,552.905025297392,5.23329333928077,47.4020335534063
197,197,5,"suppress-reputation","No social image returns","target_infeasible",NA,0.000288486480712891,144,0.0974807609269827,552.905025297392,14.0372295734855,47.4020335534063
198,198,5,"suppress-reputation","No social image returns","target_infeasible",NA,0.000287532806396484,144,0.0793128384403817,552.905025297392,11.421048735415,47.4020335534063
199,199,5,"suppress-reputation","No social image returns","target_infeasible",NA,0.00028538703918457,144,0.117668793706486,552.905025297392,16.944306293734,47.4020335534063
200,200,5,"suppress-reputation","No social image returns","target_infeasible",NA,0.000292301177978516,144,0.0558523182114518,552.905025297392,8.04273382244906,47.4020335534063
201,201,5,"suppress-reputation","No social image returns","target_infeasible",NA,0.000408411026000977,144,0.0318378902849445,552.905025297392,4.58465620103201,47.4020335534063
202,202,5,"suppress-reputation","No social image returns","target_infeasible",NA,0.00030207633972168,144,0.21017009327809,552.905025297392,30.264493432045,47.4020335534063
203,203,5,"suppress-reputation","No social image returns","target_infeasible",NA,0.000284433364868164,144,0.217232473151017,552.905025297392,31.2814761337465,47.4020335534063
204,204,5,"suppress-reputation","No social image returns","target_infeasible",NA,0.000289440155029297,144,0.0362411919038353,552.905025297392,5.21873163415228,47.4020335534063
205,205,5,"suppress-reputation","No social image returns","target_infeasible",NA,0.000291347503662109,144,0.186115245248988,552.905025297392,26.8005953158543,47.4020335534063
206,206,5,"suppress-reputation","No social image returns","target_infeasible",NA,0.00028538703918457,144,0.0691669040470591,552.905025297392,9.96003418277651,47.4020335534063
207,207,5,"suppress-reputation","No social image returns","target_infeasible",NA,0.000284194946289062,144,0.0203586376912939,552.905025297392,2.93164382754633,47.4020335534063
208,208,5,"suppress-reputation","No social image returns","target_infeasible",NA,0.000341653823852539,144,0.132053934463367,552.905025297392,19.0157665627249,47.4020335534063
209,209,5,"suppress-reputation","No social image returns","target_infeasible",NA,0.000295400619506836,144,0.0580345259912039,552.905025297392,8.35697174273336,47.4020335534063
210,210,5,"suppress-reputation","No social image returns","target_infeasible",NA,0.000292778015136719,144,0.103040550144073,552.905025297392,14.8378392207464,47.4020335534063
211,211,5,"suppress-reputation","No social image returns","target_infeasible",NA,0.000282526016235352,144,0.176373638910494,552.905025297392,25.3978040031111,47.4020335534063
212,212,5,"suppress-reputation","No social image returns","target_infeasible",NA,0.000290870666503906,144,0.0775393309650263,552.905025297392,11.1656636589638,47.4020335534063
213,213,5,"suppress-reputation","No social image returns","target_infeasible",NA,0.000296115875244141,144,0.0454317624378691,552.905025297392,6.54217379105315,47.4020335534063
214,214,5,"suppress-reputation","No social image returns","target_infeasible",NA,0.000388383865356445,144,0.164190960972065,552.905025297392,23.6434983799773,47.4020335534063
215,215,5,"suppress-reputation","No social image returns","target_infeasible",NA,0.000287771224975586,144,0.177445730690218,552.905025297392,25.5521852193914,47.4020335534063
216,216,5,"suppress-reputation","No social image returns","target_infeasible",NA,0.000294923782348633,144,0.307966154089095,552.905025297392,44.3471261888297,47.4020335534063
217,217,5,"suppress-reputation","No social image returns","target_infeasible",NA,0.000295162200927734,144,0.037469667679303,552.905025297392,5.39563214581963,47.4020335534063
218,218,5,"suppress-reputation","No social image returns","target_infeasible",NA,0.000274658203125,144,0.222135758132985,552.905025297392,31.9875491711498,47.4020335534063
219,219,5,"suppress-reputation","No social image returns","target_infeasible",NA,0.000296354293823242,144,0.147164025426465,552.905025297392,21.191619661411,47.4020335534063
220,220,5,"suppress-reputation","No social image returns","target_infeasible",NA,0.000383615493774414,144,0.263072647707269,552.905025297392,37.8824612698468,47.4020335534063
221,221,5,"suppress-reputation","No social image returns","target_infeasible",NA,0.000297784805297852,144,0.115731785254796,552.905025297392,16.6653770766906,47.4020335534063
222,222,5,"suppress-reputation","No social image returns","target_infeasible",NA,0.000282049179077148,144,0.0384445002325712,552.905025297392,5.53600803349026,47.4020335534063
223,223,5,"suppress-reputation","No social image returns","target_infeasible",NA,0.000296115875244141,144,0.110991928540083,552.905025297392,15.982837709772,47.4020335534063
224,224,5,"suppress-reputation","No social image returns","target_infeasible",NA,0.000281572341918945,144,0.0198051415875947,552.905025297392,2.85194038861364,47.4020335534063
225,225,5,"suppress-reputation","No social image returns","target_infeasible",NA,0.000287294387817383,144,0.0675307588658543,552.905025297392,9.72442927668301,47.4020335534063
226,226,5,"suppress-reputation","No social image returns","target_infeasible",NA,0.000279903411865234,144,0.0312666318731876,552.905025297392,4.50239498973901,47.4020335534063
227,227,5,"suppress-reputation","No social image returns","target_infeasible",NA,0.000455379486083984,144,0.163958804721554,552.905025297392,23.6100678799037,47.4020335534063
228,228,5,"suppress-reputation","No social image returns","target_infeasible",NA,0.000305414199829102,144,0.0688207105207463,552.905025297392,9.91018231498746,47.4020335534063
229,229,5,"suppress-reputation","No social image returns","complete",0,1.32331895828247,140,0.329323885039226,605.753064672584,47.4226394456486,47.4020335534063
230,230,5,"suppress-reputation","No social image returns","complete",0,0.984624624252319,106,0.329770807747534,1251.74403008284,47.4869963156449,47.4020335534063
231,231,5,"suppress-reputation","No social image returns","target_infeasible",NA,0.000369787216186523,144,0.11542350843819,552.905025297392,16.6209852150994,47.4020335534063
232,232,5,"suppress-reputation","No social image returns","target_infeasible",NA,0.000406026840209961,144,0.0832540633222103,552.905025297392,11.9885851183983,47.4020335534063
233,233,5,"suppress-reputation","No social image returns","target_infeasible",NA,0.000397682189941406,144,0.066349319095242,552.905025297392,9.55430194971485,47.4020335534063
234,234,5,"suppress-reputation","No social image returns","target_infeasible",NA,0.00036931037902832,144,0.271684537417151,552.905025297392,39.1225733880697,47.4020335534063
235,235,5,"suppress-reputation","No social image returns","target_infeasible",NA,0.000317811965942383,144,0.0177169363954452,552.905025297392,2.55123884094411,47.4020335534063
236,236,5,"suppress-reputation","No social image returns","target_infeasible",NA,0.000592231750488281,144,0.260714301108611,552.905025297392,37.54285935964,47.4020335534063
237,237,5,"suppress-reputation","No social image returns","target_infeasible",NA,0.000437736511230469,144,0.0549221940762489,552.905025297392,7.90879594697984,47.4020335534063
238,238,5,"suppress-reputation","No social image returns","target_infeasible",NA,0.000431537628173828,144,0.251712360230957,552.905025297392,36.2465798732578,47.4020335534063
239,239,5,"suppress-reputation","No social image returns","target_infeasible",NA,0.000367403030395508,144,0.14653736173267,552.905025297392,21.1013800895044,47.4020335534063
240,240,5,"suppress-reputation","No social image returns","target_infeasible",NA,0.000382900238037109,144,0.0652111567349573,552.905025297392,9.39040656983385,47.4020335534063
241,241,5,"suppress-reputation","No social image returns","target_infeasible",NA,0.000336408615112305,144,0.106523287315192,552.905025297392,15.3393533733876,47.4020335534063
242,242,5,"suppress-reputation","No social image returns","target_infeasible",NA,0.000509500503540039,144,0.0451036436394053,552.905025297392,6.49492468407436,47.4020335534063
243,243,5,"suppress-reputation","No social image returns","target_infeasible",NA,0.000311136245727539,144,0.0617219078058232,552.905025297392,8.88795472403853,47.4020335534063
244,244,5,"suppress-reputation","No social image returns","target_infeasible",NA,0.000296115875244141,144,0.163925763955044,552.905025297392,23.6053100095264,47.4020335534063
245,245,5,"suppress-reputation","No social image returns","target_infeasible",NA,0.000326395034790039,144,0.117565976397203,552.905025297392,16.9295006011972,47.4020335534063
246,246,5,"suppress-reputation","No social image returns","target_infeasible",NA,0.000318765640258789,144,0.0827928937606603,552.905025297392,11.9221767015351,47.4020335534063
247,247,5,"suppress-reputation","No social image returns","target_infeasible",NA,0.000308513641357422,144,0.206081396281604,552.905025297392,29.6757210645509,47.4020335534063
248,248,5,"suppress-reputation","No social image returns","target_infeasible",NA,0.000332117080688477,144,0.209499410740084,552.905025297392,30.1679151465721,47.4020335534063
249,249,5,"suppress-reputation","No social image returns","target_infeasible",NA,0.000470638275146484,144,0.0856757524245368,552.905025297392,12.3373083491333,47.4020335534063
250,250,5,"suppress-reputation","No social image returns","target_infeasible",NA,0.000336885452270508,144,0.288944865593143,552.905025297392,41.6080606454126,47.4020335534063
251,251,5,"suppress-reputation","No social image returns","target_infeasible",NA,0.000319719314575195,144,0.0901938311994563,552.905025297392,12.9879116927217,47.4020335534063
252,252,5,"suppress-reputation","No social image returns","target_infeasible",NA,0.000319957733154297,144,0.0431690051479349,552.905025297392,6.21633674130262,47.4020335534063
253,253,5,"suppress-reputation","No social image returns","target_infeasible",NA,0.000305891036987305,144,0.0579564187868464,552.905025297392,8.34572430530589,47.4020335534063
254,254,5,"suppress-reputation","No social image returns","target_infeasible",NA,0.000311136245727539,144,0.0679186429658786,552.905025297392,9.78028458708652,47.4020335534063
255,255,5,"suppress-reputation","No social image returns","target_infeasible",NA,0.000490903854370117,144,0.180363926655706,552.905025297392,25.9724054384217,47.4020335534063
256,256,5,"suppress-reputation","No social image returns","target_infeasible",NA,0.000334978103637695,144,0.189717730468585,552.905025297392,27.3193531874762,47.4020335534063
257,257,5,"suppress-reputation","No social image returns","target_infeasible",NA,0.00033116340637207,144,0.181557056275225,552.905025297392,26.1442161036324,47.4020335534063
258,258,5,"suppress-reputation","No social image returns","target_infeasible",NA,0.000325679779052734,144,0.0869179593682095,552.905025297392,12.5161861490222,47.4020335534063
259,259,5,"suppress-reputation","No social image returns","target_infeasible",NA,0.000306367874145508,144,0.0853717046430835,552.905025297392,12.293525468604,47.4020335534063
260,260,5,"suppress-reputation","No social image returns","target_infeasible",NA,0.000320911407470703,144,0.0690221697821792,552.905025297392,9.9391924486338,47.4020335534063
261,261,5,"suppress-reputation","No social image returns","target_infeasible",NA,0.000336170196533203,144,0.218018463593557,552.905025297392,31.3946587574723,47.4020335534063
262,262,5,"suppress-reputation","No social image returns","target_infeasible",NA,0.000522375106811523,144,0.0191051897473121,552.905025297392,2.75114732361294,47.4020335534063
263,263,5,"suppress-reputation","No social image returns","target_infeasible",NA,0.000349283218383789,144,0.190828106954816,552.905025297392,27.4792474014935,47.4020335534063
264,264,5,"suppress-reputation","No social image returns","target_infeasible",NA,0.000330924987792969,144,0.126143156669246,552.905025297392,18.1646145603714,47.4020335534063
265,265,5,"suppress-reputation","No social image returns","target_infeasible",NA,0.000335693359375,144,0.0286360064630027,552.905025297392,4.12358493067238,47.4020335534063
266,266,5,"suppress-reputation","No social image returns","target_infeasible",NA,0.000315666198730469,144,0.0287890150867936,552.905025297392,4.14561817249828,47.4020335534063
267,267,5,"suppress-reputation","No social image returns","target_infeasible",NA,0.00030827522277832,144,0.116404067688013,552.905025297392,16.7621857470738,47.4020335534063
268,268,5,"suppress-reputation","No social image returns","target_infeasible",NA,0.00047612190246582,144,0.0777101153413317,552.905025297392,11.1902566091518,47.4020335534063
269,269,5,"suppress-reputation","No social image returns","target_infeasible",NA,0.000344276428222656,144,0.0710979643524364,552.905025297392,10.2381068667508,47.4020335534063
270,270,5,"suppress-reputation","No social image returns","target_infeasible",NA,0.000315666198730469,144,0.0905216273897983,552.905025297392,13.035114344131,47.4020335534063
271,271,5,"suppress-reputation","No social image returns","target_infeasible",NA,0.000315666198730469,144,0.0212544039707407,552.905025297392,3.06063417178667,47.4020335534063
272,272,5,"suppress-reputation","No social image returns","target_infeasible",NA,0.000308036804199219,144,0.0935743718708807,552.905025297392,13.4747095494068,47.4020335534063
273,273,5,"suppress-reputation","No social image returns","target_infeasible",NA,0.000329256057739258,144,0.111261235989666,552.905025297392,16.021617982512,47.4020335534063
274,274,5,"suppress-reputation","No social image returns","target_infeasible",NA,0.000317811965942383,144,0.0130152323868433,552.905025297392,1.87419346370543,47.4020335534063
275,275,5,"suppress-reputation","No social image returns","target_infeasible",NA,0.00047755241394043,144,0.0725917178902385,552.905025297392,10.4532073761943,47.4020335534063
276,276,5,"suppress-reputation","No social image returns","target_infeasible",NA,0.000344514846801758,144,0.179554862987808,552.905025297392,25.8559002702444,47.4020335534063
277,277,5,"suppress-reputation","No social image returns","target_infeasible",NA,0.000335931777954102,144,0.0244334551418232,552.905025297392,3.51841754042254,47.4020335534063
278,278,5,"suppress-reputation","No social image returns","target_infeasible",NA,0.000325679779052734,144,0.286396028550497,552.905025297392,41.2410281112715,47.4020335534063
279,279,5,"suppress-reputation","No social image returns","target_infeasible",NA,0.000328540802001953,144,0.0439879250531686,552.905025297392,6.33426120765628,47.4020335534063
280,280,5,"suppress-reputation","No social image returns","target_infeasible",NA,0.000311374664306641,144,0.0320928880598044,552.905025297392,4.62137588061184,47.4020335534063
281,281,5,"suppress-reputation","No social image returns","target_infeasible",NA,0.000509500503540039,144,0.127095819143016,552.905025297392,18.3017979565943,47.4020335534063
282,282,5,"suppress-reputation","No social image returns","target_infeasible",NA,0.000345945358276367,144,0.0958627010403573,552.905025297392,13.8042289498114,47.4020335534063
283,283,5,"suppress-reputation","No social image returns","target_infeasible",NA,0.000328779220581055,144,0.31663500735728,552.905025297392,45.5954410594483,47.4020335534063
284,284,5,"suppress-reputation","No social image returns","target_infeasible",NA,0.000347614288330078,144,0.0262856530022364,552.905025297392,3.78513403232204,47.4020335534063
285,285,5,"suppress-reputation","No social image returns","target_infeasible",NA,0.000320196151733398,144,0.0933199175680338,552.905025297392,13.4380681297969,47.4020335534063
286,286,5,"suppress-reputation","No social image returns","target_infeasible",NA,0.000327110290527344,144,0.179977114927371,552.905025297392,25.9167045495415,47.4020335534063
287,287,5,"suppress-reputation","No social image returns","target_infeasible",NA,0.000532865524291992,144,0.0304390712883533,552.905025297392,4.38322626552288,47.4020335534063
288,288,5,"suppress-reputation","No social image returns","target_infeasible",NA,0.000358104705810547,144,0.116534192874963,552.905025297392,16.7809237739947,47.4020335534063
289,289,5,"suppress-reputation","No social image returns","target_infeasible",NA,0.000325441360473633,144,0.183185159192625,552.905025297392,26.378662923738,47.4020335534063
290,290,5,"suppress-reputation","No social image returns","target_infeasible",NA,0.000339508056640625,144,0.20293123185252,552.905025297392,29.2220973867629,47.4020335534063
291,291,5,"suppress-reputation","No social image returns","target_infeasible",NA,0.000318765640258789,144,0.0510926810825557,552.905025297392,7.35734607588801,47.4020335534063
292,292,5,"suppress-reputation","No social image returns","target_infeasible",NA,0.000325679779052734,144,0.129564736130941,552.905025297392,18.6573220028555,47.4020335534063
293,293,5,"suppress-reputation","No social image returns","target_infeasible",NA,0.00053715705871582,144,0.121055507221401,552.905025297392,17.4319930398817,47.4020335534063
294,294,5,"suppress-reputation","No social image returns","target_infeasible",NA,0.000358819961547852,144,0.0776769292861252,552.905025297392,11.185477817202,47.4020335534063
295,295,5,"suppress-reputation","No social image returns","target_infeasible",NA,0.000338077545166016,144,0.0816563772769726,552.905025297392,11.7585183278841,47.4020335534063
296,296,5,"suppress-reputation","No social image returns","target_infeasible",NA,0.000344514846801758,144,0.154510493579429,552.905025297392,22.2495110754378,47.4020335534063
297,297,5,"suppress-reputation","No social image returns","target_infeasible",NA,0.000315189361572266,144,0.0852018917285657,552.905025297392,12.2690724089135,47.4020335534063
298,298,5,"suppress-reputation","No social image returns","target_infeasible",NA,0.000319004058837891,144,0.128426014039092,552.905025297392,18.4933460216293,47.4020335534063
299,299,5,"suppress-reputation","No social image returns","target_infeasible",NA,0.00052189826965332,144,0.0225937453368332,552.905025297392,3.25349932850398,47.4020335534063
300,300,5,"suppress-reputation","No social image returns","target_infeasible",NA,0.000400304794311523,144,0.0666458576371242,552.905025297392,9.59700349974589,47.4020335534063
301,301,5,"suppress-reputation","No social image returns","target_infeasible",NA,0.000348806381225586,144,0.154997315926344,552.905025297392,22.3196134933935,47.4020335534063
302,302,5,"suppress-reputation","No social image returns","target_infeasible",NA,0.000340461730957031,144,0.0890253367154484,552.905025297392,12.8196484870246,47.4020335534063
303,303,5,"suppress-reputation","No social image returns","target_infeasible",NA,0.000335454940795898,144,0.190295669797476,552.905025297392,27.4025764508366,47.4020335534063
304,304,5,"suppress-reputation","No social image returns","target_infeasible",NA,0.000334024429321289,144,0.153041580926809,552.905025297392,22.0379876534604,47.4020335534063
305,305,5,"suppress-reputation","No social image returns","complete",0,0.736082553863525,122,0.329863368966254,911.910268362371,47.5003251311406,47.4020335534063
306,306,5,"suppress-reputation","No social image returns","target_infeasible",NA,0.000405311584472656,144,0.144518744423412,552.905025297392,20.8106991969714,47.4020335534063
307,307,5,"suppress-reputation","No social image returns","target_infeasible",NA,0.00039362907409668,144,0.199593431694915,552.905025297392,28.7414541640677,47.4020335534063
308,308,5,"suppress-reputation","No social image returns","target_infeasible",NA,0.000413894653320312,144,0.218012730454561,552.905025297392,31.3938331854568,47.4020335534063
309,309,5,"suppress-reputation","No social image returns","target_infeasible",NA,0.000401973724365234,144,0.224225938921986,552.905025297392,32.288535204766,47.4020335534063
310,310,5,"suppress-reputation","No social image returns","target_infeasible",NA,0.000416278839111328,144,0.0171968604144371,552.905025297392,2.47634789967894,47.4020335534063
311,311,5,"suppress-reputation","No social image returns","target_infeasible",NA,0.000440597534179688,144,0.0923318090809909,552.905025297392,13.2957805076627,47.4020335534063
312,312,5,"suppress-reputation","No social image returns","target_infeasible",NA,0.00057220458984375,144,0.150498261069891,552.905025297392,21.6717495940643,47.4020335534063
313,313,5,"suppress-reputation","No social image returns","target_infeasible",NA,0.000401973724365234,144,0.00644937826069081,552.905025297392,0.928710469539477,47.4020335534063
314,314,5,"suppress-reputation","No social image returns","target_infeasible",NA,0.000336170196533203,144,0.113775974704927,552.905025297392,16.3837403575096,47.4020335534063
315,315,5,"suppress-reputation","No social image returns","target_infeasible",NA,0.000320672988891602,144,0.140933588325876,552.905025297392,20.2944367189261,47.4020335534063
316,316,5,"suppress-reputation","No social image returns","target_infeasible",NA,0.000303745269775391,144,0.0339515457744867,552.905025297392,4.88902259152609,47.4020335534063
317,317,5,"suppress-reputation","No social image returns","target_infeasible",NA,0.000300884246826172,144,0.014358616797872,552.905025297392,2.06764081889357,47.4020335534063
318,318,5,"suppress-reputation","No social image returns","complete",0,0.540019273757935,121,0.330104704760636,932.224281635759,47.5350774855316,47.4020335534063
319,319,5,"suppress-reputation","No social image returns","target_infeasible",NA,0.000597238540649414,144,0.0201684942565841,552.905025297392,2.90426317294811,47.4020335534063
320,320,5,"suppress-reputation","No social image returns","target_infeasible",NA,0.000395536422729492,144,0.0837719773902202,552.905025297392,12.0631647441917,47.4020335534063
321,321,5,"suppress-reputation","No social image returns","target_infeasible",NA,0.000410079956054688,144,0.16632921128083,552.905025297392,23.9514064244396,47.4020335534063
322,322,5,"suppress-reputation","No social image returns","target_infeasible",NA,0.000380516052246094,144,0.133198164042617,552.905025297392,19.1805356221369,47.4020335534063
323,323,5,"suppress-reputation","No social image returns","target_infeasible",NA,0.000365972518920898,144,0.0527451677010002,552.905025297392,7.59530414894404,47.4020335534063
324,324,5,"suppress-reputation","No social image returns","target_infeasible",NA,0.000418424606323242,144,0.116659433374459,552.905025297392,16.798958405922,47.4020335534063
325,325,5,"suppress-reputation","No social image returns","target_infeasible",NA,0.000795364379882812,144,0.0250298356973472,552.905025297392,3.60429634041799,47.4020335534063
326,326,5,"suppress-reputation","No social image returns","target_infeasible",NA,0.000405788421630859,144,0.115129604972798,552.905025297392,16.5786631160829,47.4020335534063
327,327,5,"suppress-reputation","No social image returns","target_infeasible",NA,0.000403165817260742,144,0.0863699314815211,552.905025297392,12.437270133339,47.4020335534063
328,328,5,"suppress-reputation","No social image returns","target_infeasible",NA,0.000348091125488281,144,0.0484618927247877,552.905025297392,6.97851255236943,47.4020335534063
329,329,5,"suppress-reputation","No social image returns","target_infeasible",NA,0.000298261642456055,144,0.0569206596323828,552.905025297392,8.19657498706313,47.4020335534063
330,330,5,"suppress-reputation","No social image returns","target_infeasible",NA,0.000299930572509766,144,0.0443613392973137,552.905025297392,6.38803285881317,47.4020335534063
331,331,5,"suppress-reputation","No social image returns","target_infeasible",NA,0.0002899169921875,144,0.0366697802295033,552.905025297392,5.28044835304847,47.4020335534063
332,332,5,"suppress-reputation","No social image returns","target_infeasible",NA,0.000451326370239258,144,0.0862766449802855,552.905025297392,12.4238368771611,47.4020335534063
333,333,5,"suppress-reputation","No social image returns","target_infeasible",NA,0.000341176986694336,144,0.0990877375832709,552.905025297392,14.268634211991,47.4020335534063
334,334,5,"suppress-reputation","No social image returns","target_infeasible",NA,0.000306129455566406,144,0.130966446855586,552.905025297392,18.8591683472044,47.4020335534063
335,335,5,"suppress-reputation","No social image returns","complete",0,0.48131799697876,116,0.3295811964216,1035.94999404358,47.4596922847104,47.4020335534063
336,336,5,"suppress-reputation","No social image returns","target_infeasible",NA,0.000547885894775391,144,0.0801775717942746,552.905025297392,11.5455703383755,47.4020335534063
337,337,5,"suppress-reputation","No social image returns","target_infeasible",NA,0.000645160675048828,144,0.0155919337974917,552.905025297392,2.2452384668388,47.4020335534063
338,338,5,"suppress-reputation","No social image returns","target_infeasible",NA,0.00043940544128418,144,0.0466889362664393,552.905025297392,6.72320682236727,47.4020335534063
339,339,5,"suppress-reputation","No social image returns","target_infeasible",NA,0.000457048416137695,144,0.0623528716855322,552.905025297392,8.97881352271664,47.4020335534063
340,340,5,"suppress-reputation","No social image returns","target_infeasible",NA,0.000474929809570312,144,0.0721612091307851,552.905025297392,10.391214114833,47.4020335534063
341,341,5,"suppress-reputation","No social image returns","target_infeasible",NA,0.000408649444580078,144,0.0956622441812001,552.905025297392,13.7753631620928,47.4020335534063
342,342,5,"suppress-reputation","No social image returns","target_infeasible",NA,0.000627040863037109,144,0.214813975769466,552.905025297392,30.933212510803,47.4020335534063
343,343,5,"suppress-reputation","No social image returns","target_infeasible",NA,0.000357866287231445,144,0.0261193789592791,552.905025297392,3.76119057013619,47.4020335534063
344,344,5,"suppress-reputation","No social image returns","target_infeasible",NA,0.000303030014038086,144,0.158518489837285,552.905025297392,22.826662536569,47.4020335534063
345,345,5,"suppress-reputation","No social image returns","target_infeasible",NA,0.000297069549560547,144,0.0464807986761308,552.905025297392,6.69323500936284,47.4020335534063
346,346,5,"suppress-reputation","No social image returns","target_infeasible",NA,0.000287055969238281,144,0.0731223960099411,552.905025297392,10.5296250254315,47.4020335534063
347,347,5,"suppress-reputation","No social image returns","target_infeasible",NA,0.000314474105834961,144,0.238586732644991,552.905025297392,34.3564895008787,47.4020335534063
348,348,5,"suppress-reputation","No social image returns","target_infeasible",NA,0.000321865081787109,144,0.0708479515467092,552.905025297392,10.2021050227261,47.4020335534063
349,349,5,"suppress-reputation","No social image returns","target_infeasible",NA,0.000473260879516602,144,0.157410783074554,552.905025297392,22.6671527627358,47.4020335534063
350,350,5,"suppress-reputation","No social image returns","target_infeasible",NA,0.000372648239135742,144,0.0617046140348324,552.905025297392,8.88546442101586,47.4020335534063
351,351,5,"suppress-reputation","No social image returns","target_infeasible",NA,0.000319242477416992,144,0.0661844438433355,552.905025297392,9.5305599134403,47.4020335534063
352,352,5,"suppress-reputation","No social image returns","target_infeasible",NA,0.000293970108032227,144,0.0245390386272273,552.905025297392,3.53362156232074,47.4020335534063
353,353,5,"suppress-reputation","No social image returns","target_infeasible",NA,0.000289678573608398,144,0.061840209123497,552.905025297392,8.90499011378357,47.4020335534063
354,354,5,"suppress-reputation","No social image returns","target_infeasible",NA,0.000303745269775391,144,0.00848495636073274,552.905025297392,1.22183371594552,47.4020335534063
355,355,5,"suppress-reputation","No social image returns","target_infeasible",NA,0.000455856323242188,144,0.148384638409816,552.905025297392,21.3673879310135,47.4020335534063
356,356,5,"suppress-reputation","No social image returns","target_infeasible",NA,0.000344753265380859,144,0.0146305997838796,552.905025297392,2.10680636887867,47.4020335534063
357,357,5,"suppress-reputation","No social image returns","target_infeasible",NA,0.000323295593261719,144,0.131662669503472,552.905025297392,18.9594244084999,47.4020335534063
358,358,5,"suppress-reputation","No social image returns","target_infeasible",NA,0.000300407409667969,144,0.0362640659865164,552.905025297392,5.22202550205836,47.4020335534063
359,359,5,"suppress-reputation","No social image returns","target_infeasible",NA,0.000310182571411133,144,0.123287188254614,552.905025297392,17.7533551086644,47.4020335534063
360,360,5,"suppress-reputation","No social image returns","target_infeasible",NA,0.000299930572509766,144,0.092111963688579,552.905025297392,13.2641227711554,47.4020335534063
361,361,5,"suppress-reputation","No social image returns","target_infeasible",NA,0.000296354293823242,144,0.129588280031703,552.905025297392,18.6607123245653,47.4020335534063
362,362,5,"suppress-reputation","No social image returns","target_infeasible",NA,0.000452995300292969,144,0.02815252435994,552.905025297392,4.05396350783136,47.4020335534063
363,363,5,"suppress-reputation","No social image returns","target_infeasible",NA,0.000338315963745117,144,0.0372250156419442,552.905025297392,5.36040225243997,47.4020335534063
364,364,5,"suppress-reputation","No social image returns","target_infeasible",NA,0.000315666198730469,144,0.218503122562659,552.905025297392,31.4644496490229,47.4020335534063
365,365,5,"suppress-reputation","No social image returns","target_infeasible",NA,0.000300407409667969,144,0.0168108441443001,552.905025297392,2.42076155677921,47.4020335534063
366,366,5,"suppress-reputation","No social image returns","target_infeasible",NA,0.000285148620605469,144,0.145007257576336,552.905025297392,20.8810450909924,47.4020335534063
367,367,5,"suppress-reputation","No social image returns","target_infeasible",NA,0.000296354293823242,144,0.248248026824155,552.905025297392,35.7477158626784,47.4020335534063
368,368,5,"suppress-reputation","No social image returns","target_infeasible",NA,0.000301837921142578,144,0.218573482243644,552.905025297392,31.4745814430847,47.4020335534063
369,369,5,"suppress-reputation","No social image returns","target_infeasible",NA,0.00042414665222168,144,0.0263993551414993,552.905025297392,3.8015071403759,47.4020335534063
370,370,5,"suppress-reputation","No social image returns","target_infeasible",NA,0.000367641448974609,144,0.0401263299631625,552.905025297392,5.77819151469541,47.4020335534063
371,371,5,"suppress-reputation","No social image returns","target_infeasible",NA,0.000308752059936523,144,0.0793015709134472,552.905025297392,11.4194262115364,47.4020335534063
372,372,5,"suppress-reputation","No social image returns","target_infeasible",NA,0.000293970108032227,144,0.207133457976043,552.905025297392,29.8272179485502,47.4020335534063
373,373,5,"suppress-reputation","No social image returns","target_infeasible",NA,0.000284194946289062,144,0.284700232312025,552.905025297392,40.9968334529317,47.4020335534063
374,374,5,"suppress-reputation","No social image returns","target_infeasible",NA,0.000290632247924805,144,0.0896902843270532,552.905025297392,12.9154009430957,47.4020335534063
375,375,5,"suppress-reputation","No social image returns","target_infeasible",NA,0.000461339950561523,144,0.0539468764913954,552.905025297392,7.76835021476094,47.4020335534063
376,376,5,"suppress-reputation","No social image returns","target_infeasible",NA,0.000322580337524414,144,0.0468984027648223,552.905025297392,6.75336999813441,47.4020335534063
377,377,5,"suppress-reputation","No social image returns","target_infeasible",NA,0.000290632247924805,144,0.0776789751238291,552.905025297392,11.1857724178314,47.4020335534063
378,378,5,"suppress-reputation","No social image returns","target_infeasible",NA,0.000293254852294922,144,0.00371235720827515,552.905025297392,0.534579437991622,47.4020335534063
379,379,5,"suppress-reputation","No social image returns","target_infeasible",NA,0.000285148620605469,144,0.0533039464009255,552.905025297392,7.67576828173328,47.4020335534063
380,380,5,"suppress-reputation","No social image returns","target_infeasible",NA,0.000295877456665039,144,0.181049004208787,552.905025297392,26.0710566060653,47.4020335534063
381,381,5,"suppress-reputation","No social image returns","target_infeasible",NA,0.000301122665405273,144,0.141857125533174,552.905025297392,20.4274260767771,47.4020335534063
382,382,5,"suppress-reputation","No social image returns","target_infeasible",NA,0.00045323371887207,144,0.263287090670868,552.905025297392,37.9133410566049,47.4020335534063
383,383,5,"suppress-reputation","No social image returns","target_infeasible",NA,0.000334978103637695,144,0.0190288346833329,552.905025297392,2.74015219439994,47.4020335534063
384,384,5,"suppress-reputation","No social image returns","target_infeasible",NA,0.000296115875244141,144,0.0628762303308629,552.905025297392,9.05417716764426,47.4020335534063
385,385,5,"suppress-reputation","No social image returns","target_infeasible",NA,0.000292301177978516,144,0.0808926101668353,552.905025297392,11.6485358640243,47.4020335534063
386,386,5,"suppress-reputation","No social image returns","target_infeasible",NA,0.000293493270874023,144,0.120780868683749,552.905025297392,17.3924450904598,47.4020335534063
387,387,5,"suppress-reputation","No social image returns","target_infeasible",NA,0.000280380249023438,144,0.260104458451399,552.905025297392,37.4550420170015,47.4020335534063
388,388,5,"suppress-reputation","No social image returns","target_infeasible",NA,0.000443935394287109,144,0.160645222880959,552.905025297392,23.1329120948581,47.4020335534063
389,389,5,"suppress-reputation","No social image returns","target_infeasible",NA,0.000334978103637695,144,0.0215569633098155,552.905025297392,3.10420271661344,47.4020335534063
390,390,5,"suppress-reputation","No social image returns","target_infeasible",NA,0.000308513641357422,144,0.118803275117882,552.905025297392,17.107671616975,47.4020335534063
391,391,5,"suppress-reputation","No social image returns","target_infeasible",NA,0.00030064582824707,144,0.0927086916633344,552.905025297392,13.3500515995202,47.4020335534063
392,392,5,"suppress-reputation","No social image returns","target_infeasible",NA,0.000288963317871094,144,0.0439452176612933,552.905025297392,6.32811134322624,47.4020335534063
393,393,5,"suppress-reputation","No social image returns","target_infeasible",NA,0.000288724899291992,144,0.0771467026950778,552.905025297392,11.1091251880912,47.4020335534063
394,394,5,"suppress-reputation","No social image returns","target_infeasible",NA,0.000283479690551758,144,0.0445592560948152,552.905025297392,6.41653287765339,47.4020335534063
395,395,5,"suppress-reputation","No social image returns","target_infeasible",NA,0.000404596328735352,144,0.0494285010963231,552.905025297392,7.11770415787052,47.4020335534063
396,396,5,"suppress-reputation","No social image returns","target_infeasible",NA,0.000341415405273438,144,0.116002813925744,552.905025297392,16.7044052053071,47.4020335534063
397,397,5,"suppress-reputation","No social image returns","target_infeasible",NA,0.000308752059936523,144,0.214051394629728,552.905025297392,30.8234008266808,47.4020335534063
398,398,5,"suppress-reputation","No social image returns","target_infeasible",NA,0.00029301643371582,144,0.268520284757172,552.905025297392,38.6669210050328,47.4020335534063
399,399,5,"suppress-reputation","No social image returns","target_infeasible",NA,0.000276327133178711,144,0.103255315817823,552.905025297392,14.8687654777665,47.4020335534063
400,400,5,"suppress-reputation","No social image returns","target_infeasible",NA,0.00027775764465332,144,0.1768274342897,552.905025297392,25.4631505377168,47.4020335534063
401,401,5,"suppress-reputation","No social image returns","target_infeasible",NA,0.00046992301940918,144,0.0157124791651762,552.905025297392,2.26259699978538,47.4020335534063
402,402,5,"suppress-reputation","No social image returns","target_infeasible",NA,0.000343561172485352,144,0.0501786706665316,552.905025297392,7.22572857598055,47.4020335534063
403,403,5,"suppress-reputation","No social image returns","target_infeasible",NA,0.000309944152832031,144,0.293486112783743,552.905025297392,42.262000240859,47.4020335534063
404,404,5,"suppress-reputation","No social image returns","target_infeasible",NA,0.000299215316772461,144,0.0790182767282573,552.905025297392,11.3786318488691,47.4020335534063
405,405,5,"suppress-reputation","No social image returns","target_infeasible",NA,0.000279426574707031,144,0.117791935767619,552.905025297392,16.9620387505372,47.4020335534063
406,406,5,"suppress-reputation","No social image returns","target_infeasible",NA,0.000273942947387695,144,0.309197422809322,552.905025297392,44.5244288845423,47.4020335534063
407,407,5,"suppress-reputation","No social image returns","target_infeasible",NA,0.0004119873046875,144,0.0274239450139464,552.905025297392,3.94904808200828,47.4020335534063
408,408,5,"suppress-reputation","No social image returns","target_infeasible",NA,0.000341176986694336,144,0.0781862081676267,552.905025297392,11.2588139761382,47.4020335534063
409,409,5,"suppress-reputation","No social image returns","target_infeasible",NA,0.000308513641357422,144,0.133487117103419,552.905025297392,19.2221448628923,47.4020335534063
410,410,5,"suppress-reputation","No social image returns","target_infeasible",NA,0.000288486480712891,144,0.0699261037796283,552.905025297392,10.0693589442665,47.4020335534063
411,411,5,"suppress-reputation","No social image returns","target_infeasible",NA,0.00027012825012207,144,0.0376155277702896,552.905025297392,5.4166359989217,47.4020335534063
412,412,5,"suppress-reputation","No social image returns","target_infeasible",NA,0.000280380249023438,144,0.112950517909225,552.905025297392,16.2648745789285,47.4020335534063
413,413,5,"suppress-reputation","No social image returns","target_infeasible",NA,0.000303745269775391,144,0.0262621947489578,552.905025297392,3.78175604384992,47.4020335534063
414,414,5,"suppress-reputation","No social image returns","target_infeasible",NA,0.000463724136352539,144,0.257642379003074,552.905025297392,37.1005025764426,47.4020335534063
415,415,5,"suppress-reputation","No social image returns","target_infeasible",NA,0.000352621078491211,144,0.0646827701191492,552.905025297392,9.31431889715748,47.4020335534063
416,416,5,"suppress-reputation","No social image returns","target_infeasible",NA,0.000297784805297852,144,0.153478280779962,552.905025297392,22.1008724323145,47.4020335534063
417,417,5,"suppress-reputation","No social image returns","target_infeasible",NA,0.000303983688354492,144,0.0543607499574078,552.905025297392,7.82794799386672,47.4020335534063
418,418,5,"suppress-reputation","No social image returns","target_infeasible",NA,0.000280618667602539,144,0.211427211110786,552.905025297392,30.4455183999532,47.4020335534063
419,419,5,"suppress-reputation","No social image returns","target_infeasible",NA,0.000278472900390625,144,0.282900022318682,552.905025297392,40.7376032138902,47.4020335534063
420,420,5,"suppress-reputation","No social image returns","target_infeasible",NA,0.000411748886108398,144,0.0168077686881455,552.905025297392,2.42031869109295,47.4020335534063
421,421,5,"suppress-reputation","No social image returns","target_infeasible",NA,0.000338077545166016,144,0.0517662795051628,552.905025297392,7.45434424874344,47.4020335534063
422,422,5,"suppress-reputation","No social image returns","target_infeasible",NA,0.000298023223876953,144,0.0225574225341481,552.905025297392,3.24826884491732,47.4020335534063
423,423,5,"suppress-reputation","No social image returns","target_infeasible",NA,0.000296831130981445,144,0.212687984366006,552.905025297392,30.6270697487049,47.4020335534063
424,424,5,"suppress-reputation","No social image returns","target_infeasible",NA,0.000297069549560547,144,0.0985495853013404,552.905025297392,14.191140283393,47.4020335534063
425,425,5,"suppress-reputation","No social image returns","target_infeasible",NA,0.000289678573608398,144,0.0194063438885415,552.905025297392,2.79451351994998,47.4020335534063
426,426,5,"suppress-reputation","No social image returns","target_infeasible",NA,0.000458717346191406,144,0.196897761036264,552.905025297392,28.3532775892221,47.4020335534063
427,427,5,"suppress-reputation","No social image returns","target_infeasible",NA,0.000337600708007812,144,0.0714048165078845,552.905025297392,10.2822935771354,47.4020335534063
428,428,5,"suppress-reputation","No social image returns","target_infeasible",NA,0.000292778015136719,144,0.230767513051501,552.905025297392,33.2305218794161,47.4020335534063
429,429,5,"suppress-reputation","No social image returns","target_infeasible",NA,0.000295877456665039,144,0.0928925891171519,552.905025297392,13.3765328328699,47.4020335534063
430,430,5,"suppress-reputation","No social image returns","target_infeasible",NA,0.000278234481811523,144,0.169473597786106,552.905025297392,24.4041980811993,47.4020335534063
431,431,5,"suppress-reputation","No social image returns","target_infeasible",NA,0.000283241271972656,144,0.054085345729768,552.905025297392,7.78828978508659,47.4020335534063
432,432,5,"suppress-reputation","No social image returns","target_infeasible",NA,0.00040888786315918,144,0.27434815482042,552.905025297392,39.5061342941405,47.4020335534063
433,433,5,"suppress-reputation","No social image returns","target_infeasible",NA,0.000329732894897461,144,0.0248625498163854,552.905025297392,3.5802071735595,47.4020335534063
434,434,5,"suppress-reputation","No social image returns","target_infeasible",NA,0.000314474105834961,144,0.157685338865271,552.905025297392,22.7066887965991,47.4020335534063
435,435,5,"suppress-reputation","No social image returns","target_infeasible",NA,0.000319480895996094,144,0.0904873122586679,552.905025297392,13.0301729652482,47.4020335534063
436,436,5,"suppress-reputation","No social image returns","target_infeasible",NA,0.000306844711303711,144,0.0384243848767162,552.905025297392,5.53311142224714,47.4020335534063
437,437,5,"suppress-reputation","No social image returns","target_infeasible",NA,0.000309467315673828,144,0.19528594798017,552.905025297392,28.1211765091445,47.4020335534063
438,438,5,"suppress-reputation","No social image returns","target_infeasible",NA,0.000472784042358398,144,0.0110945828587512,552.905025297392,1.59761993166018,47.4020335534063
439,439,5,"suppress-reputation","No social image returns","target_infeasible",NA,0.000334501266479492,144,0.161223732448996,552.905025297392,23.2162174726554,47.4020335534063
440,440,5,"suppress-reputation","No social image returns","target_infeasible",NA,0.000301361083984375,144,0.0251122026889653,552.905025297392,3.61615718721101,47.4020335534063
441,441,5,"suppress-reputation","No social image returns","target_infeasible",NA,0.000304222106933594,144,0.023659541050198,552.905025297392,3.40697391122852,47.4020335534063
442,442,5,"suppress-reputation","No social image returns","target_infeasible",NA,0.000274896621704102,144,0.0270718227329202,552.905025297392,3.89834247354051,47.4020335534063
443,443,5,"suppress-reputation","No social image returns","target_infeasible",NA,0.000301599502563477,144,0.264517430952765,552.905025297392,38.0905100571981,47.4020335534063
444,444,5,"suppress-reputation","No social image returns","target_infeasible",NA,0.000399351119995117,144,0.113758626517618,552.905025297392,16.381242218537,47.4020335534063
445,445,5,"suppress-reputation","No social image returns","complete",0,0.865041494369507,101,0.329207293483414,1362.9785195578,47.4058502616116,47.4020335534063
446,446,5,"suppress-reputation","No social image returns","target_infeasible",NA,0.000459194183349609,144,0.287944084972272,552.905025297392,41.4639482360071,47.4020335534063
447,447,5,"suppress-reputation","No social image returns","target_infeasible",NA,0.000438213348388672,144,0.00595103218844256,552.905025297392,0.856948635135729,47.4020335534063
448,448,5,"suppress-reputation","No social image returns","target_infeasible",NA,0.000505447387695312,144,0.0567741005364887,552.905025297392,8.17547047725438,47.4020335534063
449,449,5,"suppress-reputation","No social image returns","target_infeasible",NA,0.000471353530883789,144,0.22037945376338,552.905025297392,31.7346413419267,47.4020335534063
450,450,5,"suppress-reputation","No social image returns","target_infeasible",NA,0.000426530838012695,144,0.0499446832935458,552.905025297392,7.19203439427059,47.4020335534063
451,451,5,"suppress-reputation","No social image returns","target_infeasible",NA,0.000604391098022461,144,0.0361178867291669,552.905025297392,5.20097568900003,47.4020335534063
452,452,5,"suppress-reputation","No social image returns","target_infeasible",NA,0.0004119873046875,144,0.11303915357814,552.905025297392,16.2776381152522,47.4020335534063
453,453,5,"suppress-reputation","No social image returns","target_infeasible",NA,0.000355243682861328,144,0.077265619725427,552.905025297392,11.1262492404615,47.4020335534063
454,454,5,"suppress-reputation","No social image returns","target_infeasible",NA,0.000351428985595703,144,0.169653642818968,552.905025297392,24.4301245659313,47.4020335534063
455,455,5,"suppress-reputation","No social image returns","target_infeasible",NA,0.00030827522277832,144,0.246696897225075,552.905025297392,35.5243532004108,47.4020335534063
456,456,5,"suppress-reputation","No social image returns","target_infeasible",NA,0.000340700149536133,144,0.0844269438550516,552.905025297392,12.1574799151274,47.4020335534063
457,457,5,"suppress-reputation","No social image returns","target_infeasible",NA,0.000334262847900391,144,0.0390030021847433,552.905025297392,5.61643231460303,47.4020335534063
458,458,5,"suppress-reputation","No social image returns","target_infeasible",NA,0.000358343124389648,144,0.263099336265375,552.905025297392,37.886304422214,47.4020335534063
459,459,5,"suppress-reputation","No social image returns","target_infeasible",NA,0.000329256057739258,144,0.0786754683734128,552.905025297392,11.3292674457714,47.4020335534063
460,460,5,"suppress-reputation","No social image returns","target_infeasible",NA,0.000308752059936523,144,0.0595387563048857,552.905025297392,8.57358090790354,47.4020335534063
461,461,5,"suppress-reputation","No social image returns","target_infeasible",NA,0.000308990478515625,144,0.0105680018825669,552.905025297392,1.52179227108963,47.4020335534063
462,462,5,"suppress-reputation","No social image returns","target_infeasible",NA,0.00035405158996582,144,0.00928337230026214,552.905025297392,1.33680561123775,47.4020335534063
463,463,5,"suppress-reputation","No social image returns","target_infeasible",NA,0.000289678573608398,144,0.00382572754183175,552.905025297392,0.550904766023772,47.4020335534063
464,464,5,"suppress-reputation","No social image returns","target_infeasible",NA,0.000286102294921875,144,0.0041095790465502,552.905025297392,0.591779382703229,47.4020335534063
465,465,5,"suppress-reputation","No social image returns","target_infeasible",NA,0.000278472900390625,144,0.162835073579557,552.905025297392,23.4482505954562,47.4020335534063
466,466,5,"suppress-reputation","No social image returns","target_infeasible",NA,0.000282526016235352,144,0.111696283959191,552.905025297392,16.0842648901235,47.4020335534063
467,467,5,"suppress-reputation","No social image returns","target_infeasible",NA,0.000324249267578125,144,0.0747916060026872,552.905025297392,10.769991264387,47.4020335534063
468,468,5,"suppress-reputation","No social image returns","target_infeasible",NA,0.000269651412963867,144,0.00946757599594934,552.905025297392,1.3633309434167,47.4020335534063
469,469,5,"suppress-reputation","No social image returns","target_infeasible",NA,0.000280857086181641,144,0.0754125117187293,552.905025297392,10.859401687497,47.4020335534063
470,470,5,"suppress-reputation","No social image returns","target_infeasible",NA,0.00028681755065918,144,0.0729256876668541,552.905025297392,10.501299024027,47.4020335534063
471,471,5,"suppress-reputation","No social image returns","target_infeasible",NA,0.000294208526611328,144,0.0066130584616005,552.905025297392,0.952280418470472,47.4020335534063
472,472,5,"suppress-reputation","No social image returns","target_infeasible",NA,0.000323057174682617,144,0.0257848905064698,552.905025297392,3.71302423293165,47.4020335534063
473,473,5,"suppress-reputation","No social image returns","target_infeasible",NA,0.000277519226074219,144,0.0407281986086874,552.905025297392,5.86486059965098,47.4020335534063
474,474,5,"suppress-reputation","No social image returns","target_infeasible",NA,0.000283002853393555,144,0.0100043157901472,552.905025297392,1.4406214737812,47.4020335534063
475,475,5,"suppress-reputation","No social image returns","target_infeasible",NA,0.000280857086181641,144,0.220581012349695,552.905025297392,31.7636657783561,47.4020335534063
476,476,5,"suppress-reputation","No social image returns","target_infeasible",NA,0.000285625457763672,144,0.018404424194071,552.905025297392,2.65023708394623,47.4020335534063
477,477,5,"suppress-reputation","No social image returns","target_infeasible",NA,0.000310420989990234,144,0.19382443951685,552.905025297392,27.9107192904263,47.4020335534063
478,478,5,"suppress-reputation","No social image returns","target_infeasible",NA,0.000272989273071289,144,0.0548281528232159,552.905025297392,7.89525400654308,47.4020335534063
479,479,5,"suppress-reputation","No social image returns","target_infeasible",NA,0.000268697738647461,144,0.148101021844308,552.905025297392,21.3265471455804,47.4020335534063
480,480,5,"suppress-reputation","No social image returns","target_infeasible",NA,0.000272989273071289,144,0.0112824177525177,552.905025297392,1.62466815636255,47.4020335534063
481,481,5,"suppress-reputation","No social image returns","target_infeasible",NA,0.000293970108032227,144,0.13711910277286,552.905025297392,19.7451507992918,47.4020335534063
482,482,5,"suppress-reputation","No social image returns","target_infeasible",NA,0.000273704528808594,144,0.115223146584561,552.905025297392,16.5921331081767,47.4020335534063
483,483,5,"suppress-reputation","No social image returns","target_infeasible",NA,0.000263690948486328,144,0.0251805497299249,552.905025297392,3.62599916110919,47.4020335534063
484,484,5,"suppress-reputation","No social image returns","target_infeasible",NA,0.000268936157226562,144,0.0367776047464344,552.905025297392,5.29597508348655,47.4020335534063
485,485,5,"suppress-reputation","No social image returns","target_infeasible",NA,0.000276803970336914,144,0.0969883783201912,552.905025297392,13.9663264781075,47.4020335534063
486,486,5,"suppress-reputation","No social image returns","target_infeasible",NA,0.000287771224975586,144,0.055173371483172,552.905025297392,7.94496549357677,47.4020335534063
487,487,5,"suppress-reputation","No social image returns","target_infeasible",NA,0.000308752059936523,144,0.183959618224596,552.905025297392,26.4901850243418,47.4020335534063
488,488,5,"suppress-reputation","No social image returns","target_infeasible",NA,0.00027012825012207,144,0.222533362197876,552.905025297392,32.0448041564941,47.4020335534063
489,489,5,"suppress-reputation","No social image returns","target_infeasible",NA,0.000278472900390625,144,0.220694547254648,552.905025297392,31.7800148046693,47.4020335534063
490,490,5,"suppress-reputation","No social image returns","target_infeasible",NA,0.000273466110229492,144,0.0697034774927021,552.905025297392,10.0373007589491,47.4020335534063
491,491,5,"suppress-reputation","No social image returns","target_infeasible",NA,0.000301122665405273,144,0.00456278857233934,552.905025297392,0.657041554416865,47.4020335534063
492,492,5,"suppress-reputation","No social image returns","target_infeasible",NA,0.00027012825012207,144,0.0343165933834776,552.905025297392,4.94158944722078,47.4020335534063
493,493,5,"suppress-reputation","No social image returns","target_infeasible",NA,0.000273942947387695,144,0.0319732860081969,552.905025297392,4.60415318518035,47.4020335534063
494,494,5,"suppress-reputation","No social image returns","target_infeasible",NA,0.00027155876159668,144,0.0611911683627083,552.905025297392,8.81152824422999,47.4020335534063
495,495,5,"suppress-reputation","No social image returns","target_infeasible",NA,0.000284194946289062,144,0.016448269457216,552.905025297392,2.36855080183911,47.4020335534063
496,496,5,"suppress-reputation","No social image returns","target_infeasible",NA,0.000312566757202148,144,0.168319086093721,552.905025297392,24.2379483974958,47.4020335534063
497,497,5,"suppress-reputation","No social image returns","target_infeasible",NA,0.000268459320068359,144,0.0794029557242626,552.905025297392,11.4340256242938,47.4020335534063
498,498,5,"suppress-reputation","No social image returns","target_infeasible",NA,0.000263214111328125,144,0.047052626501997,552.905025297392,6.77557821628757,47.4020335534063
499,499,5,"suppress-reputation","No social image returns","target_infeasible",NA,0.00027012825012207,144,0.155298362181531,552.905025297392,22.3629641541404,47.4020335534063
500,500,5,"suppress-reputation","No social image returns","target_infeasible",NA,0.00027918815612793,144,0.097262641107558,552.905025297392,14.0058203194884,47.4020335534063
501,501,5,"suppress-reputation","No social image returns","target_infeasible",NA,0.000315666198730469,144,0.140542009433866,552.905025297392,20.2380493584766,47.4020335534063
502,502,5,"suppress-reputation","No social image returns","target_infeasible",NA,0.000267744064331055,144,0.108825218487284,552.905025297392,15.6708314621689,47.4020335534063
503,503,5,"suppress-reputation","No social image returns","target_infeasible",NA,0.000288009643554688,144,0.0820572030888976,552.905025297392,11.8162372448013,47.4020335534063
504,504,5,"suppress-reputation","No social image returns","target_infeasible",NA,0.000282764434814453,144,0.00710386490640393,552.905025297392,1.02295654652217,47.4020335534063
505,505,5,"suppress-reputation","No social image returns","target_infeasible",NA,0.000269412994384766,144,0.223787690620472,552.905025297392,32.2254274493479,47.4020335534063
506,506,5,"suppress-reputation","No social image returns","target_infeasible",NA,0.000264167785644531,144,0.152075913304112,552.905025297392,21.8989315157921,47.4020335534063
507,507,5,"suppress-reputation","No social image returns","target_infeasible",NA,0.000273942947387695,144,0.121068173015304,552.905025297392,17.4338169142038,47.4020335534063
508,508,5,"suppress-reputation","No social image returns","target_infeasible",NA,0.00027155876159668,144,0.0121096252083061,552.905025297392,1.74378602999608,47.4020335534063
509,509,5,"suppress-reputation","No social image returns","target_infeasible",NA,0.000277519226074219,144,0.139286445788745,552.905025297392,20.0572481935793,47.4020335534063
510,510,5,"suppress-reputation","No social image returns","target_infeasible",NA,0.000269889831542969,144,0.0645024016362803,552.905025297392,9.28834583562436,47.4020335534063
511,511,5,"suppress-reputation","No social image returns","target_infeasible",NA,0.000272512435913086,144,0.0203390646988004,552.905025297392,2.92882531662726,47.4020335534063
512,512,5,"suppress-reputation","No social image returns","target_infeasible",NA,0.000266313552856445,144,0.053216889588747,552.905025297392,7.66323210077957,47.4020335534063
513,513,5,"suppress-reputation","No social image returns","target_infeasible",NA,0.000267505645751953,144,0.100164663191436,552.905025297392,14.4237114995668,47.4020335534063
514,514,5,"suppress-reputation","No social image returns","target_infeasible",NA,0.000310897827148438,144,0.0944301883760662,552.905025297392,13.5979471261535,47.4020335534063
515,515,5,"suppress-reputation","No social image returns","target_infeasible",NA,0.000275850296020508,144,0.165238903970254,552.905025297392,23.7944021717165,47.4020335534063
516,516,5,"suppress-reputation","No social image returns","target_infeasible",NA,0.000272989273071289,144,0.097331525319119,552.905025297392,14.0157396459531,47.4020335534063
517,517,5,"suppress-reputation","No social image returns","target_infeasible",NA,0.000281572341918945,144,0.0354588084573863,552.905025297392,5.10606841786363,47.4020335534063
518,518,5,"suppress-reputation","No social image returns","target_infeasible",NA,0.000312566757202148,144,0.165828330324286,552.905025297392,23.8792795666972,47.4020335534063
519,519,5,"suppress-reputation","No social image returns","target_infeasible",NA,0.000277280807495117,144,0.14353565071334,552.905025297392,20.6691337027209,47.4020335534063
520,520,5,"suppress-reputation","No social image returns","target_infeasible",NA,0.000263214111328125,144,0.161619935562674,552.905025297392,23.2732707210251,47.4020335534063
521,521,5,"suppress-reputation","No social image returns","target_infeasible",NA,0.000277996063232422,144,0.0808077246652533,552.905025297392,11.6363123517965,47.4020335534063
522,522,5,"suppress-reputation","No social image returns","target_infeasible",NA,0.000306844711303711,144,0.114583343049903,552.905025297392,16.500001399186,47.4020335534063
523,523,5,"suppress-reputation","No social image returns","target_infeasible",NA,0.00026392936706543,144,0.239484779156773,552.905025297392,34.4858081985754,47.4020335534063
524,524,5,"suppress-reputation","No social image returns","target_infeasible",NA,0.000265121459960938,144,0.1978420028657,552.905025297392,28.4892484126608,47.4020335534063
525,525,5,"suppress-reputation","No social image returns","target_infeasible",NA,0.000267505645751953,144,0.0109472462122575,552.905025297392,1.57640345456508,47.4020335534063
526,526,5,"suppress-reputation","No social image returns","target_infeasible",NA,0.000288009643554688,144,0.0243780990368058,552.905025297392,3.51044626130004,47.4020335534063
527,527,5,"suppress-reputation","No social image returns","target_infeasible",NA,0.000268459320068359,144,0.157919838117257,552.905025297392,22.740456688885,47.4020335534063
528,528,5,"suppress-reputation","No social image returns","target_infeasible",NA,0.000265359878540039,144,0.091850307001402,552.905025297392,13.2264442082019,47.4020335534063
529,529,5,"suppress-reputation","No social image returns","target_infeasible",NA,0.00027012825012207,144,0.0246186663210602,552.905025297392,3.54508795023267,47.4020335534063
530,530,5,"suppress-reputation","No social image returns","target_infeasible",NA,0.000299215316772461,144,0.100313145183322,552.905025297392,14.4450929063984,47.4020335534063
531,531,5,"suppress-reputation","No social image returns","target_infeasible",NA,0.000302553176879883,144,0.118540491141291,552.905025297392,17.0698307243458,47.4020335534063
532,532,5,"suppress-reputation","No social image returns","target_infeasible",NA,0.000298023223876953,144,0.130896529653139,552.905025297392,18.849100270052,47.4020335534063
533,533,5,"suppress-reputation","No social image returns","target_infeasible",NA,0.000280857086181641,144,0.0890779143787242,552.905025297392,12.8272196705363,47.4020335534063
534,534,5,"suppress-reputation","No social image returns","target_infeasible",NA,0.000289201736450195,144,0.217731026922394,552.905025297392,31.3532678768248,47.4020335534063
535,535,5,"suppress-reputation","No social image returns","target_infeasible",NA,0.000312089920043945,144,0.165863606533307,552.905025297392,23.8843593407962,47.4020335534063
536,536,5,"suppress-reputation","No social image returns","target_infeasible",NA,0.000297307968139648,144,0.0520015441301463,552.905025297392,7.48822235474107,47.4020335534063
537,537,5,"suppress-reputation","No social image returns","target_infeasible",NA,0.000313520431518555,144,0.0407405245194819,552.905025297392,5.86663553080539,47.4020335534063
538,538,5,"suppress-reputation","No social image returns","target_infeasible",NA,0.00031733512878418,144,0.126607296608732,552.905025297392,18.2314507116574,47.4020335534063
539,539,5,"suppress-reputation","No social image returns","target_infeasible",NA,0.000317096710205078,144,0.0543098002326323,552.905025297392,7.82061123349904,47.4020335534063
540,540,5,"suppress-reputation","No social image returns","target_infeasible",NA,0.000282049179077148,144,0.0461437285783191,552.905025297392,6.64469691527795,47.4020335534063
541,541,5,"suppress-reputation","No social image returns","target_infeasible",NA,0.000281095504760742,144,0.12654990099565,552.905025297392,18.2231857433736,47.4020335534063
542,542,5,"suppress-reputation","No social image returns","target_infeasible",NA,0.000302791595458984,144,0.0734302791578169,552.905025297392,10.5739601987256,47.4020335534063
543,543,5,"suppress-reputation","No social image returns","target_infeasible",NA,0.000274419784545898,144,0.0342700869387597,552.905025297392,4.93489251918139,47.4020335534063
544,544,5,"suppress-reputation","No social image returns","target_infeasible",NA,0.00028228759765625,144,0.284006082215323,552.905025297392,40.8968758390065,47.4020335534063
545,545,5,"suppress-reputation","No social image returns","target_infeasible",NA,0.000303030014038086,144,0.14177364439001,552.905025297392,20.4154047921615,47.4020335534063
546,546,5,"suppress-reputation","No social image returns","target_infeasible",NA,0.000332117080688477,144,0.0552064467363493,552.905025297392,7.94972833003429,47.4020335534063
547,547,5,"suppress-reputation","No social image returns","target_infeasible",NA,0.000295877456665039,144,0.148794381499508,552.905025297392,21.4263909359292,47.4020335534063
548,548,5,"suppress-reputation","No social image returns","target_infeasible",NA,0.000305414199829102,144,0.137667715770026,552.905025297392,19.8241510708838,47.4020335534063
549,549,5,"suppress-reputation","No social image returns","target_infeasible",NA,0.000325202941894531,144,0.18490343481453,552.905025297392,26.6260946132924,47.4020335534063
550,550,5,"suppress-reputation","No social image returns","target_infeasible",NA,0.000379323959350586,144,0.137384576424271,552.905025297392,19.783379005095,47.4020335534063
551,551,5,"suppress-reputation","No social image returns","target_infeasible",NA,0.000296115875244141,144,0.158843948848522,552.905025297392,22.8735286341872,47.4020335534063
552,552,5,"suppress-reputation","No social image returns","target_infeasible",NA,0.000301361083984375,144,0.196181746802395,552.905025297392,28.2501715395449,47.4020335534063
553,553,5,"suppress-reputation","No social image returns","target_infeasible",NA,0.000297069549560547,144,0.15337915424992,552.905025297392,22.0865982119885,47.4020335534063
554,554,5,"suppress-reputation","No social image returns","target_infeasible",NA,0.000301122665405273,144,0.165691255920074,552.905025297392,23.8595408524906,47.4020335534063
555,555,5,"suppress-reputation","No social image returns","target_infeasible",NA,0.000322818756103516,144,0.044683122144073,552.905025297392,6.43436958874651,47.4020335534063
556,556,5,"suppress-reputation","No social image returns","target_infeasible",NA,0.000306129455566406,144,0.244854089796538,552.905025297392,35.2589889307014,47.4020335534063
557,557,5,"suppress-reputation","No social image returns","target_infeasible",NA,0.000307559967041016,144,0.0250445673967897,552.905025297392,3.60641770513771,47.4020335534063
558,558,5,"suppress-reputation","No social image returns","target_infeasible",NA,0.000308513641357422,144,0.0261030605743687,552.905025297392,3.75884072270909,47.4020335534063
559,559,5,"suppress-reputation","No social image returns","target_infeasible",NA,0.000311613082885742,144,0.195835360856127,552.905025297392,28.2002919632823,47.4020335534063
560,560,5,"suppress-reputation","No social image returns","target_infeasible",NA,0.000381946563720703,144,0.0478353035800474,552.905025297392,6.88828371552682,47.4020335534063
561,561,5,"suppress-reputation","No social image returns","target_infeasible",NA,0.000302553176879883,144,0.0296854409657394,552.905025297392,4.27470349906648,47.4020335534063
562,562,5,"suppress-reputation","No social image returns","target_infeasible",NA,0.000315189361572266,144,0.193799767960002,552.905025297392,27.9071665862403,47.4020335534063
563,563,5,"suppress-reputation","No social image returns","target_infeasible",NA,0.000312089920043945,144,0.147749369973742,552.905025297392,21.2759092762188,47.4020335534063
564,564,5,"suppress-reputation","No social image returns","target_infeasible",NA,0.000299692153930664,144,0.0580488713935485,552.905025297392,8.35903748067099,47.4020335534063
565,565,5,"suppress-reputation","No social image returns","target_infeasible",NA,0.000328302383422852,144,0.115326271965015,552.905025297392,16.6069831629621,47.4020335534063
566,566,5,"suppress-reputation","No social image returns","target_infeasible",NA,0.000307321548461914,144,0.0330454369197086,552.905025297392,4.75854291643803,47.4020335534063
567,567,5,"suppress-reputation","No social image returns","target_infeasible",NA,0.000314712524414062,144,0.175309659156853,552.905025297392,25.2445909185868,47.4020335534063
568,568,5,"suppress-reputation","No social image returns","complete",0,1.02695846557617,100,0.329553531171847,1385.57434664786,47.455708488746,47.4020335534063
569,569,5,"suppress-reputation","No social image returns","target_infeasible",NA,0.00041961669921875,144,0.130912117087131,552.905025297392,18.8513448605469,47.4020335534063
570,570,5,"suppress-reputation","No social image returns","target_infeasible",NA,0.000453472137451172,144,0.071554820476607,552.905025297392,10.3038941486314,47.4020335534063
571,571,5,"suppress-reputation","No social image returns","target_infeasible",NA,0.000428915023803711,144,0.030926311120428,552.905025297392,4.45338880134162,47.4020335534063
572,572,5,"suppress-reputation","No social image returns","target_infeasible",NA,0.000438690185546875,144,0.0439040585731494,552.905025297392,6.32218443453352,47.4020335534063
573,573,5,"suppress-reputation","No social image returns","target_infeasible",NA,0.000499248504638672,144,0.216497682894615,552.905025297392,31.1756663368245,47.4020335534063
574,574,5,"suppress-reputation","No social image returns","target_infeasible",NA,0.000356197357177734,144,0.046631405801681,552.905025297392,6.71492243544206,47.4020335534063
575,575,5,"suppress-reputation","No social image returns","target_infeasible",NA,0.000349283218383789,144,0.108092813879542,552.905025297392,15.565365198654,47.4020335534063
576,576,5,"suppress-reputation","No social image returns","target_infeasible",NA,0.000341176986694336,144,0.0880428773986975,552.905025297392,12.6781743454124,47.4020335534063
577,577,5,"suppress-reputation","No social image returns","target_infeasible",NA,0.000382184982299805,144,0.167892166129577,552.905025297392,24.176471922659,47.4020335534063
578,578,5,"suppress-reputation","No social image returns","target_infeasible",NA,0.000436782836914062,144,0.0717916684254568,552.905025297392,10.3380002532658,47.4020335534063
579,579,5,"suppress-reputation","No social image returns","target_infeasible",NA,0.000307083129882812,144,0.222631016347934,552.905025297392,32.0588663541025,47.4020335534063
580,580,5,"suppress-reputation","No social image returns","target_infeasible",NA,0.000334262847900391,144,0.0759863945068742,552.905025297392,10.9420408089899,47.4020335534063
581,581,5,"suppress-reputation","No social image returns","target_infeasible",NA,0.000303506851196289,144,0.0378706753496034,552.905025297392,5.45337725034288,47.4020335534063
582,582,5,"suppress-reputation","No social image returns","target_infeasible",NA,0.000291109085083008,144,0.0940743477026486,552.905025297392,13.5467060691814,47.4020335534063
583,583,5,"suppress-reputation","No social image returns","target_infeasible",NA,0.00033116340637207,144,0.12339596809891,552.905025297392,17.7690194062431,47.4020335534063
584,584,5,"suppress-reputation","No social image returns","target_infeasible",NA,0.000269889831542969,144,0.151777624339126,552.905025297392,21.8559779048341,47.4020335534063
585,585,5,"suppress-reputation","No social image returns","target_infeasible",NA,0.000276327133178711,144,0.0729390225304708,552.905025297392,10.5032192443878,47.4020335534063
586,586,5,"suppress-reputation","No social image returns","target_infeasible",NA,0.000284433364868164,144,0.0770053940734875,552.905025297392,11.0887767465822,47.4020335534063
587,587,5,"suppress-reputation","No social image returns","target_infeasible",NA,0.000347375869750977,144,0.104755324229376,552.905025297392,15.0847666890301,47.4020335534063
588,588,5,"suppress-reputation","No social image returns","target_infeasible",NA,0.000273227691650391,144,0.11593385313698,552.905025297392,16.6944748517251,47.4020335534063
589,589,5,"suppress-reputation","No social image returns","target_infeasible",NA,0.000342369079589844,144,0.166308827478483,552.905025297392,23.9484711569016,47.4020335534063
590,590,5,"suppress-reputation","No social image returns","complete",0,0.462695121765137,77,0.330523663829626,2011.33921145718,47.5954075914662,47.4020335534063
591,591,5,"suppress-reputation","No social image returns","target_infeasible",NA,0.000391960144042969,144,0.243621105706519,552.905025297392,35.0814392217387,47.4020335534063
592,592,5,"suppress-reputation","No social image returns","target_infeasible",NA,0.000381946563720703,144,0.157857164098494,552.905025297392,22.7314316301831,47.4020335534063
593,593,5,"suppress-reputation","No social image returns","target_infeasible",NA,0.00756359100341797,144,0.280095165131026,552.905025297392,40.3337037788677,47.4020335534063
594,594,5,"suppress-reputation","No social image returns","target_infeasible",NA,0.000320911407470703,144,0.0140715685019318,552.905025297392,2.02630586427818,47.4020335534063
595,595,5,"suppress-reputation","No social image returns","target_infeasible",NA,0.000336170196533203,144,0.0975498720419553,552.905025297392,14.0471815740416,47.4020335534063
596,596,5,"suppress-reputation","No social image returns","target_infeasible",NA,0.000359535217285156,144,0.122314663816674,552.905025297392,17.6133115896011,47.4020335534063
597,597,5,"suppress-reputation","No social image returns","target_infeasible",NA,0.000335931777954102,144,0.109711683636403,552.905025297392,15.798482443642,47.4020335534063
598,598,5,"suppress-reputation","No social image returns","target_infeasible",NA,0.000344991683959961,144,0.0549141661667504,552.905025297392,7.90763992801206,47.4020335534063
599,599,5,"suppress-reputation","No social image returns","target_infeasible",NA,0.000280141830444336,144,0.00563016348804815,552.905025297392,0.810743542278934,47.4020335534063
600,600,5,"suppress-reputation","No social image returns","target_infeasible",NA,0.000283718109130859,144,0.101885290323657,552.905025297392,14.6714818066066,47.4020335534063
601,601,5,"suppress-reputation","No social image returns","target_infeasible",NA,0.000281572341918945,144,0.0299625289869546,552.905025297392,4.31460417412147,47.4020335534063
602,602,5,"suppress-reputation","No social image returns","target_infeasible",NA,0.000303745269775391,144,0.165946087591762,552.905025297392,23.8962366132138,47.4020335534063
603,603,5,"suppress-reputation","No social image returns","target_infeasible",NA,0.000342369079589844,144,0.127630574598917,552.905025297392,18.3788027422441,47.4020335534063
604,604,5,"suppress-reputation","No social image returns","target_infeasible",NA,0.000296831130981445,144,0.0303707648769117,552.905025297392,4.37339014227528,47.4020335534063
605,605,5,"suppress-reputation","No social image returns","target_infeasible",NA,0.000290632247924805,144,0.0394765251246732,552.905025297392,5.68461961795293,47.4020335534063
606,606,5,"suppress-reputation","No social image returns","target_infeasible",NA,0.000297069549560547,144,0.101164356670792,552.905025297392,14.5676673605941,47.4020335534063
607,607,5,"suppress-reputation","No social image returns","target_infeasible",NA,0.000313043594360352,144,0.205526085893125,552.905025297392,29.5957563686099,47.4020335534063
608,608,5,"suppress-reputation","No social image returns","target_infeasible",NA,0.000288248062133789,144,0.0813573326131079,552.905025297392,11.7154558962875,47.4020335534063
609,609,5,"suppress-reputation","No social image returns","target_infeasible",NA,0.000292301177978516,144,0.037318353372497,552.905025297392,5.37384288563957,47.4020335534063
610,610,5,"suppress-reputation","No social image returns","target_infeasible",NA,0.00030827522277832,144,0.0745881411999941,552.905025297392,10.7406923327991,47.4020335534063
611,611,5,"suppress-reputation","No social image returns","target_infeasible",NA,0.000352144241333008,144,0.0671303013903464,552.905025297392,9.66676340020988,47.4020335534063
612,612,5,"suppress-reputation","No social image returns","target_infeasible",NA,0.000278472900390625,144,0.0388806625111331,552.905025297392,5.59881540160316,47.4020335534063
613,613,5,"suppress-reputation","No social image returns","target_infeasible",NA,0.000282526016235352,144,0.0235591684446648,552.905025297392,3.39252025603173,47.4020335534063
614,614,5,"suppress-reputation","No social image returns","target_infeasible",NA,0.000299453735351562,144,0.116616089948172,552.905025297392,16.7927169525367,47.4020335534063
615,615,5,"suppress-reputation","No social image returns","target_infeasible",NA,0.000290632247924805,144,0.108404286514894,552.905025297392,15.6102172581448,47.4020335534063
616,616,5,"suppress-reputation","No social image returns","target_infeasible",NA,0.00041651725769043,144,0.155760580766739,552.905025297392,22.4295236304104,47.4020335534063
617,617,5,"suppress-reputation","No social image returns","target_infeasible",NA,0.000296354293823242,144,0.0184811681680843,552.905025297392,2.66128821620414,47.4020335534063
618,618,5,"suppress-reputation","No social image returns","target_infeasible",NA,0.000295639038085938,144,0.0860411299748104,552.905025297392,12.3899227163727,47.4020335534063
619,619,5,"suppress-reputation","No social image returns","target_infeasible",NA,0.000310659408569336,144,0.062306986041047,552.905025297392,8.97220598991077,47.4020335534063
620,620,5,"suppress-reputation","No social image returns","target_infeasible",NA,0.00028681755065918,144,0.110524332886204,552.905025297392,15.9155039356134,47.4020335534063
621,621,5,"suppress-reputation","No social image returns","target_infeasible",NA,0.000419855117797852,144,0.205068061681371,552.905025297392,29.5298008821174,47.4020335534063
622,622,5,"suppress-reputation","No social image returns","target_infeasible",NA,0.000279426574707031,144,0.00952018814583918,552.905025297392,1.37090709300084,47.4020335534063
623,623,5,"suppress-reputation","No social image returns","target_infeasible",NA,0.000281333923339844,144,0.0858660531213292,552.905025297392,12.3647116494714,47.4020335534063
624,624,5,"suppress-reputation","No social image returns","target_infeasible",NA,0.000334501266479492,144,0.0605486967135873,552.905025297392,8.71901232675657,47.4020335534063
625,625,5,"suppress-reputation","No social image returns","target_infeasible",NA,0.000303030014038086,144,0.044594637347283,552.905025297392,6.42162777800875,47.4020335534063
626,626,5,"suppress-reputation","No social image returns","target_infeasible",NA,0.000440597534179688,144,0.0494686511802736,552.905025297392,7.1234857699594,47.4020335534063
627,627,5,"suppress-reputation","No social image returns","target_infeasible",NA,0.000293731689453125,144,0.0427102551706898,552.905025297392,6.15027674457933,47.4020335534063
628,628,5,"suppress-reputation","No social image returns","target_infeasible",NA,0.000295162200927734,144,0.0771411183659021,552.905025297392,11.1083210446899,47.4020335534063
629,629,5,"suppress-reputation","No social image returns","target_infeasible",NA,0.00030207633972168,144,0.0339392243238099,552.905025297392,4.88724830262862,47.4020335534063
630,630,5,"suppress-reputation","No social image returns","target_infeasible",NA,0.000295877456665039,144,0.0583964523537931,552.905025297392,8.4090891389462,47.4020335534063
631,631,5,"suppress-reputation","No social image returns","target_infeasible",NA,0.000383377075195312,144,0.0115120481477433,552.905025297392,1.65773493327503,47.4020335534063
632,632,5,"suppress-reputation","No social image returns","target_infeasible",NA,0.000281572341918945,144,0.126277784769408,552.905025297392,18.1840010067947,47.4020335534063
633,633,5,"suppress-reputation","No social image returns","target_infeasible",NA,0.000281572341918945,144,0.0306457214590876,552.905025297392,4.41298389010861,47.4020335534063
634,634,5,"suppress-reputation","No social image returns","target_infeasible",NA,0.0002899169921875,144,0.0509617233321068,552.905025297392,7.33848815982338,47.4020335534063
635,635,5,"suppress-reputation","No social image returns","target_infeasible",NA,0.000304460525512695,144,0.0619561131634219,552.905025297392,8.92168029553275,47.4020335534063
636,636,5,"suppress-reputation","No social image returns","complete",0,0.662590265274048,108,0.330343008369565,1207.13898447668,47.5693932052173,47.4020335534063
637,637,5,"suppress-reputation","No social image returns","target_infeasible",NA,0.000441312789916992,144,0.217131862190968,552.905025297392,31.2669881554993,47.4020335534063
638,638,5,"suppress-reputation","No social image returns","target_infeasible",NA,0.000419855117797852,144,0.228233529553131,552.905025297392,32.8656282556509,47.4020335534063
639,639,5,"suppress-reputation","No social image returns","target_infeasible",NA,0.000421524047851562,144,0.0637403897271342,552.905025297392,9.17861612070733,47.4020335534063
640,640,5,"suppress-reputation","No social image returns","target_infeasible",NA,0.000384330749511719,144,0.292324911208771,552.905025297392,42.094787214063,47.4020335534063
641,641,5,"suppress-reputation","No social image returns","target_infeasible",NA,0.000734329223632812,144,0.215226461021765,552.905025297392,30.9926103871341,47.4020335534063
642,642,5,"suppress-reputation","No social image returns","target_infeasible",NA,0.000342845916748047,144,0.127614968473819,552.905025297392,18.3765554602299,47.4020335534063
643,643,5,"suppress-reputation","No social image returns","target_infeasible",NA,0.000333547592163086,144,0.0507544888656551,552.905025297392,7.30864639665433,47.4020335534063
644,644,5,"suppress-reputation","No social image returns","target_infeasible",NA,0.000442266464233398,144,0.0489368305038497,552.905025297392,7.04690359255436,47.4020335534063
645,645,5,"suppress-reputation","No social image returns","target_infeasible",NA,0.000372171401977539,144,0.246733218406734,552.905025297392,35.5295834505697,47.4020335534063
646,646,5,"suppress-reputation","No social image returns","target_infeasible",NA,0.000538349151611328,144,0.0758318125785962,552.905025297392,10.9197810113179,47.4020335534063
647,647,5,"suppress-reputation","No social image returns","target_infeasible",NA,0.000329494476318359,144,0.283797002976313,552.905025297392,40.8667684285891,47.4020335534063
648,648,5,"suppress-reputation","No social image returns","target_infeasible",NA,0.000339269638061523,144,0.110570161994079,552.905025297392,15.9221033271474,47.4020335534063
649,649,5,"suppress-reputation","No social image returns","target_infeasible",NA,0.000313043594360352,144,0.29078482530744,552.905025297392,41.8730148442713,47.4020335534063
650,650,5,"suppress-reputation","No social image returns","target_infeasible",NA,0.000448465347290039,144,0.0506531028364104,552.905025297392,7.2940468084431,47.4020335534063
651,651,5,"suppress-reputation","No social image returns","target_infeasible",NA,0.000306129455566406,144,0.133812505939398,552.905025297392,19.2690008552733,47.4020335534063
652,652,5,"suppress-reputation","No social image returns","target_infeasible",NA,0.000279426574707031,144,0.109306145626354,552.905025297392,15.740084970195,47.4020335534063
653,653,5,"suppress-reputation","No social image returns","target_infeasible",NA,0.00028228759765625,144,0.0394976683409626,552.905025297392,5.68766424109862,47.4020335534063
654,654,5,"suppress-reputation","No social image returns","target_infeasible",NA,0.000289678573608398,144,0.0307669673301566,552.905025297392,4.43044329554255,47.4020335534063
655,655,5,"suppress-reputation","No social image returns","target_infeasible",NA,0.000367403030395508,144,0.07352482652597,552.905025297392,10.5875750197397,47.4020335534063
656,656,5,"suppress-reputation","No social image returns","target_infeasible",NA,0.000276088714599609,144,0.108592977176376,552.905025297392,15.6373887133981,47.4020335534063
657,657,5,"suppress-reputation","No social image returns","target_infeasible",NA,0.00027155876159668,144,0.148482728445305,552.905025297392,21.3815128961239,47.4020335534063
658,658,5,"suppress-reputation","No social image returns","target_infeasible",NA,0.00030064582824707,144,0.0550429249163101,552.905025297392,7.92618118794865,47.4020335534063
659,659,5,"suppress-reputation","No social image returns","target_infeasible",NA,0.000425338745117188,144,0.213721832445133,552.905025297392,30.7759438720992,47.4020335534063
660,660,5,"suppress-reputation","No social image returns","target_infeasible",NA,0.000277280807495117,144,0.035797197337388,552.905025297392,5.15479641658387,47.4020335534063
661,661,5,"suppress-reputation","No social image returns","target_infeasible",NA,0.000277519226074219,144,0.234021615514196,552.905025297392,33.6991126340442,47.4020335534063
662,662,5,"suppress-reputation","No social image returns","target_infeasible",NA,0.000303030014038086,144,0.169912256015091,552.905025297392,24.4673648661731,47.4020335534063
663,663,5,"suppress-reputation","No social image returns","target_infeasible",NA,0.000297307968139648,144,0.0654332346002134,552.905025297392,9.42238578243073,47.4020335534063
664,664,5,"suppress-reputation","No social image returns","target_infeasible",NA,0.00042724609375,144,0.0754961732763418,552.905025297392,10.8714489517932,47.4020335534063
665,665,5,"suppress-reputation","No social image returns","target_infeasible",NA,0.00027918815612793,144,0.230324394499865,552.905025297392,33.1667128079805,47.4020335534063
666,666,5,"suppress-reputation","No social image returns","target_infeasible",NA,0.000263214111328125,144,0.0377098123785886,552.905025297392,5.43021298251676,47.4020335534063
667,667,5,"suppress-reputation","No social image returns","target_infeasible",NA,0.000283479690551758,144,0.0243265428959874,552.905025297392,3.50302217702219,47.4020335534063
668,668,5,"suppress-reputation","No social image returns","target_infeasible",NA,0.000375270843505859,144,0.165585181486169,552.905025297392,23.8442661340084,47.4020335534063
669,669,5,"suppress-reputation","No social image returns","target_infeasible",NA,0.000287532806396484,144,0.0281709605186142,552.905025297392,4.05661831468044,47.4020335534063
670,670,5,"suppress-reputation","No social image returns","target_infeasible",NA,0.00027775764465332,144,0.0686074656891642,552.905025297392,9.87947505923965,47.4020335534063
671,671,5,"suppress-reputation","No social image returns","target_infeasible",NA,0.000288009643554688,144,0.0631530102162311,552.905025297392,9.09403347113728,47.4020335534063
672,672,5,"suppress-reputation","No social image returns","target_infeasible",NA,0.000417470932006836,144,0.0392542754871027,552.905025297392,5.65261567014279,47.4020335534063
673,673,5,"suppress-reputation","No social image returns","target_infeasible",NA,0.000287294387817383,144,0.0785619485227356,552.905025297392,11.3129205872739,47.4020335534063
674,674,5,"suppress-reputation","No social image returns","target_infeasible",NA,0.000273227691650391,144,0.174976550465591,552.905025297392,25.196623267045,47.4020335534063
675,675,5,"suppress-reputation","No social image returns","target_infeasible",NA,0.00028681755065918,144,0.015985964877613,552.905025297392,2.30197894237628,47.4020335534063
676,676,5,"suppress-reputation","No social image returns","target_infeasible",NA,0.000288486480712891,144,0.00483870571688014,552.905025297392,0.69677362323074,47.4020335534063
677,677,5,"suppress-reputation","No social image returns","target_infeasible",NA,0.000405788421630859,144,0.0410164819170738,552.905025297392,5.90637339605862,47.4020335534063
678,678,5,"suppress-reputation","No social image returns","target_infeasible",NA,0.000284194946289062,144,0.024100891281663,552.905025297392,3.47052834455948,47.4020335534063
679,679,5,"suppress-reputation","No social image returns","target_infeasible",NA,0.000277519226074219,144,0.106132110955167,552.905025297392,15.2830239775441,47.4020335534063
680,680,5,"suppress-reputation","No social image returns","target_infeasible",NA,0.000288248062133789,144,0.017449158175182,552.905025297392,2.51267877722621,47.4020335534063
681,681,5,"suppress-reputation","No social image returns","target_infeasible",NA,0.000377893447875977,144,0.106439755251313,552.905025297392,15.3273247561891,47.4020335534063
682,682,5,"suppress-reputation","No social image returns","target_infeasible",NA,0.000281333923339844,144,0.0737013380138933,552.905025297392,10.6129926740006,47.4020335534063
683,683,5,"suppress-reputation","No social image returns","target_infeasible",NA,0.00028538703918457,144,0.0105568505510206,552.905025297392,1.52018647934696,47.4020335534063
684,684,5,"suppress-reputation","No social image returns","target_infeasible",NA,0.000308752059936523,144,0.117107082523258,552.905025297392,16.8634198833491,47.4020335534063
685,685,5,"suppress-reputation","No social image returns","target_infeasible",NA,0.000405073165893555,144,0.177606067107815,552.905025297392,25.5752736635254,47.4020335534063
686,686,5,"suppress-reputation","No social image returns","target_infeasible",NA,0.000272274017333984,144,0.0914806285514393,552.905025297392,13.1732105114073,47.4020335534063
687,687,5,"suppress-reputation","No social image returns","target_infeasible",NA,0.000267744064331055,144,0.135322043708765,552.905025297392,19.4863742940621,47.4020335534063
688,688,5,"suppress-reputation","No social image returns","target_infeasible",NA,0.000291109085083008,144,0.0839730957234212,552.905025297392,12.0921257841727,47.4020335534063
689,689,5,"suppress-reputation","No social image returns","target_infeasible",NA,0.000409841537475586,144,0.0234704355793207,552.905025297392,3.37974272342218,47.4020335534063
690,690,5,"suppress-reputation","No social image returns","target_infeasible",NA,0.000282526016235352,144,0.0453814306932414,552.905025297392,6.53492601982676,47.4020335534063
691,691,5,"suppress-reputation","No social image returns","target_infeasible",NA,0.000281333923339844,144,0.0382611358829273,552.905025297392,5.50960356714153,47.4020335534063
692,692,5,"suppress-reputation","No social image returns","target_infeasible",NA,0.000289678573608398,144,0.0950519808061079,552.905025297392,13.6874852360795,47.4020335534063
693,693,5,"suppress-reputation","No social image returns","target_infeasible",NA,0.00043487548828125,144,0.116932342023043,552.905025297392,16.8382572513182,47.4020335534063
694,694,5,"suppress-reputation","No social image returns","target_infeasible",NA,0.000299215316772461,144,0.0391092782766209,552.905025297392,5.63173607183341,47.4020335534063
695,695,5,"suppress-reputation","No social image returns","target_infeasible",NA,0.000281572341918945,144,0.100021307043647,552.905025297392,14.4030682142852,47.4020335534063
696,696,5,"suppress-reputation","No social image returns","target_infeasible",NA,0.000280380249023438,144,0.0334188705919084,552.905025297392,4.81231736523481,47.4020335534063
697,697,5,"suppress-reputation","No social image returns","target_infeasible",NA,0.000279426574707031,144,0.0670305782666947,552.905025297392,9.65240327040404,47.4020335534063
698,698,5,"suppress-reputation","No social image returns","target_infeasible",NA,0.000447511672973633,144,0.0564204021269351,552.905025297392,8.12453790627865,47.4020335534063
699,699,5,"suppress-reputation","No social image returns","target_infeasible",NA,0.000299930572509766,144,0.0862966045113692,552.905025297392,12.4267110496372,47.4020335534063
700,700,5,"suppress-reputation","No social image returns","target_infeasible",NA,0.000280618667602539,144,0.100871845958144,552.905025297392,14.5255458179728,47.4020335534063
701,701,5,"suppress-reputation","No social image returns","target_infeasible",NA,0.000281095504760742,144,0.105970396576568,552.905025297392,15.2597371070259,47.4020335534063
702,702,5,"suppress-reputation","No social image returns","target_infeasible",NA,0.000290393829345703,144,0.102415016628829,552.905025297392,14.7477623945513,47.4020335534063
703,703,5,"suppress-reputation","No social image returns","target_infeasible",NA,0.000442981719970703,144,0.0607014201267364,552.905025297392,8.74100449825004,47.4020335534063
704,704,5,"suppress-reputation","No social image returns","target_infeasible",NA,0.000287294387817383,144,0.222364378507568,552.905025297392,32.0204705050898,47.4020335534063
705,705,5,"suppress-reputation","No social image returns","target_infeasible",NA,0.000277280807495117,144,0.105846655317649,552.905025297392,15.2419183657414,47.4020335534063
706,706,5,"suppress-reputation","No social image returns","target_infeasible",NA,0.000281333923339844,144,0.0989960198509876,552.905025297392,14.2554268585422,47.4020335534063
707,707,5,"suppress-reputation","No social image returns","target_infeasible",NA,0.000281333923339844,144,0.108941816733146,552.905025297392,15.687621609573,47.4020335534063
708,708,5,"suppress-reputation","No social image returns","target_infeasible",NA,0.000431299209594727,144,0.0305402587838524,552.905025297392,4.39779726487475,47.4020335534063
709,709,5,"suppress-reputation","No social image returns","target_infeasible",NA,0.000288009643554688,144,0.322853731469977,552.905025297392,46.4909373316767,47.4020335534063
710,710,5,"suppress-reputation","No social image returns","target_infeasible",NA,0.000269651412963867,144,0.293027854785503,552.905025297392,42.1960110891124,47.4020335534063
711,711,5,"suppress-reputation","No social image returns","complete",0,1.5262143611908,106,0.329889368392371,1251.74403008284,47.5040690485014,47.4020335534063
712,712,5,"suppress-reputation","No social image returns","target_infeasible",NA,0.000482559204101562,144,0.16490928886606,552.905025297392,23.7469375967126,47.4020335534063
713,713,5,"suppress-reputation","No social image returns","target_infeasible",NA,0.000325918197631836,144,0.111951304288284,552.905025297392,16.1209878175129,47.4020335534063
714,714,5,"suppress-reputation","No social image returns","target_infeasible",NA,0.000338554382324219,144,0.125419860562813,552.905025297392,18.0604599210451,47.4020335534063
715,715,5,"suppress-reputation","No social image returns","target_infeasible",NA,0.000337600708007812,144,0.0887913582510964,552.905025297392,12.7859555881579,47.4020335534063
716,716,5,"suppress-reputation","No social image returns","target_infeasible",NA,0.000414371490478516,144,0.240030285720258,552.905025297392,34.5643611437172,47.4020335534063
717,717,5,"suppress-reputation","No social image returns","target_infeasible",NA,0.000287294387817383,144,0.0698682404441746,552.905025297392,10.0610266239611,47.4020335534063
718,718,5,"suppress-reputation","No social image returns","target_infeasible",NA,0.000273942947387695,144,0.0239306060643941,552.905025297392,3.44600727327275,47.4020335534063
719,719,5,"suppress-reputation","No social image returns","target_infeasible",NA,0.00027918815612793,144,0.217018254996888,552.905025297392,31.2506287195519,47.4020335534063
720,720,5,"suppress-reputation","No social image returns","target_infeasible",NA,0.000297069549560547,144,0.0767402217041303,552.905025297392,11.0505919253948,47.4020335534063
721,721,5,"suppress-reputation","No social image returns","target_infeasible",NA,0.000443696975708008,144,0.0768350012444951,552.905025297392,11.0642401792073,47.4020335534063
722,722,5,"suppress-reputation","No social image returns","target_infeasible",NA,0.000285625457763672,144,0.0663792610719976,552.905025297392,9.55861359436765,47.4020335534063
723,723,5,"suppress-reputation","No social image returns","target_infeasible",NA,0.000269174575805664,144,0.103391714229822,552.905025297392,14.8884068490943,47.4020335534063
724,724,5,"suppress-reputation","No social image returns","target_infeasible",NA,0.000279903411865234,144,0.270347691053214,552.905025297392,38.9300675116627,47.4020335534063
725,725,5,"suppress-reputation","No social image returns","target_infeasible",NA,0.000287771224975586,144,0.127418748397767,552.905025297392,18.3482997692785,47.4020335534063
726,726,5,"suppress-reputation","No social image returns","target_infeasible",NA,0.00043940544128418,144,0.303477586585828,552.905025297392,43.7007724683592,47.4020335534063
727,727,5,"suppress-reputation","No social image returns","target_infeasible",NA,0.000285625457763672,144,0.232985583303928,552.905025297392,33.5499239957657,47.4020335534063
728,728,5,"suppress-reputation","No social image returns","target_infeasible",NA,0.000274419784545898,144,0.0961202692044292,552.905025297392,13.8413187654378,47.4020335534063
729,729,5,"suppress-reputation","No social image returns","target_infeasible",NA,0.00027775764465332,144,0.0422339436026197,552.905025297392,6.08168787877724,47.4020335534063
730,730,5,"suppress-reputation","No social image returns","target_infeasible",NA,0.000284194946289062,144,0.0519567567300144,552.905025297392,7.48177296912207,47.4020335534063
731,731,5,"suppress-reputation","No social image returns","target_infeasible",NA,0.000401496887207031,144,0.0452643571019687,552.905025297392,6.5180674226835,47.4020335534063
732,732,5,"suppress-reputation","No social image returns","target_infeasible",NA,0.000295877456665039,144,0.103029563865505,552.905025297392,14.8362571966327,47.4020335534063
733,733,5,"suppress-reputation","No social image returns","target_infeasible",NA,0.000273227691650391,144,0.0720683755559275,552.905025297392,10.3778460800536,47.4020335534063
734,734,5,"suppress-reputation","No social image returns","target_infeasible",NA,0.000276803970336914,144,0.284421713415261,552.905025297392,40.9567267317977,47.4020335534063
735,735,5,"suppress-reputation","No social image returns","target_infeasible",NA,0.000433683395385742,144,0.0329475182149519,552.905025297392,4.74444262295308,47.4020335534063
736,736,5,"suppress-reputation","No social image returns","target_infeasible",NA,0.000281572341918945,144,0.143763915178456,552.905025297392,20.7020037856976,47.4020335534063
737,737,5,"suppress-reputation","No social image returns","target_infeasible",NA,0.000277042388916016,144,0.0559271241630843,552.905025297392,8.05350587948414,47.4020335534063
738,738,5,"suppress-reputation","No social image returns","target_infeasible",NA,0.000278472900390625,144,0.117282921251187,552.905025297392,16.8887406601709,47.4020335534063
739,739,5,"suppress-reputation","No social image returns","target_infeasible",NA,0.000299215316772461,144,0.145060714703928,552.905025297392,20.8887429173657,47.4020335534063
740,740,5,"suppress-reputation","No social image returns","target_infeasible",NA,0.000385522842407227,144,0.0302942562275659,552.905025297392,4.36237289676949,47.4020335534063
741,741,5,"suppress-reputation","No social image returns","target_infeasible",NA,0.000284433364868164,144,0.114480298088962,552.905025297392,16.4851629248105,47.4020335534063
742,742,5,"suppress-reputation","No social image returns","target_infeasible",NA,0.000274658203125,144,0.195555425200995,552.905025297392,28.1599812289432,47.4020335534063
743,743,5,"suppress-reputation","No social image returns","target_infeasible",NA,0.000283241271972656,144,0.154900951580689,552.905025297392,22.3057370276192,47.4020335534063
744,744,5,"suppress-reputation","No social image returns","target_infeasible",NA,0.000446081161499023,144,0.0942886667147352,552.905025297392,13.5775680069219,47.4020335534063
745,745,5,"suppress-reputation","No social image returns","target_infeasible",NA,0.000283956527709961,144,0.00402303730502255,552.905025297392,0.579317371923247,47.4020335534063
746,746,5,"suppress-reputation","No social image returns","target_infeasible",NA,0.000269889831542969,144,0.130672458531198,552.905025297392,18.8168340284925,47.4020335534063
747,747,5,"suppress-reputation","No social image returns","target_infeasible",NA,0.000280380249023438,144,0.169082436577485,552.905025297392,24.3478708671578,47.4020335534063
748,748,5,"suppress-reputation","No social image returns","target_infeasible",NA,0.000440597534179688,144,0.0223277257397043,552.905025297392,3.21519250651742,47.4020335534063
749,749,5,"suppress-reputation","No social image returns","complete",0,1.18054175376892,137,0.329229913793345,648.987948700162,47.4091075862417,47.4020335534063
750,750,5,"suppress-reputation","No social image returns","target_infeasible",NA,0.000554084777832031,144,0.231336436648456,552.905025297392,33.3124468773776,47.4020335534063
751,751,5,"suppress-reputation","No social image returns","target_infeasible",NA,0.000375509262084961,144,0.0307730325521769,552.905025297392,4.43131668751348,47.4020335534063
752,752,5,"suppress-reputation","No social image returns","target_infeasible",NA,0.000336647033691406,144,0.156808848446044,552.905025297392,22.5804741762304,47.4020335534063
753,753,5,"suppress-reputation","No social image returns","target_infeasible",NA,0.000365257263183594,144,0.018166753018081,552.905025297392,2.61601243460367,47.4020335534063
754,754,5,"suppress-reputation","No social image returns","target_infeasible",NA,0.000349044799804688,144,0.0677683901242352,552.905025297392,9.75864817788988,47.4020335534063
755,755,5,"suppress-reputation","No social image returns","target_infeasible",NA,0.000514507293701172,144,0.124939674367127,552.905025297392,17.9913131088663,47.4020335534063
756,756,5,"suppress-reputation","No social image returns","target_infeasible",NA,0.000352621078491211,144,0.0340247711048661,552.905025297392,4.89956703910072,47.4020335534063
757,757,5,"suppress-reputation","No social image returns","target_infeasible",NA,0.000293493270874023,144,0.0846892709474978,552.905025297392,12.1952550164397,47.4020335534063
758,758,5,"suppress-reputation","No social image returns","target_infeasible",NA,0.000313758850097656,144,0.0713771431455618,552.905025297392,10.2783086129609,47.4020335534063
759,759,5,"suppress-reputation","No social image returns","target_infeasible",NA,0.000294208526611328,144,0.139000425232771,552.905025297392,20.016061233519,47.4020335534063
760,760,5,"suppress-reputation","No social image returns","target_infeasible",NA,0.000470399856567383,144,0.0467810668212756,552.905025297392,6.73647362226369,47.4020335534063
761,761,5,"suppress-reputation","No social image returns","target_infeasible",NA,0.000317096710205078,144,0.0579987815841355,552.905025297392,8.35182454811551,47.4020335534063
762,762,5,"suppress-reputation","No social image returns","target_infeasible",NA,0.000284433364868164,144,0.287322069735643,552.905025297392,41.3743780419326,47.4020335534063
763,763,5,"suppress-reputation","No social image returns","target_infeasible",NA,0.000283002853393555,144,0.0311215836171417,552.905025297392,4.48150804086841,47.4020335534063
764,764,5,"suppress-reputation","No social image returns","target_infeasible",NA,0.00029301643371582,144,0.151818274309527,552.905025297392,21.8618315005719,47.4020335534063
765,765,5,"suppress-reputation","No social image returns","target_infeasible",NA,0.000395298004150391,144,0.00951177064117522,552.905025297392,1.36969497232923,47.4020335534063
766,766,5,"suppress-reputation","No social image returns","target_infeasible",NA,0.000305652618408203,144,0.0420086717250075,552.905025297392,6.04924872840108,47.4020335534063
767,767,5,"suppress-reputation","No social image returns","target_infeasible",NA,0.000281095504760742,144,0.163106656709035,552.905025297392,23.487358566101,47.4020335534063
768,768,5,"suppress-reputation","No social image returns","target_infeasible",NA,0.000285148620605469,144,0.147548882171926,552.905025297392,21.2470390327573,47.4020335534063
769,769,5,"suppress-reputation","No social image returns","target_infeasible",NA,0.0002899169921875,144,0.0657092265174692,552.905025297392,9.46212861851556,47.4020335534063
770,770,5,"suppress-reputation","No social image returns","target_infeasible",NA,0.000436544418334961,144,0.0011053941697455,552.905025297392,0.159176760443351,47.4020335534063
771,771,5,"suppress-reputation","No social image returns","target_infeasible",NA,0.000307083129882812,144,0.0304178758945955,552.905025297392,4.38017412882175,47.4020335534063
772,772,5,"suppress-reputation","No social image returns","target_infeasible",NA,0.000280380249023438,144,0.0704806491876454,552.905025297392,10.1492134830209,47.4020335534063
773,773,5,"suppress-reputation","No social image returns","target_infeasible",NA,0.000280141830444336,144,0.026021781706561,552.905025297392,3.74713656574478,47.4020335534063
774,774,5,"suppress-reputation","No social image returns","target_infeasible",NA,0.000288724899291992,144,0.0831138605467834,552.905025297392,11.9683959187368,47.4020335534063
775,775,5,"suppress-reputation","No social image returns","target_infeasible",NA,0.000396251678466797,144,0.13966433217149,552.905025297392,20.1116638326945,47.4020335534063
776,776,5,"suppress-reputation","No social image returns","target_infeasible",NA,0.000298261642456055,144,0.103187934272722,552.905025297392,14.859062535272,47.4020335534063
777,777,5,"suppress-reputation","No social image returns","target_infeasible",NA,0.000281810760498047,144,0.204484598177106,552.905025297392,29.4457821375033,47.4020335534063
778,778,5,"suppress-reputation","No social image returns","target_infeasible",NA,0.00027012825012207,144,0.241797631394996,552.905025297392,34.8188589208795,47.4020335534063
779,779,5,"suppress-reputation","No social image returns","target_infeasible",NA,0.000384807586669922,144,0.125183762580608,552.905025297392,18.0264618116076,47.4020335534063
780,780,5,"suppress-reputation","No social image returns","target_infeasible",NA,0.000291347503662109,144,0.114640896788395,552.905025297392,16.5082891375289,47.4020335534063
781,781,5,"suppress-reputation","No social image returns","target_infeasible",NA,0.000268697738647461,144,0.0170986203832571,552.905025297392,2.46220133518902,47.4020335534063
782,782,5,"suppress-reputation","No social image returns","target_infeasible",NA,0.000298023223876953,144,0.176844392468504,552.905025297392,25.4655925154645,47.4020335534063
783,783,5,"suppress-reputation","No social image returns","target_infeasible",NA,0.000303030014038086,144,0.101895888282099,552.905025297392,14.6730079126223,47.4020335534063
784,784,5,"suppress-reputation","No social image returns","target_infeasible",NA,0.000427722930908203,144,0.0179581214584055,552.905025297392,2.58596949001039,47.4020335534063
785,785,5,"suppress-reputation","No social image returns","target_infeasible",NA,0.000299453735351562,144,0.0250959969577213,552.905025297392,3.61382356191187,47.4020335534063
786,786,5,"suppress-reputation","No social image returns","target_infeasible",NA,0.000281333923339844,144,0.0561265406344114,552.905025297392,8.08222185135524,47.4020335534063
787,787,5,"suppress-reputation","No social image returns","target_infeasible",NA,0.00077056884765625,144,0.0832938274913708,552.905025297392,11.9943111587574,47.4020335534063
788,788,5,"suppress-reputation","No social image returns","target_infeasible",NA,0.000283718109130859,144,0.0309167285246074,552.905025297392,4.45200890754347,47.4020335534063
789,789,5,"suppress-reputation","No social image returns","target_infeasible",NA,0.000396728515625,144,0.218475379553,552.905025297392,31.460454655632,47.4020335534063
790,790,5,"suppress-reputation","No social image returns","target_infeasible",NA,0.000317096710205078,144,0.0761592297830119,552.905025297392,10.9669290887537,47.4020335534063
791,791,5,"suppress-reputation","No social image returns","target_infeasible",NA,0.000320911407470703,144,0.10780064082231,552.905025297392,15.5232922784127,47.4020335534063
792,792,5,"suppress-reputation","No social image returns","target_infeasible",NA,0.000315666198730469,144,0.118328723769813,552.905025297392,17.0393362228531,47.4020335534063
793,793,5,"suppress-reputation","No social image returns","target_infeasible",NA,0.000493526458740234,144,0.0687668805815426,552.905025297392,9.90243080374214,47.4020335534063
794,794,5,"suppress-reputation","No social image returns","target_infeasible",NA,0.000349998474121094,144,0.0821610343779824,552.905025297392,11.8311889504295,47.4020335534063
795,795,5,"suppress-reputation","No social image returns","target_infeasible",NA,0.000317811965942383,144,0.162764760481591,552.905025297392,23.4381255093491,47.4020335534063
796,796,5,"suppress-reputation","No social image returns","target_infeasible",NA,0.000301361083984375,144,0.0635684558447887,552.905025297392,9.15385764164957,47.4020335534063
797,797,5,"suppress-reputation","No social image returns","target_infeasible",NA,0.000320196151733398,144,0.0491860608158881,552.905025297392,7.08279275748788,47.4020335534063
798,798,5,"suppress-reputation","No social image returns","target_infeasible",NA,0.000439167022705078,144,0.0543880052013191,552.905025297392,7.83187274898995,47.4020335534063
799,799,5,"suppress-reputation","No social image returns","target_infeasible",NA,0.000329256057739258,144,0.224551260646432,552.905025297392,32.3353815330863,47.4020335534063
800,800,5,"suppress-reputation","No social image returns","target_infeasible",NA,0.000301837921142578,144,0.0586803507438562,552.905025297392,8.4499705071153,47.4020335534063
801,801,5,"suppress-reputation","No social image returns","target_infeasible",NA,0.000291585922241211,144,0.0402203805576925,552.905025297392,5.79173480030773,47.4020335534063
802,802,5,"suppress-reputation","No social image returns","target_infeasible",NA,0.000416278839111328,144,0.090137081713996,552.905025297392,12.9797397668154,47.4020335534063
803,803,5,"suppress-reputation","No social image returns","target_infeasible",NA,0.000343561172485352,144,0.105446279940749,552.905025297392,15.1842643114678,47.4020335534063
804,804,5,"suppress-reputation","No social image returns","target_infeasible",NA,0.000311613082885742,144,0.0630668859345136,552.905025297392,9.08163157456996,47.4020335534063
805,805,5,"suppress-reputation","No social image returns","target_infeasible",NA,0.000317573547363281,144,0.0121831215031321,552.905025297392,1.75436949645102,47.4020335534063
806,806,5,"suppress-reputation","No social image returns","target_infeasible",NA,0.000331640243530273,144,0.0231562903325142,552.905025297392,3.33450580788205,47.4020335534063
807,807,5,"suppress-reputation","No social image returns","target_infeasible",NA,0.000497102737426758,144,0.120663037315846,552.905025297392,17.3754773734818,47.4020335534063
808,808,5,"suppress-reputation","No social image returns","target_infeasible",NA,0.000349044799804688,144,0.218438604792739,552.905025297392,31.4551590901544,47.4020335534063
809,809,5,"suppress-reputation","No social image returns","target_infeasible",NA,0.000329494476318359,144,0.0597567849949747,552.905025297392,8.60497703927635,47.4020335534063
810,810,5,"suppress-reputation","No social image returns","target_infeasible",NA,0.000341415405273438,144,0.0444452351516123,552.905025297392,6.40011386183217,47.4020335534063
811,811,5,"suppress-reputation","No social image returns","target_infeasible",NA,0.000490665435791016,144,0.0776296423652066,552.905025297392,11.1786685005898,47.4020335534063
812,812,5,"suppress-reputation","No social image returns","target_infeasible",NA,0.000344276428222656,144,0.144208997572502,552.905025297392,20.7660956504402,47.4020335534063
813,813,5,"suppress-reputation","No social image returns","target_infeasible",NA,0.000316619873046875,144,0.118909030356325,552.905025297392,17.1229003713109,47.4020335534063
814,814,5,"suppress-reputation","No social image returns","target_infeasible",NA,0.000323295593261719,144,0.124241439497789,552.905025297392,17.8907672876816,47.4020335534063
815,815,5,"suppress-reputation","No social image returns","target_infeasible",NA,0.000468969345092773,144,0.0849220310144559,552.905025297392,12.2287724660816,47.4020335534063
816,816,5,"suppress-reputation","No social image returns","target_infeasible",NA,0.000328302383422852,144,0.190413138467634,552.905025297392,27.4194919393393,47.4020335534063
817,817,5,"suppress-reputation","No social image returns","target_infeasible",NA,0.000295162200927734,144,0.0940257704881245,552.905025297392,13.5397109502899,47.4020335534063
818,818,5,"suppress-reputation","No social image returns","target_infeasible",NA,0.000331640243530273,144,0.0482725997309324,552.905025297392,6.95125436125426,47.4020335534063
819,819,5,"suppress-reputation","No social image returns","target_infeasible",NA,0.000458478927612305,144,0.00363432565136556,552.905025297392,0.52334289379664,47.4020335534063
820,820,5,"suppress-reputation","No social image returns","target_infeasible",NA,0.000342845916748047,144,0.0642756000277838,552.905025297392,9.25568640400087,47.4020335534063
821,821,5,"suppress-reputation","No social image returns","target_infeasible",NA,0.000303030014038086,144,0.113406324511656,552.905025297392,16.3305107296784,47.4020335534063
822,822,5,"suppress-reputation","No social image returns","target_infeasible",NA,0.0003204345703125,144,0.095721460188859,552.905025297392,13.7838902671957,47.4020335534063
823,823,5,"suppress-reputation","No social image returns","target_infeasible",NA,0.000433444976806641,144,0.0733454519478876,552.905025297392,10.5617450804958,47.4020335534063
824,824,5,"suppress-reputation","No social image returns","target_infeasible",NA,0.000353336334228516,144,0.308549297941367,552.905025297392,44.4310989035568,47.4020335534063
825,825,5,"suppress-reputation","No social image returns","target_infeasible",NA,0.000303506851196289,144,0.125165363623655,552.905025297392,18.0238123618063,47.4020335534063
826,826,5,"suppress-reputation","No social image returns","target_infeasible",NA,0.000322580337524414,144,0.1078324892627,552.905025297392,15.5278784538288,47.4020335534063
827,827,5,"suppress-reputation","No social image returns","target_infeasible",NA,0.00043940544128418,144,0.0694850940883155,552.905025297392,10.0058535487174,47.4020335534063
828,828,5,"suppress-reputation","No social image returns","target_infeasible",NA,0.000348806381225586,144,0.00291599227035349,552.905025297392,0.419902886930902,47.4020335534063
829,829,5,"suppress-reputation","No social image returns","target_infeasible",NA,0.000320911407470703,144,0.119154954027581,552.905025297392,17.1583133799716,47.4020335534063
830,830,5,"suppress-reputation","No social image returns","target_infeasible",NA,0.00034785270690918,144,0.0603304905704681,552.905025297392,8.68759064214741,47.4020335534063
831,831,5,"suppress-reputation","No social image returns","target_infeasible",NA,0.000496149063110352,144,0.10821320847594,552.905025297392,15.5827020205353,47.4020335534063
832,832,5,"suppress-reputation","No social image returns","target_infeasible",NA,0.000349760055541992,144,0.219120224480708,552.905025297392,31.5533123252219,47.4020335534063
833,833,5,"suppress-reputation","No social image returns","target_infeasible",NA,0.00031733512878418,144,0.0395663631164512,552.905025297392,5.69755628876898,47.4020335534063
834,834,5,"suppress-reputation","No social image returns","target_infeasible",NA,0.000330686569213867,144,0.0703686283876021,552.905025297392,10.1330824878147,47.4020335534063
835,835,5,"suppress-reputation","No social image returns","target_infeasible",NA,0.000510692596435547,144,0.019902884583132,552.905025297392,2.86601537997101,47.4020335534063
836,836,5,"suppress-reputation","No social image returns","target_infeasible",NA,0.000357866287231445,144,0.101119436997118,552.905025297392,14.5611989275849,47.4020335534063
837,837,5,"suppress-reputation","No social image returns","target_infeasible",NA,0.000320196151733398,144,0.100277718221916,552.905025297392,14.439991423956,47.4020335534063
838,838,5,"suppress-reputation","No social image returns","target_infeasible",NA,0.000320196151733398,144,0.0481582304942645,552.905025297392,6.93478519117409,47.4020335534063
839,839,5,"suppress-reputation","No social image returns","target_infeasible",NA,0.000527858734130859,144,0.0519513839703731,552.905025297392,7.48099929173372,47.4020335534063
840,840,5,"suppress-reputation","No social image returns","target_infeasible",NA,0.000365257263183594,144,0.0908449495369396,552.905025297392,13.0816727333193,47.4020335534063
841,841,5,"suppress-reputation","No social image returns","target_infeasible",NA,0.000319242477416992,144,0.189942147829182,552.905025297392,27.3516692874022,47.4020335534063
842,842,5,"suppress-reputation","No social image returns","target_infeasible",NA,0.000339269638061523,144,0.0455205449851986,552.905025297392,6.5549584778686,47.4020335534063
843,843,5,"suppress-reputation","No social image returns","target_infeasible",NA,0.000534772872924805,144,0.0250675951176529,552.905025297392,3.60973369694202,47.4020335534063
844,844,5,"suppress-reputation","No social image returns","target_infeasible",NA,0.000407218933105469,144,0.145383855085478,552.905025297392,20.9352751323088,47.4020335534063
845,845,5,"suppress-reputation","No social image returns","target_infeasible",NA,0.00032353401184082,144,0.019202584674053,552.905025297392,2.76517219306364,47.4020335534063
846,846,5,"suppress-reputation","No social image returns","target_infeasible",NA,0.000335216522216797,144,0.0763563122401763,552.905025297392,10.9953089625854,47.4020335534063
847,847,5,"suppress-reputation","No social image returns","target_infeasible",NA,0.000348329544067383,144,0.0784339763284091,552.905025297392,11.2944925912909,47.4020335534063
848,848,5,"suppress-reputation","No social image returns","target_infeasible",NA,0.000474929809570312,144,0.00877310490940945,552.905025297392,1.26332710695496,47.4020335534063
849,849,5,"suppress-reputation","No social image returns","target_infeasible",NA,0.000402688980102539,144,0.0470165952694395,552.905025297392,6.77038971879929,47.4020335534063
850,850,5,"suppress-reputation","No social image returns","target_infeasible",NA,0.000346183776855469,144,0.0610303425950361,552.905025297392,8.7883693336852,47.4020335534063
851,851,5,"suppress-reputation","No social image returns","target_infeasible",NA,0.000328302383422852,144,0.0154539616831,552.905025297392,2.2253704823664,47.4020335534063
852,852,5,"suppress-reputation","No social image returns","target_infeasible",NA,0.000360012054443359,144,0.0185425313907635,552.905025297392,2.67012452026994,47.4020335534063
853,853,5,"suppress-reputation","No social image returns","target_infeasible",NA,0.000540018081665039,144,0.0975334041171732,552.905025297392,14.0448101928729,47.4020335534063
854,854,5,"suppress-reputation","No social image returns","target_infeasible",NA,0.00040435791015625,144,0.0219794067848945,552.905025297392,3.16503457702481,47.4020335534063
855,855,5,"suppress-reputation","No social image returns","target_infeasible",NA,0.000335216522216797,144,0.117353012134349,552.905025297392,16.8988337473462,47.4020335534063
856,856,5,"suppress-reputation","No social image returns","target_infeasible",NA,0.000339031219482422,144,0.142388108053554,552.905025297392,20.5038875597118,47.4020335534063
857,857,5,"suppress-reputation","No social image returns","target_infeasible",NA,0.000339508056640625,144,0.0220860434568739,552.905025297392,3.18039025778985,47.4020335534063
858,858,5,"suppress-reputation","No social image returns","target_infeasible",NA,0.000540971755981445,144,0.114469950859105,552.905025297392,16.4836729237111,47.4020335534063
859,859,5,"suppress-reputation","No social image returns","target_infeasible",NA,0.000403404235839844,144,0.052977561359433,552.905025297392,7.62876883575835,47.4020335534063
860,860,5,"suppress-reputation","No social image returns","target_infeasible",NA,0.000331878662109375,144,0.207998525224576,552.905025297392,29.9517876323389,47.4020335534063
861,861,5,"suppress-reputation","No social image returns","target_infeasible",NA,0.000350713729858398,144,0.222583835247591,552.905025297392,32.0520722756531,47.4020335534063
862,862,5,"suppress-reputation","No social image returns","target_infeasible",NA,0.000333786010742188,144,0.0946067288193473,552.905025297392,13.623368949986,47.4020335534063
863,863,5,"suppress-reputation","No social image returns","target_infeasible",NA,0.000539064407348633,144,0.208346540427883,552.905025297392,30.0019018216151,47.4020335534063
864,864,5,"suppress-reputation","No social image returns","target_infeasible",NA,0.000400304794311523,144,0.0897036435619755,552.905025297392,12.9173246729245,47.4020335534063
865,865,5,"suppress-reputation","No social image returns","target_infeasible",NA,0.000330686569213867,144,0.0268450017965111,552.905025297392,3.8656802586976,47.4020335534063
866,866,5,"suppress-reputation","No social image returns","target_infeasible",NA,0.000363349914550781,144,0.238702447836651,552.905025297392,34.3731524884778,47.4020335534063
867,867,5,"suppress-reputation","No social image returns","target_infeasible",NA,0.000532388687133789,144,0.0918143481618153,552.905025297392,13.2212661353014,47.4020335534063
868,868,5,"suppress-reputation","No social image returns","target_infeasible",NA,0.000404834747314453,144,0.2837601036452,552.905025297392,40.8614549249088,47.4020335534063
869,869,5,"suppress-reputation","No social image returns","target_infeasible",NA,0.000337839126586914,144,0.0482169223161956,552.905025297392,6.94323681353216,47.4020335534063
870,870,5,"suppress-reputation","No social image returns","target_infeasible",NA,0.000335693359375,144,0.021184108683902,552.905025297392,3.05051165048189,47.4020335534063
871,871,5,"suppress-reputation","No social image returns","target_infeasible",NA,0.000335693359375,144,0.0508497758390817,552.905025297392,7.32236772082777,47.4020335534063
872,872,5,"suppress-reputation","No social image returns","target_infeasible",NA,0.000466823577880859,144,0.0288662762063529,552.905025297392,4.15674377371481,47.4020335534063
873,873,5,"suppress-reputation","No social image returns","target_infeasible",NA,0.000395774841308594,144,0.247220851735528,552.905025297392,35.599802649916,47.4020335534063
874,874,5,"suppress-reputation","No social image returns","target_infeasible",NA,0.000322818756103516,144,0.011214155771166,552.905025297392,1.6148384310479,47.4020335534063
875,875,5,"suppress-reputation","No social image returns","target_infeasible",NA,0.000331878662109375,144,0.0685517520393685,552.905025297392,9.87145229366907,47.4020335534063
876,876,5,"suppress-reputation","No social image returns","target_infeasible",NA,0.000315189361572266,144,0.116155083189576,552.905025297392,16.7263319792989,47.4020335534063
877,877,5,"suppress-reputation","No social image returns","target_infeasible",NA,0.000473976135253906,144,0.178867534688287,552.905025297392,25.7569249951134,47.4020335534063
878,878,5,"suppress-reputation","No social image returns","target_infeasible",NA,0.000376224517822266,144,0.11944582734052,552.905025297392,17.200199137035,47.4020335534063
879,879,5,"suppress-reputation","No social image returns","target_infeasible",NA,0.000322580337524414,144,0.088165484964233,552.905025297392,12.6958298348495,47.4020335534063
880,880,5,"suppress-reputation","No social image returns","target_infeasible",NA,0.000327110290527344,144,0.029728978746747,552.905025297392,4.28097293953157,47.4020335534063
881,881,5,"suppress-reputation","No social image returns","target_infeasible",NA,0.000475406646728516,144,0.130713328945722,552.905025297392,18.822719368184,47.4020335534063
882,882,5,"suppress-reputation","No social image returns","target_infeasible",NA,0.000365495681762695,144,0.111081017087193,552.905025297392,15.9956664605558,47.4020335534063
883,883,5,"suppress-reputation","No social image returns","target_infeasible",NA,0.000307559967041016,144,0.12226186677221,552.905025297392,17.6057088151982,47.4020335534063
884,884,5,"suppress-reputation","No social image returns","target_infeasible",NA,0.000307559967041016,144,0.164503494343035,552.905025297392,23.688503185397,47.4020335534063
885,885,5,"suppress-reputation","No social image returns","target_infeasible",NA,0.000299215316772461,144,0.071546441190743,552.905025297392,10.302687531467,47.4020335534063
886,886,5,"suppress-reputation","No social image returns","target_infeasible",NA,0.000400066375732422,144,0.254658292185398,552.905025297392,36.6707940746973,47.4020335534063
887,887,5,"suppress-reputation","No social image returns","target_infeasible",NA,0.000343084335327148,144,0.0715135531408135,552.905025297392,10.2979516522771,47.4020335534063
888,888,5,"suppress-reputation","No social image returns","target_infeasible",NA,0.000285863876342773,144,0.0325741507221717,552.905025297392,4.69067770399273,47.4020335534063
889,889,5,"suppress-reputation","No social image returns","target_infeasible",NA,0.000288248062133789,144,0.00189712684134041,552.905025297392,0.273186265153019,47.4020335534063
890,890,5,"suppress-reputation","No social image returns","target_infeasible",NA,0.000458717346191406,144,0.0598977879238571,552.905025297392,8.62528146103542,47.4020335534063
891,891,5,"suppress-reputation","No social image returns","target_infeasible",NA,0.000354528427124023,144,0.0961042065437327,552.905025297392,13.8390057422975,47.4020335534063
892,892,5,"suppress-reputation","No social image returns","target_infeasible",NA,0.000283241271972656,144,0.136987788002156,552.905025297392,19.7262414723104,47.4020335534063
893,893,5,"suppress-reputation","No social image returns","target_infeasible",NA,0.000291109085083008,144,0.0644262859576562,552.905025297392,9.2773851779025,47.4020335534063
894,894,5,"suppress-reputation","No social image returns","target_infeasible",NA,0.000288009643554688,144,0.0956907047133358,552.905025297392,13.7794614787204,47.4020335534063
895,895,5,"suppress-reputation","No social image returns","target_infeasible",NA,0.000388622283935547,144,0.193008786224331,552.905025297392,27.7932652163037,47.4020335534063
896,896,5,"suppress-reputation","No social image returns","target_infeasible",NA,0.0003204345703125,144,0.0769668152331114,552.905025297392,11.083221393568,47.4020335534063
897,897,5,"suppress-reputation","No social image returns","target_infeasible",NA,0.000275135040283203,144,0.0727768966968779,552.905025297392,10.4798731243504,47.4020335534063
898,898,5,"suppress-reputation","No social image returns","target_infeasible",NA,0.000280857086181641,144,0.0262077439479048,552.905025297392,3.77391512849828,47.4020335534063
899,899,5,"suppress-reputation","No social image returns","target_infeasible",NA,0.000445127487182617,144,0.0549371121329061,552.905025297392,7.91094414713847,47.4020335534063
900,900,5,"suppress-reputation","No social image returns","target_infeasible",NA,0.000332832336425781,144,0.202447034273328,552.905025297392,29.1523729353593,47.4020335534063
901,901,5,"suppress-reputation","No social image returns","target_infeasible",NA,0.000282049179077148,144,0.0112214513410536,552.905025297392,1.61588899311172,47.4020335534063
902,902,5,"suppress-reputation","No social image returns","target_infeasible",NA,0.000291347503662109,144,0.0713106988498258,552.905025297392,10.2687406343749,47.4020335534063
903,903,5,"suppress-reputation","No social image returns","target_infeasible",NA,0.000446796417236328,144,0.065517063189821,552.905025297392,9.43445709933422,47.4020335534063
904,904,5,"suppress-reputation","No social image returns","target_infeasible",NA,0.000333070755004883,144,0.0649259706025942,552.905025297392,9.34933976677356,47.4020335534063
905,905,5,"suppress-reputation","No social image returns","target_infeasible",NA,0.00027918815612793,144,0.0469896252124549,552.905025297392,6.7665060305935,47.4020335534063
906,906,5,"suppress-reputation","No social image returns","target_infeasible",NA,0.000284433364868164,144,0.0940400714707928,552.905025297392,13.5417702917942,47.4020335534063
907,907,5,"suppress-reputation","No social image returns","target_infeasible",NA,0.000434160232543945,144,0.0762577797394984,552.905025297392,10.9811202824878,47.4020335534063
908,908,5,"suppress-reputation","No social image returns","target_infeasible",NA,0.000329494476318359,144,0.0582110983651777,552.905025297392,8.38239816458559,47.4020335534063
909,909,5,"suppress-reputation","No social image returns","target_infeasible",NA,0.000280618667602539,144,0.181059633474956,552.905025297392,26.0725872203937,47.4020335534063
910,910,5,"suppress-reputation","No social image returns","target_infeasible",NA,0.000293493270874023,144,0.0770779318249366,552.905025297392,11.0992221827909,47.4020335534063
911,911,5,"suppress-reputation","No social image returns","target_infeasible",NA,0.000444650650024414,144,0.0161430614189317,552.905025297392,2.32460084432616,47.4020335534063
912,912,5,"suppress-reputation","No social image returns","target_infeasible",NA,0.000379800796508789,144,0.0322719027939204,552.905025297392,4.64715400232453,47.4020335534063
913,913,5,"suppress-reputation","No social image returns","target_infeasible",NA,0.000311851501464844,144,0.0427490278883931,552.905025297392,6.15586001592861,47.4020335534063
914,914,5,"suppress-reputation","No social image returns","target_infeasible",NA,0.000302314758300781,144,0.0578502828078115,552.905025297392,8.33044072432486,47.4020335534063
915,915,5,"suppress-reputation","No social image returns","target_infeasible",NA,0.000476360321044922,144,0.0841270587122667,552.905025297392,12.1142964545664,47.4020335534063
916,916,5,"suppress-reputation","No social image returns","target_infeasible",NA,0.000366926193237305,144,0.106398765891967,552.905025297392,15.3214222884432,47.4020335534063
917,917,5,"suppress-reputation","No social image returns","target_infeasible",NA,0.000296831130981445,144,0.087423104103318,552.905025297392,12.5889269908778,47.4020335534063
918,918,5,"suppress-reputation","No social image returns","target_infeasible",NA,0.00030064582824707,144,0.0291421182138893,552.905025297392,4.19646502280006,47.4020335534063
919,919,5,"suppress-reputation","No social image returns","target_infeasible",NA,0.000412940979003906,144,0.292742678775788,552.905025297392,42.1549457437134,47.4020335534063
920,920,5,"suppress-reputation","No social image returns","target_infeasible",NA,0.000346899032592773,144,0.113665715545102,552.905025297392,16.3678630384947,47.4020335534063
921,921,5,"suppress-reputation","No social image returns","target_infeasible",NA,0.000289440155029297,144,0.0822768934145951,552.905025297392,11.8478726517017,47.4020335534063
922,922,5,"suppress-reputation","No social image returns","target_infeasible",NA,0.000299215316772461,144,0.155626666877099,552.905025297392,22.4102400303022,47.4020335534063
923,923,5,"suppress-reputation","No social image returns","target_infeasible",NA,0.000482797622680664,144,0.237013039745464,552.905025297392,34.1298777233469,47.4020335534063
924,924,5,"suppress-reputation","No social image returns","target_infeasible",NA,0.0003509521484375,144,0.152893053172706,552.905025297392,22.0165996568697,47.4020335534063
925,925,5,"suppress-reputation","No social image returns","target_infeasible",NA,0.000283241271972656,144,0.200604193818193,552.905025297392,28.8870039098198,47.4020335534063
926,926,5,"suppress-reputation","No social image returns","target_infeasible",NA,0.000291347503662109,144,0.0818588568690205,552.905025297392,11.7876753891389,47.4020335534063
927,927,5,"suppress-reputation","No social image returns","target_infeasible",NA,0.000433921813964844,144,0.131152367577968,552.905025297392,18.8859409312274,47.4020335534063
928,928,5,"suppress-reputation","No social image returns","target_infeasible",NA,0.000321626663208008,144,0.0636010834821809,552.905025297392,9.15855602143405,47.4020335534063
929,929,5,"suppress-reputation","No social image returns","target_infeasible",NA,0.000267744064331055,144,0.00271898971945877,552.905025297392,0.391534519602064,47.4020335534063
930,930,5,"suppress-reputation","No social image returns","target_infeasible",NA,0.000277042388916016,144,0.188761110547662,552.905025297392,27.1815999188633,47.4020335534063
931,931,5,"suppress-reputation","No social image returns","target_infeasible",NA,0.000444650650024414,144,0.0145934241145591,552.905025297392,2.10145307249651,47.4020335534063
932,932,5,"suppress-reputation","No social image returns","target_infeasible",NA,0.000334262847900391,144,0.0104528262443469,552.905025297392,1.50520697918595,47.4020335534063
933,933,5,"suppress-reputation","No social image returns","target_infeasible",NA,0.000284194946289062,144,0.10229478825735,552.905025297392,14.7304495090583,47.4020335534063
934,934,5,"suppress-reputation","No social image returns","target_infeasible",NA,0.000282764434814453,144,0.155927073952808,552.905025297392,22.4534986492044,47.4020335534063
935,935,5,"suppress-reputation","No social image returns","target_infeasible",NA,0.000269174575805664,144,0.0750952415886077,552.905025297392,10.8137147887595,47.4020335534063
936,936,5,"suppress-reputation","No social image returns","target_infeasible",NA,0.000267267227172852,144,0.0875485558770782,552.905025297392,12.6069920462993,47.4020335534063
937,937,5,"suppress-reputation","No social image returns","target_infeasible",NA,0.000269651412963867,144,0.161212706480441,552.905025297392,23.2146297331836,47.4020335534063
938,938,5,"suppress-reputation","No social image returns","target_infeasible",NA,0.000313043594360352,144,0.163417913262279,552.905025297392,23.5321795097682,47.4020335534063
939,939,5,"suppress-reputation","No social image returns","target_infeasible",NA,0.000271320343017578,144,0.139369135723589,552.905025297392,20.0691555441968,47.4020335534063
940,940,5,"suppress-reputation","No social image returns","target_infeasible",NA,0.000270843505859375,144,0.167309427344089,552.905025297392,24.0925575375488,47.4020335534063
941,941,5,"suppress-reputation","No social image returns","target_infeasible",NA,0.000272750854492188,144,0.0931008503914606,552.905025297392,13.4065224563703,47.4020335534063
942,942,5,"suppress-reputation","No social image returns","target_infeasible",NA,0.000313997268676758,144,0.0275590621458304,552.905025297392,3.96850494899958,47.4020335534063
943,943,5,"suppress-reputation","No social image returns","target_infeasible",NA,0.000277042388916016,144,0.0240694268363915,552.905025297392,3.46599746444038,47.4020335534063
944,944,5,"suppress-reputation","No social image returns","target_infeasible",NA,0.000277280807495117,144,0.137640148655608,552.905025297392,19.8201814064076,47.4020335534063
945,945,5,"suppress-reputation","No social image returns","target_infeasible",NA,0.000272989273071289,144,0.0193569439085489,552.905025297392,2.78739992283103,47.4020335534063
946,946,5,"suppress-reputation","No social image returns","target_infeasible",NA,0.000268697738647461,144,0.261060673009984,552.905025297392,37.5927369134376,47.4020335534063
947,947,5,"suppress-reputation","No social image returns","target_infeasible",NA,0.000266551971435547,144,0.154466400358665,552.905025297392,22.2431616516478,47.4020335534063
948,948,5,"suppress-reputation","No social image returns","target_infeasible",NA,0.000274419784545898,144,0.0640529998023576,552.905025297392,9.22363197153949,47.4020335534063
949,949,5,"suppress-reputation","No social image returns","target_infeasible",NA,0.000310420989990234,144,0.0530121000510934,552.905025297392,7.63374240735746,47.4020335534063
950,950,5,"suppress-reputation","No social image returns","target_infeasible",NA,0.000265836715698242,144,0.048347306128869,552.905025297392,6.96201208255714,47.4020335534063
951,951,5,"suppress-reputation","No social image returns","target_infeasible",NA,0.000269651412963867,144,0.00773675210788373,552.905025297392,1.11409230353526,47.4020335534063
952,952,5,"suppress-reputation","No social image returns","target_infeasible",NA,0.000312089920043945,144,0.0794014976091543,552.905025297392,11.4338156557182,47.4020335534063
953,953,5,"suppress-reputation","No social image returns","target_infeasible",NA,0.000274181365966797,144,0.076497954465082,552.905025297392,11.0157054429718,47.4020335534063
954,954,5,"suppress-reputation","No social image returns","target_infeasible",NA,0.000282764434814453,144,0.13570658032846,552.905025297392,19.5417475672983,47.4020335534063
955,955,5,"suppress-reputation","No social image returns","target_infeasible",NA,0.000295162200927734,144,0.022297731141574,552.905025297392,3.21087328438666,47.4020335534063
956,956,5,"suppress-reputation","No social image returns","target_infeasible",NA,0.000324010848999023,144,0.0638001031109709,552.905025297392,9.18721484797981,47.4020335534063
957,957,5,"suppress-reputation","No social image returns","target_infeasible",NA,0.000280380249023438,144,0.0622869551858622,552.905025297392,8.96932154676416,47.4020335534063
958,958,5,"suppress-reputation","No social image returns","target_infeasible",NA,0.000266313552856445,144,0.0632046319727642,552.905025297392,9.10146700407804,47.4020335534063
959,959,5,"suppress-reputation","No social image returns","target_infeasible",NA,0.00030207633972168,144,0.109498739322005,552.905025297392,15.7678184623688,47.4020335534063
960,960,5,"suppress-reputation","No social image returns","target_infeasible",NA,0.000262260437011719,144,0.209992226844097,552.905025297392,30.23888066555,47.4020335534063
961,961,5,"suppress-reputation","No social image returns","target_infeasible",NA,0.000268220901489258,144,0.13279924051811,552.905025297392,19.1230906346078,47.4020335534063
962,962,5,"suppress-reputation","No social image returns","target_infeasible",NA,0.000267505645751953,144,0.248287660232144,552.905025297392,35.7534230734287,47.4020335534063
963,963,5,"suppress-reputation","No social image returns","target_infeasible",NA,0.000269174575805664,144,0.0530657988823406,552.905025297392,7.64147503905704,47.4020335534063
964,964,5,"suppress-reputation","No social image returns","target_infeasible",NA,0.000283241271972656,144,0.195799966734771,552.905025297392,28.195195209807,47.4020335534063
965,965,5,"suppress-reputation","No social image returns","target_infeasible",NA,0.000279903411865234,144,0.137245914948652,552.905025297392,19.7634117526059,47.4020335534063
966,966,5,"suppress-reputation","No social image returns","target_infeasible",NA,0.000326871871948242,144,0.110953568974992,552.905025297392,15.9773139323989,47.4020335534063
967,967,5,"suppress-reputation","No social image returns","target_infeasible",NA,0.000276327133178711,144,0.304998801733572,552.905025297392,43.9198274496344,47.4020335534063
968,968,5,"suppress-reputation","No social image returns","target_infeasible",NA,0.000273227691650391,144,0.219813978625268,552.905025297392,31.6532129220386,47.4020335534063
969,969,5,"suppress-reputation","No social image returns","target_infeasible",NA,0.000271797180175781,144,0.153005781876947,552.905025297392,22.0328325902803,47.4020335534063
970,970,5,"suppress-reputation","No social image returns","target_infeasible",NA,0.00027012825012207,144,0.0323907499114452,552.905025297392,4.66426798724811,47.4020335534063
971,971,5,"suppress-reputation","No social image returns","target_infeasible",NA,0.000268459320068359,144,0.241305814180117,552.905025297392,34.7480372419369,47.4020335534063
972,972,5,"suppress-reputation","No social image returns","target_infeasible",NA,0.000303268432617188,144,0.056001732651197,552.905025297392,8.06424950177237,47.4020335534063
973,973,5,"suppress-reputation","No social image returns","target_infeasible",NA,0.000265359878540039,144,0.0277411312048624,552.905025297392,3.99472289350018,47.4020335534063
974,974,5,"suppress-reputation","No social image returns","target_infeasible",NA,0.000262975692749023,144,0.0348559093204289,552.905025297392,5.01925094214176,47.4020335534063
975,975,5,"suppress-reputation","No social image returns","target_infeasible",NA,0.000312328338623047,144,0.132739916221729,552.905025297392,19.1145479359289,47.4020335534063
976,976,5,"suppress-reputation","No social image returns","target_infeasible",NA,0.000272274017333984,144,0.045138032552707,552.905025297392,6.4998766875898,47.4020335534063
977,977,5,"suppress-reputation","No social image returns","target_infeasible",NA,0.000285148620605469,144,0.0477626604697274,552.905025297392,6.87782310764074,47.4020335534063
978,978,5,"suppress-reputation","No social image returns","target_infeasible",NA,0.000324726104736328,144,0.00998476490073415,552.905025297392,1.43780614570572,47.4020335534063
979,979,5,"suppress-reputation","No social image returns","target_infeasible",NA,0.000271081924438477,144,0.00816225793392332,552.905025297392,1.17536514248496,47.4020335534063
980,980,5,"suppress-reputation","No social image returns","target_infeasible",NA,0.000273942947387695,144,0.0289324861135093,552.905025297392,4.16627800034534,47.4020335534063
981,981,5,"suppress-reputation","No social image returns","target_infeasible",NA,0.000263214111328125,144,0.18445672593449,552.905025297392,26.5617685345665,47.4020335534063
982,982,5,"suppress-reputation","No social image returns","target_infeasible",NA,0.000262022018432617,144,0.150928775194659,552.905025297392,21.7337436280309,47.4020335534063
983,983,5,"suppress-reputation","No social image returns","target_infeasible",NA,0.000295162200927734,144,0.215018630976678,552.905025297392,30.9626828606416,47.4020335534063
984,984,5,"suppress-reputation","No social image returns","target_infeasible",NA,0.000260114669799805,144,0.187750146454406,552.905025297392,27.0360210894345,47.4020335534063
985,985,5,"suppress-reputation","No social image returns","target_infeasible",NA,0.00026392936706543,144,0.0138520161481543,552.905025297392,1.99469032533422,47.4020335534063
986,986,5,"suppress-reputation","No social image returns","target_infeasible",NA,0.000318288803100586,144,0.0571037240414588,552.905025297392,8.22293626197007,47.4020335534063
987,987,5,"suppress-reputation","No social image returns","target_infeasible",NA,0.000276088714599609,144,0.0192891337427419,552.905025297392,2.77763525895484,47.4020335534063
988,988,5,"suppress-reputation","No social image returns","target_infeasible",NA,0.000274419784545898,144,0.127474451752107,552.905025297392,18.3563210523033,47.4020335534063
989,989,5,"suppress-reputation","No social image returns","target_infeasible",NA,0.000276088714599609,144,0.0783595047037016,552.905025297392,11.283768677333,47.4020335534063
990,990,5,"suppress-reputation","No social image returns","complete",0,1.15314197540283,139,0.329319940503917,622.300351579227,47.4220714325641,47.4020335534063
991,991,5,"suppress-reputation","No social image returns","target_infeasible",NA,0.000487327575683594,144,0.0841912188857654,552.905025297392,12.1235355195502,47.4020335534063
992,992,5,"suppress-reputation","No social image returns","target_infeasible",NA,0.000457763671875,144,0.0871722433460108,552.905025297392,12.5528030418256,47.4020335534063
993,993,5,"suppress-reputation","No social image returns","target_infeasible",NA,0.000422239303588867,144,0.124301630847059,552.905025297392,17.8994348419766,47.4020335534063
994,994,5,"suppress-reputation","No social image returns","target_infeasible",NA,0.000550031661987305,144,0.163805520014311,552.905025297392,23.5879948820608,47.4020335534063
995,995,5,"suppress-reputation","No social image returns","target_infeasible",NA,0.000341653823852539,144,0.00376959035144697,552.905025297392,0.542821010608364,47.4020335534063
996,996,5,"suppress-reputation","No social image returns","target_infeasible",NA,0.000345468521118164,144,0.0254304490469398,552.905025297392,3.66198466275933,47.4020335534063
997,997,5,"suppress-reputation","No social image returns","target_infeasible",NA,0.000345706939697266,144,0.216003989953758,552.905025297392,31.1045745533412,47.4020335534063
998,998,5,"suppress-reputation","No social image returns","target_infeasible",NA,0.000438451766967773,144,0.027629237981355,552.905025297392,3.97861026931512,47.4020335534063
999,999,5,"suppress-reputation","No social image returns","target_infeasible",NA,0.000337123870849609,144,0.200469611436962,552.905025297392,28.8676240469226,47.4020335534063
