"replicate","seed","attempts","elapsed_seconds","weight_file","mode_csv","gq_csv"
1,20260803,1,1.84745144844055,"/project/akaring/takeup-data/data/stan_analysis_data/main-core-exponential-cluster-weight-999-weights/exponential/weights-0001.csv","/project/akaring/takeup-data/data/stan_analysis_data/main-core-exponential-cluster-weight-999/exponential-0001/mode-exponential-0001-1.csv","/project/akaring/takeup-data/data/stan_analysis_data/main-core-exponential-cluster-weight-999/exponential-0001/compact-gq-exponential-0001-1.csv"
2,20260804,1,2.77891230583191,"/project/akaring/takeup-data/data/stan_analysis_data/main-core-exponential-cluster-weight-999-weights/exponential/weights-0002.csv","/project/akaring/takeup-data/data/stan_analysis_data/main-core-exponential-cluster-weight-999/exponential-0002/mode-exponential-0002-1.csv","/project/akaring/takeup-data/data/stan_analysis_data/main-core-exponential-cluster-weight-999/exponential-0002/compact-gq-exponential-0002-1.csv"
3,20260805,1,2.11916470527649,"/project/akaring/takeup-data/data/stan_analysis_data/main-core-exponential-cluster-weight-999-weights/exponential/weights-0003.csv","/project/akaring/takeup-data/data/stan_analysis_data/main-core-exponential-cluster-weight-999/exponential-0003/mode-exponential-0003-1.csv","/project/akaring/takeup-data/data/stan_analysis_data/main-core-exponential-cluster-weight-999/exponential-0003/compact-gq-exponential-0003-1.csv"
4,20260806,1,1.97278618812561,"/project/akaring/takeup-data/data/stan_analysis_data/main-core-exponential-cluster-weight-999-weights/exponential/weights-0004.csv","/project/akaring/takeup-data/data/stan_analysis_data/main-core-exponential-cluster-weight-999/exponential-0004/mode-exponential-0004-1.csv","/project/akaring/takeup-data/data/stan_analysis_data/main-core-exponential-cluster-weight-999/exponential-0004/compact-gq-exponential-0004-1.csv"
5,20260807,1,2.31544733047485,"/project/akaring/takeup-data/data/stan_analysis_data/main-core-exponential-cluster-weight-999-weights/exponential/weights-0005.csv","/project/akaring/takeup-data/data/stan_analysis_data/main-core-exponential-cluster-weight-999/exponential-0005/mode-exponential-0005-1.csv","/project/akaring/takeup-data/data/stan_analysis_data/main-core-exponential-cluster-weight-999/exponential-0005/compact-gq-exponential-0005-1.csv"
6,20260808,1,4.13531136512756,"/project/akaring/takeup-data/data/stan_analysis_data/main-core-exponential-cluster-weight-999-weights/exponential/weights-0006.csv","/project/akaring/takeup-data/data/stan_analysis_data/main-core-exponential-cluster-weight-999/exponential-0006/mode-exponential-0006-1.csv","/project/akaring/takeup-data/data/stan_analysis_data/main-core-exponential-cluster-weight-999/exponential-0006/compact-gq-exponential-0006-1.csv"
7,20260809,1,2.9318962097168,"/project/akaring/takeup-data/data/stan_analysis_data/main-core-exponential-cluster-weight-999-weights/exponential/weights-0007.csv","/project/akaring/takeup-data/data/stan_analysis_data/main-core-exponential-cluster-weight-999/exponential-0007/mode-exponential-0007-1.csv","/project/akaring/takeup-data/data/stan_analysis_data/main-core-exponential-cluster-weight-999/exponential-0007/compact-gq-exponential-0007-1.csv"
8,20260810,1,2.56577062606812,"/project/akaring/takeup-data/data/stan_analysis_data/main-core-exponential-cluster-weight-999-weights/exponential/weights-0008.csv","/project/akaring/takeup-data/data/stan_analysis_data/main-core-exponential-cluster-weight-999/exponential-0008/mode-exponential-0008-1.csv","/project/akaring/takeup-data/data/stan_analysis_data/main-core-exponential-cluster-weight-999/exponential-0008/compact-gq-exponential-0008-1.csv"
9,20260811,1,3.17719149589539,"/project/akaring/takeup-data/data/stan_analysis_data/main-core-exponential-cluster-weight-999-weights/exponential/weights-0009.csv","/project/akaring/takeup-data/data/stan_analysis_data/main-core-exponential-cluster-weight-999/exponential-0009/mode-exponential-0009-1.csv","/project/akaring/takeup-data/data/stan_analysis_data/main-core-exponential-cluster-weight-999/exponential-0009/compact-gq-exponential-0009-1.csv"
10,20260812,1,6.35927128791809,"/project/akaring/takeup-data/data/stan_analysis_data/main-core-exponential-cluster-weight-999-weights/exponential/weights-0010.csv","/project/akaring/takeup-data/data/stan_analysis_data/main-core-exponential-cluster-weight-999/exponential-0010/mode-exponential-0010-1.csv","/project/akaring/takeup-data/data/stan_analysis_data/main-core-exponential-cluster-weight-999/exponential-0010/compact-gq-exponential-0010-1.csv"
11,20260813,1,2.38710188865662,"/project/akaring/takeup-data/data/stan_analysis_data/main-core-exponential-cluster-weight-999-weights/exponential/weights-0011.csv","/project/akaring/takeup-data/data/stan_analysis_data/main-core-exponential-cluster-weight-999/exponential-0011/mode-exponential-0011-1.csv","/project/akaring/takeup-data/data/stan_analysis_data/main-core-exponential-cluster-weight-999/exponential-0011/compact-gq-exponential-0011-1.csv"
12,20260814,1,1.76054263114929,"/project/akaring/takeup-data/data/stan_analysis_data/main-core-exponential-cluster-weight-999-weights/exponential/weights-0012.csv","/project/akaring/takeup-data/data/stan_analysis_data/main-core-exponential-cluster-weight-999/exponential-0012/mode-exponential-0012-1.csv","/project/akaring/takeup-data/data/stan_analysis_data/main-core-exponential-cluster-weight-999/exponential-0012/compact-gq-exponential-0012-1.csv"
13,20260815,1,1.74935960769653,"/project/akaring/takeup-data/data/stan_analysis_data/main-core-exponential-cluster-weight-999-weights/exponential/weights-0013.csv","/project/akaring/takeup-data/data/stan_analysis_data/main-core-exponential-cluster-weight-999/exponential-0013/mode-exponential-0013-1.csv","/project/akaring/takeup-data/data/stan_analysis_data/main-core-exponential-cluster-weight-999/exponential-0013/compact-gq-exponential-0013-1.csv"
14,20260816,1,4.33875560760498,"/project/akaring/takeup-data/data/stan_analysis_data/main-core-exponential-cluster-weight-999-weights/exponential/weights-0014.csv","/project/akaring/takeup-data/data/stan_analysis_data/main-core-exponential-cluster-weight-999/exponential-0014/mode-exponential-0014-1.csv","/project/akaring/takeup-data/data/stan_analysis_data/main-core-exponential-cluster-weight-999/exponential-0014/compact-gq-exponential-0014-1.csv"
15,20260817,1,2.3236038684845,"/project/akaring/takeup-data/data/stan_analysis_data/main-core-exponential-cluster-weight-999-weights/exponential/weights-0015.csv","/project/akaring/takeup-data/data/stan_analysis_data/main-core-exponential-cluster-weight-999/exponential-0015/mode-exponential-0015-1.csv","/project/akaring/takeup-data/data/stan_analysis_data/main-core-exponential-cluster-weight-999/exponential-0015/compact-gq-exponential-0015-1.csv"
16,20260818,1,2.44918537139893,"/project/akaring/takeup-data/data/stan_analysis_data/main-core-exponential-cluster-weight-999-weights/exponential/weights-0016.csv","/project/akaring/takeup-data/data/stan_analysis_data/main-core-exponential-cluster-weight-999/exponential-0016/mode-exponential-0016-1.csv","/project/akaring/takeup-data/data/stan_analysis_data/main-core-exponential-cluster-weight-999/exponential-0016/compact-gq-exponential-0016-1.csv"
17,20260819,1,5.58592462539673,"/project/akaring/takeup-data/data/stan_analysis_data/main-core-exponential-cluster-weight-999-weights/exponential/weights-0017.csv","/project/akaring/takeup-data/data/stan_analysis_data/main-core-exponential-cluster-weight-999/exponential-0017/mode-exponential-0017-1.csv","/project/akaring/takeup-data/data/stan_analysis_data/main-core-exponential-cluster-weight-999/exponential-0017/compact-gq-exponential-0017-1.csv"
18,20260820,1,10.666650056839,"/project/akaring/takeup-data/data/stan_analysis_data/main-core-exponential-cluster-weight-999-weights/exponential/weights-0018.csv","/project/akaring/takeup-data/data/stan_analysis_data/main-core-exponential-cluster-weight-999/exponential-0018/mode-exponential-0018-1.csv","/project/akaring/takeup-data/data/stan_analysis_data/main-core-exponential-cluster-weight-999/exponential-0018/compact-gq-exponential-0018-1.csv"
19,20260821,1,8.45762038230896,"/project/akaring/takeup-data/data/stan_analysis_data/main-core-exponential-cluster-weight-999-weights/exponential/weights-0019.csv","/project/akaring/takeup-data/data/stan_analysis_data/main-core-exponential-cluster-weight-999/exponential-0019/mode-exponential-0019-1.csv","/project/akaring/takeup-data/data/stan_analysis_data/main-core-exponential-cluster-weight-999/exponential-0019/compact-gq-exponential-0019-1.csv"
20,20260822,1,10.4669532775879,"/project/akaring/takeup-data/data/stan_analysis_data/main-core-exponential-cluster-weight-999-weights/exponential/weights-0020.csv","/project/akaring/takeup-data/data/stan_analysis_data/main-core-exponential-cluster-weight-999/exponential-0020/mode-exponential-0020-1.csv","/project/akaring/takeup-data/data/stan_analysis_data/main-core-exponential-cluster-weight-999/exponential-0020/compact-gq-exponential-0020-1.csv"
21,20260823,1,6.5354700088501,"/project/akaring/takeup-data/data/stan_analysis_data/main-core-exponential-cluster-weight-999-weights/exponential/weights-0021.csv","/project/akaring/takeup-data/data/stan_analysis_data/main-core-exponential-cluster-weight-999/exponential-0021/mode-exponential-0021-1.csv","/project/akaring/takeup-data/data/stan_analysis_data/main-core-exponential-cluster-weight-999/exponential-0021/compact-gq-exponential-0021-1.csv"
22,20260824,1,6.53537106513977,"/project/akaring/takeup-data/data/stan_analysis_data/main-core-exponential-cluster-weight-999-weights/exponential/weights-0022.csv","/project/akaring/takeup-data/data/stan_analysis_data/main-core-exponential-cluster-weight-999/exponential-0022/mode-exponential-0022-1.csv","/project/akaring/takeup-data/data/stan_analysis_data/main-core-exponential-cluster-weight-999/exponential-0022/compact-gq-exponential-0022-1.csv"
23,20260825,1,5.23189973831177,"/project/akaring/takeup-data/data/stan_analysis_data/main-core-exponential-cluster-weight-999-weights/exponential/weights-0023.csv","/project/akaring/takeup-data/data/stan_analysis_data/main-core-exponential-cluster-weight-999/exponential-0023/mode-exponential-0023-1.csv","/project/akaring/takeup-data/data/stan_analysis_data/main-core-exponential-cluster-weight-999/exponential-0023/compact-gq-exponential-0023-1.csv"
24,20260826,1,6.59755301475525,"/project/akaring/takeup-data/data/stan_analysis_data/main-core-exponential-cluster-weight-999-weights/exponential/weights-0024.csv","/project/akaring/takeup-data/data/stan_analysis_data/main-core-exponential-cluster-weight-999/exponential-0024/mode-exponential-0024-1.csv","/project/akaring/takeup-data/data/stan_analysis_data/main-core-exponential-cluster-weight-999/exponential-0024/compact-gq-exponential-0024-1.csv"
25,20260827,1,10.5611336231232,"/project/akaring/takeup-data/data/stan_analysis_data/main-core-exponential-cluster-weight-999-weights/exponential/weights-0025.csv","/project/akaring/takeup-data/data/stan_analysis_data/main-core-exponential-cluster-weight-999/exponential-0025/mode-exponential-0025-1.csv","/project/akaring/takeup-data/data/stan_analysis_data/main-core-exponential-cluster-weight-999/exponential-0025/compact-gq-exponential-0025-1.csv"
26,20260828,1,1.87079882621765,"/project/akaring/takeup-data/data/stan_analysis_data/main-core-exponential-cluster-weight-999-weights/exponential/weights-0026.csv","/project/akaring/takeup-data/data/stan_analysis_data/main-core-exponential-cluster-weight-999/exponential-0026/mode-exponential-0026-1.csv","/project/akaring/takeup-data/data/stan_analysis_data/main-core-exponential-cluster-weight-999/exponential-0026/compact-gq-exponential-0026-1.csv"
27,20260829,1,12.0389575958252,"/project/akaring/takeup-data/data/stan_analysis_data/main-core-exponential-cluster-weight-999-weights/exponential/weights-0027.csv","/project/akaring/takeup-data/data/stan_analysis_data/main-core-exponential-cluster-weight-999/exponential-0027/mode-exponential-0027-1.csv","/project/akaring/takeup-data/data/stan_analysis_data/main-core-exponential-cluster-weight-999/exponential-0027/compact-gq-exponential-0027-1.csv"
28,20260830,1,11.5368685722351,"/project/akaring/takeup-data/data/stan_analysis_data/main-core-exponential-cluster-weight-999-weights/exponential/weights-0028.csv","/project/akaring/takeup-data/data/stan_analysis_data/main-core-exponential-cluster-weight-999/exponential-0028/mode-exponential-0028-1.csv","/project/akaring/takeup-data/data/stan_analysis_data/main-core-exponential-cluster-weight-999/exponential-0028/compact-gq-exponential-0028-1.csv"
29,20260831,1,27.9751632213593,"/project/akaring/takeup-data/data/stan_analysis_data/main-core-exponential-cluster-weight-999-weights/exponential/weights-0029.csv","/project/akaring/takeup-data/data/stan_analysis_data/main-core-exponential-cluster-weight-999/exponential-0029/mode-exponential-0029-1.csv","/project/akaring/takeup-data/data/stan_analysis_data/main-core-exponential-cluster-weight-999/exponential-0029/compact-gq-exponential-0029-1.csv"
30,20260832,1,11.9829430580139,"/project/akaring/takeup-data/data/stan_analysis_data/main-core-exponential-cluster-weight-999-weights/exponential/weights-0030.csv","/project/akaring/takeup-data/data/stan_analysis_data/main-core-exponential-cluster-weight-999/exponential-0030/mode-exponential-0030-1.csv","/project/akaring/takeup-data/data/stan_analysis_data/main-core-exponential-cluster-weight-999/exponential-0030/compact-gq-exponential-0030-1.csv"
31,20260833,1,4.46435117721558,"/project/akaring/takeup-data/data/stan_analysis_data/main-core-exponential-cluster-weight-999-weights/exponential/weights-0031.csv","/project/akaring/takeup-data/data/stan_analysis_data/main-core-exponential-cluster-weight-999/exponential-0031/mode-exponential-0031-1.csv","/project/akaring/takeup-data/data/stan_analysis_data/main-core-exponential-cluster-weight-999/exponential-0031/compact-gq-exponential-0031-1.csv"
32,20260834,1,11.7998123168945,"/project/akaring/takeup-data/data/stan_analysis_data/main-core-exponential-cluster-weight-999-weights/exponential/weights-0032.csv","/project/akaring/takeup-data/data/stan_analysis_data/main-core-exponential-cluster-weight-999/exponential-0032/mode-exponential-0032-1.csv","/project/akaring/takeup-data/data/stan_analysis_data/main-core-exponential-cluster-weight-999/exponential-0032/compact-gq-exponential-0032-1.csv"
33,20260835,1,5.91240453720093,"/project/akaring/takeup-data/data/stan_analysis_data/main-core-exponential-cluster-weight-999-weights/exponential/weights-0033.csv","/project/akaring/takeup-data/data/stan_analysis_data/main-core-exponential-cluster-weight-999/exponential-0033/mode-exponential-0033-1.csv","/project/akaring/takeup-data/data/stan_analysis_data/main-core-exponential-cluster-weight-999/exponential-0033/compact-gq-exponential-0033-1.csv"
34,20260836,1,12.6296560764313,"/project/akaring/takeup-data/data/stan_analysis_data/main-core-exponential-cluster-weight-999-weights/exponential/weights-0034.csv","/project/akaring/takeup-data/data/stan_analysis_data/main-core-exponential-cluster-weight-999/exponential-0034/mode-exponential-0034-1.csv","/project/akaring/takeup-data/data/stan_analysis_data/main-core-exponential-cluster-weight-999/exponential-0034/compact-gq-exponential-0034-1.csv"
35,20260837,1,3.05452656745911,"/project/akaring/takeup-data/data/stan_analysis_data/main-core-exponential-cluster-weight-999-weights/exponential/weights-0035.csv","/project/akaring/takeup-data/data/stan_analysis_data/main-core-exponential-cluster-weight-999/exponential-0035/mode-exponential-0035-1.csv","/project/akaring/takeup-data/data/stan_analysis_data/main-core-exponential-cluster-weight-999/exponential-0035/compact-gq-exponential-0035-1.csv"
36,20260838,1,3.52943706512451,"/project/akaring/takeup-data/data/stan_analysis_data/main-core-exponential-cluster-weight-999-weights/exponential/weights-0036.csv","/project/akaring/takeup-data/data/stan_analysis_data/main-core-exponential-cluster-weight-999/exponential-0036/mode-exponential-0036-1.csv","/project/akaring/takeup-data/data/stan_analysis_data/main-core-exponential-cluster-weight-999/exponential-0036/compact-gq-exponential-0036-1.csv"
37,20260839,1,2.66155934333801,"/project/akaring/takeup-data/data/stan_analysis_data/main-core-exponential-cluster-weight-999-weights/exponential/weights-0037.csv","/project/akaring/takeup-data/data/stan_analysis_data/main-core-exponential-cluster-weight-999/exponential-0037/mode-exponential-0037-1.csv","/project/akaring/takeup-data/data/stan_analysis_data/main-core-exponential-cluster-weight-999/exponential-0037/compact-gq-exponential-0037-1.csv"
38,20260840,1,3.85048675537109,"/project/akaring/takeup-data/data/stan_analysis_data/main-core-exponential-cluster-weight-999-weights/exponential/weights-0038.csv","/project/akaring/takeup-data/data/stan_analysis_data/main-core-exponential-cluster-weight-999/exponential-0038/mode-exponential-0038-1.csv","/project/akaring/takeup-data/data/stan_analysis_data/main-core-exponential-cluster-weight-999/exponential-0038/compact-gq-exponential-0038-1.csv"
39,20260841,1,1.71896767616272,"/project/akaring/takeup-data/data/stan_analysis_data/main-core-exponential-cluster-weight-999-weights/exponential/weights-0039.csv","/project/akaring/takeup-data/data/stan_analysis_data/main-core-exponential-cluster-weight-999/exponential-0039/mode-exponential-0039-1.csv","/project/akaring/takeup-data/data/stan_analysis_data/main-core-exponential-cluster-weight-999/exponential-0039/compact-gq-exponential-0039-1.csv"
40,20260842,1,2.64796686172485,"/project/akaring/takeup-data/data/stan_analysis_data/main-core-exponential-cluster-weight-999-weights/exponential/weights-0040.csv","/project/akaring/takeup-data/data/stan_analysis_data/main-core-exponential-cluster-weight-999/exponential-0040/mode-exponential-0040-1.csv","/project/akaring/takeup-data/data/stan_analysis_data/main-core-exponential-cluster-weight-999/exponential-0040/compact-gq-exponential-0040-1.csv"
41,20260843,1,3.44989895820618,"/project/akaring/takeup-data/data/stan_analysis_data/main-core-exponential-cluster-weight-999-weights/exponential/weights-0041.csv","/project/akaring/takeup-data/data/stan_analysis_data/main-core-exponential-cluster-weight-999/exponential-0041/mode-exponential-0041-1.csv","/project/akaring/takeup-data/data/stan_analysis_data/main-core-exponential-cluster-weight-999/exponential-0041/compact-gq-exponential-0041-1.csv"
42,20260844,1,3.86630654335022,"/project/akaring/takeup-data/data/stan_analysis_data/main-core-exponential-cluster-weight-999-weights/exponential/weights-0042.csv","/project/akaring/takeup-data/data/stan_analysis_data/main-core-exponential-cluster-weight-999/exponential-0042/mode-exponential-0042-1.csv","/project/akaring/takeup-data/data/stan_analysis_data/main-core-exponential-cluster-weight-999/exponential-0042/compact-gq-exponential-0042-1.csv"
43,20260845,1,3.48562693595886,"/project/akaring/takeup-data/data/stan_analysis_data/main-core-exponential-cluster-weight-999-weights/exponential/weights-0043.csv","/project/akaring/takeup-data/data/stan_analysis_data/main-core-exponential-cluster-weight-999/exponential-0043/mode-exponential-0043-1.csv","/project/akaring/takeup-data/data/stan_analysis_data/main-core-exponential-cluster-weight-999/exponential-0043/compact-gq-exponential-0043-1.csv"
44,20260846,1,4.05802893638611,"/project/akaring/takeup-data/data/stan_analysis_data/main-core-exponential-cluster-weight-999-weights/exponential/weights-0044.csv","/project/akaring/takeup-data/data/stan_analysis_data/main-core-exponential-cluster-weight-999/exponential-0044/mode-exponential-0044-1.csv","/project/akaring/takeup-data/data/stan_analysis_data/main-core-exponential-cluster-weight-999/exponential-0044/compact-gq-exponential-0044-1.csv"
45,20260847,1,3.31695890426636,"/project/akaring/takeup-data/data/stan_analysis_data/main-core-exponential-cluster-weight-999-weights/exponential/weights-0045.csv","/project/akaring/takeup-data/data/stan_analysis_data/main-core-exponential-cluster-weight-999/exponential-0045/mode-exponential-0045-1.csv","/project/akaring/takeup-data/data/stan_analysis_data/main-core-exponential-cluster-weight-999/exponential-0045/compact-gq-exponential-0045-1.csv"
46,20260848,1,2.95187640190125,"/project/akaring/takeup-data/data/stan_analysis_data/main-core-exponential-cluster-weight-999-weights/exponential/weights-0046.csv","/project/akaring/takeup-data/data/stan_analysis_data/main-core-exponential-cluster-weight-999/exponential-0046/mode-exponential-0046-1.csv","/project/akaring/takeup-data/data/stan_analysis_data/main-core-exponential-cluster-weight-999/exponential-0046/compact-gq-exponential-0046-1.csv"
47,20260849,1,3.95276045799255,"/project/akaring/takeup-data/data/stan_analysis_data/main-core-exponential-cluster-weight-999-weights/exponential/weights-0047.csv","/project/akaring/takeup-data/data/stan_analysis_data/main-core-exponential-cluster-weight-999/exponential-0047/mode-exponential-0047-1.csv","/project/akaring/takeup-data/data/stan_analysis_data/main-core-exponential-cluster-weight-999/exponential-0047/compact-gq-exponential-0047-1.csv"
48,20260850,1,3.16552090644836,"/project/akaring/takeup-data/data/stan_analysis_data/main-core-exponential-cluster-weight-999-weights/exponential/weights-0048.csv","/project/akaring/takeup-data/data/stan_analysis_data/main-core-exponential-cluster-weight-999/exponential-0048/mode-exponential-0048-1.csv","/project/akaring/takeup-data/data/stan_analysis_data/main-core-exponential-cluster-weight-999/exponential-0048/compact-gq-exponential-0048-1.csv"
49,20260851,1,2.84020662307739,"/project/akaring/takeup-data/data/stan_analysis_data/main-core-exponential-cluster-weight-999-weights/exponential/weights-0049.csv","/project/akaring/takeup-data/data/stan_analysis_data/main-core-exponential-cluster-weight-999/exponential-0049/mode-exponential-0049-1.csv","/project/akaring/takeup-data/data/stan_analysis_data/main-core-exponential-cluster-weight-999/exponential-0049/compact-gq-exponential-0049-1.csv"
50,20260852,1,11.0472133159637,"/project/akaring/takeup-data/data/stan_analysis_data/main-core-exponential-cluster-weight-999-weights/exponential/weights-0050.csv","/project/akaring/takeup-data/data/stan_analysis_data/main-core-exponential-cluster-weight-999/exponential-0050/mode-exponential-0050-1.csv","/project/akaring/takeup-data/data/stan_analysis_data/main-core-exponential-cluster-weight-999/exponential-0050/compact-gq-exponential-0050-1.csv"
51,20260853,1,11.0462572574615,"/project/akaring/takeup-data/data/stan_analysis_data/main-core-exponential-cluster-weight-999-weights/exponential/weights-0051.csv","/project/akaring/takeup-data/data/stan_analysis_data/main-core-exponential-cluster-weight-999/exponential-0051/mode-exponential-0051-1.csv","/project/akaring/takeup-data/data/stan_analysis_data/main-core-exponential-cluster-weight-999/exponential-0051/compact-gq-exponential-0051-1.csv"
52,20260854,1,2.51280951499939,"/project/akaring/takeup-data/data/stan_analysis_data/main-core-exponential-cluster-weight-999-weights/exponential/weights-0052.csv","/project/akaring/takeup-data/data/stan_analysis_data/main-core-exponential-cluster-weight-999/exponential-0052/mode-exponential-0052-1.csv","/project/akaring/takeup-data/data/stan_analysis_data/main-core-exponential-cluster-weight-999/exponential-0052/compact-gq-exponential-0052-1.csv"
53,20260855,1,2.9612352848053,"/project/akaring/takeup-data/data/stan_analysis_data/main-core-exponential-cluster-weight-999-weights/exponential/weights-0053.csv","/project/akaring/takeup-data/data/stan_analysis_data/main-core-exponential-cluster-weight-999/exponential-0053/mode-exponential-0053-1.csv","/project/akaring/takeup-data/data/stan_analysis_data/main-core-exponential-cluster-weight-999/exponential-0053/compact-gq-exponential-0053-1.csv"
54,20260856,1,2.0424485206604,"/project/akaring/takeup-data/data/stan_analysis_data/main-core-exponential-cluster-weight-999-weights/exponential/weights-0054.csv","/project/akaring/takeup-data/data/stan_analysis_data/main-core-exponential-cluster-weight-999/exponential-0054/mode-exponential-0054-1.csv","/project/akaring/takeup-data/data/stan_analysis_data/main-core-exponential-cluster-weight-999/exponential-0054/compact-gq-exponential-0054-1.csv"
55,20260857,1,5.51514959335327,"/project/akaring/takeup-data/data/stan_analysis_data/main-core-exponential-cluster-weight-999-weights/exponential/weights-0055.csv","/project/akaring/takeup-data/data/stan_analysis_data/main-core-exponential-cluster-weight-999/exponential-0055/mode-exponential-0055-1.csv","/project/akaring/takeup-data/data/stan_analysis_data/main-core-exponential-cluster-weight-999/exponential-0055/compact-gq-exponential-0055-1.csv"
56,20260858,1,2.13390755653381,"/project/akaring/takeup-data/data/stan_analysis_data/main-core-exponential-cluster-weight-999-weights/exponential/weights-0056.csv","/project/akaring/takeup-data/data/stan_analysis_data/main-core-exponential-cluster-weight-999/exponential-0056/mode-exponential-0056-1.csv","/project/akaring/takeup-data/data/stan_analysis_data/main-core-exponential-cluster-weight-999/exponential-0056/compact-gq-exponential-0056-1.csv"
57,20260859,1,1.63770174980164,"/project/akaring/takeup-data/data/stan_analysis_data/main-core-exponential-cluster-weight-999-weights/exponential/weights-0057.csv","/project/akaring/takeup-data/data/stan_analysis_data/main-core-exponential-cluster-weight-999/exponential-0057/mode-exponential-0057-1.csv","/project/akaring/takeup-data/data/stan_analysis_data/main-core-exponential-cluster-weight-999/exponential-0057/compact-gq-exponential-0057-1.csv"
58,20260860,1,20.9109499454498,"/project/akaring/takeup-data/data/stan_analysis_data/main-core-exponential-cluster-weight-999-weights/exponential/weights-0058.csv","/project/akaring/takeup-data/data/stan_analysis_data/main-core-exponential-cluster-weight-999/exponential-0058/mode-exponential-0058-1.csv","/project/akaring/takeup-data/data/stan_analysis_data/main-core-exponential-cluster-weight-999/exponential-0058/compact-gq-exponential-0058-1.csv"
59,20260861,1,4.90538382530212,"/project/akaring/takeup-data/data/stan_analysis_data/main-core-exponential-cluster-weight-999-weights/exponential/weights-0059.csv","/project/akaring/takeup-data/data/stan_analysis_data/main-core-exponential-cluster-weight-999/exponential-0059/mode-exponential-0059-1.csv","/project/akaring/takeup-data/data/stan_analysis_data/main-core-exponential-cluster-weight-999/exponential-0059/compact-gq-exponential-0059-1.csv"
60,20260862,1,6.65055704116821,"/project/akaring/takeup-data/data/stan_analysis_data/main-core-exponential-cluster-weight-999-weights/exponential/weights-0060.csv","/project/akaring/takeup-data/data/stan_analysis_data/main-core-exponential-cluster-weight-999/exponential-0060/mode-exponential-0060-1.csv","/project/akaring/takeup-data/data/stan_analysis_data/main-core-exponential-cluster-weight-999/exponential-0060/compact-gq-exponential-0060-1.csv"
61,20260863,1,12.4794652462006,"/project/akaring/takeup-data/data/stan_analysis_data/main-core-exponential-cluster-weight-999-weights/exponential/weights-0061.csv","/project/akaring/takeup-data/data/stan_analysis_data/main-core-exponential-cluster-weight-999/exponential-0061/mode-exponential-0061-1.csv","/project/akaring/takeup-data/data/stan_analysis_data/main-core-exponential-cluster-weight-999/exponential-0061/compact-gq-exponential-0061-1.csv"
62,20260864,1,5.21440696716309,"/project/akaring/takeup-data/data/stan_analysis_data/main-core-exponential-cluster-weight-999-weights/exponential/weights-0062.csv","/project/akaring/takeup-data/data/stan_analysis_data/main-core-exponential-cluster-weight-999/exponential-0062/mode-exponential-0062-1.csv","/project/akaring/takeup-data/data/stan_analysis_data/main-core-exponential-cluster-weight-999/exponential-0062/compact-gq-exponential-0062-1.csv"
63,20260865,1,5.54735541343689,"/project/akaring/takeup-data/data/stan_analysis_data/main-core-exponential-cluster-weight-999-weights/exponential/weights-0063.csv","/project/akaring/takeup-data/data/stan_analysis_data/main-core-exponential-cluster-weight-999/exponential-0063/mode-exponential-0063-1.csv","/project/akaring/takeup-data/data/stan_analysis_data/main-core-exponential-cluster-weight-999/exponential-0063/compact-gq-exponential-0063-1.csv"
64,20260866,1,25.2533810138702,"/project/akaring/takeup-data/data/stan_analysis_data/main-core-exponential-cluster-weight-999-weights/exponential/weights-0064.csv","/project/akaring/takeup-data/data/stan_analysis_data/main-core-exponential-cluster-weight-999/exponential-0064/mode-exponential-0064-1.csv","/project/akaring/takeup-data/data/stan_analysis_data/main-core-exponential-cluster-weight-999/exponential-0064/compact-gq-exponential-0064-1.csv"
65,20260867,1,12.1274135112762,"/project/akaring/takeup-data/data/stan_analysis_data/main-core-exponential-cluster-weight-999-weights/exponential/weights-0065.csv","/project/akaring/takeup-data/data/stan_analysis_data/main-core-exponential-cluster-weight-999/exponential-0065/mode-exponential-0065-1.csv","/project/akaring/takeup-data/data/stan_analysis_data/main-core-exponential-cluster-weight-999/exponential-0065/compact-gq-exponential-0065-1.csv"
66,20260868,1,12.9892411231995,"/project/akaring/takeup-data/data/stan_analysis_data/main-core-exponential-cluster-weight-999-weights/exponential/weights-0066.csv","/project/akaring/takeup-data/data/stan_analysis_data/main-core-exponential-cluster-weight-999/exponential-0066/mode-exponential-0066-1.csv","/project/akaring/takeup-data/data/stan_analysis_data/main-core-exponential-cluster-weight-999/exponential-0066/compact-gq-exponential-0066-1.csv"
67,20260869,1,12.6341238021851,"/project/akaring/takeup-data/data/stan_analysis_data/main-core-exponential-cluster-weight-999-weights/exponential/weights-0067.csv","/project/akaring/takeup-data/data/stan_analysis_data/main-core-exponential-cluster-weight-999/exponential-0067/mode-exponential-0067-1.csv","/project/akaring/takeup-data/data/stan_analysis_data/main-core-exponential-cluster-weight-999/exponential-0067/compact-gq-exponential-0067-1.csv"
68,20260870,1,2.56353855133057,"/project/akaring/takeup-data/data/stan_analysis_data/main-core-exponential-cluster-weight-999-weights/exponential/weights-0068.csv","/project/akaring/takeup-data/data/stan_analysis_data/main-core-exponential-cluster-weight-999/exponential-0068/mode-exponential-0068-1.csv","/project/akaring/takeup-data/data/stan_analysis_data/main-core-exponential-cluster-weight-999/exponential-0068/compact-gq-exponential-0068-1.csv"
69,20260871,1,2.24311780929565,"/project/akaring/takeup-data/data/stan_analysis_data/main-core-exponential-cluster-weight-999-weights/exponential/weights-0069.csv","/project/akaring/takeup-data/data/stan_analysis_data/main-core-exponential-cluster-weight-999/exponential-0069/mode-exponential-0069-1.csv","/project/akaring/takeup-data/data/stan_analysis_data/main-core-exponential-cluster-weight-999/exponential-0069/compact-gq-exponential-0069-1.csv"
70,20260872,1,6.17692995071411,"/project/akaring/takeup-data/data/stan_analysis_data/main-core-exponential-cluster-weight-999-weights/exponential/weights-0070.csv","/project/akaring/takeup-data/data/stan_analysis_data/main-core-exponential-cluster-weight-999/exponential-0070/mode-exponential-0070-1.csv","/project/akaring/takeup-data/data/stan_analysis_data/main-core-exponential-cluster-weight-999/exponential-0070/compact-gq-exponential-0070-1.csv"
71,20260873,1,6.50795865058899,"/project/akaring/takeup-data/data/stan_analysis_data/main-core-exponential-cluster-weight-999-weights/exponential/weights-0071.csv","/project/akaring/takeup-data/data/stan_analysis_data/main-core-exponential-cluster-weight-999/exponential-0071/mode-exponential-0071-1.csv","/project/akaring/takeup-data/data/stan_analysis_data/main-core-exponential-cluster-weight-999/exponential-0071/compact-gq-exponential-0071-1.csv"
72,20260874,1,6.49074625968933,"/project/akaring/takeup-data/data/stan_analysis_data/main-core-exponential-cluster-weight-999-weights/exponential/weights-0072.csv","/project/akaring/takeup-data/data/stan_analysis_data/main-core-exponential-cluster-weight-999/exponential-0072/mode-exponential-0072-1.csv","/project/akaring/takeup-data/data/stan_analysis_data/main-core-exponential-cluster-weight-999/exponential-0072/compact-gq-exponential-0072-1.csv"
73,20260875,1,4.19260787963867,"/project/akaring/takeup-data/data/stan_analysis_data/main-core-exponential-cluster-weight-999-weights/exponential/weights-0073.csv","/project/akaring/takeup-data/data/stan_analysis_data/main-core-exponential-cluster-weight-999/exponential-0073/mode-exponential-0073-1.csv","/project/akaring/takeup-data/data/stan_analysis_data/main-core-exponential-cluster-weight-999/exponential-0073/compact-gq-exponential-0073-1.csv"
74,20260876,1,5.77752041816711,"/project/akaring/takeup-data/data/stan_analysis_data/main-core-exponential-cluster-weight-999-weights/exponential/weights-0074.csv","/project/akaring/takeup-data/data/stan_analysis_data/main-core-exponential-cluster-weight-999/exponential-0074/mode-exponential-0074-1.csv","/project/akaring/takeup-data/data/stan_analysis_data/main-core-exponential-cluster-weight-999/exponential-0074/compact-gq-exponential-0074-1.csv"
75,20260877,1,5.77786207199097,"/project/akaring/takeup-data/data/stan_analysis_data/main-core-exponential-cluster-weight-999-weights/exponential/weights-0075.csv","/project/akaring/takeup-data/data/stan_analysis_data/main-core-exponential-cluster-weight-999/exponential-0075/mode-exponential-0075-1.csv","/project/akaring/takeup-data/data/stan_analysis_data/main-core-exponential-cluster-weight-999/exponential-0075/compact-gq-exponential-0075-1.csv"
76,20260878,1,6.52443861961365,"/project/akaring/takeup-data/data/stan_analysis_data/main-core-exponential-cluster-weight-999-weights/exponential/weights-0076.csv","/project/akaring/takeup-data/data/stan_analysis_data/main-core-exponential-cluster-weight-999/exponential-0076/mode-exponential-0076-1.csv","/project/akaring/takeup-data/data/stan_analysis_data/main-core-exponential-cluster-weight-999/exponential-0076/compact-gq-exponential-0076-1.csv"
77,20260879,1,6.28187131881714,"/project/akaring/takeup-data/data/stan_analysis_data/main-core-exponential-cluster-weight-999-weights/exponential/weights-0077.csv","/project/akaring/takeup-data/data/stan_analysis_data/main-core-exponential-cluster-weight-999/exponential-0077/mode-exponential-0077-1.csv","/project/akaring/takeup-data/data/stan_analysis_data/main-core-exponential-cluster-weight-999/exponential-0077/compact-gq-exponential-0077-1.csv"
78,20260880,1,6.5568482875824,"/project/akaring/takeup-data/data/stan_analysis_data/main-core-exponential-cluster-weight-999-weights/exponential/weights-0078.csv","/project/akaring/takeup-data/data/stan_analysis_data/main-core-exponential-cluster-weight-999/exponential-0078/mode-exponential-0078-1.csv","/project/akaring/takeup-data/data/stan_analysis_data/main-core-exponential-cluster-weight-999/exponential-0078/compact-gq-exponential-0078-1.csv"
79,20260881,1,30.4063618183136,"/project/akaring/takeup-data/data/stan_analysis_data/main-core-exponential-cluster-weight-999-weights/exponential/weights-0079.csv","/project/akaring/takeup-data/data/stan_analysis_data/main-core-exponential-cluster-weight-999/exponential-0079/mode-exponential-0079-1.csv","/project/akaring/takeup-data/data/stan_analysis_data/main-core-exponential-cluster-weight-999/exponential-0079/compact-gq-exponential-0079-1.csv"
80,20260882,1,6.1009464263916,"/project/akaring/takeup-data/data/stan_analysis_data/main-core-exponential-cluster-weight-999-weights/exponential/weights-0080.csv","/project/akaring/takeup-data/data/stan_analysis_data/main-core-exponential-cluster-weight-999/exponential-0080/mode-exponential-0080-1.csv","/project/akaring/takeup-data/data/stan_analysis_data/main-core-exponential-cluster-weight-999/exponential-0080/compact-gq-exponential-0080-1.csv"
81,20260883,1,6.1414647102356,"/project/akaring/takeup-data/data/stan_analysis_data/main-core-exponential-cluster-weight-999-weights/exponential/weights-0081.csv","/project/akaring/takeup-data/data/stan_analysis_data/main-core-exponential-cluster-weight-999/exponential-0081/mode-exponential-0081-1.csv","/project/akaring/takeup-data/data/stan_analysis_data/main-core-exponential-cluster-weight-999/exponential-0081/compact-gq-exponential-0081-1.csv"
82,20260884,1,6.79631900787354,"/project/akaring/takeup-data/data/stan_analysis_data/main-core-exponential-cluster-weight-999-weights/exponential/weights-0082.csv","/project/akaring/takeup-data/data/stan_analysis_data/main-core-exponential-cluster-weight-999/exponential-0082/mode-exponential-0082-1.csv","/project/akaring/takeup-data/data/stan_analysis_data/main-core-exponential-cluster-weight-999/exponential-0082/compact-gq-exponential-0082-1.csv"
83,20260885,1,19.9996609687805,"/project/akaring/takeup-data/data/stan_analysis_data/main-core-exponential-cluster-weight-999-weights/exponential/weights-0083.csv","/project/akaring/takeup-data/data/stan_analysis_data/main-core-exponential-cluster-weight-999/exponential-0083/mode-exponential-0083-1.csv","/project/akaring/takeup-data/data/stan_analysis_data/main-core-exponential-cluster-weight-999/exponential-0083/compact-gq-exponential-0083-1.csv"
84,20260886,1,3.92939376831055,"/project/akaring/takeup-data/data/stan_analysis_data/main-core-exponential-cluster-weight-999-weights/exponential/weights-0084.csv","/project/akaring/takeup-data/data/stan_analysis_data/main-core-exponential-cluster-weight-999/exponential-0084/mode-exponential-0084-1.csv","/project/akaring/takeup-data/data/stan_analysis_data/main-core-exponential-cluster-weight-999/exponential-0084/compact-gq-exponential-0084-1.csv"
85,20260887,1,4.62308669090271,"/project/akaring/takeup-data/data/stan_analysis_data/main-core-exponential-cluster-weight-999-weights/exponential/weights-0085.csv","/project/akaring/takeup-data/data/stan_analysis_data/main-core-exponential-cluster-weight-999/exponential-0085/mode-exponential-0085-1.csv","/project/akaring/takeup-data/data/stan_analysis_data/main-core-exponential-cluster-weight-999/exponential-0085/compact-gq-exponential-0085-1.csv"
86,20260888,1,4.10278153419495,"/project/akaring/takeup-data/data/stan_analysis_data/main-core-exponential-cluster-weight-999-weights/exponential/weights-0086.csv","/project/akaring/takeup-data/data/stan_analysis_data/main-core-exponential-cluster-weight-999/exponential-0086/mode-exponential-0086-1.csv","/project/akaring/takeup-data/data/stan_analysis_data/main-core-exponential-cluster-weight-999/exponential-0086/compact-gq-exponential-0086-1.csv"
87,20260889,1,3.56770634651184,"/project/akaring/takeup-data/data/stan_analysis_data/main-core-exponential-cluster-weight-999-weights/exponential/weights-0087.csv","/project/akaring/takeup-data/data/stan_analysis_data/main-core-exponential-cluster-weight-999/exponential-0087/mode-exponential-0087-1.csv","/project/akaring/takeup-data/data/stan_analysis_data/main-core-exponential-cluster-weight-999/exponential-0087/compact-gq-exponential-0087-1.csv"
88,20260890,1,4.54273533821106,"/project/akaring/takeup-data/data/stan_analysis_data/main-core-exponential-cluster-weight-999-weights/exponential/weights-0088.csv","/project/akaring/takeup-data/data/stan_analysis_data/main-core-exponential-cluster-weight-999/exponential-0088/mode-exponential-0088-1.csv","/project/akaring/takeup-data/data/stan_analysis_data/main-core-exponential-cluster-weight-999/exponential-0088/compact-gq-exponential-0088-1.csv"
89,20260891,1,17.594354391098,"/project/akaring/takeup-data/data/stan_analysis_data/main-core-exponential-cluster-weight-999-weights/exponential/weights-0089.csv","/project/akaring/takeup-data/data/stan_analysis_data/main-core-exponential-cluster-weight-999/exponential-0089/mode-exponential-0089-1.csv","/project/akaring/takeup-data/data/stan_analysis_data/main-core-exponential-cluster-weight-999/exponential-0089/compact-gq-exponential-0089-1.csv"
90,20260892,1,17.7873659133911,"/project/akaring/takeup-data/data/stan_analysis_data/main-core-exponential-cluster-weight-999-weights/exponential/weights-0090.csv","/project/akaring/takeup-data/data/stan_analysis_data/main-core-exponential-cluster-weight-999/exponential-0090/mode-exponential-0090-1.csv","/project/akaring/takeup-data/data/stan_analysis_data/main-core-exponential-cluster-weight-999/exponential-0090/compact-gq-exponential-0090-1.csv"
91,20260893,1,10.4576413631439,"/project/akaring/takeup-data/data/stan_analysis_data/main-core-exponential-cluster-weight-999-weights/exponential/weights-0091.csv","/project/akaring/takeup-data/data/stan_analysis_data/main-core-exponential-cluster-weight-999/exponential-0091/mode-exponential-0091-1.csv","/project/akaring/takeup-data/data/stan_analysis_data/main-core-exponential-cluster-weight-999/exponential-0091/compact-gq-exponential-0091-1.csv"
92,20260894,1,10.3575298786163,"/project/akaring/takeup-data/data/stan_analysis_data/main-core-exponential-cluster-weight-999-weights/exponential/weights-0092.csv","/project/akaring/takeup-data/data/stan_analysis_data/main-core-exponential-cluster-weight-999/exponential-0092/mode-exponential-0092-1.csv","/project/akaring/takeup-data/data/stan_analysis_data/main-core-exponential-cluster-weight-999/exponential-0092/compact-gq-exponential-0092-1.csv"
93,20260895,1,10.6929974555969,"/project/akaring/takeup-data/data/stan_analysis_data/main-core-exponential-cluster-weight-999-weights/exponential/weights-0093.csv","/project/akaring/takeup-data/data/stan_analysis_data/main-core-exponential-cluster-weight-999/exponential-0093/mode-exponential-0093-1.csv","/project/akaring/takeup-data/data/stan_analysis_data/main-core-exponential-cluster-weight-999/exponential-0093/compact-gq-exponential-0093-1.csv"
94,20260896,1,1.92061948776245,"/project/akaring/takeup-data/data/stan_analysis_data/main-core-exponential-cluster-weight-999-weights/exponential/weights-0094.csv","/project/akaring/takeup-data/data/stan_analysis_data/main-core-exponential-cluster-weight-999/exponential-0094/mode-exponential-0094-1.csv","/project/akaring/takeup-data/data/stan_analysis_data/main-core-exponential-cluster-weight-999/exponential-0094/compact-gq-exponential-0094-1.csv"
95,20260897,1,23.4953038692474,"/project/akaring/takeup-data/data/stan_analysis_data/main-core-exponential-cluster-weight-999-weights/exponential/weights-0095.csv","/project/akaring/takeup-data/data/stan_analysis_data/main-core-exponential-cluster-weight-999/exponential-0095/mode-exponential-0095-1.csv","/project/akaring/takeup-data/data/stan_analysis_data/main-core-exponential-cluster-weight-999/exponential-0095/compact-gq-exponential-0095-1.csv"
96,20260898,1,3.54858207702637,"/project/akaring/takeup-data/data/stan_analysis_data/main-core-exponential-cluster-weight-999-weights/exponential/weights-0096.csv","/project/akaring/takeup-data/data/stan_analysis_data/main-core-exponential-cluster-weight-999/exponential-0096/mode-exponential-0096-1.csv","/project/akaring/takeup-data/data/stan_analysis_data/main-core-exponential-cluster-weight-999/exponential-0096/compact-gq-exponential-0096-1.csv"
97,20260899,1,20.333080291748,"/project/akaring/takeup-data/data/stan_analysis_data/main-core-exponential-cluster-weight-999-weights/exponential/weights-0097.csv","/project/akaring/takeup-data/data/stan_analysis_data/main-core-exponential-cluster-weight-999/exponential-0097/mode-exponential-0097-1.csv","/project/akaring/takeup-data/data/stan_analysis_data/main-core-exponential-cluster-weight-999/exponential-0097/compact-gq-exponential-0097-1.csv"
98,20260900,1,20.1553993225098,"/project/akaring/takeup-data/data/stan_analysis_data/main-core-exponential-cluster-weight-999-weights/exponential/weights-0098.csv","/project/akaring/takeup-data/data/stan_analysis_data/main-core-exponential-cluster-weight-999/exponential-0098/mode-exponential-0098-1.csv","/project/akaring/takeup-data/data/stan_analysis_data/main-core-exponential-cluster-weight-999/exponential-0098/compact-gq-exponential-0098-1.csv"
99,20260901,1,8.94100904464722,"/project/akaring/takeup-data/data/stan_analysis_data/main-core-exponential-cluster-weight-999-weights/exponential/weights-0099.csv","/project/akaring/takeup-data/data/stan_analysis_data/main-core-exponential-cluster-weight-999/exponential-0099/mode-exponential-0099-1.csv","/project/akaring/takeup-data/data/stan_analysis_data/main-core-exponential-cluster-weight-999/exponential-0099/compact-gq-exponential-0099-1.csv"
100,20260902,1,10.3817911148071,"/project/akaring/takeup-data/data/stan_analysis_data/main-core-exponential-cluster-weight-999-weights/exponential/weights-0100.csv","/project/akaring/takeup-data/data/stan_analysis_data/main-core-exponential-cluster-weight-999/exponential-0100/mode-exponential-0100-1.csv","/project/akaring/takeup-data/data/stan_analysis_data/main-core-exponential-cluster-weight-999/exponential-0100/compact-gq-exponential-0100-1.csv"
101,20260903,1,2.93235635757446,"/project/akaring/takeup-data/data/stan_analysis_data/main-core-exponential-cluster-weight-999-weights/exponential/weights-0101.csv","/project/akaring/takeup-data/data/stan_analysis_data/main-core-exponential-cluster-weight-999/exponential-0101/mode-exponential-0101-1.csv","/project/akaring/takeup-data/data/stan_analysis_data/main-core-exponential-cluster-weight-999/exponential-0101/compact-gq-exponential-0101-1.csv"
102,20260904,1,9.52682828903198,"/project/akaring/takeup-data/data/stan_analysis_data/main-core-exponential-cluster-weight-999-weights/exponential/weights-0102.csv","/project/akaring/takeup-data/data/stan_analysis_data/main-core-exponential-cluster-weight-999/exponential-0102/mode-exponential-0102-1.csv","/project/akaring/takeup-data/data/stan_analysis_data/main-core-exponential-cluster-weight-999/exponential-0102/compact-gq-exponential-0102-1.csv"
103,20260905,1,9.19403481483459,"/project/akaring/takeup-data/data/stan_analysis_data/main-core-exponential-cluster-weight-999-weights/exponential/weights-0103.csv","/project/akaring/takeup-data/data/stan_analysis_data/main-core-exponential-cluster-weight-999/exponential-0103/mode-exponential-0103-1.csv","/project/akaring/takeup-data/data/stan_analysis_data/main-core-exponential-cluster-weight-999/exponential-0103/compact-gq-exponential-0103-1.csv"
104,20260906,1,3.87866735458374,"/project/akaring/takeup-data/data/stan_analysis_data/main-core-exponential-cluster-weight-999-weights/exponential/weights-0104.csv","/project/akaring/takeup-data/data/stan_analysis_data/main-core-exponential-cluster-weight-999/exponential-0104/mode-exponential-0104-1.csv","/project/akaring/takeup-data/data/stan_analysis_data/main-core-exponential-cluster-weight-999/exponential-0104/compact-gq-exponential-0104-1.csv"
105,20260907,1,18.1787657737732,"/project/akaring/takeup-data/data/stan_analysis_data/main-core-exponential-cluster-weight-999-weights/exponential/weights-0105.csv","/project/akaring/takeup-data/data/stan_analysis_data/main-core-exponential-cluster-weight-999/exponential-0105/mode-exponential-0105-1.csv","/project/akaring/takeup-data/data/stan_analysis_data/main-core-exponential-cluster-weight-999/exponential-0105/compact-gq-exponential-0105-1.csv"
106,20260908,1,19.0041983127594,"/project/akaring/takeup-data/data/stan_analysis_data/main-core-exponential-cluster-weight-999-weights/exponential/weights-0106.csv","/project/akaring/takeup-data/data/stan_analysis_data/main-core-exponential-cluster-weight-999/exponential-0106/mode-exponential-0106-1.csv","/project/akaring/takeup-data/data/stan_analysis_data/main-core-exponential-cluster-weight-999/exponential-0106/compact-gq-exponential-0106-1.csv"
107,20260909,1,5.84425282478333,"/project/akaring/takeup-data/data/stan_analysis_data/main-core-exponential-cluster-weight-999-weights/exponential/weights-0107.csv","/project/akaring/takeup-data/data/stan_analysis_data/main-core-exponential-cluster-weight-999/exponential-0107/mode-exponential-0107-1.csv","/project/akaring/takeup-data/data/stan_analysis_data/main-core-exponential-cluster-weight-999/exponential-0107/compact-gq-exponential-0107-1.csv"
108,20260910,1,8.06299066543579,"/project/akaring/takeup-data/data/stan_analysis_data/main-core-exponential-cluster-weight-999-weights/exponential/weights-0108.csv","/project/akaring/takeup-data/data/stan_analysis_data/main-core-exponential-cluster-weight-999/exponential-0108/mode-exponential-0108-1.csv","/project/akaring/takeup-data/data/stan_analysis_data/main-core-exponential-cluster-weight-999/exponential-0108/compact-gq-exponential-0108-1.csv"
109,20260911,1,8.83315467834473,"/project/akaring/takeup-data/data/stan_analysis_data/main-core-exponential-cluster-weight-999-weights/exponential/weights-0109.csv","/project/akaring/takeup-data/data/stan_analysis_data/main-core-exponential-cluster-weight-999/exponential-0109/mode-exponential-0109-1.csv","/project/akaring/takeup-data/data/stan_analysis_data/main-core-exponential-cluster-weight-999/exponential-0109/compact-gq-exponential-0109-1.csv"
110,20260912,1,2.27961826324463,"/project/akaring/takeup-data/data/stan_analysis_data/main-core-exponential-cluster-weight-999-weights/exponential/weights-0110.csv","/project/akaring/takeup-data/data/stan_analysis_data/main-core-exponential-cluster-weight-999/exponential-0110/mode-exponential-0110-1.csv","/project/akaring/takeup-data/data/stan_analysis_data/main-core-exponential-cluster-weight-999/exponential-0110/compact-gq-exponential-0110-1.csv"
111,20260913,1,2.97009825706482,"/project/akaring/takeup-data/data/stan_analysis_data/main-core-exponential-cluster-weight-999-weights/exponential/weights-0111.csv","/project/akaring/takeup-data/data/stan_analysis_data/main-core-exponential-cluster-weight-999/exponential-0111/mode-exponential-0111-1.csv","/project/akaring/takeup-data/data/stan_analysis_data/main-core-exponential-cluster-weight-999/exponential-0111/compact-gq-exponential-0111-1.csv"
112,20260914,1,11.6172227859497,"/project/akaring/takeup-data/data/stan_analysis_data/main-core-exponential-cluster-weight-999-weights/exponential/weights-0112.csv","/project/akaring/takeup-data/data/stan_analysis_data/main-core-exponential-cluster-weight-999/exponential-0112/mode-exponential-0112-1.csv","/project/akaring/takeup-data/data/stan_analysis_data/main-core-exponential-cluster-weight-999/exponential-0112/compact-gq-exponential-0112-1.csv"
113,20260915,1,17.8183665275574,"/project/akaring/takeup-data/data/stan_analysis_data/main-core-exponential-cluster-weight-999-weights/exponential/weights-0113.csv","/project/akaring/takeup-data/data/stan_analysis_data/main-core-exponential-cluster-weight-999/exponential-0113/mode-exponential-0113-1.csv","/project/akaring/takeup-data/data/stan_analysis_data/main-core-exponential-cluster-weight-999/exponential-0113/compact-gq-exponential-0113-1.csv"
114,20260916,1,7.92400717735291,"/project/akaring/takeup-data/data/stan_analysis_data/main-core-exponential-cluster-weight-999-weights/exponential/weights-0114.csv","/project/akaring/takeup-data/data/stan_analysis_data/main-core-exponential-cluster-weight-999/exponential-0114/mode-exponential-0114-1.csv","/project/akaring/takeup-data/data/stan_analysis_data/main-core-exponential-cluster-weight-999/exponential-0114/compact-gq-exponential-0114-1.csv"
115,20260917,1,15.9984438419342,"/project/akaring/takeup-data/data/stan_analysis_data/main-core-exponential-cluster-weight-999-weights/exponential/weights-0115.csv","/project/akaring/takeup-data/data/stan_analysis_data/main-core-exponential-cluster-weight-999/exponential-0115/mode-exponential-0115-1.csv","/project/akaring/takeup-data/data/stan_analysis_data/main-core-exponential-cluster-weight-999/exponential-0115/compact-gq-exponential-0115-1.csv"
116,20260918,1,27.6589920520782,"/project/akaring/takeup-data/data/stan_analysis_data/main-core-exponential-cluster-weight-999-weights/exponential/weights-0116.csv","/project/akaring/takeup-data/data/stan_analysis_data/main-core-exponential-cluster-weight-999/exponential-0116/mode-exponential-0116-1.csv","/project/akaring/takeup-data/data/stan_analysis_data/main-core-exponential-cluster-weight-999/exponential-0116/compact-gq-exponential-0116-1.csv"
117,20260919,1,16.0055356025696,"/project/akaring/takeup-data/data/stan_analysis_data/main-core-exponential-cluster-weight-999-weights/exponential/weights-0117.csv","/project/akaring/takeup-data/data/stan_analysis_data/main-core-exponential-cluster-weight-999/exponential-0117/mode-exponential-0117-1.csv","/project/akaring/takeup-data/data/stan_analysis_data/main-core-exponential-cluster-weight-999/exponential-0117/compact-gq-exponential-0117-1.csv"
118,20260920,1,11.7426023483276,"/project/akaring/takeup-data/data/stan_analysis_data/main-core-exponential-cluster-weight-999-weights/exponential/weights-0118.csv","/project/akaring/takeup-data/data/stan_analysis_data/main-core-exponential-cluster-weight-999/exponential-0118/mode-exponential-0118-1.csv","/project/akaring/takeup-data/data/stan_analysis_data/main-core-exponential-cluster-weight-999/exponential-0118/compact-gq-exponential-0118-1.csv"
119,20260921,1,15.1062705516815,"/project/akaring/takeup-data/data/stan_analysis_data/main-core-exponential-cluster-weight-999-weights/exponential/weights-0119.csv","/project/akaring/takeup-data/data/stan_analysis_data/main-core-exponential-cluster-weight-999/exponential-0119/mode-exponential-0119-1.csv","/project/akaring/takeup-data/data/stan_analysis_data/main-core-exponential-cluster-weight-999/exponential-0119/compact-gq-exponential-0119-1.csv"
120,20260922,1,16.4322283267975,"/project/akaring/takeup-data/data/stan_analysis_data/main-core-exponential-cluster-weight-999-weights/exponential/weights-0120.csv","/project/akaring/takeup-data/data/stan_analysis_data/main-core-exponential-cluster-weight-999/exponential-0120/mode-exponential-0120-1.csv","/project/akaring/takeup-data/data/stan_analysis_data/main-core-exponential-cluster-weight-999/exponential-0120/compact-gq-exponential-0120-1.csv"
121,20260923,1,17.5105497837067,"/project/akaring/takeup-data/data/stan_analysis_data/main-core-exponential-cluster-weight-999-weights/exponential/weights-0121.csv","/project/akaring/takeup-data/data/stan_analysis_data/main-core-exponential-cluster-weight-999/exponential-0121/mode-exponential-0121-1.csv","/project/akaring/takeup-data/data/stan_analysis_data/main-core-exponential-cluster-weight-999/exponential-0121/compact-gq-exponential-0121-1.csv"
122,20260924,1,6.01203203201294,"/project/akaring/takeup-data/data/stan_analysis_data/main-core-exponential-cluster-weight-999-weights/exponential/weights-0122.csv","/project/akaring/takeup-data/data/stan_analysis_data/main-core-exponential-cluster-weight-999/exponential-0122/mode-exponential-0122-1.csv","/project/akaring/takeup-data/data/stan_analysis_data/main-core-exponential-cluster-weight-999/exponential-0122/compact-gq-exponential-0122-1.csv"
123,20260925,1,6.07178521156311,"/project/akaring/takeup-data/data/stan_analysis_data/main-core-exponential-cluster-weight-999-weights/exponential/weights-0123.csv","/project/akaring/takeup-data/data/stan_analysis_data/main-core-exponential-cluster-weight-999/exponential-0123/mode-exponential-0123-1.csv","/project/akaring/takeup-data/data/stan_analysis_data/main-core-exponential-cluster-weight-999/exponential-0123/compact-gq-exponential-0123-1.csv"
124,20260926,1,4.72190546989441,"/project/akaring/takeup-data/data/stan_analysis_data/main-core-exponential-cluster-weight-999-weights/exponential/weights-0124.csv","/project/akaring/takeup-data/data/stan_analysis_data/main-core-exponential-cluster-weight-999/exponential-0124/mode-exponential-0124-1.csv","/project/akaring/takeup-data/data/stan_analysis_data/main-core-exponential-cluster-weight-999/exponential-0124/compact-gq-exponential-0124-1.csv"
125,20260927,1,4.10700297355652,"/project/akaring/takeup-data/data/stan_analysis_data/main-core-exponential-cluster-weight-999-weights/exponential/weights-0125.csv","/project/akaring/takeup-data/data/stan_analysis_data/main-core-exponential-cluster-weight-999/exponential-0125/mode-exponential-0125-1.csv","/project/akaring/takeup-data/data/stan_analysis_data/main-core-exponential-cluster-weight-999/exponential-0125/compact-gq-exponential-0125-1.csv"
126,20260928,1,4.87161135673523,"/project/akaring/takeup-data/data/stan_analysis_data/main-core-exponential-cluster-weight-999-weights/exponential/weights-0126.csv","/project/akaring/takeup-data/data/stan_analysis_data/main-core-exponential-cluster-weight-999/exponential-0126/mode-exponential-0126-1.csv","/project/akaring/takeup-data/data/stan_analysis_data/main-core-exponential-cluster-weight-999/exponential-0126/compact-gq-exponential-0126-1.csv"
127,20260929,1,3.18007111549377,"/project/akaring/takeup-data/data/stan_analysis_data/main-core-exponential-cluster-weight-999-weights/exponential/weights-0127.csv","/project/akaring/takeup-data/data/stan_analysis_data/main-core-exponential-cluster-weight-999/exponential-0127/mode-exponential-0127-1.csv","/project/akaring/takeup-data/data/stan_analysis_data/main-core-exponential-cluster-weight-999/exponential-0127/compact-gq-exponential-0127-1.csv"
128,20260930,1,4.10581874847412,"/project/akaring/takeup-data/data/stan_analysis_data/main-core-exponential-cluster-weight-999-weights/exponential/weights-0128.csv","/project/akaring/takeup-data/data/stan_analysis_data/main-core-exponential-cluster-weight-999/exponential-0128/mode-exponential-0128-1.csv","/project/akaring/takeup-data/data/stan_analysis_data/main-core-exponential-cluster-weight-999/exponential-0128/compact-gq-exponential-0128-1.csv"
129,20260931,1,4.757483959198,"/project/akaring/takeup-data/data/stan_analysis_data/main-core-exponential-cluster-weight-999-weights/exponential/weights-0129.csv","/project/akaring/takeup-data/data/stan_analysis_data/main-core-exponential-cluster-weight-999/exponential-0129/mode-exponential-0129-1.csv","/project/akaring/takeup-data/data/stan_analysis_data/main-core-exponential-cluster-weight-999/exponential-0129/compact-gq-exponential-0129-1.csv"
130,20260932,1,3.49713444709778,"/project/akaring/takeup-data/data/stan_analysis_data/main-core-exponential-cluster-weight-999-weights/exponential/weights-0130.csv","/project/akaring/takeup-data/data/stan_analysis_data/main-core-exponential-cluster-weight-999/exponential-0130/mode-exponential-0130-1.csv","/project/akaring/takeup-data/data/stan_analysis_data/main-core-exponential-cluster-weight-999/exponential-0130/compact-gq-exponential-0130-1.csv"
131,20260933,1,4.6385817527771,"/project/akaring/takeup-data/data/stan_analysis_data/main-core-exponential-cluster-weight-999-weights/exponential/weights-0131.csv","/project/akaring/takeup-data/data/stan_analysis_data/main-core-exponential-cluster-weight-999/exponential-0131/mode-exponential-0131-1.csv","/project/akaring/takeup-data/data/stan_analysis_data/main-core-exponential-cluster-weight-999/exponential-0131/compact-gq-exponential-0131-1.csv"
132,20260934,1,4.81362390518188,"/project/akaring/takeup-data/data/stan_analysis_data/main-core-exponential-cluster-weight-999-weights/exponential/weights-0132.csv","/project/akaring/takeup-data/data/stan_analysis_data/main-core-exponential-cluster-weight-999/exponential-0132/mode-exponential-0132-1.csv","/project/akaring/takeup-data/data/stan_analysis_data/main-core-exponential-cluster-weight-999/exponential-0132/compact-gq-exponential-0132-1.csv"
133,20260935,1,5.0692880153656,"/project/akaring/takeup-data/data/stan_analysis_data/main-core-exponential-cluster-weight-999-weights/exponential/weights-0133.csv","/project/akaring/takeup-data/data/stan_analysis_data/main-core-exponential-cluster-weight-999/exponential-0133/mode-exponential-0133-1.csv","/project/akaring/takeup-data/data/stan_analysis_data/main-core-exponential-cluster-weight-999/exponential-0133/compact-gq-exponential-0133-1.csv"
134,20260936,1,4.90844178199768,"/project/akaring/takeup-data/data/stan_analysis_data/main-core-exponential-cluster-weight-999-weights/exponential/weights-0134.csv","/project/akaring/takeup-data/data/stan_analysis_data/main-core-exponential-cluster-weight-999/exponential-0134/mode-exponential-0134-1.csv","/project/akaring/takeup-data/data/stan_analysis_data/main-core-exponential-cluster-weight-999/exponential-0134/compact-gq-exponential-0134-1.csv"
135,20260937,1,4.68242573738098,"/project/akaring/takeup-data/data/stan_analysis_data/main-core-exponential-cluster-weight-999-weights/exponential/weights-0135.csv","/project/akaring/takeup-data/data/stan_analysis_data/main-core-exponential-cluster-weight-999/exponential-0135/mode-exponential-0135-1.csv","/project/akaring/takeup-data/data/stan_analysis_data/main-core-exponential-cluster-weight-999/exponential-0135/compact-gq-exponential-0135-1.csv"
136,20260938,1,4.65473294258118,"/project/akaring/takeup-data/data/stan_analysis_data/main-core-exponential-cluster-weight-999-weights/exponential/weights-0136.csv","/project/akaring/takeup-data/data/stan_analysis_data/main-core-exponential-cluster-weight-999/exponential-0136/mode-exponential-0136-1.csv","/project/akaring/takeup-data/data/stan_analysis_data/main-core-exponential-cluster-weight-999/exponential-0136/compact-gq-exponential-0136-1.csv"
137,20260939,1,4.23325395584106,"/project/akaring/takeup-data/data/stan_analysis_data/main-core-exponential-cluster-weight-999-weights/exponential/weights-0137.csv","/project/akaring/takeup-data/data/stan_analysis_data/main-core-exponential-cluster-weight-999/exponential-0137/mode-exponential-0137-1.csv","/project/akaring/takeup-data/data/stan_analysis_data/main-core-exponential-cluster-weight-999/exponential-0137/compact-gq-exponential-0137-1.csv"
138,20260940,1,3.63606834411621,"/project/akaring/takeup-data/data/stan_analysis_data/main-core-exponential-cluster-weight-999-weights/exponential/weights-0138.csv","/project/akaring/takeup-data/data/stan_analysis_data/main-core-exponential-cluster-weight-999/exponential-0138/mode-exponential-0138-1.csv","/project/akaring/takeup-data/data/stan_analysis_data/main-core-exponential-cluster-weight-999/exponential-0138/compact-gq-exponential-0138-1.csv"
139,20260941,1,4.9734628200531,"/project/akaring/takeup-data/data/stan_analysis_data/main-core-exponential-cluster-weight-999-weights/exponential/weights-0139.csv","/project/akaring/takeup-data/data/stan_analysis_data/main-core-exponential-cluster-weight-999/exponential-0139/mode-exponential-0139-1.csv","/project/akaring/takeup-data/data/stan_analysis_data/main-core-exponential-cluster-weight-999/exponential-0139/compact-gq-exponential-0139-1.csv"
140,20260942,1,2.15829491615295,"/project/akaring/takeup-data/data/stan_analysis_data/main-core-exponential-cluster-weight-999-weights/exponential/weights-0140.csv","/project/akaring/takeup-data/data/stan_analysis_data/main-core-exponential-cluster-weight-999/exponential-0140/mode-exponential-0140-1.csv","/project/akaring/takeup-data/data/stan_analysis_data/main-core-exponential-cluster-weight-999/exponential-0140/compact-gq-exponential-0140-1.csv"
141,20260943,1,6.75760841369629,"/project/akaring/takeup-data/data/stan_analysis_data/main-core-exponential-cluster-weight-999-weights/exponential/weights-0141.csv","/project/akaring/takeup-data/data/stan_analysis_data/main-core-exponential-cluster-weight-999/exponential-0141/mode-exponential-0141-1.csv","/project/akaring/takeup-data/data/stan_analysis_data/main-core-exponential-cluster-weight-999/exponential-0141/compact-gq-exponential-0141-1.csv"
142,20260944,1,4.8978955745697,"/project/akaring/takeup-data/data/stan_analysis_data/main-core-exponential-cluster-weight-999-weights/exponential/weights-0142.csv","/project/akaring/takeup-data/data/stan_analysis_data/main-core-exponential-cluster-weight-999/exponential-0142/mode-exponential-0142-1.csv","/project/akaring/takeup-data/data/stan_analysis_data/main-core-exponential-cluster-weight-999/exponential-0142/compact-gq-exponential-0142-1.csv"
143,20260945,1,2.84198427200317,"/project/akaring/takeup-data/data/stan_analysis_data/main-core-exponential-cluster-weight-999-weights/exponential/weights-0143.csv","/project/akaring/takeup-data/data/stan_analysis_data/main-core-exponential-cluster-weight-999/exponential-0143/mode-exponential-0143-1.csv","/project/akaring/takeup-data/data/stan_analysis_data/main-core-exponential-cluster-weight-999/exponential-0143/compact-gq-exponential-0143-1.csv"
144,20260946,1,4.29325675964355,"/project/akaring/takeup-data/data/stan_analysis_data/main-core-exponential-cluster-weight-999-weights/exponential/weights-0144.csv","/project/akaring/takeup-data/data/stan_analysis_data/main-core-exponential-cluster-weight-999/exponential-0144/mode-exponential-0144-1.csv","/project/akaring/takeup-data/data/stan_analysis_data/main-core-exponential-cluster-weight-999/exponential-0144/compact-gq-exponential-0144-1.csv"
145,20260947,1,4.46298885345459,"/project/akaring/takeup-data/data/stan_analysis_data/main-core-exponential-cluster-weight-999-weights/exponential/weights-0145.csv","/project/akaring/takeup-data/data/stan_analysis_data/main-core-exponential-cluster-weight-999/exponential-0145/mode-exponential-0145-1.csv","/project/akaring/takeup-data/data/stan_analysis_data/main-core-exponential-cluster-weight-999/exponential-0145/compact-gq-exponential-0145-1.csv"
146,20260948,1,2.90143895149231,"/project/akaring/takeup-data/data/stan_analysis_data/main-core-exponential-cluster-weight-999-weights/exponential/weights-0146.csv","/project/akaring/takeup-data/data/stan_analysis_data/main-core-exponential-cluster-weight-999/exponential-0146/mode-exponential-0146-1.csv","/project/akaring/takeup-data/data/stan_analysis_data/main-core-exponential-cluster-weight-999/exponential-0146/compact-gq-exponential-0146-1.csv"
147,20260949,1,3.80340957641602,"/project/akaring/takeup-data/data/stan_analysis_data/main-core-exponential-cluster-weight-999-weights/exponential/weights-0147.csv","/project/akaring/takeup-data/data/stan_analysis_data/main-core-exponential-cluster-weight-999/exponential-0147/mode-exponential-0147-1.csv","/project/akaring/takeup-data/data/stan_analysis_data/main-core-exponential-cluster-weight-999/exponential-0147/compact-gq-exponential-0147-1.csv"
148,20260950,1,2.26315474510193,"/project/akaring/takeup-data/data/stan_analysis_data/main-core-exponential-cluster-weight-999-weights/exponential/weights-0148.csv","/project/akaring/takeup-data/data/stan_analysis_data/main-core-exponential-cluster-weight-999/exponential-0148/mode-exponential-0148-1.csv","/project/akaring/takeup-data/data/stan_analysis_data/main-core-exponential-cluster-weight-999/exponential-0148/compact-gq-exponential-0148-1.csv"
149,20260951,1,3.33355498313904,"/project/akaring/takeup-data/data/stan_analysis_data/main-core-exponential-cluster-weight-999-weights/exponential/weights-0149.csv","/project/akaring/takeup-data/data/stan_analysis_data/main-core-exponential-cluster-weight-999/exponential-0149/mode-exponential-0149-1.csv","/project/akaring/takeup-data/data/stan_analysis_data/main-core-exponential-cluster-weight-999/exponential-0149/compact-gq-exponential-0149-1.csv"
150,20260952,1,3.75489902496338,"/project/akaring/takeup-data/data/stan_analysis_data/main-core-exponential-cluster-weight-999-weights/exponential/weights-0150.csv","/project/akaring/takeup-data/data/stan_analysis_data/main-core-exponential-cluster-weight-999/exponential-0150/mode-exponential-0150-1.csv","/project/akaring/takeup-data/data/stan_analysis_data/main-core-exponential-cluster-weight-999/exponential-0150/compact-gq-exponential-0150-1.csv"
151,20260953,1,3.22341632843018,"/project/akaring/takeup-data/data/stan_analysis_data/main-core-exponential-cluster-weight-999-weights/exponential/weights-0151.csv","/project/akaring/takeup-data/data/stan_analysis_data/main-core-exponential-cluster-weight-999/exponential-0151/mode-exponential-0151-1.csv","/project/akaring/takeup-data/data/stan_analysis_data/main-core-exponential-cluster-weight-999/exponential-0151/compact-gq-exponential-0151-1.csv"
152,20260954,1,3.09194087982178,"/project/akaring/takeup-data/data/stan_analysis_data/main-core-exponential-cluster-weight-999-weights/exponential/weights-0152.csv","/project/akaring/takeup-data/data/stan_analysis_data/main-core-exponential-cluster-weight-999/exponential-0152/mode-exponential-0152-1.csv","/project/akaring/takeup-data/data/stan_analysis_data/main-core-exponential-cluster-weight-999/exponential-0152/compact-gq-exponential-0152-1.csv"
153,20260955,1,3.77564144134521,"/project/akaring/takeup-data/data/stan_analysis_data/main-core-exponential-cluster-weight-999-weights/exponential/weights-0153.csv","/project/akaring/takeup-data/data/stan_analysis_data/main-core-exponential-cluster-weight-999/exponential-0153/mode-exponential-0153-1.csv","/project/akaring/takeup-data/data/stan_analysis_data/main-core-exponential-cluster-weight-999/exponential-0153/compact-gq-exponential-0153-1.csv"
154,20260956,1,7.0285017490387,"/project/akaring/takeup-data/data/stan_analysis_data/main-core-exponential-cluster-weight-999-weights/exponential/weights-0154.csv","/project/akaring/takeup-data/data/stan_analysis_data/main-core-exponential-cluster-weight-999/exponential-0154/mode-exponential-0154-1.csv","/project/akaring/takeup-data/data/stan_analysis_data/main-core-exponential-cluster-weight-999/exponential-0154/compact-gq-exponential-0154-1.csv"
155,20260957,1,7.257972240448,"/project/akaring/takeup-data/data/stan_analysis_data/main-core-exponential-cluster-weight-999-weights/exponential/weights-0155.csv","/project/akaring/takeup-data/data/stan_analysis_data/main-core-exponential-cluster-weight-999/exponential-0155/mode-exponential-0155-1.csv","/project/akaring/takeup-data/data/stan_analysis_data/main-core-exponential-cluster-weight-999/exponential-0155/compact-gq-exponential-0155-1.csv"
156,20260958,1,4.8010561466217,"/project/akaring/takeup-data/data/stan_analysis_data/main-core-exponential-cluster-weight-999-weights/exponential/weights-0156.csv","/project/akaring/takeup-data/data/stan_analysis_data/main-core-exponential-cluster-weight-999/exponential-0156/mode-exponential-0156-1.csv","/project/akaring/takeup-data/data/stan_analysis_data/main-core-exponential-cluster-weight-999/exponential-0156/compact-gq-exponential-0156-1.csv"
157,20260959,1,4.17531895637512,"/project/akaring/takeup-data/data/stan_analysis_data/main-core-exponential-cluster-weight-999-weights/exponential/weights-0157.csv","/project/akaring/takeup-data/data/stan_analysis_data/main-core-exponential-cluster-weight-999/exponential-0157/mode-exponential-0157-1.csv","/project/akaring/takeup-data/data/stan_analysis_data/main-core-exponential-cluster-weight-999/exponential-0157/compact-gq-exponential-0157-1.csv"
158,20260960,1,6.194415807724,"/project/akaring/takeup-data/data/stan_analysis_data/main-core-exponential-cluster-weight-999-weights/exponential/weights-0158.csv","/project/akaring/takeup-data/data/stan_analysis_data/main-core-exponential-cluster-weight-999/exponential-0158/mode-exponential-0158-1.csv","/project/akaring/takeup-data/data/stan_analysis_data/main-core-exponential-cluster-weight-999/exponential-0158/compact-gq-exponential-0158-1.csv"
159,20260961,1,10.1778440475464,"/project/akaring/takeup-data/data/stan_analysis_data/main-core-exponential-cluster-weight-999-weights/exponential/weights-0159.csv","/project/akaring/takeup-data/data/stan_analysis_data/main-core-exponential-cluster-weight-999/exponential-0159/mode-exponential-0159-1.csv","/project/akaring/takeup-data/data/stan_analysis_data/main-core-exponential-cluster-weight-999/exponential-0159/compact-gq-exponential-0159-1.csv"
160,20260962,1,8.09029579162598,"/project/akaring/takeup-data/data/stan_analysis_data/main-core-exponential-cluster-weight-999-weights/exponential/weights-0160.csv","/project/akaring/takeup-data/data/stan_analysis_data/main-core-exponential-cluster-weight-999/exponential-0160/mode-exponential-0160-1.csv","/project/akaring/takeup-data/data/stan_analysis_data/main-core-exponential-cluster-weight-999/exponential-0160/compact-gq-exponential-0160-1.csv"
161,20260963,1,5.09680390357971,"/project/akaring/takeup-data/data/stan_analysis_data/main-core-exponential-cluster-weight-999-weights/exponential/weights-0161.csv","/project/akaring/takeup-data/data/stan_analysis_data/main-core-exponential-cluster-weight-999/exponential-0161/mode-exponential-0161-1.csv","/project/akaring/takeup-data/data/stan_analysis_data/main-core-exponential-cluster-weight-999/exponential-0161/compact-gq-exponential-0161-1.csv"
162,20260964,1,5.09680533409119,"/project/akaring/takeup-data/data/stan_analysis_data/main-core-exponential-cluster-weight-999-weights/exponential/weights-0162.csv","/project/akaring/takeup-data/data/stan_analysis_data/main-core-exponential-cluster-weight-999/exponential-0162/mode-exponential-0162-1.csv","/project/akaring/takeup-data/data/stan_analysis_data/main-core-exponential-cluster-weight-999/exponential-0162/compact-gq-exponential-0162-1.csv"
163,20260965,1,3.12651181221008,"/project/akaring/takeup-data/data/stan_analysis_data/main-core-exponential-cluster-weight-999-weights/exponential/weights-0163.csv","/project/akaring/takeup-data/data/stan_analysis_data/main-core-exponential-cluster-weight-999/exponential-0163/mode-exponential-0163-1.csv","/project/akaring/takeup-data/data/stan_analysis_data/main-core-exponential-cluster-weight-999/exponential-0163/compact-gq-exponential-0163-1.csv"
164,20260966,1,3.58157205581665,"/project/akaring/takeup-data/data/stan_analysis_data/main-core-exponential-cluster-weight-999-weights/exponential/weights-0164.csv","/project/akaring/takeup-data/data/stan_analysis_data/main-core-exponential-cluster-weight-999/exponential-0164/mode-exponential-0164-1.csv","/project/akaring/takeup-data/data/stan_analysis_data/main-core-exponential-cluster-weight-999/exponential-0164/compact-gq-exponential-0164-1.csv"
165,20260967,1,3.78426218032837,"/project/akaring/takeup-data/data/stan_analysis_data/main-core-exponential-cluster-weight-999-weights/exponential/weights-0165.csv","/project/akaring/takeup-data/data/stan_analysis_data/main-core-exponential-cluster-weight-999/exponential-0165/mode-exponential-0165-1.csv","/project/akaring/takeup-data/data/stan_analysis_data/main-core-exponential-cluster-weight-999/exponential-0165/compact-gq-exponential-0165-1.csv"
166,20260968,1,3.78535628318787,"/project/akaring/takeup-data/data/stan_analysis_data/main-core-exponential-cluster-weight-999-weights/exponential/weights-0166.csv","/project/akaring/takeup-data/data/stan_analysis_data/main-core-exponential-cluster-weight-999/exponential-0166/mode-exponential-0166-1.csv","/project/akaring/takeup-data/data/stan_analysis_data/main-core-exponential-cluster-weight-999/exponential-0166/compact-gq-exponential-0166-1.csv"
167,20260969,1,3.09466600418091,"/project/akaring/takeup-data/data/stan_analysis_data/main-core-exponential-cluster-weight-999-weights/exponential/weights-0167.csv","/project/akaring/takeup-data/data/stan_analysis_data/main-core-exponential-cluster-weight-999/exponential-0167/mode-exponential-0167-1.csv","/project/akaring/takeup-data/data/stan_analysis_data/main-core-exponential-cluster-weight-999/exponential-0167/compact-gq-exponential-0167-1.csv"
168,20260970,1,3.48286604881287,"/project/akaring/takeup-data/data/stan_analysis_data/main-core-exponential-cluster-weight-999-weights/exponential/weights-0168.csv","/project/akaring/takeup-data/data/stan_analysis_data/main-core-exponential-cluster-weight-999/exponential-0168/mode-exponential-0168-1.csv","/project/akaring/takeup-data/data/stan_analysis_data/main-core-exponential-cluster-weight-999/exponential-0168/compact-gq-exponential-0168-1.csv"
169,20260971,1,5.09800004959106,"/project/akaring/takeup-data/data/stan_analysis_data/main-core-exponential-cluster-weight-999-weights/exponential/weights-0169.csv","/project/akaring/takeup-data/data/stan_analysis_data/main-core-exponential-cluster-weight-999/exponential-0169/mode-exponential-0169-1.csv","/project/akaring/takeup-data/data/stan_analysis_data/main-core-exponential-cluster-weight-999/exponential-0169/compact-gq-exponential-0169-1.csv"
170,20260972,1,3.30919051170349,"/project/akaring/takeup-data/data/stan_analysis_data/main-core-exponential-cluster-weight-999-weights/exponential/weights-0170.csv","/project/akaring/takeup-data/data/stan_analysis_data/main-core-exponential-cluster-weight-999/exponential-0170/mode-exponential-0170-1.csv","/project/akaring/takeup-data/data/stan_analysis_data/main-core-exponential-cluster-weight-999/exponential-0170/compact-gq-exponential-0170-1.csv"
171,20260973,1,4.28706121444702,"/project/akaring/takeup-data/data/stan_analysis_data/main-core-exponential-cluster-weight-999-weights/exponential/weights-0171.csv","/project/akaring/takeup-data/data/stan_analysis_data/main-core-exponential-cluster-weight-999/exponential-0171/mode-exponential-0171-1.csv","/project/akaring/takeup-data/data/stan_analysis_data/main-core-exponential-cluster-weight-999/exponential-0171/compact-gq-exponential-0171-1.csv"
172,20260974,1,4.46589779853821,"/project/akaring/takeup-data/data/stan_analysis_data/main-core-exponential-cluster-weight-999-weights/exponential/weights-0172.csv","/project/akaring/takeup-data/data/stan_analysis_data/main-core-exponential-cluster-weight-999/exponential-0172/mode-exponential-0172-1.csv","/project/akaring/takeup-data/data/stan_analysis_data/main-core-exponential-cluster-weight-999/exponential-0172/compact-gq-exponential-0172-1.csv"
173,20260975,1,6.04734826087952,"/project/akaring/takeup-data/data/stan_analysis_data/main-core-exponential-cluster-weight-999-weights/exponential/weights-0173.csv","/project/akaring/takeup-data/data/stan_analysis_data/main-core-exponential-cluster-weight-999/exponential-0173/mode-exponential-0173-1.csv","/project/akaring/takeup-data/data/stan_analysis_data/main-core-exponential-cluster-weight-999/exponential-0173/compact-gq-exponential-0173-1.csv"
174,20260976,1,4.15864682197571,"/project/akaring/takeup-data/data/stan_analysis_data/main-core-exponential-cluster-weight-999-weights/exponential/weights-0174.csv","/project/akaring/takeup-data/data/stan_analysis_data/main-core-exponential-cluster-weight-999/exponential-0174/mode-exponential-0174-1.csv","/project/akaring/takeup-data/data/stan_analysis_data/main-core-exponential-cluster-weight-999/exponential-0174/compact-gq-exponential-0174-1.csv"
175,20260977,1,4.15823554992676,"/project/akaring/takeup-data/data/stan_analysis_data/main-core-exponential-cluster-weight-999-weights/exponential/weights-0175.csv","/project/akaring/takeup-data/data/stan_analysis_data/main-core-exponential-cluster-weight-999/exponential-0175/mode-exponential-0175-1.csv","/project/akaring/takeup-data/data/stan_analysis_data/main-core-exponential-cluster-weight-999/exponential-0175/compact-gq-exponential-0175-1.csv"
176,20260978,1,5.52482390403748,"/project/akaring/takeup-data/data/stan_analysis_data/main-core-exponential-cluster-weight-999-weights/exponential/weights-0176.csv","/project/akaring/takeup-data/data/stan_analysis_data/main-core-exponential-cluster-weight-999/exponential-0176/mode-exponential-0176-1.csv","/project/akaring/takeup-data/data/stan_analysis_data/main-core-exponential-cluster-weight-999/exponential-0176/compact-gq-exponential-0176-1.csv"
177,20260979,1,5.11081647872925,"/project/akaring/takeup-data/data/stan_analysis_data/main-core-exponential-cluster-weight-999-weights/exponential/weights-0177.csv","/project/akaring/takeup-data/data/stan_analysis_data/main-core-exponential-cluster-weight-999/exponential-0177/mode-exponential-0177-1.csv","/project/akaring/takeup-data/data/stan_analysis_data/main-core-exponential-cluster-weight-999/exponential-0177/compact-gq-exponential-0177-1.csv"
178,20260980,1,9.4552218914032,"/project/akaring/takeup-data/data/stan_analysis_data/main-core-exponential-cluster-weight-999-weights/exponential/weights-0178.csv","/project/akaring/takeup-data/data/stan_analysis_data/main-core-exponential-cluster-weight-999/exponential-0178/mode-exponential-0178-1.csv","/project/akaring/takeup-data/data/stan_analysis_data/main-core-exponential-cluster-weight-999/exponential-0178/compact-gq-exponential-0178-1.csv"
179,20260981,1,10.4623384475708,"/project/akaring/takeup-data/data/stan_analysis_data/main-core-exponential-cluster-weight-999-weights/exponential/weights-0179.csv","/project/akaring/takeup-data/data/stan_analysis_data/main-core-exponential-cluster-weight-999/exponential-0179/mode-exponential-0179-1.csv","/project/akaring/takeup-data/data/stan_analysis_data/main-core-exponential-cluster-weight-999/exponential-0179/compact-gq-exponential-0179-1.csv"
180,20260982,1,3.89268922805786,"/project/akaring/takeup-data/data/stan_analysis_data/main-core-exponential-cluster-weight-999-weights/exponential/weights-0180.csv","/project/akaring/takeup-data/data/stan_analysis_data/main-core-exponential-cluster-weight-999/exponential-0180/mode-exponential-0180-1.csv","/project/akaring/takeup-data/data/stan_analysis_data/main-core-exponential-cluster-weight-999/exponential-0180/compact-gq-exponential-0180-1.csv"
181,20260983,1,4.01632213592529,"/project/akaring/takeup-data/data/stan_analysis_data/main-core-exponential-cluster-weight-999-weights/exponential/weights-0181.csv","/project/akaring/takeup-data/data/stan_analysis_data/main-core-exponential-cluster-weight-999/exponential-0181/mode-exponential-0181-1.csv","/project/akaring/takeup-data/data/stan_analysis_data/main-core-exponential-cluster-weight-999/exponential-0181/compact-gq-exponential-0181-1.csv"
182,20260984,1,3.88471651077271,"/project/akaring/takeup-data/data/stan_analysis_data/main-core-exponential-cluster-weight-999-weights/exponential/weights-0182.csv","/project/akaring/takeup-data/data/stan_analysis_data/main-core-exponential-cluster-weight-999/exponential-0182/mode-exponential-0182-1.csv","/project/akaring/takeup-data/data/stan_analysis_data/main-core-exponential-cluster-weight-999/exponential-0182/compact-gq-exponential-0182-1.csv"
183,20260985,1,5.85674571990967,"/project/akaring/takeup-data/data/stan_analysis_data/main-core-exponential-cluster-weight-999-weights/exponential/weights-0183.csv","/project/akaring/takeup-data/data/stan_analysis_data/main-core-exponential-cluster-weight-999/exponential-0183/mode-exponential-0183-1.csv","/project/akaring/takeup-data/data/stan_analysis_data/main-core-exponential-cluster-weight-999/exponential-0183/compact-gq-exponential-0183-1.csv"
184,20260986,1,5.39765071868896,"/project/akaring/takeup-data/data/stan_analysis_data/main-core-exponential-cluster-weight-999-weights/exponential/weights-0184.csv","/project/akaring/takeup-data/data/stan_analysis_data/main-core-exponential-cluster-weight-999/exponential-0184/mode-exponential-0184-1.csv","/project/akaring/takeup-data/data/stan_analysis_data/main-core-exponential-cluster-weight-999/exponential-0184/compact-gq-exponential-0184-1.csv"
185,20260987,1,6.93165612220764,"/project/akaring/takeup-data/data/stan_analysis_data/main-core-exponential-cluster-weight-999-weights/exponential/weights-0185.csv","/project/akaring/takeup-data/data/stan_analysis_data/main-core-exponential-cluster-weight-999/exponential-0185/mode-exponential-0185-1.csv","/project/akaring/takeup-data/data/stan_analysis_data/main-core-exponential-cluster-weight-999/exponential-0185/compact-gq-exponential-0185-1.csv"
186,20260988,1,3.22203254699707,"/project/akaring/takeup-data/data/stan_analysis_data/main-core-exponential-cluster-weight-999-weights/exponential/weights-0186.csv","/project/akaring/takeup-data/data/stan_analysis_data/main-core-exponential-cluster-weight-999/exponential-0186/mode-exponential-0186-1.csv","/project/akaring/takeup-data/data/stan_analysis_data/main-core-exponential-cluster-weight-999/exponential-0186/compact-gq-exponential-0186-1.csv"
187,20260989,1,1.71266651153564,"/project/akaring/takeup-data/data/stan_analysis_data/main-core-exponential-cluster-weight-999-weights/exponential/weights-0187.csv","/project/akaring/takeup-data/data/stan_analysis_data/main-core-exponential-cluster-weight-999/exponential-0187/mode-exponential-0187-1.csv","/project/akaring/takeup-data/data/stan_analysis_data/main-core-exponential-cluster-weight-999/exponential-0187/compact-gq-exponential-0187-1.csv"
188,20260990,1,1.78928875923157,"/project/akaring/takeup-data/data/stan_analysis_data/main-core-exponential-cluster-weight-999-weights/exponential/weights-0188.csv","/project/akaring/takeup-data/data/stan_analysis_data/main-core-exponential-cluster-weight-999/exponential-0188/mode-exponential-0188-1.csv","/project/akaring/takeup-data/data/stan_analysis_data/main-core-exponential-cluster-weight-999/exponential-0188/compact-gq-exponential-0188-1.csv"
189,20260991,1,2.04006195068359,"/project/akaring/takeup-data/data/stan_analysis_data/main-core-exponential-cluster-weight-999-weights/exponential/weights-0189.csv","/project/akaring/takeup-data/data/stan_analysis_data/main-core-exponential-cluster-weight-999/exponential-0189/mode-exponential-0189-1.csv","/project/akaring/takeup-data/data/stan_analysis_data/main-core-exponential-cluster-weight-999/exponential-0189/compact-gq-exponential-0189-1.csv"
190,20260992,1,1.96320080757141,"/project/akaring/takeup-data/data/stan_analysis_data/main-core-exponential-cluster-weight-999-weights/exponential/weights-0190.csv","/project/akaring/takeup-data/data/stan_analysis_data/main-core-exponential-cluster-weight-999/exponential-0190/mode-exponential-0190-1.csv","/project/akaring/takeup-data/data/stan_analysis_data/main-core-exponential-cluster-weight-999/exponential-0190/compact-gq-exponential-0190-1.csv"
191,20260993,1,2.45897531509399,"/project/akaring/takeup-data/data/stan_analysis_data/main-core-exponential-cluster-weight-999-weights/exponential/weights-0191.csv","/project/akaring/takeup-data/data/stan_analysis_data/main-core-exponential-cluster-weight-999/exponential-0191/mode-exponential-0191-1.csv","/project/akaring/takeup-data/data/stan_analysis_data/main-core-exponential-cluster-weight-999/exponential-0191/compact-gq-exponential-0191-1.csv"
192,20260994,1,2.3869800567627,"/project/akaring/takeup-data/data/stan_analysis_data/main-core-exponential-cluster-weight-999-weights/exponential/weights-0192.csv","/project/akaring/takeup-data/data/stan_analysis_data/main-core-exponential-cluster-weight-999/exponential-0192/mode-exponential-0192-1.csv","/project/akaring/takeup-data/data/stan_analysis_data/main-core-exponential-cluster-weight-999/exponential-0192/compact-gq-exponential-0192-1.csv"
193,20260995,1,1.55052804946899,"/project/akaring/takeup-data/data/stan_analysis_data/main-core-exponential-cluster-weight-999-weights/exponential/weights-0193.csv","/project/akaring/takeup-data/data/stan_analysis_data/main-core-exponential-cluster-weight-999/exponential-0193/mode-exponential-0193-1.csv","/project/akaring/takeup-data/data/stan_analysis_data/main-core-exponential-cluster-weight-999/exponential-0193/compact-gq-exponential-0193-1.csv"
194,20260996,1,3.41224956512451,"/project/akaring/takeup-data/data/stan_analysis_data/main-core-exponential-cluster-weight-999-weights/exponential/weights-0194.csv","/project/akaring/takeup-data/data/stan_analysis_data/main-core-exponential-cluster-weight-999/exponential-0194/mode-exponential-0194-1.csv","/project/akaring/takeup-data/data/stan_analysis_data/main-core-exponential-cluster-weight-999/exponential-0194/compact-gq-exponential-0194-1.csv"
195,20260997,1,2.73432898521423,"/project/akaring/takeup-data/data/stan_analysis_data/main-core-exponential-cluster-weight-999-weights/exponential/weights-0195.csv","/project/akaring/takeup-data/data/stan_analysis_data/main-core-exponential-cluster-weight-999/exponential-0195/mode-exponential-0195-1.csv","/project/akaring/takeup-data/data/stan_analysis_data/main-core-exponential-cluster-weight-999/exponential-0195/compact-gq-exponential-0195-1.csv"
196,20260998,1,6.2328634262085,"/project/akaring/takeup-data/data/stan_analysis_data/main-core-exponential-cluster-weight-999-weights/exponential/weights-0196.csv","/project/akaring/takeup-data/data/stan_analysis_data/main-core-exponential-cluster-weight-999/exponential-0196/mode-exponential-0196-1.csv","/project/akaring/takeup-data/data/stan_analysis_data/main-core-exponential-cluster-weight-999/exponential-0196/compact-gq-exponential-0196-1.csv"
197,20260999,1,3.54831385612488,"/project/akaring/takeup-data/data/stan_analysis_data/main-core-exponential-cluster-weight-999-weights/exponential/weights-0197.csv","/project/akaring/takeup-data/data/stan_analysis_data/main-core-exponential-cluster-weight-999/exponential-0197/mode-exponential-0197-1.csv","/project/akaring/takeup-data/data/stan_analysis_data/main-core-exponential-cluster-weight-999/exponential-0197/compact-gq-exponential-0197-1.csv"
198,20261000,1,2.67404508590698,"/project/akaring/takeup-data/data/stan_analysis_data/main-core-exponential-cluster-weight-999-weights/exponential/weights-0198.csv","/project/akaring/takeup-data/data/stan_analysis_data/main-core-exponential-cluster-weight-999/exponential-0198/mode-exponential-0198-1.csv","/project/akaring/takeup-data/data/stan_analysis_data/main-core-exponential-cluster-weight-999/exponential-0198/compact-gq-exponential-0198-1.csv"
199,20261001,1,3.5182032585144,"/project/akaring/takeup-data/data/stan_analysis_data/main-core-exponential-cluster-weight-999-weights/exponential/weights-0199.csv","/project/akaring/takeup-data/data/stan_analysis_data/main-core-exponential-cluster-weight-999/exponential-0199/mode-exponential-0199-1.csv","/project/akaring/takeup-data/data/stan_analysis_data/main-core-exponential-cluster-weight-999/exponential-0199/compact-gq-exponential-0199-1.csv"
200,20261002,1,2.93191266059875,"/project/akaring/takeup-data/data/stan_analysis_data/main-core-exponential-cluster-weight-999-weights/exponential/weights-0200.csv","/project/akaring/takeup-data/data/stan_analysis_data/main-core-exponential-cluster-weight-999/exponential-0200/mode-exponential-0200-1.csv","/project/akaring/takeup-data/data/stan_analysis_data/main-core-exponential-cluster-weight-999/exponential-0200/compact-gq-exponential-0200-1.csv"
201,20261003,1,5.67651629447937,"/project/akaring/takeup-data/data/stan_analysis_data/main-core-exponential-cluster-weight-999-weights/exponential/weights-0201.csv","/project/akaring/takeup-data/data/stan_analysis_data/main-core-exponential-cluster-weight-999/exponential-0201/mode-exponential-0201-1.csv","/project/akaring/takeup-data/data/stan_analysis_data/main-core-exponential-cluster-weight-999/exponential-0201/compact-gq-exponential-0201-1.csv"
202,20261004,1,5.91065549850464,"/project/akaring/takeup-data/data/stan_analysis_data/main-core-exponential-cluster-weight-999-weights/exponential/weights-0202.csv","/project/akaring/takeup-data/data/stan_analysis_data/main-core-exponential-cluster-weight-999/exponential-0202/mode-exponential-0202-1.csv","/project/akaring/takeup-data/data/stan_analysis_data/main-core-exponential-cluster-weight-999/exponential-0202/compact-gq-exponential-0202-1.csv"
203,20261005,1,2.93205595016479,"/project/akaring/takeup-data/data/stan_analysis_data/main-core-exponential-cluster-weight-999-weights/exponential/weights-0203.csv","/project/akaring/takeup-data/data/stan_analysis_data/main-core-exponential-cluster-weight-999/exponential-0203/mode-exponential-0203-1.csv","/project/akaring/takeup-data/data/stan_analysis_data/main-core-exponential-cluster-weight-999/exponential-0203/compact-gq-exponential-0203-1.csv"
204,20261006,1,3.81900668144226,"/project/akaring/takeup-data/data/stan_analysis_data/main-core-exponential-cluster-weight-999-weights/exponential/weights-0204.csv","/project/akaring/takeup-data/data/stan_analysis_data/main-core-exponential-cluster-weight-999/exponential-0204/mode-exponential-0204-1.csv","/project/akaring/takeup-data/data/stan_analysis_data/main-core-exponential-cluster-weight-999/exponential-0204/compact-gq-exponential-0204-1.csv"
205,20261007,1,2.20910549163818,"/project/akaring/takeup-data/data/stan_analysis_data/main-core-exponential-cluster-weight-999-weights/exponential/weights-0205.csv","/project/akaring/takeup-data/data/stan_analysis_data/main-core-exponential-cluster-weight-999/exponential-0205/mode-exponential-0205-1.csv","/project/akaring/takeup-data/data/stan_analysis_data/main-core-exponential-cluster-weight-999/exponential-0205/compact-gq-exponential-0205-1.csv"
206,20261008,1,2.28850984573364,"/project/akaring/takeup-data/data/stan_analysis_data/main-core-exponential-cluster-weight-999-weights/exponential/weights-0206.csv","/project/akaring/takeup-data/data/stan_analysis_data/main-core-exponential-cluster-weight-999/exponential-0206/mode-exponential-0206-1.csv","/project/akaring/takeup-data/data/stan_analysis_data/main-core-exponential-cluster-weight-999/exponential-0206/compact-gq-exponential-0206-1.csv"
207,20261009,1,3.34133124351501,"/project/akaring/takeup-data/data/stan_analysis_data/main-core-exponential-cluster-weight-999-weights/exponential/weights-0207.csv","/project/akaring/takeup-data/data/stan_analysis_data/main-core-exponential-cluster-weight-999/exponential-0207/mode-exponential-0207-1.csv","/project/akaring/takeup-data/data/stan_analysis_data/main-core-exponential-cluster-weight-999/exponential-0207/compact-gq-exponential-0207-1.csv"
208,20261010,1,2.39995622634888,"/project/akaring/takeup-data/data/stan_analysis_data/main-core-exponential-cluster-weight-999-weights/exponential/weights-0208.csv","/project/akaring/takeup-data/data/stan_analysis_data/main-core-exponential-cluster-weight-999/exponential-0208/mode-exponential-0208-1.csv","/project/akaring/takeup-data/data/stan_analysis_data/main-core-exponential-cluster-weight-999/exponential-0208/compact-gq-exponential-0208-1.csv"
209,20261011,1,2.5896909236908,"/project/akaring/takeup-data/data/stan_analysis_data/main-core-exponential-cluster-weight-999-weights/exponential/weights-0209.csv","/project/akaring/takeup-data/data/stan_analysis_data/main-core-exponential-cluster-weight-999/exponential-0209/mode-exponential-0209-1.csv","/project/akaring/takeup-data/data/stan_analysis_data/main-core-exponential-cluster-weight-999/exponential-0209/compact-gq-exponential-0209-1.csv"
210,20261012,1,3.73148226737976,"/project/akaring/takeup-data/data/stan_analysis_data/main-core-exponential-cluster-weight-999-weights/exponential/weights-0210.csv","/project/akaring/takeup-data/data/stan_analysis_data/main-core-exponential-cluster-weight-999/exponential-0210/mode-exponential-0210-1.csv","/project/akaring/takeup-data/data/stan_analysis_data/main-core-exponential-cluster-weight-999/exponential-0210/compact-gq-exponential-0210-1.csv"
211,20261013,1,2.49525117874146,"/project/akaring/takeup-data/data/stan_analysis_data/main-core-exponential-cluster-weight-999-weights/exponential/weights-0211.csv","/project/akaring/takeup-data/data/stan_analysis_data/main-core-exponential-cluster-weight-999/exponential-0211/mode-exponential-0211-1.csv","/project/akaring/takeup-data/data/stan_analysis_data/main-core-exponential-cluster-weight-999/exponential-0211/compact-gq-exponential-0211-1.csv"
212,20261014,1,2.44483208656311,"/project/akaring/takeup-data/data/stan_analysis_data/main-core-exponential-cluster-weight-999-weights/exponential/weights-0212.csv","/project/akaring/takeup-data/data/stan_analysis_data/main-core-exponential-cluster-weight-999/exponential-0212/mode-exponential-0212-1.csv","/project/akaring/takeup-data/data/stan_analysis_data/main-core-exponential-cluster-weight-999/exponential-0212/compact-gq-exponential-0212-1.csv"
213,20261015,1,2.75950264930725,"/project/akaring/takeup-data/data/stan_analysis_data/main-core-exponential-cluster-weight-999-weights/exponential/weights-0213.csv","/project/akaring/takeup-data/data/stan_analysis_data/main-core-exponential-cluster-weight-999/exponential-0213/mode-exponential-0213-1.csv","/project/akaring/takeup-data/data/stan_analysis_data/main-core-exponential-cluster-weight-999/exponential-0213/compact-gq-exponential-0213-1.csv"
214,20261016,1,2.81885409355164,"/project/akaring/takeup-data/data/stan_analysis_data/main-core-exponential-cluster-weight-999-weights/exponential/weights-0214.csv","/project/akaring/takeup-data/data/stan_analysis_data/main-core-exponential-cluster-weight-999/exponential-0214/mode-exponential-0214-1.csv","/project/akaring/takeup-data/data/stan_analysis_data/main-core-exponential-cluster-weight-999/exponential-0214/compact-gq-exponential-0214-1.csv"
215,20261017,1,3.23700261116028,"/project/akaring/takeup-data/data/stan_analysis_data/main-core-exponential-cluster-weight-999-weights/exponential/weights-0215.csv","/project/akaring/takeup-data/data/stan_analysis_data/main-core-exponential-cluster-weight-999/exponential-0215/mode-exponential-0215-1.csv","/project/akaring/takeup-data/data/stan_analysis_data/main-core-exponential-cluster-weight-999/exponential-0215/compact-gq-exponential-0215-1.csv"
216,20261018,1,4.12086248397827,"/project/akaring/takeup-data/data/stan_analysis_data/main-core-exponential-cluster-weight-999-weights/exponential/weights-0216.csv","/project/akaring/takeup-data/data/stan_analysis_data/main-core-exponential-cluster-weight-999/exponential-0216/mode-exponential-0216-1.csv","/project/akaring/takeup-data/data/stan_analysis_data/main-core-exponential-cluster-weight-999/exponential-0216/compact-gq-exponential-0216-1.csv"
217,20261019,1,1.82740521430969,"/project/akaring/takeup-data/data/stan_analysis_data/main-core-exponential-cluster-weight-999-weights/exponential/weights-0217.csv","/project/akaring/takeup-data/data/stan_analysis_data/main-core-exponential-cluster-weight-999/exponential-0217/mode-exponential-0217-1.csv","/project/akaring/takeup-data/data/stan_analysis_data/main-core-exponential-cluster-weight-999/exponential-0217/compact-gq-exponential-0217-1.csv"
218,20261020,1,1.84148168563843,"/project/akaring/takeup-data/data/stan_analysis_data/main-core-exponential-cluster-weight-999-weights/exponential/weights-0218.csv","/project/akaring/takeup-data/data/stan_analysis_data/main-core-exponential-cluster-weight-999/exponential-0218/mode-exponential-0218-1.csv","/project/akaring/takeup-data/data/stan_analysis_data/main-core-exponential-cluster-weight-999/exponential-0218/compact-gq-exponential-0218-1.csv"
219,20261021,1,3.53887629508972,"/project/akaring/takeup-data/data/stan_analysis_data/main-core-exponential-cluster-weight-999-weights/exponential/weights-0219.csv","/project/akaring/takeup-data/data/stan_analysis_data/main-core-exponential-cluster-weight-999/exponential-0219/mode-exponential-0219-1.csv","/project/akaring/takeup-data/data/stan_analysis_data/main-core-exponential-cluster-weight-999/exponential-0219/compact-gq-exponential-0219-1.csv"
220,20261022,1,7.88906645774841,"/project/akaring/takeup-data/data/stan_analysis_data/main-core-exponential-cluster-weight-999-weights/exponential/weights-0220.csv","/project/akaring/takeup-data/data/stan_analysis_data/main-core-exponential-cluster-weight-999/exponential-0220/mode-exponential-0220-1.csv","/project/akaring/takeup-data/data/stan_analysis_data/main-core-exponential-cluster-weight-999/exponential-0220/compact-gq-exponential-0220-1.csv"
221,20261023,1,7.87578511238098,"/project/akaring/takeup-data/data/stan_analysis_data/main-core-exponential-cluster-weight-999-weights/exponential/weights-0221.csv","/project/akaring/takeup-data/data/stan_analysis_data/main-core-exponential-cluster-weight-999/exponential-0221/mode-exponential-0221-1.csv","/project/akaring/takeup-data/data/stan_analysis_data/main-core-exponential-cluster-weight-999/exponential-0221/compact-gq-exponential-0221-1.csv"
222,20261024,1,7.87580823898315,"/project/akaring/takeup-data/data/stan_analysis_data/main-core-exponential-cluster-weight-999-weights/exponential/weights-0222.csv","/project/akaring/takeup-data/data/stan_analysis_data/main-core-exponential-cluster-weight-999/exponential-0222/mode-exponential-0222-1.csv","/project/akaring/takeup-data/data/stan_analysis_data/main-core-exponential-cluster-weight-999/exponential-0222/compact-gq-exponential-0222-1.csv"
223,20261025,1,2.41551780700684,"/project/akaring/takeup-data/data/stan_analysis_data/main-core-exponential-cluster-weight-999-weights/exponential/weights-0223.csv","/project/akaring/takeup-data/data/stan_analysis_data/main-core-exponential-cluster-weight-999/exponential-0223/mode-exponential-0223-1.csv","/project/akaring/takeup-data/data/stan_analysis_data/main-core-exponential-cluster-weight-999/exponential-0223/compact-gq-exponential-0223-1.csv"
224,20261026,1,3.02796649932861,"/project/akaring/takeup-data/data/stan_analysis_data/main-core-exponential-cluster-weight-999-weights/exponential/weights-0224.csv","/project/akaring/takeup-data/data/stan_analysis_data/main-core-exponential-cluster-weight-999/exponential-0224/mode-exponential-0224-1.csv","/project/akaring/takeup-data/data/stan_analysis_data/main-core-exponential-cluster-weight-999/exponential-0224/compact-gq-exponential-0224-1.csv"
225,20261027,1,2.51012277603149,"/project/akaring/takeup-data/data/stan_analysis_data/main-core-exponential-cluster-weight-999-weights/exponential/weights-0225.csv","/project/akaring/takeup-data/data/stan_analysis_data/main-core-exponential-cluster-weight-999/exponential-0225/mode-exponential-0225-1.csv","/project/akaring/takeup-data/data/stan_analysis_data/main-core-exponential-cluster-weight-999/exponential-0225/compact-gq-exponential-0225-1.csv"
226,20261028,1,2.47060108184814,"/project/akaring/takeup-data/data/stan_analysis_data/main-core-exponential-cluster-weight-999-weights/exponential/weights-0226.csv","/project/akaring/takeup-data/data/stan_analysis_data/main-core-exponential-cluster-weight-999/exponential-0226/mode-exponential-0226-1.csv","/project/akaring/takeup-data/data/stan_analysis_data/main-core-exponential-cluster-weight-999/exponential-0226/compact-gq-exponential-0226-1.csv"
227,20261029,1,1.98402667045593,"/project/akaring/takeup-data/data/stan_analysis_data/main-core-exponential-cluster-weight-999-weights/exponential/weights-0227.csv","/project/akaring/takeup-data/data/stan_analysis_data/main-core-exponential-cluster-weight-999/exponential-0227/mode-exponential-0227-1.csv","/project/akaring/takeup-data/data/stan_analysis_data/main-core-exponential-cluster-weight-999/exponential-0227/compact-gq-exponential-0227-1.csv"
228,20261030,1,1.72170257568359,"/project/akaring/takeup-data/data/stan_analysis_data/main-core-exponential-cluster-weight-999-weights/exponential/weights-0228.csv","/project/akaring/takeup-data/data/stan_analysis_data/main-core-exponential-cluster-weight-999/exponential-0228/mode-exponential-0228-1.csv","/project/akaring/takeup-data/data/stan_analysis_data/main-core-exponential-cluster-weight-999/exponential-0228/compact-gq-exponential-0228-1.csv"
229,20261031,1,2.38783168792725,"/project/akaring/takeup-data/data/stan_analysis_data/main-core-exponential-cluster-weight-999-weights/exponential/weights-0229.csv","/project/akaring/takeup-data/data/stan_analysis_data/main-core-exponential-cluster-weight-999/exponential-0229/mode-exponential-0229-1.csv","/project/akaring/takeup-data/data/stan_analysis_data/main-core-exponential-cluster-weight-999/exponential-0229/compact-gq-exponential-0229-1.csv"
230,20261032,1,3.3519811630249,"/project/akaring/takeup-data/data/stan_analysis_data/main-core-exponential-cluster-weight-999-weights/exponential/weights-0230.csv","/project/akaring/takeup-data/data/stan_analysis_data/main-core-exponential-cluster-weight-999/exponential-0230/mode-exponential-0230-1.csv","/project/akaring/takeup-data/data/stan_analysis_data/main-core-exponential-cluster-weight-999/exponential-0230/compact-gq-exponential-0230-1.csv"
231,20261033,1,3.49951362609863,"/project/akaring/takeup-data/data/stan_analysis_data/main-core-exponential-cluster-weight-999-weights/exponential/weights-0231.csv","/project/akaring/takeup-data/data/stan_analysis_data/main-core-exponential-cluster-weight-999/exponential-0231/mode-exponential-0231-1.csv","/project/akaring/takeup-data/data/stan_analysis_data/main-core-exponential-cluster-weight-999/exponential-0231/compact-gq-exponential-0231-1.csv"
232,20261034,1,2.63769769668579,"/project/akaring/takeup-data/data/stan_analysis_data/main-core-exponential-cluster-weight-999-weights/exponential/weights-0232.csv","/project/akaring/takeup-data/data/stan_analysis_data/main-core-exponential-cluster-weight-999/exponential-0232/mode-exponential-0232-1.csv","/project/akaring/takeup-data/data/stan_analysis_data/main-core-exponential-cluster-weight-999/exponential-0232/compact-gq-exponential-0232-1.csv"
233,20261035,1,2.92393088340759,"/project/akaring/takeup-data/data/stan_analysis_data/main-core-exponential-cluster-weight-999-weights/exponential/weights-0233.csv","/project/akaring/takeup-data/data/stan_analysis_data/main-core-exponential-cluster-weight-999/exponential-0233/mode-exponential-0233-1.csv","/project/akaring/takeup-data/data/stan_analysis_data/main-core-exponential-cluster-weight-999/exponential-0233/compact-gq-exponential-0233-1.csv"
234,20261036,1,2.09971237182617,"/project/akaring/takeup-data/data/stan_analysis_data/main-core-exponential-cluster-weight-999-weights/exponential/weights-0234.csv","/project/akaring/takeup-data/data/stan_analysis_data/main-core-exponential-cluster-weight-999/exponential-0234/mode-exponential-0234-1.csv","/project/akaring/takeup-data/data/stan_analysis_data/main-core-exponential-cluster-weight-999/exponential-0234/compact-gq-exponential-0234-1.csv"
235,20261037,1,2.20254898071289,"/project/akaring/takeup-data/data/stan_analysis_data/main-core-exponential-cluster-weight-999-weights/exponential/weights-0235.csv","/project/akaring/takeup-data/data/stan_analysis_data/main-core-exponential-cluster-weight-999/exponential-0235/mode-exponential-0235-1.csv","/project/akaring/takeup-data/data/stan_analysis_data/main-core-exponential-cluster-weight-999/exponential-0235/compact-gq-exponential-0235-1.csv"
236,20261038,1,3.35846662521362,"/project/akaring/takeup-data/data/stan_analysis_data/main-core-exponential-cluster-weight-999-weights/exponential/weights-0236.csv","/project/akaring/takeup-data/data/stan_analysis_data/main-core-exponential-cluster-weight-999/exponential-0236/mode-exponential-0236-1.csv","/project/akaring/takeup-data/data/stan_analysis_data/main-core-exponential-cluster-weight-999/exponential-0236/compact-gq-exponential-0236-1.csv"
237,20261039,1,3.1595606803894,"/project/akaring/takeup-data/data/stan_analysis_data/main-core-exponential-cluster-weight-999-weights/exponential/weights-0237.csv","/project/akaring/takeup-data/data/stan_analysis_data/main-core-exponential-cluster-weight-999/exponential-0237/mode-exponential-0237-1.csv","/project/akaring/takeup-data/data/stan_analysis_data/main-core-exponential-cluster-weight-999/exponential-0237/compact-gq-exponential-0237-1.csv"
238,20261040,1,2.90643191337585,"/project/akaring/takeup-data/data/stan_analysis_data/main-core-exponential-cluster-weight-999-weights/exponential/weights-0238.csv","/project/akaring/takeup-data/data/stan_analysis_data/main-core-exponential-cluster-weight-999/exponential-0238/mode-exponential-0238-1.csv","/project/akaring/takeup-data/data/stan_analysis_data/main-core-exponential-cluster-weight-999/exponential-0238/compact-gq-exponential-0238-1.csv"
239,20261041,1,2.84860277175903,"/project/akaring/takeup-data/data/stan_analysis_data/main-core-exponential-cluster-weight-999-weights/exponential/weights-0239.csv","/project/akaring/takeup-data/data/stan_analysis_data/main-core-exponential-cluster-weight-999/exponential-0239/mode-exponential-0239-1.csv","/project/akaring/takeup-data/data/stan_analysis_data/main-core-exponential-cluster-weight-999/exponential-0239/compact-gq-exponential-0239-1.csv"
240,20261042,1,4.29147553443909,"/project/akaring/takeup-data/data/stan_analysis_data/main-core-exponential-cluster-weight-999-weights/exponential/weights-0240.csv","/project/akaring/takeup-data/data/stan_analysis_data/main-core-exponential-cluster-weight-999/exponential-0240/mode-exponential-0240-1.csv","/project/akaring/takeup-data/data/stan_analysis_data/main-core-exponential-cluster-weight-999/exponential-0240/compact-gq-exponential-0240-1.csv"
241,20261043,1,3.97460603713989,"/project/akaring/takeup-data/data/stan_analysis_data/main-core-exponential-cluster-weight-999-weights/exponential/weights-0241.csv","/project/akaring/takeup-data/data/stan_analysis_data/main-core-exponential-cluster-weight-999/exponential-0241/mode-exponential-0241-1.csv","/project/akaring/takeup-data/data/stan_analysis_data/main-core-exponential-cluster-weight-999/exponential-0241/compact-gq-exponential-0241-1.csv"
242,20261044,1,9.27311372756958,"/project/akaring/takeup-data/data/stan_analysis_data/main-core-exponential-cluster-weight-999-weights/exponential/weights-0242.csv","/project/akaring/takeup-data/data/stan_analysis_data/main-core-exponential-cluster-weight-999/exponential-0242/mode-exponential-0242-1.csv","/project/akaring/takeup-data/data/stan_analysis_data/main-core-exponential-cluster-weight-999/exponential-0242/compact-gq-exponential-0242-1.csv"
243,20261045,1,9.03526854515076,"/project/akaring/takeup-data/data/stan_analysis_data/main-core-exponential-cluster-weight-999-weights/exponential/weights-0243.csv","/project/akaring/takeup-data/data/stan_analysis_data/main-core-exponential-cluster-weight-999/exponential-0243/mode-exponential-0243-1.csv","/project/akaring/takeup-data/data/stan_analysis_data/main-core-exponential-cluster-weight-999/exponential-0243/compact-gq-exponential-0243-1.csv"
244,20261046,1,9.27194452285767,"/project/akaring/takeup-data/data/stan_analysis_data/main-core-exponential-cluster-weight-999-weights/exponential/weights-0244.csv","/project/akaring/takeup-data/data/stan_analysis_data/main-core-exponential-cluster-weight-999/exponential-0244/mode-exponential-0244-1.csv","/project/akaring/takeup-data/data/stan_analysis_data/main-core-exponential-cluster-weight-999/exponential-0244/compact-gq-exponential-0244-1.csv"
245,20261047,1,2.55344009399414,"/project/akaring/takeup-data/data/stan_analysis_data/main-core-exponential-cluster-weight-999-weights/exponential/weights-0245.csv","/project/akaring/takeup-data/data/stan_analysis_data/main-core-exponential-cluster-weight-999/exponential-0245/mode-exponential-0245-1.csv","/project/akaring/takeup-data/data/stan_analysis_data/main-core-exponential-cluster-weight-999/exponential-0245/compact-gq-exponential-0245-1.csv"
246,20261048,1,3.23037195205688,"/project/akaring/takeup-data/data/stan_analysis_data/main-core-exponential-cluster-weight-999-weights/exponential/weights-0246.csv","/project/akaring/takeup-data/data/stan_analysis_data/main-core-exponential-cluster-weight-999/exponential-0246/mode-exponential-0246-1.csv","/project/akaring/takeup-data/data/stan_analysis_data/main-core-exponential-cluster-weight-999/exponential-0246/compact-gq-exponential-0246-1.csv"
247,20261049,1,2.61072540283203,"/project/akaring/takeup-data/data/stan_analysis_data/main-core-exponential-cluster-weight-999-weights/exponential/weights-0247.csv","/project/akaring/takeup-data/data/stan_analysis_data/main-core-exponential-cluster-weight-999/exponential-0247/mode-exponential-0247-1.csv","/project/akaring/takeup-data/data/stan_analysis_data/main-core-exponential-cluster-weight-999/exponential-0247/compact-gq-exponential-0247-1.csv"
248,20261050,1,3.71472263336182,"/project/akaring/takeup-data/data/stan_analysis_data/main-core-exponential-cluster-weight-999-weights/exponential/weights-0248.csv","/project/akaring/takeup-data/data/stan_analysis_data/main-core-exponential-cluster-weight-999/exponential-0248/mode-exponential-0248-1.csv","/project/akaring/takeup-data/data/stan_analysis_data/main-core-exponential-cluster-weight-999/exponential-0248/compact-gq-exponential-0248-1.csv"
249,20261051,1,2.1772768497467,"/project/akaring/takeup-data/data/stan_analysis_data/main-core-exponential-cluster-weight-999-weights/exponential/weights-0249.csv","/project/akaring/takeup-data/data/stan_analysis_data/main-core-exponential-cluster-weight-999/exponential-0249/mode-exponential-0249-1.csv","/project/akaring/takeup-data/data/stan_analysis_data/main-core-exponential-cluster-weight-999/exponential-0249/compact-gq-exponential-0249-1.csv"
250,20261052,1,2.75463843345642,"/project/akaring/takeup-data/data/stan_analysis_data/main-core-exponential-cluster-weight-999-weights/exponential/weights-0250.csv","/project/akaring/takeup-data/data/stan_analysis_data/main-core-exponential-cluster-weight-999/exponential-0250/mode-exponential-0250-1.csv","/project/akaring/takeup-data/data/stan_analysis_data/main-core-exponential-cluster-weight-999/exponential-0250/compact-gq-exponential-0250-1.csv"
251,20261053,1,3.92753410339355,"/project/akaring/takeup-data/data/stan_analysis_data/main-core-exponential-cluster-weight-999-weights/exponential/weights-0251.csv","/project/akaring/takeup-data/data/stan_analysis_data/main-core-exponential-cluster-weight-999/exponential-0251/mode-exponential-0251-1.csv","/project/akaring/takeup-data/data/stan_analysis_data/main-core-exponential-cluster-weight-999/exponential-0251/compact-gq-exponential-0251-1.csv"
252,20261054,1,3.72900915145874,"/project/akaring/takeup-data/data/stan_analysis_data/main-core-exponential-cluster-weight-999-weights/exponential/weights-0252.csv","/project/akaring/takeup-data/data/stan_analysis_data/main-core-exponential-cluster-weight-999/exponential-0252/mode-exponential-0252-1.csv","/project/akaring/takeup-data/data/stan_analysis_data/main-core-exponential-cluster-weight-999/exponential-0252/compact-gq-exponential-0252-1.csv"
253,20261055,1,3.29041719436646,"/project/akaring/takeup-data/data/stan_analysis_data/main-core-exponential-cluster-weight-999-weights/exponential/weights-0253.csv","/project/akaring/takeup-data/data/stan_analysis_data/main-core-exponential-cluster-weight-999/exponential-0253/mode-exponential-0253-1.csv","/project/akaring/takeup-data/data/stan_analysis_data/main-core-exponential-cluster-weight-999/exponential-0253/compact-gq-exponential-0253-1.csv"
254,20261056,1,4.83024573326111,"/project/akaring/takeup-data/data/stan_analysis_data/main-core-exponential-cluster-weight-999-weights/exponential/weights-0254.csv","/project/akaring/takeup-data/data/stan_analysis_data/main-core-exponential-cluster-weight-999/exponential-0254/mode-exponential-0254-1.csv","/project/akaring/takeup-data/data/stan_analysis_data/main-core-exponential-cluster-weight-999/exponential-0254/compact-gq-exponential-0254-1.csv"
255,20261057,1,4.13619613647461,"/project/akaring/takeup-data/data/stan_analysis_data/main-core-exponential-cluster-weight-999-weights/exponential/weights-0255.csv","/project/akaring/takeup-data/data/stan_analysis_data/main-core-exponential-cluster-weight-999/exponential-0255/mode-exponential-0255-1.csv","/project/akaring/takeup-data/data/stan_analysis_data/main-core-exponential-cluster-weight-999/exponential-0255/compact-gq-exponential-0255-1.csv"
256,20261058,1,8.8404266834259,"/project/akaring/takeup-data/data/stan_analysis_data/main-core-exponential-cluster-weight-999-weights/exponential/weights-0256.csv","/project/akaring/takeup-data/data/stan_analysis_data/main-core-exponential-cluster-weight-999/exponential-0256/mode-exponential-0256-1.csv","/project/akaring/takeup-data/data/stan_analysis_data/main-core-exponential-cluster-weight-999/exponential-0256/compact-gq-exponential-0256-1.csv"
257,20261059,1,8.81566381454468,"/project/akaring/takeup-data/data/stan_analysis_data/main-core-exponential-cluster-weight-999-weights/exponential/weights-0257.csv","/project/akaring/takeup-data/data/stan_analysis_data/main-core-exponential-cluster-weight-999/exponential-0257/mode-exponential-0257-1.csv","/project/akaring/takeup-data/data/stan_analysis_data/main-core-exponential-cluster-weight-999/exponential-0257/compact-gq-exponential-0257-1.csv"
258,20261060,1,8.81539583206177,"/project/akaring/takeup-data/data/stan_analysis_data/main-core-exponential-cluster-weight-999-weights/exponential/weights-0258.csv","/project/akaring/takeup-data/data/stan_analysis_data/main-core-exponential-cluster-weight-999/exponential-0258/mode-exponential-0258-1.csv","/project/akaring/takeup-data/data/stan_analysis_data/main-core-exponential-cluster-weight-999/exponential-0258/compact-gq-exponential-0258-1.csv"
259,20261061,1,2.66143727302551,"/project/akaring/takeup-data/data/stan_analysis_data/main-core-exponential-cluster-weight-999-weights/exponential/weights-0259.csv","/project/akaring/takeup-data/data/stan_analysis_data/main-core-exponential-cluster-weight-999/exponential-0259/mode-exponential-0259-1.csv","/project/akaring/takeup-data/data/stan_analysis_data/main-core-exponential-cluster-weight-999/exponential-0259/compact-gq-exponential-0259-1.csv"
260,20261062,1,2.16488265991211,"/project/akaring/takeup-data/data/stan_analysis_data/main-core-exponential-cluster-weight-999-weights/exponential/weights-0260.csv","/project/akaring/takeup-data/data/stan_analysis_data/main-core-exponential-cluster-weight-999/exponential-0260/mode-exponential-0260-1.csv","/project/akaring/takeup-data/data/stan_analysis_data/main-core-exponential-cluster-weight-999/exponential-0260/compact-gq-exponential-0260-1.csv"
261,20261063,1,3.2809157371521,"/project/akaring/takeup-data/data/stan_analysis_data/main-core-exponential-cluster-weight-999-weights/exponential/weights-0261.csv","/project/akaring/takeup-data/data/stan_analysis_data/main-core-exponential-cluster-weight-999/exponential-0261/mode-exponential-0261-1.csv","/project/akaring/takeup-data/data/stan_analysis_data/main-core-exponential-cluster-weight-999/exponential-0261/compact-gq-exponential-0261-1.csv"
262,20261064,1,3.01514267921448,"/project/akaring/takeup-data/data/stan_analysis_data/main-core-exponential-cluster-weight-999-weights/exponential/weights-0262.csv","/project/akaring/takeup-data/data/stan_analysis_data/main-core-exponential-cluster-weight-999/exponential-0262/mode-exponential-0262-1.csv","/project/akaring/takeup-data/data/stan_analysis_data/main-core-exponential-cluster-weight-999/exponential-0262/compact-gq-exponential-0262-1.csv"
263,20261065,1,2.81138706207275,"/project/akaring/takeup-data/data/stan_analysis_data/main-core-exponential-cluster-weight-999-weights/exponential/weights-0263.csv","/project/akaring/takeup-data/data/stan_analysis_data/main-core-exponential-cluster-weight-999/exponential-0263/mode-exponential-0263-1.csv","/project/akaring/takeup-data/data/stan_analysis_data/main-core-exponential-cluster-weight-999/exponential-0263/compact-gq-exponential-0263-1.csv"
264,20261066,1,2.72936463356018,"/project/akaring/takeup-data/data/stan_analysis_data/main-core-exponential-cluster-weight-999-weights/exponential/weights-0264.csv","/project/akaring/takeup-data/data/stan_analysis_data/main-core-exponential-cluster-weight-999/exponential-0264/mode-exponential-0264-1.csv","/project/akaring/takeup-data/data/stan_analysis_data/main-core-exponential-cluster-weight-999/exponential-0264/compact-gq-exponential-0264-1.csv"
265,20261067,1,2.26596474647522,"/project/akaring/takeup-data/data/stan_analysis_data/main-core-exponential-cluster-weight-999-weights/exponential/weights-0265.csv","/project/akaring/takeup-data/data/stan_analysis_data/main-core-exponential-cluster-weight-999/exponential-0265/mode-exponential-0265-1.csv","/project/akaring/takeup-data/data/stan_analysis_data/main-core-exponential-cluster-weight-999/exponential-0265/compact-gq-exponential-0265-1.csv"
266,20261068,1,1.88877749443054,"/project/akaring/takeup-data/data/stan_analysis_data/main-core-exponential-cluster-weight-999-weights/exponential/weights-0266.csv","/project/akaring/takeup-data/data/stan_analysis_data/main-core-exponential-cluster-weight-999/exponential-0266/mode-exponential-0266-1.csv","/project/akaring/takeup-data/data/stan_analysis_data/main-core-exponential-cluster-weight-999/exponential-0266/compact-gq-exponential-0266-1.csv"
267,20261069,1,1.81197118759155,"/project/akaring/takeup-data/data/stan_analysis_data/main-core-exponential-cluster-weight-999-weights/exponential/weights-0267.csv","/project/akaring/takeup-data/data/stan_analysis_data/main-core-exponential-cluster-weight-999/exponential-0267/mode-exponential-0267-1.csv","/project/akaring/takeup-data/data/stan_analysis_data/main-core-exponential-cluster-weight-999/exponential-0267/compact-gq-exponential-0267-1.csv"
268,20261070,1,3.39032483100891,"/project/akaring/takeup-data/data/stan_analysis_data/main-core-exponential-cluster-weight-999-weights/exponential/weights-0268.csv","/project/akaring/takeup-data/data/stan_analysis_data/main-core-exponential-cluster-weight-999/exponential-0268/mode-exponential-0268-1.csv","/project/akaring/takeup-data/data/stan_analysis_data/main-core-exponential-cluster-weight-999/exponential-0268/compact-gq-exponential-0268-1.csv"
269,20261071,1,3.20810580253601,"/project/akaring/takeup-data/data/stan_analysis_data/main-core-exponential-cluster-weight-999-weights/exponential/weights-0269.csv","/project/akaring/takeup-data/data/stan_analysis_data/main-core-exponential-cluster-weight-999/exponential-0269/mode-exponential-0269-1.csv","/project/akaring/takeup-data/data/stan_analysis_data/main-core-exponential-cluster-weight-999/exponential-0269/compact-gq-exponential-0269-1.csv"
270,20261072,1,2.07470035552979,"/project/akaring/takeup-data/data/stan_analysis_data/main-core-exponential-cluster-weight-999-weights/exponential/weights-0270.csv","/project/akaring/takeup-data/data/stan_analysis_data/main-core-exponential-cluster-weight-999/exponential-0270/mode-exponential-0270-1.csv","/project/akaring/takeup-data/data/stan_analysis_data/main-core-exponential-cluster-weight-999/exponential-0270/compact-gq-exponential-0270-1.csv"
271,20261073,1,3.68300795555115,"/project/akaring/takeup-data/data/stan_analysis_data/main-core-exponential-cluster-weight-999-weights/exponential/weights-0271.csv","/project/akaring/takeup-data/data/stan_analysis_data/main-core-exponential-cluster-weight-999/exponential-0271/mode-exponential-0271-1.csv","/project/akaring/takeup-data/data/stan_analysis_data/main-core-exponential-cluster-weight-999/exponential-0271/compact-gq-exponential-0271-1.csv"
272,20261074,1,2.04383492469788,"/project/akaring/takeup-data/data/stan_analysis_data/main-core-exponential-cluster-weight-999-weights/exponential/weights-0272.csv","/project/akaring/takeup-data/data/stan_analysis_data/main-core-exponential-cluster-weight-999/exponential-0272/mode-exponential-0272-1.csv","/project/akaring/takeup-data/data/stan_analysis_data/main-core-exponential-cluster-weight-999/exponential-0272/compact-gq-exponential-0272-1.csv"
273,20261075,1,3.09014248847961,"/project/akaring/takeup-data/data/stan_analysis_data/main-core-exponential-cluster-weight-999-weights/exponential/weights-0273.csv","/project/akaring/takeup-data/data/stan_analysis_data/main-core-exponential-cluster-weight-999/exponential-0273/mode-exponential-0273-1.csv","/project/akaring/takeup-data/data/stan_analysis_data/main-core-exponential-cluster-weight-999/exponential-0273/compact-gq-exponential-0273-1.csv"
274,20261076,1,3.30866861343384,"/project/akaring/takeup-data/data/stan_analysis_data/main-core-exponential-cluster-weight-999-weights/exponential/weights-0274.csv","/project/akaring/takeup-data/data/stan_analysis_data/main-core-exponential-cluster-weight-999/exponential-0274/mode-exponential-0274-1.csv","/project/akaring/takeup-data/data/stan_analysis_data/main-core-exponential-cluster-weight-999/exponential-0274/compact-gq-exponential-0274-1.csv"
275,20261077,1,2.46510004997253,"/project/akaring/takeup-data/data/stan_analysis_data/main-core-exponential-cluster-weight-999-weights/exponential/weights-0275.csv","/project/akaring/takeup-data/data/stan_analysis_data/main-core-exponential-cluster-weight-999/exponential-0275/mode-exponential-0275-1.csv","/project/akaring/takeup-data/data/stan_analysis_data/main-core-exponential-cluster-weight-999/exponential-0275/compact-gq-exponential-0275-1.csv"
276,20261078,1,2.02458238601685,"/project/akaring/takeup-data/data/stan_analysis_data/main-core-exponential-cluster-weight-999-weights/exponential/weights-0276.csv","/project/akaring/takeup-data/data/stan_analysis_data/main-core-exponential-cluster-weight-999/exponential-0276/mode-exponential-0276-1.csv","/project/akaring/takeup-data/data/stan_analysis_data/main-core-exponential-cluster-weight-999/exponential-0276/compact-gq-exponential-0276-1.csv"
277,20261079,1,2.79826951026917,"/project/akaring/takeup-data/data/stan_analysis_data/main-core-exponential-cluster-weight-999-weights/exponential/weights-0277.csv","/project/akaring/takeup-data/data/stan_analysis_data/main-core-exponential-cluster-weight-999/exponential-0277/mode-exponential-0277-1.csv","/project/akaring/takeup-data/data/stan_analysis_data/main-core-exponential-cluster-weight-999/exponential-0277/compact-gq-exponential-0277-1.csv"
278,20261080,1,2.42187547683716,"/project/akaring/takeup-data/data/stan_analysis_data/main-core-exponential-cluster-weight-999-weights/exponential/weights-0278.csv","/project/akaring/takeup-data/data/stan_analysis_data/main-core-exponential-cluster-weight-999/exponential-0278/mode-exponential-0278-1.csv","/project/akaring/takeup-data/data/stan_analysis_data/main-core-exponential-cluster-weight-999/exponential-0278/compact-gq-exponential-0278-1.csv"
279,20261081,1,4.20783019065857,"/project/akaring/takeup-data/data/stan_analysis_data/main-core-exponential-cluster-weight-999-weights/exponential/weights-0279.csv","/project/akaring/takeup-data/data/stan_analysis_data/main-core-exponential-cluster-weight-999/exponential-0279/mode-exponential-0279-1.csv","/project/akaring/takeup-data/data/stan_analysis_data/main-core-exponential-cluster-weight-999/exponential-0279/compact-gq-exponential-0279-1.csv"
280,20261082,1,2.71168541908264,"/project/akaring/takeup-data/data/stan_analysis_data/main-core-exponential-cluster-weight-999-weights/exponential/weights-0280.csv","/project/akaring/takeup-data/data/stan_analysis_data/main-core-exponential-cluster-weight-999/exponential-0280/mode-exponential-0280-1.csv","/project/akaring/takeup-data/data/stan_analysis_data/main-core-exponential-cluster-weight-999/exponential-0280/compact-gq-exponential-0280-1.csv"
281,20261083,1,4.45410895347595,"/project/akaring/takeup-data/data/stan_analysis_data/main-core-exponential-cluster-weight-999-weights/exponential/weights-0281.csv","/project/akaring/takeup-data/data/stan_analysis_data/main-core-exponential-cluster-weight-999/exponential-0281/mode-exponential-0281-1.csv","/project/akaring/takeup-data/data/stan_analysis_data/main-core-exponential-cluster-weight-999/exponential-0281/compact-gq-exponential-0281-1.csv"
282,20261084,1,4.57320523262024,"/project/akaring/takeup-data/data/stan_analysis_data/main-core-exponential-cluster-weight-999-weights/exponential/weights-0282.csv","/project/akaring/takeup-data/data/stan_analysis_data/main-core-exponential-cluster-weight-999/exponential-0282/mode-exponential-0282-1.csv","/project/akaring/takeup-data/data/stan_analysis_data/main-core-exponential-cluster-weight-999/exponential-0282/compact-gq-exponential-0282-1.csv"
283,20261085,1,4.78069615364075,"/project/akaring/takeup-data/data/stan_analysis_data/main-core-exponential-cluster-weight-999-weights/exponential/weights-0283.csv","/project/akaring/takeup-data/data/stan_analysis_data/main-core-exponential-cluster-weight-999/exponential-0283/mode-exponential-0283-1.csv","/project/akaring/takeup-data/data/stan_analysis_data/main-core-exponential-cluster-weight-999/exponential-0283/compact-gq-exponential-0283-1.csv"
284,20261086,1,2.3741762638092,"/project/akaring/takeup-data/data/stan_analysis_data/main-core-exponential-cluster-weight-999-weights/exponential/weights-0284.csv","/project/akaring/takeup-data/data/stan_analysis_data/main-core-exponential-cluster-weight-999/exponential-0284/mode-exponential-0284-1.csv","/project/akaring/takeup-data/data/stan_analysis_data/main-core-exponential-cluster-weight-999/exponential-0284/compact-gq-exponential-0284-1.csv"
285,20261087,1,2.02682876586914,"/project/akaring/takeup-data/data/stan_analysis_data/main-core-exponential-cluster-weight-999-weights/exponential/weights-0285.csv","/project/akaring/takeup-data/data/stan_analysis_data/main-core-exponential-cluster-weight-999/exponential-0285/mode-exponential-0285-1.csv","/project/akaring/takeup-data/data/stan_analysis_data/main-core-exponential-cluster-weight-999/exponential-0285/compact-gq-exponential-0285-1.csv"
286,20261088,1,2.32384419441223,"/project/akaring/takeup-data/data/stan_analysis_data/main-core-exponential-cluster-weight-999-weights/exponential/weights-0286.csv","/project/akaring/takeup-data/data/stan_analysis_data/main-core-exponential-cluster-weight-999/exponential-0286/mode-exponential-0286-1.csv","/project/akaring/takeup-data/data/stan_analysis_data/main-core-exponential-cluster-weight-999/exponential-0286/compact-gq-exponential-0286-1.csv"
287,20261089,1,2.45591473579407,"/project/akaring/takeup-data/data/stan_analysis_data/main-core-exponential-cluster-weight-999-weights/exponential/weights-0287.csv","/project/akaring/takeup-data/data/stan_analysis_data/main-core-exponential-cluster-weight-999/exponential-0287/mode-exponential-0287-1.csv","/project/akaring/takeup-data/data/stan_analysis_data/main-core-exponential-cluster-weight-999/exponential-0287/compact-gq-exponential-0287-1.csv"
288,20261090,1,3.15189576148987,"/project/akaring/takeup-data/data/stan_analysis_data/main-core-exponential-cluster-weight-999-weights/exponential/weights-0288.csv","/project/akaring/takeup-data/data/stan_analysis_data/main-core-exponential-cluster-weight-999/exponential-0288/mode-exponential-0288-1.csv","/project/akaring/takeup-data/data/stan_analysis_data/main-core-exponential-cluster-weight-999/exponential-0288/compact-gq-exponential-0288-1.csv"
289,20261091,1,3.71453070640564,"/project/akaring/takeup-data/data/stan_analysis_data/main-core-exponential-cluster-weight-999-weights/exponential/weights-0289.csv","/project/akaring/takeup-data/data/stan_analysis_data/main-core-exponential-cluster-weight-999/exponential-0289/mode-exponential-0289-1.csv","/project/akaring/takeup-data/data/stan_analysis_data/main-core-exponential-cluster-weight-999/exponential-0289/compact-gq-exponential-0289-1.csv"
290,20261092,1,2.87352609634399,"/project/akaring/takeup-data/data/stan_analysis_data/main-core-exponential-cluster-weight-999-weights/exponential/weights-0290.csv","/project/akaring/takeup-data/data/stan_analysis_data/main-core-exponential-cluster-weight-999/exponential-0290/mode-exponential-0290-1.csv","/project/akaring/takeup-data/data/stan_analysis_data/main-core-exponential-cluster-weight-999/exponential-0290/compact-gq-exponential-0290-1.csv"
291,20261093,1,3.25835537910461,"/project/akaring/takeup-data/data/stan_analysis_data/main-core-exponential-cluster-weight-999-weights/exponential/weights-0291.csv","/project/akaring/takeup-data/data/stan_analysis_data/main-core-exponential-cluster-weight-999/exponential-0291/mode-exponential-0291-1.csv","/project/akaring/takeup-data/data/stan_analysis_data/main-core-exponential-cluster-weight-999/exponential-0291/compact-gq-exponential-0291-1.csv"
292,20261094,1,1.63994145393372,"/project/akaring/takeup-data/data/stan_analysis_data/main-core-exponential-cluster-weight-999-weights/exponential/weights-0292.csv","/project/akaring/takeup-data/data/stan_analysis_data/main-core-exponential-cluster-weight-999/exponential-0292/mode-exponential-0292-1.csv","/project/akaring/takeup-data/data/stan_analysis_data/main-core-exponential-cluster-weight-999/exponential-0292/compact-gq-exponential-0292-1.csv"
293,20261095,1,1.65961384773254,"/project/akaring/takeup-data/data/stan_analysis_data/main-core-exponential-cluster-weight-999-weights/exponential/weights-0293.csv","/project/akaring/takeup-data/data/stan_analysis_data/main-core-exponential-cluster-weight-999/exponential-0293/mode-exponential-0293-1.csv","/project/akaring/takeup-data/data/stan_analysis_data/main-core-exponential-cluster-weight-999/exponential-0293/compact-gq-exponential-0293-1.csv"
294,20261096,1,1.65962147712708,"/project/akaring/takeup-data/data/stan_analysis_data/main-core-exponential-cluster-weight-999-weights/exponential/weights-0294.csv","/project/akaring/takeup-data/data/stan_analysis_data/main-core-exponential-cluster-weight-999/exponential-0294/mode-exponential-0294-1.csv","/project/akaring/takeup-data/data/stan_analysis_data/main-core-exponential-cluster-weight-999/exponential-0294/compact-gq-exponential-0294-1.csv"
295,20261097,1,2.60348558425903,"/project/akaring/takeup-data/data/stan_analysis_data/main-core-exponential-cluster-weight-999-weights/exponential/weights-0295.csv","/project/akaring/takeup-data/data/stan_analysis_data/main-core-exponential-cluster-weight-999/exponential-0295/mode-exponential-0295-1.csv","/project/akaring/takeup-data/data/stan_analysis_data/main-core-exponential-cluster-weight-999/exponential-0295/compact-gq-exponential-0295-1.csv"
296,20261098,1,2.60973405838013,"/project/akaring/takeup-data/data/stan_analysis_data/main-core-exponential-cluster-weight-999-weights/exponential/weights-0296.csv","/project/akaring/takeup-data/data/stan_analysis_data/main-core-exponential-cluster-weight-999/exponential-0296/mode-exponential-0296-1.csv","/project/akaring/takeup-data/data/stan_analysis_data/main-core-exponential-cluster-weight-999/exponential-0296/compact-gq-exponential-0296-1.csv"
297,20261099,1,3.32542824745178,"/project/akaring/takeup-data/data/stan_analysis_data/main-core-exponential-cluster-weight-999-weights/exponential/weights-0297.csv","/project/akaring/takeup-data/data/stan_analysis_data/main-core-exponential-cluster-weight-999/exponential-0297/mode-exponential-0297-1.csv","/project/akaring/takeup-data/data/stan_analysis_data/main-core-exponential-cluster-weight-999/exponential-0297/compact-gq-exponential-0297-1.csv"
298,20261100,1,4.46766805648804,"/project/akaring/takeup-data/data/stan_analysis_data/main-core-exponential-cluster-weight-999-weights/exponential/weights-0298.csv","/project/akaring/takeup-data/data/stan_analysis_data/main-core-exponential-cluster-weight-999/exponential-0298/mode-exponential-0298-1.csv","/project/akaring/takeup-data/data/stan_analysis_data/main-core-exponential-cluster-weight-999/exponential-0298/compact-gq-exponential-0298-1.csv"
299,20261101,1,2.77248764038086,"/project/akaring/takeup-data/data/stan_analysis_data/main-core-exponential-cluster-weight-999-weights/exponential/weights-0299.csv","/project/akaring/takeup-data/data/stan_analysis_data/main-core-exponential-cluster-weight-999/exponential-0299/mode-exponential-0299-1.csv","/project/akaring/takeup-data/data/stan_analysis_data/main-core-exponential-cluster-weight-999/exponential-0299/compact-gq-exponential-0299-1.csv"
300,20261102,1,7.18135452270508,"/project/akaring/takeup-data/data/stan_analysis_data/main-core-exponential-cluster-weight-999-weights/exponential/weights-0300.csv","/project/akaring/takeup-data/data/stan_analysis_data/main-core-exponential-cluster-weight-999/exponential-0300/mode-exponential-0300-1.csv","/project/akaring/takeup-data/data/stan_analysis_data/main-core-exponential-cluster-weight-999/exponential-0300/compact-gq-exponential-0300-1.csv"
301,20261103,1,5.73514223098755,"/project/akaring/takeup-data/data/stan_analysis_data/main-core-exponential-cluster-weight-999-weights/exponential/weights-0301.csv","/project/akaring/takeup-data/data/stan_analysis_data/main-core-exponential-cluster-weight-999/exponential-0301/mode-exponential-0301-1.csv","/project/akaring/takeup-data/data/stan_analysis_data/main-core-exponential-cluster-weight-999/exponential-0301/compact-gq-exponential-0301-1.csv"
302,20261104,1,1.68066239356995,"/project/akaring/takeup-data/data/stan_analysis_data/main-core-exponential-cluster-weight-999-weights/exponential/weights-0302.csv","/project/akaring/takeup-data/data/stan_analysis_data/main-core-exponential-cluster-weight-999/exponential-0302/mode-exponential-0302-1.csv","/project/akaring/takeup-data/data/stan_analysis_data/main-core-exponential-cluster-weight-999/exponential-0302/compact-gq-exponential-0302-1.csv"
303,20261105,1,4.00435662269592,"/project/akaring/takeup-data/data/stan_analysis_data/main-core-exponential-cluster-weight-999-weights/exponential/weights-0303.csv","/project/akaring/takeup-data/data/stan_analysis_data/main-core-exponential-cluster-weight-999/exponential-0303/mode-exponential-0303-1.csv","/project/akaring/takeup-data/data/stan_analysis_data/main-core-exponential-cluster-weight-999/exponential-0303/compact-gq-exponential-0303-1.csv"
304,20261106,1,2.86113977432251,"/project/akaring/takeup-data/data/stan_analysis_data/main-core-exponential-cluster-weight-999-weights/exponential/weights-0304.csv","/project/akaring/takeup-data/data/stan_analysis_data/main-core-exponential-cluster-weight-999/exponential-0304/mode-exponential-0304-1.csv","/project/akaring/takeup-data/data/stan_analysis_data/main-core-exponential-cluster-weight-999/exponential-0304/compact-gq-exponential-0304-1.csv"
305,20261107,1,3.94473338127136,"/project/akaring/takeup-data/data/stan_analysis_data/main-core-exponential-cluster-weight-999-weights/exponential/weights-0305.csv","/project/akaring/takeup-data/data/stan_analysis_data/main-core-exponential-cluster-weight-999/exponential-0305/mode-exponential-0305-1.csv","/project/akaring/takeup-data/data/stan_analysis_data/main-core-exponential-cluster-weight-999/exponential-0305/compact-gq-exponential-0305-1.csv"
306,20261108,1,8.17262983322144,"/project/akaring/takeup-data/data/stan_analysis_data/main-core-exponential-cluster-weight-999-weights/exponential/weights-0306.csv","/project/akaring/takeup-data/data/stan_analysis_data/main-core-exponential-cluster-weight-999/exponential-0306/mode-exponential-0306-1.csv","/project/akaring/takeup-data/data/stan_analysis_data/main-core-exponential-cluster-weight-999/exponential-0306/compact-gq-exponential-0306-1.csv"
307,20261109,1,8.05951499938965,"/project/akaring/takeup-data/data/stan_analysis_data/main-core-exponential-cluster-weight-999-weights/exponential/weights-0307.csv","/project/akaring/takeup-data/data/stan_analysis_data/main-core-exponential-cluster-weight-999/exponential-0307/mode-exponential-0307-1.csv","/project/akaring/takeup-data/data/stan_analysis_data/main-core-exponential-cluster-weight-999/exponential-0307/compact-gq-exponential-0307-1.csv"
308,20261110,1,1.86737370491028,"/project/akaring/takeup-data/data/stan_analysis_data/main-core-exponential-cluster-weight-999-weights/exponential/weights-0308.csv","/project/akaring/takeup-data/data/stan_analysis_data/main-core-exponential-cluster-weight-999/exponential-0308/mode-exponential-0308-1.csv","/project/akaring/takeup-data/data/stan_analysis_data/main-core-exponential-cluster-weight-999/exponential-0308/compact-gq-exponential-0308-1.csv"
309,20261111,1,1.90577697753906,"/project/akaring/takeup-data/data/stan_analysis_data/main-core-exponential-cluster-weight-999-weights/exponential/weights-0309.csv","/project/akaring/takeup-data/data/stan_analysis_data/main-core-exponential-cluster-weight-999/exponential-0309/mode-exponential-0309-1.csv","/project/akaring/takeup-data/data/stan_analysis_data/main-core-exponential-cluster-weight-999/exponential-0309/compact-gq-exponential-0309-1.csv"
310,20261112,1,6.05229711532593,"/project/akaring/takeup-data/data/stan_analysis_data/main-core-exponential-cluster-weight-999-weights/exponential/weights-0310.csv","/project/akaring/takeup-data/data/stan_analysis_data/main-core-exponential-cluster-weight-999/exponential-0310/mode-exponential-0310-1.csv","/project/akaring/takeup-data/data/stan_analysis_data/main-core-exponential-cluster-weight-999/exponential-0310/compact-gq-exponential-0310-1.csv"
311,20261113,1,9.04657483100891,"/project/akaring/takeup-data/data/stan_analysis_data/main-core-exponential-cluster-weight-999-weights/exponential/weights-0311.csv","/project/akaring/takeup-data/data/stan_analysis_data/main-core-exponential-cluster-weight-999/exponential-0311/mode-exponential-0311-1.csv","/project/akaring/takeup-data/data/stan_analysis_data/main-core-exponential-cluster-weight-999/exponential-0311/compact-gq-exponential-0311-1.csv"
312,20261114,1,4.44511222839355,"/project/akaring/takeup-data/data/stan_analysis_data/main-core-exponential-cluster-weight-999-weights/exponential/weights-0312.csv","/project/akaring/takeup-data/data/stan_analysis_data/main-core-exponential-cluster-weight-999/exponential-0312/mode-exponential-0312-1.csv","/project/akaring/takeup-data/data/stan_analysis_data/main-core-exponential-cluster-weight-999/exponential-0312/compact-gq-exponential-0312-1.csv"
313,20261115,1,7.41837358474731,"/project/akaring/takeup-data/data/stan_analysis_data/main-core-exponential-cluster-weight-999-weights/exponential/weights-0313.csv","/project/akaring/takeup-data/data/stan_analysis_data/main-core-exponential-cluster-weight-999/exponential-0313/mode-exponential-0313-1.csv","/project/akaring/takeup-data/data/stan_analysis_data/main-core-exponential-cluster-weight-999/exponential-0313/compact-gq-exponential-0313-1.csv"
314,20261116,1,7.6247398853302,"/project/akaring/takeup-data/data/stan_analysis_data/main-core-exponential-cluster-weight-999-weights/exponential/weights-0314.csv","/project/akaring/takeup-data/data/stan_analysis_data/main-core-exponential-cluster-weight-999/exponential-0314/mode-exponential-0314-1.csv","/project/akaring/takeup-data/data/stan_analysis_data/main-core-exponential-cluster-weight-999/exponential-0314/compact-gq-exponential-0314-1.csv"
315,20261117,1,7.94033193588257,"/project/akaring/takeup-data/data/stan_analysis_data/main-core-exponential-cluster-weight-999-weights/exponential/weights-0315.csv","/project/akaring/takeup-data/data/stan_analysis_data/main-core-exponential-cluster-weight-999/exponential-0315/mode-exponential-0315-1.csv","/project/akaring/takeup-data/data/stan_analysis_data/main-core-exponential-cluster-weight-999/exponential-0315/compact-gq-exponential-0315-1.csv"
316,20261118,1,1.64369344711304,"/project/akaring/takeup-data/data/stan_analysis_data/main-core-exponential-cluster-weight-999-weights/exponential/weights-0316.csv","/project/akaring/takeup-data/data/stan_analysis_data/main-core-exponential-cluster-weight-999/exponential-0316/mode-exponential-0316-1.csv","/project/akaring/takeup-data/data/stan_analysis_data/main-core-exponential-cluster-weight-999/exponential-0316/compact-gq-exponential-0316-1.csv"
317,20261119,1,1.85646653175354,"/project/akaring/takeup-data/data/stan_analysis_data/main-core-exponential-cluster-weight-999-weights/exponential/weights-0317.csv","/project/akaring/takeup-data/data/stan_analysis_data/main-core-exponential-cluster-weight-999/exponential-0317/mode-exponential-0317-1.csv","/project/akaring/takeup-data/data/stan_analysis_data/main-core-exponential-cluster-weight-999/exponential-0317/compact-gq-exponential-0317-1.csv"
318,20261120,1,7.61326718330383,"/project/akaring/takeup-data/data/stan_analysis_data/main-core-exponential-cluster-weight-999-weights/exponential/weights-0318.csv","/project/akaring/takeup-data/data/stan_analysis_data/main-core-exponential-cluster-weight-999/exponential-0318/mode-exponential-0318-1.csv","/project/akaring/takeup-data/data/stan_analysis_data/main-core-exponential-cluster-weight-999/exponential-0318/compact-gq-exponential-0318-1.csv"
319,20261121,1,8.1369833946228,"/project/akaring/takeup-data/data/stan_analysis_data/main-core-exponential-cluster-weight-999-weights/exponential/weights-0319.csv","/project/akaring/takeup-data/data/stan_analysis_data/main-core-exponential-cluster-weight-999/exponential-0319/mode-exponential-0319-1.csv","/project/akaring/takeup-data/data/stan_analysis_data/main-core-exponential-cluster-weight-999/exponential-0319/compact-gq-exponential-0319-1.csv"
320,20261122,1,6.03234577178955,"/project/akaring/takeup-data/data/stan_analysis_data/main-core-exponential-cluster-weight-999-weights/exponential/weights-0320.csv","/project/akaring/takeup-data/data/stan_analysis_data/main-core-exponential-cluster-weight-999/exponential-0320/mode-exponential-0320-1.csv","/project/akaring/takeup-data/data/stan_analysis_data/main-core-exponential-cluster-weight-999/exponential-0320/compact-gq-exponential-0320-1.csv"
321,20261123,1,2.13614249229431,"/project/akaring/takeup-data/data/stan_analysis_data/main-core-exponential-cluster-weight-999-weights/exponential/weights-0321.csv","/project/akaring/takeup-data/data/stan_analysis_data/main-core-exponential-cluster-weight-999/exponential-0321/mode-exponential-0321-1.csv","/project/akaring/takeup-data/data/stan_analysis_data/main-core-exponential-cluster-weight-999/exponential-0321/compact-gq-exponential-0321-1.csv"
322,20261124,1,8.57952737808228,"/project/akaring/takeup-data/data/stan_analysis_data/main-core-exponential-cluster-weight-999-weights/exponential/weights-0322.csv","/project/akaring/takeup-data/data/stan_analysis_data/main-core-exponential-cluster-weight-999/exponential-0322/mode-exponential-0322-1.csv","/project/akaring/takeup-data/data/stan_analysis_data/main-core-exponential-cluster-weight-999/exponential-0322/compact-gq-exponential-0322-1.csv"
323,20261125,1,13.4163529872894,"/project/akaring/takeup-data/data/stan_analysis_data/main-core-exponential-cluster-weight-999-weights/exponential/weights-0323.csv","/project/akaring/takeup-data/data/stan_analysis_data/main-core-exponential-cluster-weight-999/exponential-0323/mode-exponential-0323-1.csv","/project/akaring/takeup-data/data/stan_analysis_data/main-core-exponential-cluster-weight-999/exponential-0323/compact-gq-exponential-0323-1.csv"
324,20261126,1,4.31458902359009,"/project/akaring/takeup-data/data/stan_analysis_data/main-core-exponential-cluster-weight-999-weights/exponential/weights-0324.csv","/project/akaring/takeup-data/data/stan_analysis_data/main-core-exponential-cluster-weight-999/exponential-0324/mode-exponential-0324-1.csv","/project/akaring/takeup-data/data/stan_analysis_data/main-core-exponential-cluster-weight-999/exponential-0324/compact-gq-exponential-0324-1.csv"
325,20261127,1,2.20083165168762,"/project/akaring/takeup-data/data/stan_analysis_data/main-core-exponential-cluster-weight-999-weights/exponential/weights-0325.csv","/project/akaring/takeup-data/data/stan_analysis_data/main-core-exponential-cluster-weight-999/exponential-0325/mode-exponential-0325-1.csv","/project/akaring/takeup-data/data/stan_analysis_data/main-core-exponential-cluster-weight-999/exponential-0325/compact-gq-exponential-0325-1.csv"
326,20261128,1,2.07637667655945,"/project/akaring/takeup-data/data/stan_analysis_data/main-core-exponential-cluster-weight-999-weights/exponential/weights-0326.csv","/project/akaring/takeup-data/data/stan_analysis_data/main-core-exponential-cluster-weight-999/exponential-0326/mode-exponential-0326-1.csv","/project/akaring/takeup-data/data/stan_analysis_data/main-core-exponential-cluster-weight-999/exponential-0326/compact-gq-exponential-0326-1.csv"
327,20261129,1,2.2127788066864,"/project/akaring/takeup-data/data/stan_analysis_data/main-core-exponential-cluster-weight-999-weights/exponential/weights-0327.csv","/project/akaring/takeup-data/data/stan_analysis_data/main-core-exponential-cluster-weight-999/exponential-0327/mode-exponential-0327-1.csv","/project/akaring/takeup-data/data/stan_analysis_data/main-core-exponential-cluster-weight-999/exponential-0327/compact-gq-exponential-0327-1.csv"
328,20261130,1,1.98988723754883,"/project/akaring/takeup-data/data/stan_analysis_data/main-core-exponential-cluster-weight-999-weights/exponential/weights-0328.csv","/project/akaring/takeup-data/data/stan_analysis_data/main-core-exponential-cluster-weight-999/exponential-0328/mode-exponential-0328-1.csv","/project/akaring/takeup-data/data/stan_analysis_data/main-core-exponential-cluster-weight-999/exponential-0328/compact-gq-exponential-0328-1.csv"
329,20261131,1,1.64236927032471,"/project/akaring/takeup-data/data/stan_analysis_data/main-core-exponential-cluster-weight-999-weights/exponential/weights-0329.csv","/project/akaring/takeup-data/data/stan_analysis_data/main-core-exponential-cluster-weight-999/exponential-0329/mode-exponential-0329-1.csv","/project/akaring/takeup-data/data/stan_analysis_data/main-core-exponential-cluster-weight-999/exponential-0329/compact-gq-exponential-0329-1.csv"
330,20261132,1,1.64246463775635,"/project/akaring/takeup-data/data/stan_analysis_data/main-core-exponential-cluster-weight-999-weights/exponential/weights-0330.csv","/project/akaring/takeup-data/data/stan_analysis_data/main-core-exponential-cluster-weight-999/exponential-0330/mode-exponential-0330-1.csv","/project/akaring/takeup-data/data/stan_analysis_data/main-core-exponential-cluster-weight-999/exponential-0330/compact-gq-exponential-0330-1.csv"
331,20261133,1,7.23678231239319,"/project/akaring/takeup-data/data/stan_analysis_data/main-core-exponential-cluster-weight-999-weights/exponential/weights-0331.csv","/project/akaring/takeup-data/data/stan_analysis_data/main-core-exponential-cluster-weight-999/exponential-0331/mode-exponential-0331-1.csv","/project/akaring/takeup-data/data/stan_analysis_data/main-core-exponential-cluster-weight-999/exponential-0331/compact-gq-exponential-0331-1.csv"
332,20261134,1,10.7470967769623,"/project/akaring/takeup-data/data/stan_analysis_data/main-core-exponential-cluster-weight-999-weights/exponential/weights-0332.csv","/project/akaring/takeup-data/data/stan_analysis_data/main-core-exponential-cluster-weight-999/exponential-0332/mode-exponential-0332-1.csv","/project/akaring/takeup-data/data/stan_analysis_data/main-core-exponential-cluster-weight-999/exponential-0332/compact-gq-exponential-0332-1.csv"
333,20261135,1,10.6362431049347,"/project/akaring/takeup-data/data/stan_analysis_data/main-core-exponential-cluster-weight-999-weights/exponential/weights-0333.csv","/project/akaring/takeup-data/data/stan_analysis_data/main-core-exponential-cluster-weight-999/exponential-0333/mode-exponential-0333-1.csv","/project/akaring/takeup-data/data/stan_analysis_data/main-core-exponential-cluster-weight-999/exponential-0333/compact-gq-exponential-0333-1.csv"
334,20261136,1,2.96825575828552,"/project/akaring/takeup-data/data/stan_analysis_data/main-core-exponential-cluster-weight-999-weights/exponential/weights-0334.csv","/project/akaring/takeup-data/data/stan_analysis_data/main-core-exponential-cluster-weight-999/exponential-0334/mode-exponential-0334-1.csv","/project/akaring/takeup-data/data/stan_analysis_data/main-core-exponential-cluster-weight-999/exponential-0334/compact-gq-exponential-0334-1.csv"
335,20261137,1,2.88391971588135,"/project/akaring/takeup-data/data/stan_analysis_data/main-core-exponential-cluster-weight-999-weights/exponential/weights-0335.csv","/project/akaring/takeup-data/data/stan_analysis_data/main-core-exponential-cluster-weight-999/exponential-0335/mode-exponential-0335-1.csv","/project/akaring/takeup-data/data/stan_analysis_data/main-core-exponential-cluster-weight-999/exponential-0335/compact-gq-exponential-0335-1.csv"
336,20261138,1,3.57625794410706,"/project/akaring/takeup-data/data/stan_analysis_data/main-core-exponential-cluster-weight-999-weights/exponential/weights-0336.csv","/project/akaring/takeup-data/data/stan_analysis_data/main-core-exponential-cluster-weight-999/exponential-0336/mode-exponential-0336-1.csv","/project/akaring/takeup-data/data/stan_analysis_data/main-core-exponential-cluster-weight-999/exponential-0336/compact-gq-exponential-0336-1.csv"
337,20261139,1,3.94964575767517,"/project/akaring/takeup-data/data/stan_analysis_data/main-core-exponential-cluster-weight-999-weights/exponential/weights-0337.csv","/project/akaring/takeup-data/data/stan_analysis_data/main-core-exponential-cluster-weight-999/exponential-0337/mode-exponential-0337-1.csv","/project/akaring/takeup-data/data/stan_analysis_data/main-core-exponential-cluster-weight-999/exponential-0337/compact-gq-exponential-0337-1.csv"
338,20261140,1,3.72932958602905,"/project/akaring/takeup-data/data/stan_analysis_data/main-core-exponential-cluster-weight-999-weights/exponential/weights-0338.csv","/project/akaring/takeup-data/data/stan_analysis_data/main-core-exponential-cluster-weight-999/exponential-0338/mode-exponential-0338-1.csv","/project/akaring/takeup-data/data/stan_analysis_data/main-core-exponential-cluster-weight-999/exponential-0338/compact-gq-exponential-0338-1.csv"
339,20261141,1,2.65584444999695,"/project/akaring/takeup-data/data/stan_analysis_data/main-core-exponential-cluster-weight-999-weights/exponential/weights-0339.csv","/project/akaring/takeup-data/data/stan_analysis_data/main-core-exponential-cluster-weight-999/exponential-0339/mode-exponential-0339-1.csv","/project/akaring/takeup-data/data/stan_analysis_data/main-core-exponential-cluster-weight-999/exponential-0339/compact-gq-exponential-0339-1.csv"
340,20261142,1,3.96016716957092,"/project/akaring/takeup-data/data/stan_analysis_data/main-core-exponential-cluster-weight-999-weights/exponential/weights-0340.csv","/project/akaring/takeup-data/data/stan_analysis_data/main-core-exponential-cluster-weight-999/exponential-0340/mode-exponential-0340-1.csv","/project/akaring/takeup-data/data/stan_analysis_data/main-core-exponential-cluster-weight-999/exponential-0340/compact-gq-exponential-0340-1.csv"
341,20261143,1,3.20198607444763,"/project/akaring/takeup-data/data/stan_analysis_data/main-core-exponential-cluster-weight-999-weights/exponential/weights-0341.csv","/project/akaring/takeup-data/data/stan_analysis_data/main-core-exponential-cluster-weight-999/exponential-0341/mode-exponential-0341-1.csv","/project/akaring/takeup-data/data/stan_analysis_data/main-core-exponential-cluster-weight-999/exponential-0341/compact-gq-exponential-0341-1.csv"
342,20261144,1,3.74627375602722,"/project/akaring/takeup-data/data/stan_analysis_data/main-core-exponential-cluster-weight-999-weights/exponential/weights-0342.csv","/project/akaring/takeup-data/data/stan_analysis_data/main-core-exponential-cluster-weight-999/exponential-0342/mode-exponential-0342-1.csv","/project/akaring/takeup-data/data/stan_analysis_data/main-core-exponential-cluster-weight-999/exponential-0342/compact-gq-exponential-0342-1.csv"
343,20261145,1,4.24051070213318,"/project/akaring/takeup-data/data/stan_analysis_data/main-core-exponential-cluster-weight-999-weights/exponential/weights-0343.csv","/project/akaring/takeup-data/data/stan_analysis_data/main-core-exponential-cluster-weight-999/exponential-0343/mode-exponential-0343-1.csv","/project/akaring/takeup-data/data/stan_analysis_data/main-core-exponential-cluster-weight-999/exponential-0343/compact-gq-exponential-0343-1.csv"
344,20261146,1,4.05663132667542,"/project/akaring/takeup-data/data/stan_analysis_data/main-core-exponential-cluster-weight-999-weights/exponential/weights-0344.csv","/project/akaring/takeup-data/data/stan_analysis_data/main-core-exponential-cluster-weight-999/exponential-0344/mode-exponential-0344-1.csv","/project/akaring/takeup-data/data/stan_analysis_data/main-core-exponential-cluster-weight-999/exponential-0344/compact-gq-exponential-0344-1.csv"
345,20261147,1,3.38985300064087,"/project/akaring/takeup-data/data/stan_analysis_data/main-core-exponential-cluster-weight-999-weights/exponential/weights-0345.csv","/project/akaring/takeup-data/data/stan_analysis_data/main-core-exponential-cluster-weight-999/exponential-0345/mode-exponential-0345-1.csv","/project/akaring/takeup-data/data/stan_analysis_data/main-core-exponential-cluster-weight-999/exponential-0345/compact-gq-exponential-0345-1.csv"
346,20261148,1,3.03913354873657,"/project/akaring/takeup-data/data/stan_analysis_data/main-core-exponential-cluster-weight-999-weights/exponential/weights-0346.csv","/project/akaring/takeup-data/data/stan_analysis_data/main-core-exponential-cluster-weight-999/exponential-0346/mode-exponential-0346-1.csv","/project/akaring/takeup-data/data/stan_analysis_data/main-core-exponential-cluster-weight-999/exponential-0346/compact-gq-exponential-0346-1.csv"
347,20261149,1,3.27027797698975,"/project/akaring/takeup-data/data/stan_analysis_data/main-core-exponential-cluster-weight-999-weights/exponential/weights-0347.csv","/project/akaring/takeup-data/data/stan_analysis_data/main-core-exponential-cluster-weight-999/exponential-0347/mode-exponential-0347-1.csv","/project/akaring/takeup-data/data/stan_analysis_data/main-core-exponential-cluster-weight-999/exponential-0347/compact-gq-exponential-0347-1.csv"
348,20261150,1,3.46590566635132,"/project/akaring/takeup-data/data/stan_analysis_data/main-core-exponential-cluster-weight-999-weights/exponential/weights-0348.csv","/project/akaring/takeup-data/data/stan_analysis_data/main-core-exponential-cluster-weight-999/exponential-0348/mode-exponential-0348-1.csv","/project/akaring/takeup-data/data/stan_analysis_data/main-core-exponential-cluster-weight-999/exponential-0348/compact-gq-exponential-0348-1.csv"
349,20261151,1,3.69173240661621,"/project/akaring/takeup-data/data/stan_analysis_data/main-core-exponential-cluster-weight-999-weights/exponential/weights-0349.csv","/project/akaring/takeup-data/data/stan_analysis_data/main-core-exponential-cluster-weight-999/exponential-0349/mode-exponential-0349-1.csv","/project/akaring/takeup-data/data/stan_analysis_data/main-core-exponential-cluster-weight-999/exponential-0349/compact-gq-exponential-0349-1.csv"
350,20261152,1,4.58184623718262,"/project/akaring/takeup-data/data/stan_analysis_data/main-core-exponential-cluster-weight-999-weights/exponential/weights-0350.csv","/project/akaring/takeup-data/data/stan_analysis_data/main-core-exponential-cluster-weight-999/exponential-0350/mode-exponential-0350-1.csv","/project/akaring/takeup-data/data/stan_analysis_data/main-core-exponential-cluster-weight-999/exponential-0350/compact-gq-exponential-0350-1.csv"
351,20261153,1,3.48193287849426,"/project/akaring/takeup-data/data/stan_analysis_data/main-core-exponential-cluster-weight-999-weights/exponential/weights-0351.csv","/project/akaring/takeup-data/data/stan_analysis_data/main-core-exponential-cluster-weight-999/exponential-0351/mode-exponential-0351-1.csv","/project/akaring/takeup-data/data/stan_analysis_data/main-core-exponential-cluster-weight-999/exponential-0351/compact-gq-exponential-0351-1.csv"
352,20261154,1,3.5851354598999,"/project/akaring/takeup-data/data/stan_analysis_data/main-core-exponential-cluster-weight-999-weights/exponential/weights-0352.csv","/project/akaring/takeup-data/data/stan_analysis_data/main-core-exponential-cluster-weight-999/exponential-0352/mode-exponential-0352-1.csv","/project/akaring/takeup-data/data/stan_analysis_data/main-core-exponential-cluster-weight-999/exponential-0352/compact-gq-exponential-0352-1.csv"
353,20261155,1,3.62368774414062,"/project/akaring/takeup-data/data/stan_analysis_data/main-core-exponential-cluster-weight-999-weights/exponential/weights-0353.csv","/project/akaring/takeup-data/data/stan_analysis_data/main-core-exponential-cluster-weight-999/exponential-0353/mode-exponential-0353-1.csv","/project/akaring/takeup-data/data/stan_analysis_data/main-core-exponential-cluster-weight-999/exponential-0353/compact-gq-exponential-0353-1.csv"
354,20261156,1,2.72575092315674,"/project/akaring/takeup-data/data/stan_analysis_data/main-core-exponential-cluster-weight-999-weights/exponential/weights-0354.csv","/project/akaring/takeup-data/data/stan_analysis_data/main-core-exponential-cluster-weight-999/exponential-0354/mode-exponential-0354-1.csv","/project/akaring/takeup-data/data/stan_analysis_data/main-core-exponential-cluster-weight-999/exponential-0354/compact-gq-exponential-0354-1.csv"
355,20261157,1,2.79195618629456,"/project/akaring/takeup-data/data/stan_analysis_data/main-core-exponential-cluster-weight-999-weights/exponential/weights-0355.csv","/project/akaring/takeup-data/data/stan_analysis_data/main-core-exponential-cluster-weight-999/exponential-0355/mode-exponential-0355-1.csv","/project/akaring/takeup-data/data/stan_analysis_data/main-core-exponential-cluster-weight-999/exponential-0355/compact-gq-exponential-0355-1.csv"
356,20261158,1,2.91794395446777,"/project/akaring/takeup-data/data/stan_analysis_data/main-core-exponential-cluster-weight-999-weights/exponential/weights-0356.csv","/project/akaring/takeup-data/data/stan_analysis_data/main-core-exponential-cluster-weight-999/exponential-0356/mode-exponential-0356-1.csv","/project/akaring/takeup-data/data/stan_analysis_data/main-core-exponential-cluster-weight-999/exponential-0356/compact-gq-exponential-0356-1.csv"
357,20261159,1,3.29822444915771,"/project/akaring/takeup-data/data/stan_analysis_data/main-core-exponential-cluster-weight-999-weights/exponential/weights-0357.csv","/project/akaring/takeup-data/data/stan_analysis_data/main-core-exponential-cluster-weight-999/exponential-0357/mode-exponential-0357-1.csv","/project/akaring/takeup-data/data/stan_analysis_data/main-core-exponential-cluster-weight-999/exponential-0357/compact-gq-exponential-0357-1.csv"
358,20261160,1,4.24102020263672,"/project/akaring/takeup-data/data/stan_analysis_data/main-core-exponential-cluster-weight-999-weights/exponential/weights-0358.csv","/project/akaring/takeup-data/data/stan_analysis_data/main-core-exponential-cluster-weight-999/exponential-0358/mode-exponential-0358-1.csv","/project/akaring/takeup-data/data/stan_analysis_data/main-core-exponential-cluster-weight-999/exponential-0358/compact-gq-exponential-0358-1.csv"
359,20261161,1,3.67729187011719,"/project/akaring/takeup-data/data/stan_analysis_data/main-core-exponential-cluster-weight-999-weights/exponential/weights-0359.csv","/project/akaring/takeup-data/data/stan_analysis_data/main-core-exponential-cluster-weight-999/exponential-0359/mode-exponential-0359-1.csv","/project/akaring/takeup-data/data/stan_analysis_data/main-core-exponential-cluster-weight-999/exponential-0359/compact-gq-exponential-0359-1.csv"
360,20261162,1,3.2988395690918,"/project/akaring/takeup-data/data/stan_analysis_data/main-core-exponential-cluster-weight-999-weights/exponential/weights-0360.csv","/project/akaring/takeup-data/data/stan_analysis_data/main-core-exponential-cluster-weight-999/exponential-0360/mode-exponential-0360-1.csv","/project/akaring/takeup-data/data/stan_analysis_data/main-core-exponential-cluster-weight-999/exponential-0360/compact-gq-exponential-0360-1.csv"
361,20261163,1,2.46594524383545,"/project/akaring/takeup-data/data/stan_analysis_data/main-core-exponential-cluster-weight-999-weights/exponential/weights-0361.csv","/project/akaring/takeup-data/data/stan_analysis_data/main-core-exponential-cluster-weight-999/exponential-0361/mode-exponential-0361-1.csv","/project/akaring/takeup-data/data/stan_analysis_data/main-core-exponential-cluster-weight-999/exponential-0361/compact-gq-exponential-0361-1.csv"
362,20261164,1,2.48960447311401,"/project/akaring/takeup-data/data/stan_analysis_data/main-core-exponential-cluster-weight-999-weights/exponential/weights-0362.csv","/project/akaring/takeup-data/data/stan_analysis_data/main-core-exponential-cluster-weight-999/exponential-0362/mode-exponential-0362-1.csv","/project/akaring/takeup-data/data/stan_analysis_data/main-core-exponential-cluster-weight-999/exponential-0362/compact-gq-exponential-0362-1.csv"
363,20261165,1,3.59606385231018,"/project/akaring/takeup-data/data/stan_analysis_data/main-core-exponential-cluster-weight-999-weights/exponential/weights-0363.csv","/project/akaring/takeup-data/data/stan_analysis_data/main-core-exponential-cluster-weight-999/exponential-0363/mode-exponential-0363-1.csv","/project/akaring/takeup-data/data/stan_analysis_data/main-core-exponential-cluster-weight-999/exponential-0363/compact-gq-exponential-0363-1.csv"
364,20261166,1,4.45549845695496,"/project/akaring/takeup-data/data/stan_analysis_data/main-core-exponential-cluster-weight-999-weights/exponential/weights-0364.csv","/project/akaring/takeup-data/data/stan_analysis_data/main-core-exponential-cluster-weight-999/exponential-0364/mode-exponential-0364-1.csv","/project/akaring/takeup-data/data/stan_analysis_data/main-core-exponential-cluster-weight-999/exponential-0364/compact-gq-exponential-0364-1.csv"
365,20261167,1,2.98169016838074,"/project/akaring/takeup-data/data/stan_analysis_data/main-core-exponential-cluster-weight-999-weights/exponential/weights-0365.csv","/project/akaring/takeup-data/data/stan_analysis_data/main-core-exponential-cluster-weight-999/exponential-0365/mode-exponential-0365-1.csv","/project/akaring/takeup-data/data/stan_analysis_data/main-core-exponential-cluster-weight-999/exponential-0365/compact-gq-exponential-0365-1.csv"
366,20261168,1,2.37225461006165,"/project/akaring/takeup-data/data/stan_analysis_data/main-core-exponential-cluster-weight-999-weights/exponential/weights-0366.csv","/project/akaring/takeup-data/data/stan_analysis_data/main-core-exponential-cluster-weight-999/exponential-0366/mode-exponential-0366-1.csv","/project/akaring/takeup-data/data/stan_analysis_data/main-core-exponential-cluster-weight-999/exponential-0366/compact-gq-exponential-0366-1.csv"
367,20261169,1,1.70216989517212,"/project/akaring/takeup-data/data/stan_analysis_data/main-core-exponential-cluster-weight-999-weights/exponential/weights-0367.csv","/project/akaring/takeup-data/data/stan_analysis_data/main-core-exponential-cluster-weight-999/exponential-0367/mode-exponential-0367-1.csv","/project/akaring/takeup-data/data/stan_analysis_data/main-core-exponential-cluster-weight-999/exponential-0367/compact-gq-exponential-0367-1.csv"
368,20261170,1,1.70816993713379,"/project/akaring/takeup-data/data/stan_analysis_data/main-core-exponential-cluster-weight-999-weights/exponential/weights-0368.csv","/project/akaring/takeup-data/data/stan_analysis_data/main-core-exponential-cluster-weight-999/exponential-0368/mode-exponential-0368-1.csv","/project/akaring/takeup-data/data/stan_analysis_data/main-core-exponential-cluster-weight-999/exponential-0368/compact-gq-exponential-0368-1.csv"
369,20261171,1,5.09836792945862,"/project/akaring/takeup-data/data/stan_analysis_data/main-core-exponential-cluster-weight-999-weights/exponential/weights-0369.csv","/project/akaring/takeup-data/data/stan_analysis_data/main-core-exponential-cluster-weight-999/exponential-0369/mode-exponential-0369-1.csv","/project/akaring/takeup-data/data/stan_analysis_data/main-core-exponential-cluster-weight-999/exponential-0369/compact-gq-exponential-0369-1.csv"
370,20261172,1,3.80275106430054,"/project/akaring/takeup-data/data/stan_analysis_data/main-core-exponential-cluster-weight-999-weights/exponential/weights-0370.csv","/project/akaring/takeup-data/data/stan_analysis_data/main-core-exponential-cluster-weight-999/exponential-0370/mode-exponential-0370-1.csv","/project/akaring/takeup-data/data/stan_analysis_data/main-core-exponential-cluster-weight-999/exponential-0370/compact-gq-exponential-0370-1.csv"
371,20261173,1,3.48941254615784,"/project/akaring/takeup-data/data/stan_analysis_data/main-core-exponential-cluster-weight-999-weights/exponential/weights-0371.csv","/project/akaring/takeup-data/data/stan_analysis_data/main-core-exponential-cluster-weight-999/exponential-0371/mode-exponential-0371-1.csv","/project/akaring/takeup-data/data/stan_analysis_data/main-core-exponential-cluster-weight-999/exponential-0371/compact-gq-exponential-0371-1.csv"
372,20261174,1,3.36540222167969,"/project/akaring/takeup-data/data/stan_analysis_data/main-core-exponential-cluster-weight-999-weights/exponential/weights-0372.csv","/project/akaring/takeup-data/data/stan_analysis_data/main-core-exponential-cluster-weight-999/exponential-0372/mode-exponential-0372-1.csv","/project/akaring/takeup-data/data/stan_analysis_data/main-core-exponential-cluster-weight-999/exponential-0372/compact-gq-exponential-0372-1.csv"
373,20261175,1,2.74420166015625,"/project/akaring/takeup-data/data/stan_analysis_data/main-core-exponential-cluster-weight-999-weights/exponential/weights-0373.csv","/project/akaring/takeup-data/data/stan_analysis_data/main-core-exponential-cluster-weight-999/exponential-0373/mode-exponential-0373-1.csv","/project/akaring/takeup-data/data/stan_analysis_data/main-core-exponential-cluster-weight-999/exponential-0373/compact-gq-exponential-0373-1.csv"
374,20261176,1,2.78660416603088,"/project/akaring/takeup-data/data/stan_analysis_data/main-core-exponential-cluster-weight-999-weights/exponential/weights-0374.csv","/project/akaring/takeup-data/data/stan_analysis_data/main-core-exponential-cluster-weight-999/exponential-0374/mode-exponential-0374-1.csv","/project/akaring/takeup-data/data/stan_analysis_data/main-core-exponential-cluster-weight-999/exponential-0374/compact-gq-exponential-0374-1.csv"
375,20261177,1,3.44139862060547,"/project/akaring/takeup-data/data/stan_analysis_data/main-core-exponential-cluster-weight-999-weights/exponential/weights-0375.csv","/project/akaring/takeup-data/data/stan_analysis_data/main-core-exponential-cluster-weight-999/exponential-0375/mode-exponential-0375-1.csv","/project/akaring/takeup-data/data/stan_analysis_data/main-core-exponential-cluster-weight-999/exponential-0375/compact-gq-exponential-0375-1.csv"
376,20261178,1,3.29228091239929,"/project/akaring/takeup-data/data/stan_analysis_data/main-core-exponential-cluster-weight-999-weights/exponential/weights-0376.csv","/project/akaring/takeup-data/data/stan_analysis_data/main-core-exponential-cluster-weight-999/exponential-0376/mode-exponential-0376-1.csv","/project/akaring/takeup-data/data/stan_analysis_data/main-core-exponential-cluster-weight-999/exponential-0376/compact-gq-exponential-0376-1.csv"
377,20261179,1,3.79283976554871,"/project/akaring/takeup-data/data/stan_analysis_data/main-core-exponential-cluster-weight-999-weights/exponential/weights-0377.csv","/project/akaring/takeup-data/data/stan_analysis_data/main-core-exponential-cluster-weight-999/exponential-0377/mode-exponential-0377-1.csv","/project/akaring/takeup-data/data/stan_analysis_data/main-core-exponential-cluster-weight-999/exponential-0377/compact-gq-exponential-0377-1.csv"
378,20261180,1,3.68743538856506,"/project/akaring/takeup-data/data/stan_analysis_data/main-core-exponential-cluster-weight-999-weights/exponential/weights-0378.csv","/project/akaring/takeup-data/data/stan_analysis_data/main-core-exponential-cluster-weight-999/exponential-0378/mode-exponential-0378-1.csv","/project/akaring/takeup-data/data/stan_analysis_data/main-core-exponential-cluster-weight-999/exponential-0378/compact-gq-exponential-0378-1.csv"
379,20261181,1,2.94840502738953,"/project/akaring/takeup-data/data/stan_analysis_data/main-core-exponential-cluster-weight-999-weights/exponential/weights-0379.csv","/project/akaring/takeup-data/data/stan_analysis_data/main-core-exponential-cluster-weight-999/exponential-0379/mode-exponential-0379-1.csv","/project/akaring/takeup-data/data/stan_analysis_data/main-core-exponential-cluster-weight-999/exponential-0379/compact-gq-exponential-0379-1.csv"
380,20261182,1,2.93453478813171,"/project/akaring/takeup-data/data/stan_analysis_data/main-core-exponential-cluster-weight-999-weights/exponential/weights-0380.csv","/project/akaring/takeup-data/data/stan_analysis_data/main-core-exponential-cluster-weight-999/exponential-0380/mode-exponential-0380-1.csv","/project/akaring/takeup-data/data/stan_analysis_data/main-core-exponential-cluster-weight-999/exponential-0380/compact-gq-exponential-0380-1.csv"
381,20261183,1,1.76411867141724,"/project/akaring/takeup-data/data/stan_analysis_data/main-core-exponential-cluster-weight-999-weights/exponential/weights-0381.csv","/project/akaring/takeup-data/data/stan_analysis_data/main-core-exponential-cluster-weight-999/exponential-0381/mode-exponential-0381-1.csv","/project/akaring/takeup-data/data/stan_analysis_data/main-core-exponential-cluster-weight-999/exponential-0381/compact-gq-exponential-0381-1.csv"
382,20261184,1,3.47470426559448,"/project/akaring/takeup-data/data/stan_analysis_data/main-core-exponential-cluster-weight-999-weights/exponential/weights-0382.csv","/project/akaring/takeup-data/data/stan_analysis_data/main-core-exponential-cluster-weight-999/exponential-0382/mode-exponential-0382-1.csv","/project/akaring/takeup-data/data/stan_analysis_data/main-core-exponential-cluster-weight-999/exponential-0382/compact-gq-exponential-0382-1.csv"
383,20261185,1,4.70192003250122,"/project/akaring/takeup-data/data/stan_analysis_data/main-core-exponential-cluster-weight-999-weights/exponential/weights-0383.csv","/project/akaring/takeup-data/data/stan_analysis_data/main-core-exponential-cluster-weight-999/exponential-0383/mode-exponential-0383-1.csv","/project/akaring/takeup-data/data/stan_analysis_data/main-core-exponential-cluster-weight-999/exponential-0383/compact-gq-exponential-0383-1.csv"
384,20261186,1,3.44595408439636,"/project/akaring/takeup-data/data/stan_analysis_data/main-core-exponential-cluster-weight-999-weights/exponential/weights-0384.csv","/project/akaring/takeup-data/data/stan_analysis_data/main-core-exponential-cluster-weight-999/exponential-0384/mode-exponential-0384-1.csv","/project/akaring/takeup-data/data/stan_analysis_data/main-core-exponential-cluster-weight-999/exponential-0384/compact-gq-exponential-0384-1.csv"
385,20261187,1,2.23967003822327,"/project/akaring/takeup-data/data/stan_analysis_data/main-core-exponential-cluster-weight-999-weights/exponential/weights-0385.csv","/project/akaring/takeup-data/data/stan_analysis_data/main-core-exponential-cluster-weight-999/exponential-0385/mode-exponential-0385-1.csv","/project/akaring/takeup-data/data/stan_analysis_data/main-core-exponential-cluster-weight-999/exponential-0385/compact-gq-exponential-0385-1.csv"
386,20261188,1,5.35045313835144,"/project/akaring/takeup-data/data/stan_analysis_data/main-core-exponential-cluster-weight-999-weights/exponential/weights-0386.csv","/project/akaring/takeup-data/data/stan_analysis_data/main-core-exponential-cluster-weight-999/exponential-0386/mode-exponential-0386-1.csv","/project/akaring/takeup-data/data/stan_analysis_data/main-core-exponential-cluster-weight-999/exponential-0386/compact-gq-exponential-0386-1.csv"
387,20261189,1,3.0382125377655,"/project/akaring/takeup-data/data/stan_analysis_data/main-core-exponential-cluster-weight-999-weights/exponential/weights-0387.csv","/project/akaring/takeup-data/data/stan_analysis_data/main-core-exponential-cluster-weight-999/exponential-0387/mode-exponential-0387-1.csv","/project/akaring/takeup-data/data/stan_analysis_data/main-core-exponential-cluster-weight-999/exponential-0387/compact-gq-exponential-0387-1.csv"
388,20261190,1,3.68235397338867,"/project/akaring/takeup-data/data/stan_analysis_data/main-core-exponential-cluster-weight-999-weights/exponential/weights-0388.csv","/project/akaring/takeup-data/data/stan_analysis_data/main-core-exponential-cluster-weight-999/exponential-0388/mode-exponential-0388-1.csv","/project/akaring/takeup-data/data/stan_analysis_data/main-core-exponential-cluster-weight-999/exponential-0388/compact-gq-exponential-0388-1.csv"
389,20261191,1,2.58468151092529,"/project/akaring/takeup-data/data/stan_analysis_data/main-core-exponential-cluster-weight-999-weights/exponential/weights-0389.csv","/project/akaring/takeup-data/data/stan_analysis_data/main-core-exponential-cluster-weight-999/exponential-0389/mode-exponential-0389-1.csv","/project/akaring/takeup-data/data/stan_analysis_data/main-core-exponential-cluster-weight-999/exponential-0389/compact-gq-exponential-0389-1.csv"
390,20261192,1,2.87614011764526,"/project/akaring/takeup-data/data/stan_analysis_data/main-core-exponential-cluster-weight-999-weights/exponential/weights-0390.csv","/project/akaring/takeup-data/data/stan_analysis_data/main-core-exponential-cluster-weight-999/exponential-0390/mode-exponential-0390-1.csv","/project/akaring/takeup-data/data/stan_analysis_data/main-core-exponential-cluster-weight-999/exponential-0390/compact-gq-exponential-0390-1.csv"
391,20261193,1,4.26300501823425,"/project/akaring/takeup-data/data/stan_analysis_data/main-core-exponential-cluster-weight-999-weights/exponential/weights-0391.csv","/project/akaring/takeup-data/data/stan_analysis_data/main-core-exponential-cluster-weight-999/exponential-0391/mode-exponential-0391-1.csv","/project/akaring/takeup-data/data/stan_analysis_data/main-core-exponential-cluster-weight-999/exponential-0391/compact-gq-exponential-0391-1.csv"
392,20261194,1,2.66597175598145,"/project/akaring/takeup-data/data/stan_analysis_data/main-core-exponential-cluster-weight-999-weights/exponential/weights-0392.csv","/project/akaring/takeup-data/data/stan_analysis_data/main-core-exponential-cluster-weight-999/exponential-0392/mode-exponential-0392-1.csv","/project/akaring/takeup-data/data/stan_analysis_data/main-core-exponential-cluster-weight-999/exponential-0392/compact-gq-exponential-0392-1.csv"
393,20261195,1,3.49129891395569,"/project/akaring/takeup-data/data/stan_analysis_data/main-core-exponential-cluster-weight-999-weights/exponential/weights-0393.csv","/project/akaring/takeup-data/data/stan_analysis_data/main-core-exponential-cluster-weight-999/exponential-0393/mode-exponential-0393-1.csv","/project/akaring/takeup-data/data/stan_analysis_data/main-core-exponential-cluster-weight-999/exponential-0393/compact-gq-exponential-0393-1.csv"
394,20261196,1,4.63677358627319,"/project/akaring/takeup-data/data/stan_analysis_data/main-core-exponential-cluster-weight-999-weights/exponential/weights-0394.csv","/project/akaring/takeup-data/data/stan_analysis_data/main-core-exponential-cluster-weight-999/exponential-0394/mode-exponential-0394-1.csv","/project/akaring/takeup-data/data/stan_analysis_data/main-core-exponential-cluster-weight-999/exponential-0394/compact-gq-exponential-0394-1.csv"
395,20261197,1,3.95199036598206,"/project/akaring/takeup-data/data/stan_analysis_data/main-core-exponential-cluster-weight-999-weights/exponential/weights-0395.csv","/project/akaring/takeup-data/data/stan_analysis_data/main-core-exponential-cluster-weight-999/exponential-0395/mode-exponential-0395-1.csv","/project/akaring/takeup-data/data/stan_analysis_data/main-core-exponential-cluster-weight-999/exponential-0395/compact-gq-exponential-0395-1.csv"
396,20261198,1,2.82172846794128,"/project/akaring/takeup-data/data/stan_analysis_data/main-core-exponential-cluster-weight-999-weights/exponential/weights-0396.csv","/project/akaring/takeup-data/data/stan_analysis_data/main-core-exponential-cluster-weight-999/exponential-0396/mode-exponential-0396-1.csv","/project/akaring/takeup-data/data/stan_analysis_data/main-core-exponential-cluster-weight-999/exponential-0396/compact-gq-exponential-0396-1.csv"
397,20261199,1,2.09597635269165,"/project/akaring/takeup-data/data/stan_analysis_data/main-core-exponential-cluster-weight-999-weights/exponential/weights-0397.csv","/project/akaring/takeup-data/data/stan_analysis_data/main-core-exponential-cluster-weight-999/exponential-0397/mode-exponential-0397-1.csv","/project/akaring/takeup-data/data/stan_analysis_data/main-core-exponential-cluster-weight-999/exponential-0397/compact-gq-exponential-0397-1.csv"
398,20261200,1,4.13420987129211,"/project/akaring/takeup-data/data/stan_analysis_data/main-core-exponential-cluster-weight-999-weights/exponential/weights-0398.csv","/project/akaring/takeup-data/data/stan_analysis_data/main-core-exponential-cluster-weight-999/exponential-0398/mode-exponential-0398-1.csv","/project/akaring/takeup-data/data/stan_analysis_data/main-core-exponential-cluster-weight-999/exponential-0398/compact-gq-exponential-0398-1.csv"
399,20261201,1,2.8426194190979,"/project/akaring/takeup-data/data/stan_analysis_data/main-core-exponential-cluster-weight-999-weights/exponential/weights-0399.csv","/project/akaring/takeup-data/data/stan_analysis_data/main-core-exponential-cluster-weight-999/exponential-0399/mode-exponential-0399-1.csv","/project/akaring/takeup-data/data/stan_analysis_data/main-core-exponential-cluster-weight-999/exponential-0399/compact-gq-exponential-0399-1.csv"
400,20261202,1,4.43348264694214,"/project/akaring/takeup-data/data/stan_analysis_data/main-core-exponential-cluster-weight-999-weights/exponential/weights-0400.csv","/project/akaring/takeup-data/data/stan_analysis_data/main-core-exponential-cluster-weight-999/exponential-0400/mode-exponential-0400-1.csv","/project/akaring/takeup-data/data/stan_analysis_data/main-core-exponential-cluster-weight-999/exponential-0400/compact-gq-exponential-0400-1.csv"
401,20261203,1,1.94921016693115,"/project/akaring/takeup-data/data/stan_analysis_data/main-core-exponential-cluster-weight-999-weights/exponential/weights-0401.csv","/project/akaring/takeup-data/data/stan_analysis_data/main-core-exponential-cluster-weight-999/exponential-0401/mode-exponential-0401-1.csv","/project/akaring/takeup-data/data/stan_analysis_data/main-core-exponential-cluster-weight-999/exponential-0401/compact-gq-exponential-0401-1.csv"
402,20261204,1,8.11104226112366,"/project/akaring/takeup-data/data/stan_analysis_data/main-core-exponential-cluster-weight-999-weights/exponential/weights-0402.csv","/project/akaring/takeup-data/data/stan_analysis_data/main-core-exponential-cluster-weight-999/exponential-0402/mode-exponential-0402-1.csv","/project/akaring/takeup-data/data/stan_analysis_data/main-core-exponential-cluster-weight-999/exponential-0402/compact-gq-exponential-0402-1.csv"
403,20261205,1,8.16898131370544,"/project/akaring/takeup-data/data/stan_analysis_data/main-core-exponential-cluster-weight-999-weights/exponential/weights-0403.csv","/project/akaring/takeup-data/data/stan_analysis_data/main-core-exponential-cluster-weight-999/exponential-0403/mode-exponential-0403-1.csv","/project/akaring/takeup-data/data/stan_analysis_data/main-core-exponential-cluster-weight-999/exponential-0403/compact-gq-exponential-0403-1.csv"
404,20261206,1,4.28533840179443,"/project/akaring/takeup-data/data/stan_analysis_data/main-core-exponential-cluster-weight-999-weights/exponential/weights-0404.csv","/project/akaring/takeup-data/data/stan_analysis_data/main-core-exponential-cluster-weight-999/exponential-0404/mode-exponential-0404-1.csv","/project/akaring/takeup-data/data/stan_analysis_data/main-core-exponential-cluster-weight-999/exponential-0404/compact-gq-exponential-0404-1.csv"
405,20261207,1,5.59028244018555,"/project/akaring/takeup-data/data/stan_analysis_data/main-core-exponential-cluster-weight-999-weights/exponential/weights-0405.csv","/project/akaring/takeup-data/data/stan_analysis_data/main-core-exponential-cluster-weight-999/exponential-0405/mode-exponential-0405-1.csv","/project/akaring/takeup-data/data/stan_analysis_data/main-core-exponential-cluster-weight-999/exponential-0405/compact-gq-exponential-0405-1.csv"
406,20261208,1,5.58942031860352,"/project/akaring/takeup-data/data/stan_analysis_data/main-core-exponential-cluster-weight-999-weights/exponential/weights-0406.csv","/project/akaring/takeup-data/data/stan_analysis_data/main-core-exponential-cluster-weight-999/exponential-0406/mode-exponential-0406-1.csv","/project/akaring/takeup-data/data/stan_analysis_data/main-core-exponential-cluster-weight-999/exponential-0406/compact-gq-exponential-0406-1.csv"
407,20261209,1,5.60435843467712,"/project/akaring/takeup-data/data/stan_analysis_data/main-core-exponential-cluster-weight-999-weights/exponential/weights-0407.csv","/project/akaring/takeup-data/data/stan_analysis_data/main-core-exponential-cluster-weight-999/exponential-0407/mode-exponential-0407-1.csv","/project/akaring/takeup-data/data/stan_analysis_data/main-core-exponential-cluster-weight-999/exponential-0407/compact-gq-exponential-0407-1.csv"
408,20261210,1,5.84947276115417,"/project/akaring/takeup-data/data/stan_analysis_data/main-core-exponential-cluster-weight-999-weights/exponential/weights-0408.csv","/project/akaring/takeup-data/data/stan_analysis_data/main-core-exponential-cluster-weight-999/exponential-0408/mode-exponential-0408-1.csv","/project/akaring/takeup-data/data/stan_analysis_data/main-core-exponential-cluster-weight-999/exponential-0408/compact-gq-exponential-0408-1.csv"
409,20261211,1,6.57374262809753,"/project/akaring/takeup-data/data/stan_analysis_data/main-core-exponential-cluster-weight-999-weights/exponential/weights-0409.csv","/project/akaring/takeup-data/data/stan_analysis_data/main-core-exponential-cluster-weight-999/exponential-0409/mode-exponential-0409-1.csv","/project/akaring/takeup-data/data/stan_analysis_data/main-core-exponential-cluster-weight-999/exponential-0409/compact-gq-exponential-0409-1.csv"
410,20261212,1,1.76823854446411,"/project/akaring/takeup-data/data/stan_analysis_data/main-core-exponential-cluster-weight-999-weights/exponential/weights-0410.csv","/project/akaring/takeup-data/data/stan_analysis_data/main-core-exponential-cluster-weight-999/exponential-0410/mode-exponential-0410-1.csv","/project/akaring/takeup-data/data/stan_analysis_data/main-core-exponential-cluster-weight-999/exponential-0410/compact-gq-exponential-0410-1.csv"
411,20261213,1,1.77794313430786,"/project/akaring/takeup-data/data/stan_analysis_data/main-core-exponential-cluster-weight-999-weights/exponential/weights-0411.csv","/project/akaring/takeup-data/data/stan_analysis_data/main-core-exponential-cluster-weight-999/exponential-0411/mode-exponential-0411-1.csv","/project/akaring/takeup-data/data/stan_analysis_data/main-core-exponential-cluster-weight-999/exponential-0411/compact-gq-exponential-0411-1.csv"
412,20261214,1,5.74366974830627,"/project/akaring/takeup-data/data/stan_analysis_data/main-core-exponential-cluster-weight-999-weights/exponential/weights-0412.csv","/project/akaring/takeup-data/data/stan_analysis_data/main-core-exponential-cluster-weight-999/exponential-0412/mode-exponential-0412-1.csv","/project/akaring/takeup-data/data/stan_analysis_data/main-core-exponential-cluster-weight-999/exponential-0412/compact-gq-exponential-0412-1.csv"
413,20261215,1,5.9276921749115,"/project/akaring/takeup-data/data/stan_analysis_data/main-core-exponential-cluster-weight-999-weights/exponential/weights-0413.csv","/project/akaring/takeup-data/data/stan_analysis_data/main-core-exponential-cluster-weight-999/exponential-0413/mode-exponential-0413-1.csv","/project/akaring/takeup-data/data/stan_analysis_data/main-core-exponential-cluster-weight-999/exponential-0413/compact-gq-exponential-0413-1.csv"
414,20261216,1,8.24107766151428,"/project/akaring/takeup-data/data/stan_analysis_data/main-core-exponential-cluster-weight-999-weights/exponential/weights-0414.csv","/project/akaring/takeup-data/data/stan_analysis_data/main-core-exponential-cluster-weight-999/exponential-0414/mode-exponential-0414-1.csv","/project/akaring/takeup-data/data/stan_analysis_data/main-core-exponential-cluster-weight-999/exponential-0414/compact-gq-exponential-0414-1.csv"
415,20261217,1,14.4250018596649,"/project/akaring/takeup-data/data/stan_analysis_data/main-core-exponential-cluster-weight-999-weights/exponential/weights-0415.csv","/project/akaring/takeup-data/data/stan_analysis_data/main-core-exponential-cluster-weight-999/exponential-0415/mode-exponential-0415-1.csv","/project/akaring/takeup-data/data/stan_analysis_data/main-core-exponential-cluster-weight-999/exponential-0415/compact-gq-exponential-0415-1.csv"
416,20261218,1,6.4415876865387,"/project/akaring/takeup-data/data/stan_analysis_data/main-core-exponential-cluster-weight-999-weights/exponential/weights-0416.csv","/project/akaring/takeup-data/data/stan_analysis_data/main-core-exponential-cluster-weight-999/exponential-0416/mode-exponential-0416-1.csv","/project/akaring/takeup-data/data/stan_analysis_data/main-core-exponential-cluster-weight-999/exponential-0416/compact-gq-exponential-0416-1.csv"
417,20261219,1,5.66544508934021,"/project/akaring/takeup-data/data/stan_analysis_data/main-core-exponential-cluster-weight-999-weights/exponential/weights-0417.csv","/project/akaring/takeup-data/data/stan_analysis_data/main-core-exponential-cluster-weight-999/exponential-0417/mode-exponential-0417-1.csv","/project/akaring/takeup-data/data/stan_analysis_data/main-core-exponential-cluster-weight-999/exponential-0417/compact-gq-exponential-0417-1.csv"
418,20261220,1,5.76507472991943,"/project/akaring/takeup-data/data/stan_analysis_data/main-core-exponential-cluster-weight-999-weights/exponential/weights-0418.csv","/project/akaring/takeup-data/data/stan_analysis_data/main-core-exponential-cluster-weight-999/exponential-0418/mode-exponential-0418-1.csv","/project/akaring/takeup-data/data/stan_analysis_data/main-core-exponential-cluster-weight-999/exponential-0418/compact-gq-exponential-0418-1.csv"
419,20261221,1,2.08927440643311,"/project/akaring/takeup-data/data/stan_analysis_data/main-core-exponential-cluster-weight-999-weights/exponential/weights-0419.csv","/project/akaring/takeup-data/data/stan_analysis_data/main-core-exponential-cluster-weight-999/exponential-0419/mode-exponential-0419-1.csv","/project/akaring/takeup-data/data/stan_analysis_data/main-core-exponential-cluster-weight-999/exponential-0419/compact-gq-exponential-0419-1.csv"
420,20261222,1,6.24941921234131,"/project/akaring/takeup-data/data/stan_analysis_data/main-core-exponential-cluster-weight-999-weights/exponential/weights-0420.csv","/project/akaring/takeup-data/data/stan_analysis_data/main-core-exponential-cluster-weight-999/exponential-0420/mode-exponential-0420-1.csv","/project/akaring/takeup-data/data/stan_analysis_data/main-core-exponential-cluster-weight-999/exponential-0420/compact-gq-exponential-0420-1.csv"
421,20261223,1,5.58726453781128,"/project/akaring/takeup-data/data/stan_analysis_data/main-core-exponential-cluster-weight-999-weights/exponential/weights-0421.csv","/project/akaring/takeup-data/data/stan_analysis_data/main-core-exponential-cluster-weight-999/exponential-0421/mode-exponential-0421-1.csv","/project/akaring/takeup-data/data/stan_analysis_data/main-core-exponential-cluster-weight-999/exponential-0421/compact-gq-exponential-0421-1.csv"
422,20261224,1,6.07692313194275,"/project/akaring/takeup-data/data/stan_analysis_data/main-core-exponential-cluster-weight-999-weights/exponential/weights-0422.csv","/project/akaring/takeup-data/data/stan_analysis_data/main-core-exponential-cluster-weight-999/exponential-0422/mode-exponential-0422-1.csv","/project/akaring/takeup-data/data/stan_analysis_data/main-core-exponential-cluster-weight-999/exponential-0422/compact-gq-exponential-0422-1.csv"
423,20261225,1,2.32564091682434,"/project/akaring/takeup-data/data/stan_analysis_data/main-core-exponential-cluster-weight-999-weights/exponential/weights-0423.csv","/project/akaring/takeup-data/data/stan_analysis_data/main-core-exponential-cluster-weight-999/exponential-0423/mode-exponential-0423-1.csv","/project/akaring/takeup-data/data/stan_analysis_data/main-core-exponential-cluster-weight-999/exponential-0423/compact-gq-exponential-0423-1.csv"
424,20261226,1,2.42469501495361,"/project/akaring/takeup-data/data/stan_analysis_data/main-core-exponential-cluster-weight-999-weights/exponential/weights-0424.csv","/project/akaring/takeup-data/data/stan_analysis_data/main-core-exponential-cluster-weight-999/exponential-0424/mode-exponential-0424-1.csv","/project/akaring/takeup-data/data/stan_analysis_data/main-core-exponential-cluster-weight-999/exponential-0424/compact-gq-exponential-0424-1.csv"
425,20261227,1,2.89083766937256,"/project/akaring/takeup-data/data/stan_analysis_data/main-core-exponential-cluster-weight-999-weights/exponential/weights-0425.csv","/project/akaring/takeup-data/data/stan_analysis_data/main-core-exponential-cluster-weight-999/exponential-0425/mode-exponential-0425-1.csv","/project/akaring/takeup-data/data/stan_analysis_data/main-core-exponential-cluster-weight-999/exponential-0425/compact-gq-exponential-0425-1.csv"
426,20261228,1,7.05301380157471,"/project/akaring/takeup-data/data/stan_analysis_data/main-core-exponential-cluster-weight-999-weights/exponential/weights-0426.csv","/project/akaring/takeup-data/data/stan_analysis_data/main-core-exponential-cluster-weight-999/exponential-0426/mode-exponential-0426-1.csv","/project/akaring/takeup-data/data/stan_analysis_data/main-core-exponential-cluster-weight-999/exponential-0426/compact-gq-exponential-0426-1.csv"
427,20261229,1,3.91167640686035,"/project/akaring/takeup-data/data/stan_analysis_data/main-core-exponential-cluster-weight-999-weights/exponential/weights-0427.csv","/project/akaring/takeup-data/data/stan_analysis_data/main-core-exponential-cluster-weight-999/exponential-0427/mode-exponential-0427-1.csv","/project/akaring/takeup-data/data/stan_analysis_data/main-core-exponential-cluster-weight-999/exponential-0427/compact-gq-exponential-0427-1.csv"
428,20261230,1,6.40946102142334,"/project/akaring/takeup-data/data/stan_analysis_data/main-core-exponential-cluster-weight-999-weights/exponential/weights-0428.csv","/project/akaring/takeup-data/data/stan_analysis_data/main-core-exponential-cluster-weight-999/exponential-0428/mode-exponential-0428-1.csv","/project/akaring/takeup-data/data/stan_analysis_data/main-core-exponential-cluster-weight-999/exponential-0428/compact-gq-exponential-0428-1.csv"
429,20261231,1,6.40936756134033,"/project/akaring/takeup-data/data/stan_analysis_data/main-core-exponential-cluster-weight-999-weights/exponential/weights-0429.csv","/project/akaring/takeup-data/data/stan_analysis_data/main-core-exponential-cluster-weight-999/exponential-0429/mode-exponential-0429-1.csv","/project/akaring/takeup-data/data/stan_analysis_data/main-core-exponential-cluster-weight-999/exponential-0429/compact-gq-exponential-0429-1.csv"
430,20261232,1,6.37427592277527,"/project/akaring/takeup-data/data/stan_analysis_data/main-core-exponential-cluster-weight-999-weights/exponential/weights-0430.csv","/project/akaring/takeup-data/data/stan_analysis_data/main-core-exponential-cluster-weight-999/exponential-0430/mode-exponential-0430-1.csv","/project/akaring/takeup-data/data/stan_analysis_data/main-core-exponential-cluster-weight-999/exponential-0430/compact-gq-exponential-0430-1.csv"
431,20261233,1,7.72948288917542,"/project/akaring/takeup-data/data/stan_analysis_data/main-core-exponential-cluster-weight-999-weights/exponential/weights-0431.csv","/project/akaring/takeup-data/data/stan_analysis_data/main-core-exponential-cluster-weight-999/exponential-0431/mode-exponential-0431-1.csv","/project/akaring/takeup-data/data/stan_analysis_data/main-core-exponential-cluster-weight-999/exponential-0431/compact-gq-exponential-0431-1.csv"
432,20261234,1,4.69487285614014,"/project/akaring/takeup-data/data/stan_analysis_data/main-core-exponential-cluster-weight-999-weights/exponential/weights-0432.csv","/project/akaring/takeup-data/data/stan_analysis_data/main-core-exponential-cluster-weight-999/exponential-0432/mode-exponential-0432-1.csv","/project/akaring/takeup-data/data/stan_analysis_data/main-core-exponential-cluster-weight-999/exponential-0432/compact-gq-exponential-0432-1.csv"
433,20261235,1,2.33791756629944,"/project/akaring/takeup-data/data/stan_analysis_data/main-core-exponential-cluster-weight-999-weights/exponential/weights-0433.csv","/project/akaring/takeup-data/data/stan_analysis_data/main-core-exponential-cluster-weight-999/exponential-0433/mode-exponential-0433-1.csv","/project/akaring/takeup-data/data/stan_analysis_data/main-core-exponential-cluster-weight-999/exponential-0433/compact-gq-exponential-0433-1.csv"
434,20261236,1,2.96729278564453,"/project/akaring/takeup-data/data/stan_analysis_data/main-core-exponential-cluster-weight-999-weights/exponential/weights-0434.csv","/project/akaring/takeup-data/data/stan_analysis_data/main-core-exponential-cluster-weight-999/exponential-0434/mode-exponential-0434-1.csv","/project/akaring/takeup-data/data/stan_analysis_data/main-core-exponential-cluster-weight-999/exponential-0434/compact-gq-exponential-0434-1.csv"
435,20261237,1,3.92364501953125,"/project/akaring/takeup-data/data/stan_analysis_data/main-core-exponential-cluster-weight-999-weights/exponential/weights-0435.csv","/project/akaring/takeup-data/data/stan_analysis_data/main-core-exponential-cluster-weight-999/exponential-0435/mode-exponential-0435-1.csv","/project/akaring/takeup-data/data/stan_analysis_data/main-core-exponential-cluster-weight-999/exponential-0435/compact-gq-exponential-0435-1.csv"
436,20261238,1,3.9077889919281,"/project/akaring/takeup-data/data/stan_analysis_data/main-core-exponential-cluster-weight-999-weights/exponential/weights-0436.csv","/project/akaring/takeup-data/data/stan_analysis_data/main-core-exponential-cluster-weight-999/exponential-0436/mode-exponential-0436-1.csv","/project/akaring/takeup-data/data/stan_analysis_data/main-core-exponential-cluster-weight-999/exponential-0436/compact-gq-exponential-0436-1.csv"
437,20261239,1,3.23515367507935,"/project/akaring/takeup-data/data/stan_analysis_data/main-core-exponential-cluster-weight-999-weights/exponential/weights-0437.csv","/project/akaring/takeup-data/data/stan_analysis_data/main-core-exponential-cluster-weight-999/exponential-0437/mode-exponential-0437-1.csv","/project/akaring/takeup-data/data/stan_analysis_data/main-core-exponential-cluster-weight-999/exponential-0437/compact-gq-exponential-0437-1.csv"
438,20261240,1,3.21105265617371,"/project/akaring/takeup-data/data/stan_analysis_data/main-core-exponential-cluster-weight-999-weights/exponential/weights-0438.csv","/project/akaring/takeup-data/data/stan_analysis_data/main-core-exponential-cluster-weight-999/exponential-0438/mode-exponential-0438-1.csv","/project/akaring/takeup-data/data/stan_analysis_data/main-core-exponential-cluster-weight-999/exponential-0438/compact-gq-exponential-0438-1.csv"
439,20261241,1,7.86127090454102,"/project/akaring/takeup-data/data/stan_analysis_data/main-core-exponential-cluster-weight-999-weights/exponential/weights-0439.csv","/project/akaring/takeup-data/data/stan_analysis_data/main-core-exponential-cluster-weight-999/exponential-0439/mode-exponential-0439-1.csv","/project/akaring/takeup-data/data/stan_analysis_data/main-core-exponential-cluster-weight-999/exponential-0439/compact-gq-exponential-0439-1.csv"
440,20261242,1,3.57426905632019,"/project/akaring/takeup-data/data/stan_analysis_data/main-core-exponential-cluster-weight-999-weights/exponential/weights-0440.csv","/project/akaring/takeup-data/data/stan_analysis_data/main-core-exponential-cluster-weight-999/exponential-0440/mode-exponential-0440-1.csv","/project/akaring/takeup-data/data/stan_analysis_data/main-core-exponential-cluster-weight-999/exponential-0440/compact-gq-exponential-0440-1.csv"
441,20261243,1,2.36072301864624,"/project/akaring/takeup-data/data/stan_analysis_data/main-core-exponential-cluster-weight-999-weights/exponential/weights-0441.csv","/project/akaring/takeup-data/data/stan_analysis_data/main-core-exponential-cluster-weight-999/exponential-0441/mode-exponential-0441-1.csv","/project/akaring/takeup-data/data/stan_analysis_data/main-core-exponential-cluster-weight-999/exponential-0441/compact-gq-exponential-0441-1.csv"
442,20261244,1,4.41519999504089,"/project/akaring/takeup-data/data/stan_analysis_data/main-core-exponential-cluster-weight-999-weights/exponential/weights-0442.csv","/project/akaring/takeup-data/data/stan_analysis_data/main-core-exponential-cluster-weight-999/exponential-0442/mode-exponential-0442-1.csv","/project/akaring/takeup-data/data/stan_analysis_data/main-core-exponential-cluster-weight-999/exponential-0442/compact-gq-exponential-0442-1.csv"
443,20261245,1,2.95946621894836,"/project/akaring/takeup-data/data/stan_analysis_data/main-core-exponential-cluster-weight-999-weights/exponential/weights-0443.csv","/project/akaring/takeup-data/data/stan_analysis_data/main-core-exponential-cluster-weight-999/exponential-0443/mode-exponential-0443-1.csv","/project/akaring/takeup-data/data/stan_analysis_data/main-core-exponential-cluster-weight-999/exponential-0443/compact-gq-exponential-0443-1.csv"
444,20261246,1,2.91948509216309,"/project/akaring/takeup-data/data/stan_analysis_data/main-core-exponential-cluster-weight-999-weights/exponential/weights-0444.csv","/project/akaring/takeup-data/data/stan_analysis_data/main-core-exponential-cluster-weight-999/exponential-0444/mode-exponential-0444-1.csv","/project/akaring/takeup-data/data/stan_analysis_data/main-core-exponential-cluster-weight-999/exponential-0444/compact-gq-exponential-0444-1.csv"
445,20261247,1,3.07506918907166,"/project/akaring/takeup-data/data/stan_analysis_data/main-core-exponential-cluster-weight-999-weights/exponential/weights-0445.csv","/project/akaring/takeup-data/data/stan_analysis_data/main-core-exponential-cluster-weight-999/exponential-0445/mode-exponential-0445-1.csv","/project/akaring/takeup-data/data/stan_analysis_data/main-core-exponential-cluster-weight-999/exponential-0445/compact-gq-exponential-0445-1.csv"
446,20261248,1,5.62624764442444,"/project/akaring/takeup-data/data/stan_analysis_data/main-core-exponential-cluster-weight-999-weights/exponential/weights-0446.csv","/project/akaring/takeup-data/data/stan_analysis_data/main-core-exponential-cluster-weight-999/exponential-0446/mode-exponential-0446-1.csv","/project/akaring/takeup-data/data/stan_analysis_data/main-core-exponential-cluster-weight-999/exponential-0446/compact-gq-exponential-0446-1.csv"
447,20261249,1,3.02649545669556,"/project/akaring/takeup-data/data/stan_analysis_data/main-core-exponential-cluster-weight-999-weights/exponential/weights-0447.csv","/project/akaring/takeup-data/data/stan_analysis_data/main-core-exponential-cluster-weight-999/exponential-0447/mode-exponential-0447-1.csv","/project/akaring/takeup-data/data/stan_analysis_data/main-core-exponential-cluster-weight-999/exponential-0447/compact-gq-exponential-0447-1.csv"
448,20261250,1,6.4058575630188,"/project/akaring/takeup-data/data/stan_analysis_data/main-core-exponential-cluster-weight-999-weights/exponential/weights-0448.csv","/project/akaring/takeup-data/data/stan_analysis_data/main-core-exponential-cluster-weight-999/exponential-0448/mode-exponential-0448-1.csv","/project/akaring/takeup-data/data/stan_analysis_data/main-core-exponential-cluster-weight-999/exponential-0448/compact-gq-exponential-0448-1.csv"
449,20261251,1,6.8525402545929,"/project/akaring/takeup-data/data/stan_analysis_data/main-core-exponential-cluster-weight-999-weights/exponential/weights-0449.csv","/project/akaring/takeup-data/data/stan_analysis_data/main-core-exponential-cluster-weight-999/exponential-0449/mode-exponential-0449-1.csv","/project/akaring/takeup-data/data/stan_analysis_data/main-core-exponential-cluster-weight-999/exponential-0449/compact-gq-exponential-0449-1.csv"
450,20261252,1,5.86360931396484,"/project/akaring/takeup-data/data/stan_analysis_data/main-core-exponential-cluster-weight-999-weights/exponential/weights-0450.csv","/project/akaring/takeup-data/data/stan_analysis_data/main-core-exponential-cluster-weight-999/exponential-0450/mode-exponential-0450-1.csv","/project/akaring/takeup-data/data/stan_analysis_data/main-core-exponential-cluster-weight-999/exponential-0450/compact-gq-exponential-0450-1.csv"
451,20261253,1,5.97791004180908,"/project/akaring/takeup-data/data/stan_analysis_data/main-core-exponential-cluster-weight-999-weights/exponential/weights-0451.csv","/project/akaring/takeup-data/data/stan_analysis_data/main-core-exponential-cluster-weight-999/exponential-0451/mode-exponential-0451-1.csv","/project/akaring/takeup-data/data/stan_analysis_data/main-core-exponential-cluster-weight-999/exponential-0451/compact-gq-exponential-0451-1.csv"
452,20261254,1,8.58035564422607,"/project/akaring/takeup-data/data/stan_analysis_data/main-core-exponential-cluster-weight-999-weights/exponential/weights-0452.csv","/project/akaring/takeup-data/data/stan_analysis_data/main-core-exponential-cluster-weight-999/exponential-0452/mode-exponential-0452-1.csv","/project/akaring/takeup-data/data/stan_analysis_data/main-core-exponential-cluster-weight-999/exponential-0452/compact-gq-exponential-0452-1.csv"
453,20261255,1,8.66750574111938,"/project/akaring/takeup-data/data/stan_analysis_data/main-core-exponential-cluster-weight-999-weights/exponential/weights-0453.csv","/project/akaring/takeup-data/data/stan_analysis_data/main-core-exponential-cluster-weight-999/exponential-0453/mode-exponential-0453-1.csv","/project/akaring/takeup-data/data/stan_analysis_data/main-core-exponential-cluster-weight-999/exponential-0453/compact-gq-exponential-0453-1.csv"
454,20261256,1,2.60419106483459,"/project/akaring/takeup-data/data/stan_analysis_data/main-core-exponential-cluster-weight-999-weights/exponential/weights-0454.csv","/project/akaring/takeup-data/data/stan_analysis_data/main-core-exponential-cluster-weight-999/exponential-0454/mode-exponential-0454-1.csv","/project/akaring/takeup-data/data/stan_analysis_data/main-core-exponential-cluster-weight-999/exponential-0454/compact-gq-exponential-0454-1.csv"
455,20261257,1,2.05064272880554,"/project/akaring/takeup-data/data/stan_analysis_data/main-core-exponential-cluster-weight-999-weights/exponential/weights-0455.csv","/project/akaring/takeup-data/data/stan_analysis_data/main-core-exponential-cluster-weight-999/exponential-0455/mode-exponential-0455-1.csv","/project/akaring/takeup-data/data/stan_analysis_data/main-core-exponential-cluster-weight-999/exponential-0455/compact-gq-exponential-0455-1.csv"
456,20261258,1,1.94972777366638,"/project/akaring/takeup-data/data/stan_analysis_data/main-core-exponential-cluster-weight-999-weights/exponential/weights-0456.csv","/project/akaring/takeup-data/data/stan_analysis_data/main-core-exponential-cluster-weight-999/exponential-0456/mode-exponential-0456-1.csv","/project/akaring/takeup-data/data/stan_analysis_data/main-core-exponential-cluster-weight-999/exponential-0456/compact-gq-exponential-0456-1.csv"
457,20261259,1,2.96598196029663,"/project/akaring/takeup-data/data/stan_analysis_data/main-core-exponential-cluster-weight-999-weights/exponential/weights-0457.csv","/project/akaring/takeup-data/data/stan_analysis_data/main-core-exponential-cluster-weight-999/exponential-0457/mode-exponential-0457-1.csv","/project/akaring/takeup-data/data/stan_analysis_data/main-core-exponential-cluster-weight-999/exponential-0457/compact-gq-exponential-0457-1.csv"
458,20261260,1,5.57370114326477,"/project/akaring/takeup-data/data/stan_analysis_data/main-core-exponential-cluster-weight-999-weights/exponential/weights-0458.csv","/project/akaring/takeup-data/data/stan_analysis_data/main-core-exponential-cluster-weight-999/exponential-0458/mode-exponential-0458-1.csv","/project/akaring/takeup-data/data/stan_analysis_data/main-core-exponential-cluster-weight-999/exponential-0458/compact-gq-exponential-0458-1.csv"
459,20261261,1,4.97667551040649,"/project/akaring/takeup-data/data/stan_analysis_data/main-core-exponential-cluster-weight-999-weights/exponential/weights-0459.csv","/project/akaring/takeup-data/data/stan_analysis_data/main-core-exponential-cluster-weight-999/exponential-0459/mode-exponential-0459-1.csv","/project/akaring/takeup-data/data/stan_analysis_data/main-core-exponential-cluster-weight-999/exponential-0459/compact-gq-exponential-0459-1.csv"
460,20261262,1,6.35135006904602,"/project/akaring/takeup-data/data/stan_analysis_data/main-core-exponential-cluster-weight-999-weights/exponential/weights-0460.csv","/project/akaring/takeup-data/data/stan_analysis_data/main-core-exponential-cluster-weight-999/exponential-0460/mode-exponential-0460-1.csv","/project/akaring/takeup-data/data/stan_analysis_data/main-core-exponential-cluster-weight-999/exponential-0460/compact-gq-exponential-0460-1.csv"
461,20261263,1,2.91311931610107,"/project/akaring/takeup-data/data/stan_analysis_data/main-core-exponential-cluster-weight-999-weights/exponential/weights-0461.csv","/project/akaring/takeup-data/data/stan_analysis_data/main-core-exponential-cluster-weight-999/exponential-0461/mode-exponential-0461-1.csv","/project/akaring/takeup-data/data/stan_analysis_data/main-core-exponential-cluster-weight-999/exponential-0461/compact-gq-exponential-0461-1.csv"
462,20261264,1,3.612952709198,"/project/akaring/takeup-data/data/stan_analysis_data/main-core-exponential-cluster-weight-999-weights/exponential/weights-0462.csv","/project/akaring/takeup-data/data/stan_analysis_data/main-core-exponential-cluster-weight-999/exponential-0462/mode-exponential-0462-1.csv","/project/akaring/takeup-data/data/stan_analysis_data/main-core-exponential-cluster-weight-999/exponential-0462/compact-gq-exponential-0462-1.csv"
463,20261265,1,4.91831016540527,"/project/akaring/takeup-data/data/stan_analysis_data/main-core-exponential-cluster-weight-999-weights/exponential/weights-0463.csv","/project/akaring/takeup-data/data/stan_analysis_data/main-core-exponential-cluster-weight-999/exponential-0463/mode-exponential-0463-1.csv","/project/akaring/takeup-data/data/stan_analysis_data/main-core-exponential-cluster-weight-999/exponential-0463/compact-gq-exponential-0463-1.csv"
464,20261266,1,4.94259285926819,"/project/akaring/takeup-data/data/stan_analysis_data/main-core-exponential-cluster-weight-999-weights/exponential/weights-0464.csv","/project/akaring/takeup-data/data/stan_analysis_data/main-core-exponential-cluster-weight-999/exponential-0464/mode-exponential-0464-1.csv","/project/akaring/takeup-data/data/stan_analysis_data/main-core-exponential-cluster-weight-999/exponential-0464/compact-gq-exponential-0464-1.csv"
465,20261267,1,1.9260151386261,"/project/akaring/takeup-data/data/stan_analysis_data/main-core-exponential-cluster-weight-999-weights/exponential/weights-0465.csv","/project/akaring/takeup-data/data/stan_analysis_data/main-core-exponential-cluster-weight-999/exponential-0465/mode-exponential-0465-1.csv","/project/akaring/takeup-data/data/stan_analysis_data/main-core-exponential-cluster-weight-999/exponential-0465/compact-gq-exponential-0465-1.csv"
466,20261268,1,2.69826340675354,"/project/akaring/takeup-data/data/stan_analysis_data/main-core-exponential-cluster-weight-999-weights/exponential/weights-0466.csv","/project/akaring/takeup-data/data/stan_analysis_data/main-core-exponential-cluster-weight-999/exponential-0466/mode-exponential-0466-1.csv","/project/akaring/takeup-data/data/stan_analysis_data/main-core-exponential-cluster-weight-999/exponential-0466/compact-gq-exponential-0466-1.csv"
467,20261269,1,1.85463833808899,"/project/akaring/takeup-data/data/stan_analysis_data/main-core-exponential-cluster-weight-999-weights/exponential/weights-0467.csv","/project/akaring/takeup-data/data/stan_analysis_data/main-core-exponential-cluster-weight-999/exponential-0467/mode-exponential-0467-1.csv","/project/akaring/takeup-data/data/stan_analysis_data/main-core-exponential-cluster-weight-999/exponential-0467/compact-gq-exponential-0467-1.csv"
468,20261270,1,1.68212461471558,"/project/akaring/takeup-data/data/stan_analysis_data/main-core-exponential-cluster-weight-999-weights/exponential/weights-0468.csv","/project/akaring/takeup-data/data/stan_analysis_data/main-core-exponential-cluster-weight-999/exponential-0468/mode-exponential-0468-1.csv","/project/akaring/takeup-data/data/stan_analysis_data/main-core-exponential-cluster-weight-999/exponential-0468/compact-gq-exponential-0468-1.csv"
469,20261271,1,3.03795099258423,"/project/akaring/takeup-data/data/stan_analysis_data/main-core-exponential-cluster-weight-999-weights/exponential/weights-0469.csv","/project/akaring/takeup-data/data/stan_analysis_data/main-core-exponential-cluster-weight-999/exponential-0469/mode-exponential-0469-1.csv","/project/akaring/takeup-data/data/stan_analysis_data/main-core-exponential-cluster-weight-999/exponential-0469/compact-gq-exponential-0469-1.csv"
470,20261272,1,5.80560207366943,"/project/akaring/takeup-data/data/stan_analysis_data/main-core-exponential-cluster-weight-999-weights/exponential/weights-0470.csv","/project/akaring/takeup-data/data/stan_analysis_data/main-core-exponential-cluster-weight-999/exponential-0470/mode-exponential-0470-1.csv","/project/akaring/takeup-data/data/stan_analysis_data/main-core-exponential-cluster-weight-999/exponential-0470/compact-gq-exponential-0470-1.csv"
471,20261273,1,3.87972354888916,"/project/akaring/takeup-data/data/stan_analysis_data/main-core-exponential-cluster-weight-999-weights/exponential/weights-0471.csv","/project/akaring/takeup-data/data/stan_analysis_data/main-core-exponential-cluster-weight-999/exponential-0471/mode-exponential-0471-1.csv","/project/akaring/takeup-data/data/stan_analysis_data/main-core-exponential-cluster-weight-999/exponential-0471/compact-gq-exponential-0471-1.csv"
472,20261274,1,3.05613303184509,"/project/akaring/takeup-data/data/stan_analysis_data/main-core-exponential-cluster-weight-999-weights/exponential/weights-0472.csv","/project/akaring/takeup-data/data/stan_analysis_data/main-core-exponential-cluster-weight-999/exponential-0472/mode-exponential-0472-1.csv","/project/akaring/takeup-data/data/stan_analysis_data/main-core-exponential-cluster-weight-999/exponential-0472/compact-gq-exponential-0472-1.csv"
473,20261275,1,4.46255803108215,"/project/akaring/takeup-data/data/stan_analysis_data/main-core-exponential-cluster-weight-999-weights/exponential/weights-0473.csv","/project/akaring/takeup-data/data/stan_analysis_data/main-core-exponential-cluster-weight-999/exponential-0473/mode-exponential-0473-1.csv","/project/akaring/takeup-data/data/stan_analysis_data/main-core-exponential-cluster-weight-999/exponential-0473/compact-gq-exponential-0473-1.csv"
474,20261276,1,4.41728734970093,"/project/akaring/takeup-data/data/stan_analysis_data/main-core-exponential-cluster-weight-999-weights/exponential/weights-0474.csv","/project/akaring/takeup-data/data/stan_analysis_data/main-core-exponential-cluster-weight-999/exponential-0474/mode-exponential-0474-1.csv","/project/akaring/takeup-data/data/stan_analysis_data/main-core-exponential-cluster-weight-999/exponential-0474/compact-gq-exponential-0474-1.csv"
475,20261277,1,4.81535339355469,"/project/akaring/takeup-data/data/stan_analysis_data/main-core-exponential-cluster-weight-999-weights/exponential/weights-0475.csv","/project/akaring/takeup-data/data/stan_analysis_data/main-core-exponential-cluster-weight-999/exponential-0475/mode-exponential-0475-1.csv","/project/akaring/takeup-data/data/stan_analysis_data/main-core-exponential-cluster-weight-999/exponential-0475/compact-gq-exponential-0475-1.csv"
476,20261278,1,4.10406970977783,"/project/akaring/takeup-data/data/stan_analysis_data/main-core-exponential-cluster-weight-999-weights/exponential/weights-0476.csv","/project/akaring/takeup-data/data/stan_analysis_data/main-core-exponential-cluster-weight-999/exponential-0476/mode-exponential-0476-1.csv","/project/akaring/takeup-data/data/stan_analysis_data/main-core-exponential-cluster-weight-999/exponential-0476/compact-gq-exponential-0476-1.csv"
477,20261279,1,4.15877890586853,"/project/akaring/takeup-data/data/stan_analysis_data/main-core-exponential-cluster-weight-999-weights/exponential/weights-0477.csv","/project/akaring/takeup-data/data/stan_analysis_data/main-core-exponential-cluster-weight-999/exponential-0477/mode-exponential-0477-1.csv","/project/akaring/takeup-data/data/stan_analysis_data/main-core-exponential-cluster-weight-999/exponential-0477/compact-gq-exponential-0477-1.csv"
478,20261280,1,6.2407066822052,"/project/akaring/takeup-data/data/stan_analysis_data/main-core-exponential-cluster-weight-999-weights/exponential/weights-0478.csv","/project/akaring/takeup-data/data/stan_analysis_data/main-core-exponential-cluster-weight-999/exponential-0478/mode-exponential-0478-1.csv","/project/akaring/takeup-data/data/stan_analysis_data/main-core-exponential-cluster-weight-999/exponential-0478/compact-gq-exponential-0478-1.csv"
479,20261281,1,3.90661835670471,"/project/akaring/takeup-data/data/stan_analysis_data/main-core-exponential-cluster-weight-999-weights/exponential/weights-0479.csv","/project/akaring/takeup-data/data/stan_analysis_data/main-core-exponential-cluster-weight-999/exponential-0479/mode-exponential-0479-1.csv","/project/akaring/takeup-data/data/stan_analysis_data/main-core-exponential-cluster-weight-999/exponential-0479/compact-gq-exponential-0479-1.csv"
480,20261282,1,5.31646871566772,"/project/akaring/takeup-data/data/stan_analysis_data/main-core-exponential-cluster-weight-999-weights/exponential/weights-0480.csv","/project/akaring/takeup-data/data/stan_analysis_data/main-core-exponential-cluster-weight-999/exponential-0480/mode-exponential-0480-1.csv","/project/akaring/takeup-data/data/stan_analysis_data/main-core-exponential-cluster-weight-999/exponential-0480/compact-gq-exponential-0480-1.csv"
481,20261283,1,8.1380603313446,"/project/akaring/takeup-data/data/stan_analysis_data/main-core-exponential-cluster-weight-999-weights/exponential/weights-0481.csv","/project/akaring/takeup-data/data/stan_analysis_data/main-core-exponential-cluster-weight-999/exponential-0481/mode-exponential-0481-1.csv","/project/akaring/takeup-data/data/stan_analysis_data/main-core-exponential-cluster-weight-999/exponential-0481/compact-gq-exponential-0481-1.csv"
482,20261284,1,4.31287741661072,"/project/akaring/takeup-data/data/stan_analysis_data/main-core-exponential-cluster-weight-999-weights/exponential/weights-0482.csv","/project/akaring/takeup-data/data/stan_analysis_data/main-core-exponential-cluster-weight-999/exponential-0482/mode-exponential-0482-1.csv","/project/akaring/takeup-data/data/stan_analysis_data/main-core-exponential-cluster-weight-999/exponential-0482/compact-gq-exponential-0482-1.csv"
483,20261285,1,6.70921969413757,"/project/akaring/takeup-data/data/stan_analysis_data/main-core-exponential-cluster-weight-999-weights/exponential/weights-0483.csv","/project/akaring/takeup-data/data/stan_analysis_data/main-core-exponential-cluster-weight-999/exponential-0483/mode-exponential-0483-1.csv","/project/akaring/takeup-data/data/stan_analysis_data/main-core-exponential-cluster-weight-999/exponential-0483/compact-gq-exponential-0483-1.csv"
484,20261286,1,3.90121483802795,"/project/akaring/takeup-data/data/stan_analysis_data/main-core-exponential-cluster-weight-999-weights/exponential/weights-0484.csv","/project/akaring/takeup-data/data/stan_analysis_data/main-core-exponential-cluster-weight-999/exponential-0484/mode-exponential-0484-1.csv","/project/akaring/takeup-data/data/stan_analysis_data/main-core-exponential-cluster-weight-999/exponential-0484/compact-gq-exponential-0484-1.csv"
485,20261287,1,3.47359108924866,"/project/akaring/takeup-data/data/stan_analysis_data/main-core-exponential-cluster-weight-999-weights/exponential/weights-0485.csv","/project/akaring/takeup-data/data/stan_analysis_data/main-core-exponential-cluster-weight-999/exponential-0485/mode-exponential-0485-1.csv","/project/akaring/takeup-data/data/stan_analysis_data/main-core-exponential-cluster-weight-999/exponential-0485/compact-gq-exponential-0485-1.csv"
486,20261288,1,3.45839214324951,"/project/akaring/takeup-data/data/stan_analysis_data/main-core-exponential-cluster-weight-999-weights/exponential/weights-0486.csv","/project/akaring/takeup-data/data/stan_analysis_data/main-core-exponential-cluster-weight-999/exponential-0486/mode-exponential-0486-1.csv","/project/akaring/takeup-data/data/stan_analysis_data/main-core-exponential-cluster-weight-999/exponential-0486/compact-gq-exponential-0486-1.csv"
487,20261289,1,3.43803644180298,"/project/akaring/takeup-data/data/stan_analysis_data/main-core-exponential-cluster-weight-999-weights/exponential/weights-0487.csv","/project/akaring/takeup-data/data/stan_analysis_data/main-core-exponential-cluster-weight-999/exponential-0487/mode-exponential-0487-1.csv","/project/akaring/takeup-data/data/stan_analysis_data/main-core-exponential-cluster-weight-999/exponential-0487/compact-gq-exponential-0487-1.csv"
488,20261290,1,3.62514853477478,"/project/akaring/takeup-data/data/stan_analysis_data/main-core-exponential-cluster-weight-999-weights/exponential/weights-0488.csv","/project/akaring/takeup-data/data/stan_analysis_data/main-core-exponential-cluster-weight-999/exponential-0488/mode-exponential-0488-1.csv","/project/akaring/takeup-data/data/stan_analysis_data/main-core-exponential-cluster-weight-999/exponential-0488/compact-gq-exponential-0488-1.csv"
489,20261291,1,3.91978359222412,"/project/akaring/takeup-data/data/stan_analysis_data/main-core-exponential-cluster-weight-999-weights/exponential/weights-0489.csv","/project/akaring/takeup-data/data/stan_analysis_data/main-core-exponential-cluster-weight-999/exponential-0489/mode-exponential-0489-1.csv","/project/akaring/takeup-data/data/stan_analysis_data/main-core-exponential-cluster-weight-999/exponential-0489/compact-gq-exponential-0489-1.csv"
490,20261292,1,4.08830046653748,"/project/akaring/takeup-data/data/stan_analysis_data/main-core-exponential-cluster-weight-999-weights/exponential/weights-0490.csv","/project/akaring/takeup-data/data/stan_analysis_data/main-core-exponential-cluster-weight-999/exponential-0490/mode-exponential-0490-1.csv","/project/akaring/takeup-data/data/stan_analysis_data/main-core-exponential-cluster-weight-999/exponential-0490/compact-gq-exponential-0490-1.csv"
491,20261293,1,4.11453080177307,"/project/akaring/takeup-data/data/stan_analysis_data/main-core-exponential-cluster-weight-999-weights/exponential/weights-0491.csv","/project/akaring/takeup-data/data/stan_analysis_data/main-core-exponential-cluster-weight-999/exponential-0491/mode-exponential-0491-1.csv","/project/akaring/takeup-data/data/stan_analysis_data/main-core-exponential-cluster-weight-999/exponential-0491/compact-gq-exponential-0491-1.csv"
492,20261294,1,3.88487315177917,"/project/akaring/takeup-data/data/stan_analysis_data/main-core-exponential-cluster-weight-999-weights/exponential/weights-0492.csv","/project/akaring/takeup-data/data/stan_analysis_data/main-core-exponential-cluster-weight-999/exponential-0492/mode-exponential-0492-1.csv","/project/akaring/takeup-data/data/stan_analysis_data/main-core-exponential-cluster-weight-999/exponential-0492/compact-gq-exponential-0492-1.csv"
493,20261295,1,3.9321825504303,"/project/akaring/takeup-data/data/stan_analysis_data/main-core-exponential-cluster-weight-999-weights/exponential/weights-0493.csv","/project/akaring/takeup-data/data/stan_analysis_data/main-core-exponential-cluster-weight-999/exponential-0493/mode-exponential-0493-1.csv","/project/akaring/takeup-data/data/stan_analysis_data/main-core-exponential-cluster-weight-999/exponential-0493/compact-gq-exponential-0493-1.csv"
494,20261296,1,3.48893451690674,"/project/akaring/takeup-data/data/stan_analysis_data/main-core-exponential-cluster-weight-999-weights/exponential/weights-0494.csv","/project/akaring/takeup-data/data/stan_analysis_data/main-core-exponential-cluster-weight-999/exponential-0494/mode-exponential-0494-1.csv","/project/akaring/takeup-data/data/stan_analysis_data/main-core-exponential-cluster-weight-999/exponential-0494/compact-gq-exponential-0494-1.csv"
495,20261297,1,4.2829065322876,"/project/akaring/takeup-data/data/stan_analysis_data/main-core-exponential-cluster-weight-999-weights/exponential/weights-0495.csv","/project/akaring/takeup-data/data/stan_analysis_data/main-core-exponential-cluster-weight-999/exponential-0495/mode-exponential-0495-1.csv","/project/akaring/takeup-data/data/stan_analysis_data/main-core-exponential-cluster-weight-999/exponential-0495/compact-gq-exponential-0495-1.csv"
496,20261298,1,3.8946168422699,"/project/akaring/takeup-data/data/stan_analysis_data/main-core-exponential-cluster-weight-999-weights/exponential/weights-0496.csv","/project/akaring/takeup-data/data/stan_analysis_data/main-core-exponential-cluster-weight-999/exponential-0496/mode-exponential-0496-1.csv","/project/akaring/takeup-data/data/stan_analysis_data/main-core-exponential-cluster-weight-999/exponential-0496/compact-gq-exponential-0496-1.csv"
497,20261299,1,3.87254643440247,"/project/akaring/takeup-data/data/stan_analysis_data/main-core-exponential-cluster-weight-999-weights/exponential/weights-0497.csv","/project/akaring/takeup-data/data/stan_analysis_data/main-core-exponential-cluster-weight-999/exponential-0497/mode-exponential-0497-1.csv","/project/akaring/takeup-data/data/stan_analysis_data/main-core-exponential-cluster-weight-999/exponential-0497/compact-gq-exponential-0497-1.csv"
498,20261300,1,2.79506731033325,"/project/akaring/takeup-data/data/stan_analysis_data/main-core-exponential-cluster-weight-999-weights/exponential/weights-0498.csv","/project/akaring/takeup-data/data/stan_analysis_data/main-core-exponential-cluster-weight-999/exponential-0498/mode-exponential-0498-1.csv","/project/akaring/takeup-data/data/stan_analysis_data/main-core-exponential-cluster-weight-999/exponential-0498/compact-gq-exponential-0498-1.csv"
499,20261301,1,3.83991050720215,"/project/akaring/takeup-data/data/stan_analysis_data/main-core-exponential-cluster-weight-999-weights/exponential/weights-0499.csv","/project/akaring/takeup-data/data/stan_analysis_data/main-core-exponential-cluster-weight-999/exponential-0499/mode-exponential-0499-1.csv","/project/akaring/takeup-data/data/stan_analysis_data/main-core-exponential-cluster-weight-999/exponential-0499/compact-gq-exponential-0499-1.csv"
500,20261302,1,4.64861583709717,"/project/akaring/takeup-data/data/stan_analysis_data/main-core-exponential-cluster-weight-999-weights/exponential/weights-0500.csv","/project/akaring/takeup-data/data/stan_analysis_data/main-core-exponential-cluster-weight-999/exponential-0500/mode-exponential-0500-1.csv","/project/akaring/takeup-data/data/stan_analysis_data/main-core-exponential-cluster-weight-999/exponential-0500/compact-gq-exponential-0500-1.csv"
501,20261303,1,2.47963881492615,"/project/akaring/takeup-data/data/stan_analysis_data/main-core-exponential-cluster-weight-999-weights/exponential/weights-0501.csv","/project/akaring/takeup-data/data/stan_analysis_data/main-core-exponential-cluster-weight-999/exponential-0501/mode-exponential-0501-1.csv","/project/akaring/takeup-data/data/stan_analysis_data/main-core-exponential-cluster-weight-999/exponential-0501/compact-gq-exponential-0501-1.csv"
502,20261304,1,1.70579838752747,"/project/akaring/takeup-data/data/stan_analysis_data/main-core-exponential-cluster-weight-999-weights/exponential/weights-0502.csv","/project/akaring/takeup-data/data/stan_analysis_data/main-core-exponential-cluster-weight-999/exponential-0502/mode-exponential-0502-1.csv","/project/akaring/takeup-data/data/stan_analysis_data/main-core-exponential-cluster-weight-999/exponential-0502/compact-gq-exponential-0502-1.csv"
503,20261305,1,1.77218627929688,"/project/akaring/takeup-data/data/stan_analysis_data/main-core-exponential-cluster-weight-999-weights/exponential/weights-0503.csv","/project/akaring/takeup-data/data/stan_analysis_data/main-core-exponential-cluster-weight-999/exponential-0503/mode-exponential-0503-1.csv","/project/akaring/takeup-data/data/stan_analysis_data/main-core-exponential-cluster-weight-999/exponential-0503/compact-gq-exponential-0503-1.csv"
504,20261306,1,3.03659963607788,"/project/akaring/takeup-data/data/stan_analysis_data/main-core-exponential-cluster-weight-999-weights/exponential/weights-0504.csv","/project/akaring/takeup-data/data/stan_analysis_data/main-core-exponential-cluster-weight-999/exponential-0504/mode-exponential-0504-1.csv","/project/akaring/takeup-data/data/stan_analysis_data/main-core-exponential-cluster-weight-999/exponential-0504/compact-gq-exponential-0504-1.csv"
505,20261307,1,1.74612545967102,"/project/akaring/takeup-data/data/stan_analysis_data/main-core-exponential-cluster-weight-999-weights/exponential/weights-0505.csv","/project/akaring/takeup-data/data/stan_analysis_data/main-core-exponential-cluster-weight-999/exponential-0505/mode-exponential-0505-1.csv","/project/akaring/takeup-data/data/stan_analysis_data/main-core-exponential-cluster-weight-999/exponential-0505/compact-gq-exponential-0505-1.csv"
506,20261308,1,2.54002285003662,"/project/akaring/takeup-data/data/stan_analysis_data/main-core-exponential-cluster-weight-999-weights/exponential/weights-0506.csv","/project/akaring/takeup-data/data/stan_analysis_data/main-core-exponential-cluster-weight-999/exponential-0506/mode-exponential-0506-1.csv","/project/akaring/takeup-data/data/stan_analysis_data/main-core-exponential-cluster-weight-999/exponential-0506/compact-gq-exponential-0506-1.csv"
507,20261309,1,2.79689025878906,"/project/akaring/takeup-data/data/stan_analysis_data/main-core-exponential-cluster-weight-999-weights/exponential/weights-0507.csv","/project/akaring/takeup-data/data/stan_analysis_data/main-core-exponential-cluster-weight-999/exponential-0507/mode-exponential-0507-1.csv","/project/akaring/takeup-data/data/stan_analysis_data/main-core-exponential-cluster-weight-999/exponential-0507/compact-gq-exponential-0507-1.csv"
508,20261310,1,3.07813906669617,"/project/akaring/takeup-data/data/stan_analysis_data/main-core-exponential-cluster-weight-999-weights/exponential/weights-0508.csv","/project/akaring/takeup-data/data/stan_analysis_data/main-core-exponential-cluster-weight-999/exponential-0508/mode-exponential-0508-1.csv","/project/akaring/takeup-data/data/stan_analysis_data/main-core-exponential-cluster-weight-999/exponential-0508/compact-gq-exponential-0508-1.csv"
509,20261311,1,2.62630105018616,"/project/akaring/takeup-data/data/stan_analysis_data/main-core-exponential-cluster-weight-999-weights/exponential/weights-0509.csv","/project/akaring/takeup-data/data/stan_analysis_data/main-core-exponential-cluster-weight-999/exponential-0509/mode-exponential-0509-1.csv","/project/akaring/takeup-data/data/stan_analysis_data/main-core-exponential-cluster-weight-999/exponential-0509/compact-gq-exponential-0509-1.csv"
510,20261312,1,2.63562965393066,"/project/akaring/takeup-data/data/stan_analysis_data/main-core-exponential-cluster-weight-999-weights/exponential/weights-0510.csv","/project/akaring/takeup-data/data/stan_analysis_data/main-core-exponential-cluster-weight-999/exponential-0510/mode-exponential-0510-1.csv","/project/akaring/takeup-data/data/stan_analysis_data/main-core-exponential-cluster-weight-999/exponential-0510/compact-gq-exponential-0510-1.csv"
511,20261313,1,2.22856259346008,"/project/akaring/takeup-data/data/stan_analysis_data/main-core-exponential-cluster-weight-999-weights/exponential/weights-0511.csv","/project/akaring/takeup-data/data/stan_analysis_data/main-core-exponential-cluster-weight-999/exponential-0511/mode-exponential-0511-1.csv","/project/akaring/takeup-data/data/stan_analysis_data/main-core-exponential-cluster-weight-999/exponential-0511/compact-gq-exponential-0511-1.csv"
512,20261314,1,11.087789773941,"/project/akaring/takeup-data/data/stan_analysis_data/main-core-exponential-cluster-weight-999-weights/exponential/weights-0512.csv","/project/akaring/takeup-data/data/stan_analysis_data/main-core-exponential-cluster-weight-999/exponential-0512/mode-exponential-0512-1.csv","/project/akaring/takeup-data/data/stan_analysis_data/main-core-exponential-cluster-weight-999/exponential-0512/compact-gq-exponential-0512-1.csv"
513,20261315,1,15.3910031318665,"/project/akaring/takeup-data/data/stan_analysis_data/main-core-exponential-cluster-weight-999-weights/exponential/weights-0513.csv","/project/akaring/takeup-data/data/stan_analysis_data/main-core-exponential-cluster-weight-999/exponential-0513/mode-exponential-0513-1.csv","/project/akaring/takeup-data/data/stan_analysis_data/main-core-exponential-cluster-weight-999/exponential-0513/compact-gq-exponential-0513-1.csv"
514,20261316,1,2.65990376472473,"/project/akaring/takeup-data/data/stan_analysis_data/main-core-exponential-cluster-weight-999-weights/exponential/weights-0514.csv","/project/akaring/takeup-data/data/stan_analysis_data/main-core-exponential-cluster-weight-999/exponential-0514/mode-exponential-0514-1.csv","/project/akaring/takeup-data/data/stan_analysis_data/main-core-exponential-cluster-weight-999/exponential-0514/compact-gq-exponential-0514-1.csv"
515,20261317,1,6.425541639328,"/project/akaring/takeup-data/data/stan_analysis_data/main-core-exponential-cluster-weight-999-weights/exponential/weights-0515.csv","/project/akaring/takeup-data/data/stan_analysis_data/main-core-exponential-cluster-weight-999/exponential-0515/mode-exponential-0515-1.csv","/project/akaring/takeup-data/data/stan_analysis_data/main-core-exponential-cluster-weight-999/exponential-0515/compact-gq-exponential-0515-1.csv"
516,20261318,1,7.39570760726929,"/project/akaring/takeup-data/data/stan_analysis_data/main-core-exponential-cluster-weight-999-weights/exponential/weights-0516.csv","/project/akaring/takeup-data/data/stan_analysis_data/main-core-exponential-cluster-weight-999/exponential-0516/mode-exponential-0516-1.csv","/project/akaring/takeup-data/data/stan_analysis_data/main-core-exponential-cluster-weight-999/exponential-0516/compact-gq-exponential-0516-1.csv"
517,20261319,1,2.87157893180847,"/project/akaring/takeup-data/data/stan_analysis_data/main-core-exponential-cluster-weight-999-weights/exponential/weights-0517.csv","/project/akaring/takeup-data/data/stan_analysis_data/main-core-exponential-cluster-weight-999/exponential-0517/mode-exponential-0517-1.csv","/project/akaring/takeup-data/data/stan_analysis_data/main-core-exponential-cluster-weight-999/exponential-0517/compact-gq-exponential-0517-1.csv"
518,20261320,1,3.03995180130005,"/project/akaring/takeup-data/data/stan_analysis_data/main-core-exponential-cluster-weight-999-weights/exponential/weights-0518.csv","/project/akaring/takeup-data/data/stan_analysis_data/main-core-exponential-cluster-weight-999/exponential-0518/mode-exponential-0518-1.csv","/project/akaring/takeup-data/data/stan_analysis_data/main-core-exponential-cluster-weight-999/exponential-0518/compact-gq-exponential-0518-1.csv"
519,20261321,1,2.72379469871521,"/project/akaring/takeup-data/data/stan_analysis_data/main-core-exponential-cluster-weight-999-weights/exponential/weights-0519.csv","/project/akaring/takeup-data/data/stan_analysis_data/main-core-exponential-cluster-weight-999/exponential-0519/mode-exponential-0519-1.csv","/project/akaring/takeup-data/data/stan_analysis_data/main-core-exponential-cluster-weight-999/exponential-0519/compact-gq-exponential-0519-1.csv"
520,20261322,1,2.44553184509277,"/project/akaring/takeup-data/data/stan_analysis_data/main-core-exponential-cluster-weight-999-weights/exponential/weights-0520.csv","/project/akaring/takeup-data/data/stan_analysis_data/main-core-exponential-cluster-weight-999/exponential-0520/mode-exponential-0520-1.csv","/project/akaring/takeup-data/data/stan_analysis_data/main-core-exponential-cluster-weight-999/exponential-0520/compact-gq-exponential-0520-1.csv"
521,20261323,1,3.41643905639648,"/project/akaring/takeup-data/data/stan_analysis_data/main-core-exponential-cluster-weight-999-weights/exponential/weights-0521.csv","/project/akaring/takeup-data/data/stan_analysis_data/main-core-exponential-cluster-weight-999/exponential-0521/mode-exponential-0521-1.csv","/project/akaring/takeup-data/data/stan_analysis_data/main-core-exponential-cluster-weight-999/exponential-0521/compact-gq-exponential-0521-1.csv"
522,20261324,1,3.10184550285339,"/project/akaring/takeup-data/data/stan_analysis_data/main-core-exponential-cluster-weight-999-weights/exponential/weights-0522.csv","/project/akaring/takeup-data/data/stan_analysis_data/main-core-exponential-cluster-weight-999/exponential-0522/mode-exponential-0522-1.csv","/project/akaring/takeup-data/data/stan_analysis_data/main-core-exponential-cluster-weight-999/exponential-0522/compact-gq-exponential-0522-1.csv"
523,20261325,1,2.97220087051392,"/project/akaring/takeup-data/data/stan_analysis_data/main-core-exponential-cluster-weight-999-weights/exponential/weights-0523.csv","/project/akaring/takeup-data/data/stan_analysis_data/main-core-exponential-cluster-weight-999/exponential-0523/mode-exponential-0523-1.csv","/project/akaring/takeup-data/data/stan_analysis_data/main-core-exponential-cluster-weight-999/exponential-0523/compact-gq-exponential-0523-1.csv"
524,20261326,1,2.45242738723755,"/project/akaring/takeup-data/data/stan_analysis_data/main-core-exponential-cluster-weight-999-weights/exponential/weights-0524.csv","/project/akaring/takeup-data/data/stan_analysis_data/main-core-exponential-cluster-weight-999/exponential-0524/mode-exponential-0524-1.csv","/project/akaring/takeup-data/data/stan_analysis_data/main-core-exponential-cluster-weight-999/exponential-0524/compact-gq-exponential-0524-1.csv"
525,20261327,1,2.22224044799805,"/project/akaring/takeup-data/data/stan_analysis_data/main-core-exponential-cluster-weight-999-weights/exponential/weights-0525.csv","/project/akaring/takeup-data/data/stan_analysis_data/main-core-exponential-cluster-weight-999/exponential-0525/mode-exponential-0525-1.csv","/project/akaring/takeup-data/data/stan_analysis_data/main-core-exponential-cluster-weight-999/exponential-0525/compact-gq-exponential-0525-1.csv"
526,20261328,1,3.22104859352112,"/project/akaring/takeup-data/data/stan_analysis_data/main-core-exponential-cluster-weight-999-weights/exponential/weights-0526.csv","/project/akaring/takeup-data/data/stan_analysis_data/main-core-exponential-cluster-weight-999/exponential-0526/mode-exponential-0526-1.csv","/project/akaring/takeup-data/data/stan_analysis_data/main-core-exponential-cluster-weight-999/exponential-0526/compact-gq-exponential-0526-1.csv"
527,20261329,1,2.94833707809448,"/project/akaring/takeup-data/data/stan_analysis_data/main-core-exponential-cluster-weight-999-weights/exponential/weights-0527.csv","/project/akaring/takeup-data/data/stan_analysis_data/main-core-exponential-cluster-weight-999/exponential-0527/mode-exponential-0527-1.csv","/project/akaring/takeup-data/data/stan_analysis_data/main-core-exponential-cluster-weight-999/exponential-0527/compact-gq-exponential-0527-1.csv"
528,20261330,1,3.55494546890259,"/project/akaring/takeup-data/data/stan_analysis_data/main-core-exponential-cluster-weight-999-weights/exponential/weights-0528.csv","/project/akaring/takeup-data/data/stan_analysis_data/main-core-exponential-cluster-weight-999/exponential-0528/mode-exponential-0528-1.csv","/project/akaring/takeup-data/data/stan_analysis_data/main-core-exponential-cluster-weight-999/exponential-0528/compact-gq-exponential-0528-1.csv"
529,20261331,1,20.7375919818878,"/project/akaring/takeup-data/data/stan_analysis_data/main-core-exponential-cluster-weight-999-weights/exponential/weights-0529.csv","/project/akaring/takeup-data/data/stan_analysis_data/main-core-exponential-cluster-weight-999/exponential-0529/mode-exponential-0529-1.csv","/project/akaring/takeup-data/data/stan_analysis_data/main-core-exponential-cluster-weight-999/exponential-0529/compact-gq-exponential-0529-1.csv"
530,20261332,1,14.3914468288422,"/project/akaring/takeup-data/data/stan_analysis_data/main-core-exponential-cluster-weight-999-weights/exponential/weights-0530.csv","/project/akaring/takeup-data/data/stan_analysis_data/main-core-exponential-cluster-weight-999/exponential-0530/mode-exponential-0530-1.csv","/project/akaring/takeup-data/data/stan_analysis_data/main-core-exponential-cluster-weight-999/exponential-0530/compact-gq-exponential-0530-1.csv"
531,20261333,1,17.8264343738556,"/project/akaring/takeup-data/data/stan_analysis_data/main-core-exponential-cluster-weight-999-weights/exponential/weights-0531.csv","/project/akaring/takeup-data/data/stan_analysis_data/main-core-exponential-cluster-weight-999/exponential-0531/mode-exponential-0531-1.csv","/project/akaring/takeup-data/data/stan_analysis_data/main-core-exponential-cluster-weight-999/exponential-0531/compact-gq-exponential-0531-1.csv"
532,20261334,1,14.3918356895447,"/project/akaring/takeup-data/data/stan_analysis_data/main-core-exponential-cluster-weight-999-weights/exponential/weights-0532.csv","/project/akaring/takeup-data/data/stan_analysis_data/main-core-exponential-cluster-weight-999/exponential-0532/mode-exponential-0532-1.csv","/project/akaring/takeup-data/data/stan_analysis_data/main-core-exponential-cluster-weight-999/exponential-0532/compact-gq-exponential-0532-1.csv"
533,20261335,1,2.95314025878906,"/project/akaring/takeup-data/data/stan_analysis_data/main-core-exponential-cluster-weight-999-weights/exponential/weights-0533.csv","/project/akaring/takeup-data/data/stan_analysis_data/main-core-exponential-cluster-weight-999/exponential-0533/mode-exponential-0533-1.csv","/project/akaring/takeup-data/data/stan_analysis_data/main-core-exponential-cluster-weight-999/exponential-0533/compact-gq-exponential-0533-1.csv"
534,20261336,1,2.35040497779846,"/project/akaring/takeup-data/data/stan_analysis_data/main-core-exponential-cluster-weight-999-weights/exponential/weights-0534.csv","/project/akaring/takeup-data/data/stan_analysis_data/main-core-exponential-cluster-weight-999/exponential-0534/mode-exponential-0534-1.csv","/project/akaring/takeup-data/data/stan_analysis_data/main-core-exponential-cluster-weight-999/exponential-0534/compact-gq-exponential-0534-1.csv"
535,20261337,1,13.1661567687988,"/project/akaring/takeup-data/data/stan_analysis_data/main-core-exponential-cluster-weight-999-weights/exponential/weights-0535.csv","/project/akaring/takeup-data/data/stan_analysis_data/main-core-exponential-cluster-weight-999/exponential-0535/mode-exponential-0535-1.csv","/project/akaring/takeup-data/data/stan_analysis_data/main-core-exponential-cluster-weight-999/exponential-0535/compact-gq-exponential-0535-1.csv"
536,20261338,1,2.88542509078979,"/project/akaring/takeup-data/data/stan_analysis_data/main-core-exponential-cluster-weight-999-weights/exponential/weights-0536.csv","/project/akaring/takeup-data/data/stan_analysis_data/main-core-exponential-cluster-weight-999/exponential-0536/mode-exponential-0536-1.csv","/project/akaring/takeup-data/data/stan_analysis_data/main-core-exponential-cluster-weight-999/exponential-0536/compact-gq-exponential-0536-1.csv"
537,20261339,1,3.50534415245056,"/project/akaring/takeup-data/data/stan_analysis_data/main-core-exponential-cluster-weight-999-weights/exponential/weights-0537.csv","/project/akaring/takeup-data/data/stan_analysis_data/main-core-exponential-cluster-weight-999/exponential-0537/mode-exponential-0537-1.csv","/project/akaring/takeup-data/data/stan_analysis_data/main-core-exponential-cluster-weight-999/exponential-0537/compact-gq-exponential-0537-1.csv"
538,20261340,1,2.11156964302063,"/project/akaring/takeup-data/data/stan_analysis_data/main-core-exponential-cluster-weight-999-weights/exponential/weights-0538.csv","/project/akaring/takeup-data/data/stan_analysis_data/main-core-exponential-cluster-weight-999/exponential-0538/mode-exponential-0538-1.csv","/project/akaring/takeup-data/data/stan_analysis_data/main-core-exponential-cluster-weight-999/exponential-0538/compact-gq-exponential-0538-1.csv"
539,20261341,1,2.99280858039856,"/project/akaring/takeup-data/data/stan_analysis_data/main-core-exponential-cluster-weight-999-weights/exponential/weights-0539.csv","/project/akaring/takeup-data/data/stan_analysis_data/main-core-exponential-cluster-weight-999/exponential-0539/mode-exponential-0539-1.csv","/project/akaring/takeup-data/data/stan_analysis_data/main-core-exponential-cluster-weight-999/exponential-0539/compact-gq-exponential-0539-1.csv"
540,20261342,1,2.79899263381958,"/project/akaring/takeup-data/data/stan_analysis_data/main-core-exponential-cluster-weight-999-weights/exponential/weights-0540.csv","/project/akaring/takeup-data/data/stan_analysis_data/main-core-exponential-cluster-weight-999/exponential-0540/mode-exponential-0540-1.csv","/project/akaring/takeup-data/data/stan_analysis_data/main-core-exponential-cluster-weight-999/exponential-0540/compact-gq-exponential-0540-1.csv"
541,20261343,1,2.87496113777161,"/project/akaring/takeup-data/data/stan_analysis_data/main-core-exponential-cluster-weight-999-weights/exponential/weights-0541.csv","/project/akaring/takeup-data/data/stan_analysis_data/main-core-exponential-cluster-weight-999/exponential-0541/mode-exponential-0541-1.csv","/project/akaring/takeup-data/data/stan_analysis_data/main-core-exponential-cluster-weight-999/exponential-0541/compact-gq-exponential-0541-1.csv"
542,20261344,1,5.63270950317383,"/project/akaring/takeup-data/data/stan_analysis_data/main-core-exponential-cluster-weight-999-weights/exponential/weights-0542.csv","/project/akaring/takeup-data/data/stan_analysis_data/main-core-exponential-cluster-weight-999/exponential-0542/mode-exponential-0542-1.csv","/project/akaring/takeup-data/data/stan_analysis_data/main-core-exponential-cluster-weight-999/exponential-0542/compact-gq-exponential-0542-1.csv"
543,20261345,1,3.0825719833374,"/project/akaring/takeup-data/data/stan_analysis_data/main-core-exponential-cluster-weight-999-weights/exponential/weights-0543.csv","/project/akaring/takeup-data/data/stan_analysis_data/main-core-exponential-cluster-weight-999/exponential-0543/mode-exponential-0543-1.csv","/project/akaring/takeup-data/data/stan_analysis_data/main-core-exponential-cluster-weight-999/exponential-0543/compact-gq-exponential-0543-1.csv"
544,20261346,1,3.99173402786255,"/project/akaring/takeup-data/data/stan_analysis_data/main-core-exponential-cluster-weight-999-weights/exponential/weights-0544.csv","/project/akaring/takeup-data/data/stan_analysis_data/main-core-exponential-cluster-weight-999/exponential-0544/mode-exponential-0544-1.csv","/project/akaring/takeup-data/data/stan_analysis_data/main-core-exponential-cluster-weight-999/exponential-0544/compact-gq-exponential-0544-1.csv"
545,20261347,1,3.17629504203796,"/project/akaring/takeup-data/data/stan_analysis_data/main-core-exponential-cluster-weight-999-weights/exponential/weights-0545.csv","/project/akaring/takeup-data/data/stan_analysis_data/main-core-exponential-cluster-weight-999/exponential-0545/mode-exponential-0545-1.csv","/project/akaring/takeup-data/data/stan_analysis_data/main-core-exponential-cluster-weight-999/exponential-0545/compact-gq-exponential-0545-1.csv"
546,20261348,1,5.09514927864075,"/project/akaring/takeup-data/data/stan_analysis_data/main-core-exponential-cluster-weight-999-weights/exponential/weights-0546.csv","/project/akaring/takeup-data/data/stan_analysis_data/main-core-exponential-cluster-weight-999/exponential-0546/mode-exponential-0546-1.csv","/project/akaring/takeup-data/data/stan_analysis_data/main-core-exponential-cluster-weight-999/exponential-0546/compact-gq-exponential-0546-1.csv"
547,20261349,1,5.97326445579529,"/project/akaring/takeup-data/data/stan_analysis_data/main-core-exponential-cluster-weight-999-weights/exponential/weights-0547.csv","/project/akaring/takeup-data/data/stan_analysis_data/main-core-exponential-cluster-weight-999/exponential-0547/mode-exponential-0547-1.csv","/project/akaring/takeup-data/data/stan_analysis_data/main-core-exponential-cluster-weight-999/exponential-0547/compact-gq-exponential-0547-1.csv"
548,20261350,1,3.06014060974121,"/project/akaring/takeup-data/data/stan_analysis_data/main-core-exponential-cluster-weight-999-weights/exponential/weights-0548.csv","/project/akaring/takeup-data/data/stan_analysis_data/main-core-exponential-cluster-weight-999/exponential-0548/mode-exponential-0548-1.csv","/project/akaring/takeup-data/data/stan_analysis_data/main-core-exponential-cluster-weight-999/exponential-0548/compact-gq-exponential-0548-1.csv"
549,20261351,1,2.46103119850159,"/project/akaring/takeup-data/data/stan_analysis_data/main-core-exponential-cluster-weight-999-weights/exponential/weights-0549.csv","/project/akaring/takeup-data/data/stan_analysis_data/main-core-exponential-cluster-weight-999/exponential-0549/mode-exponential-0549-1.csv","/project/akaring/takeup-data/data/stan_analysis_data/main-core-exponential-cluster-weight-999/exponential-0549/compact-gq-exponential-0549-1.csv"
550,20261352,1,5.30410647392273,"/project/akaring/takeup-data/data/stan_analysis_data/main-core-exponential-cluster-weight-999-weights/exponential/weights-0550.csv","/project/akaring/takeup-data/data/stan_analysis_data/main-core-exponential-cluster-weight-999/exponential-0550/mode-exponential-0550-1.csv","/project/akaring/takeup-data/data/stan_analysis_data/main-core-exponential-cluster-weight-999/exponential-0550/compact-gq-exponential-0550-1.csv"
551,20261353,1,5.51510310173035,"/project/akaring/takeup-data/data/stan_analysis_data/main-core-exponential-cluster-weight-999-weights/exponential/weights-0551.csv","/project/akaring/takeup-data/data/stan_analysis_data/main-core-exponential-cluster-weight-999/exponential-0551/mode-exponential-0551-1.csv","/project/akaring/takeup-data/data/stan_analysis_data/main-core-exponential-cluster-weight-999/exponential-0551/compact-gq-exponential-0551-1.csv"
552,20261354,1,4.96742463111877,"/project/akaring/takeup-data/data/stan_analysis_data/main-core-exponential-cluster-weight-999-weights/exponential/weights-0552.csv","/project/akaring/takeup-data/data/stan_analysis_data/main-core-exponential-cluster-weight-999/exponential-0552/mode-exponential-0552-1.csv","/project/akaring/takeup-data/data/stan_analysis_data/main-core-exponential-cluster-weight-999/exponential-0552/compact-gq-exponential-0552-1.csv"
553,20261355,1,4.12827014923096,"/project/akaring/takeup-data/data/stan_analysis_data/main-core-exponential-cluster-weight-999-weights/exponential/weights-0553.csv","/project/akaring/takeup-data/data/stan_analysis_data/main-core-exponential-cluster-weight-999/exponential-0553/mode-exponential-0553-1.csv","/project/akaring/takeup-data/data/stan_analysis_data/main-core-exponential-cluster-weight-999/exponential-0553/compact-gq-exponential-0553-1.csv"
554,20261356,1,4.28973174095154,"/project/akaring/takeup-data/data/stan_analysis_data/main-core-exponential-cluster-weight-999-weights/exponential/weights-0554.csv","/project/akaring/takeup-data/data/stan_analysis_data/main-core-exponential-cluster-weight-999/exponential-0554/mode-exponential-0554-1.csv","/project/akaring/takeup-data/data/stan_analysis_data/main-core-exponential-cluster-weight-999/exponential-0554/compact-gq-exponential-0554-1.csv"
555,20261357,1,4.38206672668457,"/project/akaring/takeup-data/data/stan_analysis_data/main-core-exponential-cluster-weight-999-weights/exponential/weights-0555.csv","/project/akaring/takeup-data/data/stan_analysis_data/main-core-exponential-cluster-weight-999/exponential-0555/mode-exponential-0555-1.csv","/project/akaring/takeup-data/data/stan_analysis_data/main-core-exponential-cluster-weight-999/exponential-0555/compact-gq-exponential-0555-1.csv"
556,20261358,1,2.40273499488831,"/project/akaring/takeup-data/data/stan_analysis_data/main-core-exponential-cluster-weight-999-weights/exponential/weights-0556.csv","/project/akaring/takeup-data/data/stan_analysis_data/main-core-exponential-cluster-weight-999/exponential-0556/mode-exponential-0556-1.csv","/project/akaring/takeup-data/data/stan_analysis_data/main-core-exponential-cluster-weight-999/exponential-0556/compact-gq-exponential-0556-1.csv"
557,20261359,1,1.82545018196106,"/project/akaring/takeup-data/data/stan_analysis_data/main-core-exponential-cluster-weight-999-weights/exponential/weights-0557.csv","/project/akaring/takeup-data/data/stan_analysis_data/main-core-exponential-cluster-weight-999/exponential-0557/mode-exponential-0557-1.csv","/project/akaring/takeup-data/data/stan_analysis_data/main-core-exponential-cluster-weight-999/exponential-0557/compact-gq-exponential-0557-1.csv"
558,20261360,1,3.8803927898407,"/project/akaring/takeup-data/data/stan_analysis_data/main-core-exponential-cluster-weight-999-weights/exponential/weights-0558.csv","/project/akaring/takeup-data/data/stan_analysis_data/main-core-exponential-cluster-weight-999/exponential-0558/mode-exponential-0558-1.csv","/project/akaring/takeup-data/data/stan_analysis_data/main-core-exponential-cluster-weight-999/exponential-0558/compact-gq-exponential-0558-1.csv"
559,20261361,1,3.27765202522278,"/project/akaring/takeup-data/data/stan_analysis_data/main-core-exponential-cluster-weight-999-weights/exponential/weights-0559.csv","/project/akaring/takeup-data/data/stan_analysis_data/main-core-exponential-cluster-weight-999/exponential-0559/mode-exponential-0559-1.csv","/project/akaring/takeup-data/data/stan_analysis_data/main-core-exponential-cluster-weight-999/exponential-0559/compact-gq-exponential-0559-1.csv"
560,20261362,1,6.66015529632568,"/project/akaring/takeup-data/data/stan_analysis_data/main-core-exponential-cluster-weight-999-weights/exponential/weights-0560.csv","/project/akaring/takeup-data/data/stan_analysis_data/main-core-exponential-cluster-weight-999/exponential-0560/mode-exponential-0560-1.csv","/project/akaring/takeup-data/data/stan_analysis_data/main-core-exponential-cluster-weight-999/exponential-0560/compact-gq-exponential-0560-1.csv"
561,20261363,1,4.15599918365479,"/project/akaring/takeup-data/data/stan_analysis_data/main-core-exponential-cluster-weight-999-weights/exponential/weights-0561.csv","/project/akaring/takeup-data/data/stan_analysis_data/main-core-exponential-cluster-weight-999/exponential-0561/mode-exponential-0561-1.csv","/project/akaring/takeup-data/data/stan_analysis_data/main-core-exponential-cluster-weight-999/exponential-0561/compact-gq-exponential-0561-1.csv"
562,20261364,1,3.54048728942871,"/project/akaring/takeup-data/data/stan_analysis_data/main-core-exponential-cluster-weight-999-weights/exponential/weights-0562.csv","/project/akaring/takeup-data/data/stan_analysis_data/main-core-exponential-cluster-weight-999/exponential-0562/mode-exponential-0562-1.csv","/project/akaring/takeup-data/data/stan_analysis_data/main-core-exponential-cluster-weight-999/exponential-0562/compact-gq-exponential-0562-1.csv"
563,20261365,1,3.30102610588074,"/project/akaring/takeup-data/data/stan_analysis_data/main-core-exponential-cluster-weight-999-weights/exponential/weights-0563.csv","/project/akaring/takeup-data/data/stan_analysis_data/main-core-exponential-cluster-weight-999/exponential-0563/mode-exponential-0563-1.csv","/project/akaring/takeup-data/data/stan_analysis_data/main-core-exponential-cluster-weight-999/exponential-0563/compact-gq-exponential-0563-1.csv"
564,20261366,1,3.47725462913513,"/project/akaring/takeup-data/data/stan_analysis_data/main-core-exponential-cluster-weight-999-weights/exponential/weights-0564.csv","/project/akaring/takeup-data/data/stan_analysis_data/main-core-exponential-cluster-weight-999/exponential-0564/mode-exponential-0564-1.csv","/project/akaring/takeup-data/data/stan_analysis_data/main-core-exponential-cluster-weight-999/exponential-0564/compact-gq-exponential-0564-1.csv"
565,20261367,1,9.19226741790771,"/project/akaring/takeup-data/data/stan_analysis_data/main-core-exponential-cluster-weight-999-weights/exponential/weights-0565.csv","/project/akaring/takeup-data/data/stan_analysis_data/main-core-exponential-cluster-weight-999/exponential-0565/mode-exponential-0565-1.csv","/project/akaring/takeup-data/data/stan_analysis_data/main-core-exponential-cluster-weight-999/exponential-0565/compact-gq-exponential-0565-1.csv"
566,20261368,1,1.80881500244141,"/project/akaring/takeup-data/data/stan_analysis_data/main-core-exponential-cluster-weight-999-weights/exponential/weights-0566.csv","/project/akaring/takeup-data/data/stan_analysis_data/main-core-exponential-cluster-weight-999/exponential-0566/mode-exponential-0566-1.csv","/project/akaring/takeup-data/data/stan_analysis_data/main-core-exponential-cluster-weight-999/exponential-0566/compact-gq-exponential-0566-1.csv"
567,20261369,1,23.3158745765686,"/project/akaring/takeup-data/data/stan_analysis_data/main-core-exponential-cluster-weight-999-weights/exponential/weights-0567.csv","/project/akaring/takeup-data/data/stan_analysis_data/main-core-exponential-cluster-weight-999/exponential-0567/mode-exponential-0567-1.csv","/project/akaring/takeup-data/data/stan_analysis_data/main-core-exponential-cluster-weight-999/exponential-0567/compact-gq-exponential-0567-1.csv"
568,20261370,1,1.86149621009827,"/project/akaring/takeup-data/data/stan_analysis_data/main-core-exponential-cluster-weight-999-weights/exponential/weights-0568.csv","/project/akaring/takeup-data/data/stan_analysis_data/main-core-exponential-cluster-weight-999/exponential-0568/mode-exponential-0568-1.csv","/project/akaring/takeup-data/data/stan_analysis_data/main-core-exponential-cluster-weight-999/exponential-0568/compact-gq-exponential-0568-1.csv"
569,20261371,1,2.77945065498352,"/project/akaring/takeup-data/data/stan_analysis_data/main-core-exponential-cluster-weight-999-weights/exponential/weights-0569.csv","/project/akaring/takeup-data/data/stan_analysis_data/main-core-exponential-cluster-weight-999/exponential-0569/mode-exponential-0569-1.csv","/project/akaring/takeup-data/data/stan_analysis_data/main-core-exponential-cluster-weight-999/exponential-0569/compact-gq-exponential-0569-1.csv"
570,20261372,1,4.22754883766174,"/project/akaring/takeup-data/data/stan_analysis_data/main-core-exponential-cluster-weight-999-weights/exponential/weights-0570.csv","/project/akaring/takeup-data/data/stan_analysis_data/main-core-exponential-cluster-weight-999/exponential-0570/mode-exponential-0570-1.csv","/project/akaring/takeup-data/data/stan_analysis_data/main-core-exponential-cluster-weight-999/exponential-0570/compact-gq-exponential-0570-1.csv"
571,20261373,1,2.57470655441284,"/project/akaring/takeup-data/data/stan_analysis_data/main-core-exponential-cluster-weight-999-weights/exponential/weights-0571.csv","/project/akaring/takeup-data/data/stan_analysis_data/main-core-exponential-cluster-weight-999/exponential-0571/mode-exponential-0571-1.csv","/project/akaring/takeup-data/data/stan_analysis_data/main-core-exponential-cluster-weight-999/exponential-0571/compact-gq-exponential-0571-1.csv"
572,20261374,1,3.58468127250671,"/project/akaring/takeup-data/data/stan_analysis_data/main-core-exponential-cluster-weight-999-weights/exponential/weights-0572.csv","/project/akaring/takeup-data/data/stan_analysis_data/main-core-exponential-cluster-weight-999/exponential-0572/mode-exponential-0572-1.csv","/project/akaring/takeup-data/data/stan_analysis_data/main-core-exponential-cluster-weight-999/exponential-0572/compact-gq-exponential-0572-1.csv"
573,20261375,1,2.87476921081543,"/project/akaring/takeup-data/data/stan_analysis_data/main-core-exponential-cluster-weight-999-weights/exponential/weights-0573.csv","/project/akaring/takeup-data/data/stan_analysis_data/main-core-exponential-cluster-weight-999/exponential-0573/mode-exponential-0573-1.csv","/project/akaring/takeup-data/data/stan_analysis_data/main-core-exponential-cluster-weight-999/exponential-0573/compact-gq-exponential-0573-1.csv"
574,20261376,1,2.67272663116455,"/project/akaring/takeup-data/data/stan_analysis_data/main-core-exponential-cluster-weight-999-weights/exponential/weights-0574.csv","/project/akaring/takeup-data/data/stan_analysis_data/main-core-exponential-cluster-weight-999/exponential-0574/mode-exponential-0574-1.csv","/project/akaring/takeup-data/data/stan_analysis_data/main-core-exponential-cluster-weight-999/exponential-0574/compact-gq-exponential-0574-1.csv"
575,20261377,1,3.95521211624146,"/project/akaring/takeup-data/data/stan_analysis_data/main-core-exponential-cluster-weight-999-weights/exponential/weights-0575.csv","/project/akaring/takeup-data/data/stan_analysis_data/main-core-exponential-cluster-weight-999/exponential-0575/mode-exponential-0575-1.csv","/project/akaring/takeup-data/data/stan_analysis_data/main-core-exponential-cluster-weight-999/exponential-0575/compact-gq-exponential-0575-1.csv"
576,20261378,1,3.11512231826782,"/project/akaring/takeup-data/data/stan_analysis_data/main-core-exponential-cluster-weight-999-weights/exponential/weights-0576.csv","/project/akaring/takeup-data/data/stan_analysis_data/main-core-exponential-cluster-weight-999/exponential-0576/mode-exponential-0576-1.csv","/project/akaring/takeup-data/data/stan_analysis_data/main-core-exponential-cluster-weight-999/exponential-0576/compact-gq-exponential-0576-1.csv"
577,20261379,1,2.85882163047791,"/project/akaring/takeup-data/data/stan_analysis_data/main-core-exponential-cluster-weight-999-weights/exponential/weights-0577.csv","/project/akaring/takeup-data/data/stan_analysis_data/main-core-exponential-cluster-weight-999/exponential-0577/mode-exponential-0577-1.csv","/project/akaring/takeup-data/data/stan_analysis_data/main-core-exponential-cluster-weight-999/exponential-0577/compact-gq-exponential-0577-1.csv"
578,20261380,1,3.29535579681396,"/project/akaring/takeup-data/data/stan_analysis_data/main-core-exponential-cluster-weight-999-weights/exponential/weights-0578.csv","/project/akaring/takeup-data/data/stan_analysis_data/main-core-exponential-cluster-weight-999/exponential-0578/mode-exponential-0578-1.csv","/project/akaring/takeup-data/data/stan_analysis_data/main-core-exponential-cluster-weight-999/exponential-0578/compact-gq-exponential-0578-1.csv"
579,20261381,1,6.52463150024414,"/project/akaring/takeup-data/data/stan_analysis_data/main-core-exponential-cluster-weight-999-weights/exponential/weights-0579.csv","/project/akaring/takeup-data/data/stan_analysis_data/main-core-exponential-cluster-weight-999/exponential-0579/mode-exponential-0579-1.csv","/project/akaring/takeup-data/data/stan_analysis_data/main-core-exponential-cluster-weight-999/exponential-0579/compact-gq-exponential-0579-1.csv"
580,20261382,1,4.423583984375,"/project/akaring/takeup-data/data/stan_analysis_data/main-core-exponential-cluster-weight-999-weights/exponential/weights-0580.csv","/project/akaring/takeup-data/data/stan_analysis_data/main-core-exponential-cluster-weight-999/exponential-0580/mode-exponential-0580-1.csv","/project/akaring/takeup-data/data/stan_analysis_data/main-core-exponential-cluster-weight-999/exponential-0580/compact-gq-exponential-0580-1.csv"
581,20261383,1,3.35906386375427,"/project/akaring/takeup-data/data/stan_analysis_data/main-core-exponential-cluster-weight-999-weights/exponential/weights-0581.csv","/project/akaring/takeup-data/data/stan_analysis_data/main-core-exponential-cluster-weight-999/exponential-0581/mode-exponential-0581-1.csv","/project/akaring/takeup-data/data/stan_analysis_data/main-core-exponential-cluster-weight-999/exponential-0581/compact-gq-exponential-0581-1.csv"
582,20261384,1,5.67769813537598,"/project/akaring/takeup-data/data/stan_analysis_data/main-core-exponential-cluster-weight-999-weights/exponential/weights-0582.csv","/project/akaring/takeup-data/data/stan_analysis_data/main-core-exponential-cluster-weight-999/exponential-0582/mode-exponential-0582-1.csv","/project/akaring/takeup-data/data/stan_analysis_data/main-core-exponential-cluster-weight-999/exponential-0582/compact-gq-exponential-0582-1.csv"
583,20261385,1,4.14621806144714,"/project/akaring/takeup-data/data/stan_analysis_data/main-core-exponential-cluster-weight-999-weights/exponential/weights-0583.csv","/project/akaring/takeup-data/data/stan_analysis_data/main-core-exponential-cluster-weight-999/exponential-0583/mode-exponential-0583-1.csv","/project/akaring/takeup-data/data/stan_analysis_data/main-core-exponential-cluster-weight-999/exponential-0583/compact-gq-exponential-0583-1.csv"
584,20261386,1,3.79776239395142,"/project/akaring/takeup-data/data/stan_analysis_data/main-core-exponential-cluster-weight-999-weights/exponential/weights-0584.csv","/project/akaring/takeup-data/data/stan_analysis_data/main-core-exponential-cluster-weight-999/exponential-0584/mode-exponential-0584-1.csv","/project/akaring/takeup-data/data/stan_analysis_data/main-core-exponential-cluster-weight-999/exponential-0584/compact-gq-exponential-0584-1.csv"
585,20261387,1,3.05689311027527,"/project/akaring/takeup-data/data/stan_analysis_data/main-core-exponential-cluster-weight-999-weights/exponential/weights-0585.csv","/project/akaring/takeup-data/data/stan_analysis_data/main-core-exponential-cluster-weight-999/exponential-0585/mode-exponential-0585-1.csv","/project/akaring/takeup-data/data/stan_analysis_data/main-core-exponential-cluster-weight-999/exponential-0585/compact-gq-exponential-0585-1.csv"
586,20261388,1,4.41975975036621,"/project/akaring/takeup-data/data/stan_analysis_data/main-core-exponential-cluster-weight-999-weights/exponential/weights-0586.csv","/project/akaring/takeup-data/data/stan_analysis_data/main-core-exponential-cluster-weight-999/exponential-0586/mode-exponential-0586-1.csv","/project/akaring/takeup-data/data/stan_analysis_data/main-core-exponential-cluster-weight-999/exponential-0586/compact-gq-exponential-0586-1.csv"
587,20261389,1,7.52859473228455,"/project/akaring/takeup-data/data/stan_analysis_data/main-core-exponential-cluster-weight-999-weights/exponential/weights-0587.csv","/project/akaring/takeup-data/data/stan_analysis_data/main-core-exponential-cluster-weight-999/exponential-0587/mode-exponential-0587-1.csv","/project/akaring/takeup-data/data/stan_analysis_data/main-core-exponential-cluster-weight-999/exponential-0587/compact-gq-exponential-0587-1.csv"
588,20261390,1,3.19230580329895,"/project/akaring/takeup-data/data/stan_analysis_data/main-core-exponential-cluster-weight-999-weights/exponential/weights-0588.csv","/project/akaring/takeup-data/data/stan_analysis_data/main-core-exponential-cluster-weight-999/exponential-0588/mode-exponential-0588-1.csv","/project/akaring/takeup-data/data/stan_analysis_data/main-core-exponential-cluster-weight-999/exponential-0588/compact-gq-exponential-0588-1.csv"
589,20261391,1,5.30601119995117,"/project/akaring/takeup-data/data/stan_analysis_data/main-core-exponential-cluster-weight-999-weights/exponential/weights-0589.csv","/project/akaring/takeup-data/data/stan_analysis_data/main-core-exponential-cluster-weight-999/exponential-0589/mode-exponential-0589-1.csv","/project/akaring/takeup-data/data/stan_analysis_data/main-core-exponential-cluster-weight-999/exponential-0589/compact-gq-exponential-0589-1.csv"
590,20261392,1,2.03122472763062,"/project/akaring/takeup-data/data/stan_analysis_data/main-core-exponential-cluster-weight-999-weights/exponential/weights-0590.csv","/project/akaring/takeup-data/data/stan_analysis_data/main-core-exponential-cluster-weight-999/exponential-0590/mode-exponential-0590-1.csv","/project/akaring/takeup-data/data/stan_analysis_data/main-core-exponential-cluster-weight-999/exponential-0590/compact-gq-exponential-0590-1.csv"
591,20261393,1,4.88095140457153,"/project/akaring/takeup-data/data/stan_analysis_data/main-core-exponential-cluster-weight-999-weights/exponential/weights-0591.csv","/project/akaring/takeup-data/data/stan_analysis_data/main-core-exponential-cluster-weight-999/exponential-0591/mode-exponential-0591-1.csv","/project/akaring/takeup-data/data/stan_analysis_data/main-core-exponential-cluster-weight-999/exponential-0591/compact-gq-exponential-0591-1.csv"
592,20261394,1,6.50737023353577,"/project/akaring/takeup-data/data/stan_analysis_data/main-core-exponential-cluster-weight-999-weights/exponential/weights-0592.csv","/project/akaring/takeup-data/data/stan_analysis_data/main-core-exponential-cluster-weight-999/exponential-0592/mode-exponential-0592-1.csv","/project/akaring/takeup-data/data/stan_analysis_data/main-core-exponential-cluster-weight-999/exponential-0592/compact-gq-exponential-0592-1.csv"
593,20261395,1,3.47551417350769,"/project/akaring/takeup-data/data/stan_analysis_data/main-core-exponential-cluster-weight-999-weights/exponential/weights-0593.csv","/project/akaring/takeup-data/data/stan_analysis_data/main-core-exponential-cluster-weight-999/exponential-0593/mode-exponential-0593-1.csv","/project/akaring/takeup-data/data/stan_analysis_data/main-core-exponential-cluster-weight-999/exponential-0593/compact-gq-exponential-0593-1.csv"
594,20261396,1,1.96932029724121,"/project/akaring/takeup-data/data/stan_analysis_data/main-core-exponential-cluster-weight-999-weights/exponential/weights-0594.csv","/project/akaring/takeup-data/data/stan_analysis_data/main-core-exponential-cluster-weight-999/exponential-0594/mode-exponential-0594-1.csv","/project/akaring/takeup-data/data/stan_analysis_data/main-core-exponential-cluster-weight-999/exponential-0594/compact-gq-exponential-0594-1.csv"
595,20261397,1,4.62613463401794,"/project/akaring/takeup-data/data/stan_analysis_data/main-core-exponential-cluster-weight-999-weights/exponential/weights-0595.csv","/project/akaring/takeup-data/data/stan_analysis_data/main-core-exponential-cluster-weight-999/exponential-0595/mode-exponential-0595-1.csv","/project/akaring/takeup-data/data/stan_analysis_data/main-core-exponential-cluster-weight-999/exponential-0595/compact-gq-exponential-0595-1.csv"
596,20261398,1,4.61950826644897,"/project/akaring/takeup-data/data/stan_analysis_data/main-core-exponential-cluster-weight-999-weights/exponential/weights-0596.csv","/project/akaring/takeup-data/data/stan_analysis_data/main-core-exponential-cluster-weight-999/exponential-0596/mode-exponential-0596-1.csv","/project/akaring/takeup-data/data/stan_analysis_data/main-core-exponential-cluster-weight-999/exponential-0596/compact-gq-exponential-0596-1.csv"
597,20261399,1,1.84481978416443,"/project/akaring/takeup-data/data/stan_analysis_data/main-core-exponential-cluster-weight-999-weights/exponential/weights-0597.csv","/project/akaring/takeup-data/data/stan_analysis_data/main-core-exponential-cluster-weight-999/exponential-0597/mode-exponential-0597-1.csv","/project/akaring/takeup-data/data/stan_analysis_data/main-core-exponential-cluster-weight-999/exponential-0597/compact-gq-exponential-0597-1.csv"
598,20261400,1,3.11655616760254,"/project/akaring/takeup-data/data/stan_analysis_data/main-core-exponential-cluster-weight-999-weights/exponential/weights-0598.csv","/project/akaring/takeup-data/data/stan_analysis_data/main-core-exponential-cluster-weight-999/exponential-0598/mode-exponential-0598-1.csv","/project/akaring/takeup-data/data/stan_analysis_data/main-core-exponential-cluster-weight-999/exponential-0598/compact-gq-exponential-0598-1.csv"
599,20261401,1,5.59288620948792,"/project/akaring/takeup-data/data/stan_analysis_data/main-core-exponential-cluster-weight-999-weights/exponential/weights-0599.csv","/project/akaring/takeup-data/data/stan_analysis_data/main-core-exponential-cluster-weight-999/exponential-0599/mode-exponential-0599-1.csv","/project/akaring/takeup-data/data/stan_analysis_data/main-core-exponential-cluster-weight-999/exponential-0599/compact-gq-exponential-0599-1.csv"
600,20261402,1,5.74679923057556,"/project/akaring/takeup-data/data/stan_analysis_data/main-core-exponential-cluster-weight-999-weights/exponential/weights-0600.csv","/project/akaring/takeup-data/data/stan_analysis_data/main-core-exponential-cluster-weight-999/exponential-0600/mode-exponential-0600-1.csv","/project/akaring/takeup-data/data/stan_analysis_data/main-core-exponential-cluster-weight-999/exponential-0600/compact-gq-exponential-0600-1.csv"
601,20261403,1,2.41435122489929,"/project/akaring/takeup-data/data/stan_analysis_data/main-core-exponential-cluster-weight-999-weights/exponential/weights-0601.csv","/project/akaring/takeup-data/data/stan_analysis_data/main-core-exponential-cluster-weight-999/exponential-0601/mode-exponential-0601-1.csv","/project/akaring/takeup-data/data/stan_analysis_data/main-core-exponential-cluster-weight-999/exponential-0601/compact-gq-exponential-0601-1.csv"
602,20261404,1,4.03189516067505,"/project/akaring/takeup-data/data/stan_analysis_data/main-core-exponential-cluster-weight-999-weights/exponential/weights-0602.csv","/project/akaring/takeup-data/data/stan_analysis_data/main-core-exponential-cluster-weight-999/exponential-0602/mode-exponential-0602-1.csv","/project/akaring/takeup-data/data/stan_analysis_data/main-core-exponential-cluster-weight-999/exponential-0602/compact-gq-exponential-0602-1.csv"
603,20261405,1,5.72796678543091,"/project/akaring/takeup-data/data/stan_analysis_data/main-core-exponential-cluster-weight-999-weights/exponential/weights-0603.csv","/project/akaring/takeup-data/data/stan_analysis_data/main-core-exponential-cluster-weight-999/exponential-0603/mode-exponential-0603-1.csv","/project/akaring/takeup-data/data/stan_analysis_data/main-core-exponential-cluster-weight-999/exponential-0603/compact-gq-exponential-0603-1.csv"
604,20261406,1,3.68250727653503,"/project/akaring/takeup-data/data/stan_analysis_data/main-core-exponential-cluster-weight-999-weights/exponential/weights-0604.csv","/project/akaring/takeup-data/data/stan_analysis_data/main-core-exponential-cluster-weight-999/exponential-0604/mode-exponential-0604-1.csv","/project/akaring/takeup-data/data/stan_analysis_data/main-core-exponential-cluster-weight-999/exponential-0604/compact-gq-exponential-0604-1.csv"
605,20261407,1,8.36716556549072,"/project/akaring/takeup-data/data/stan_analysis_data/main-core-exponential-cluster-weight-999-weights/exponential/weights-0605.csv","/project/akaring/takeup-data/data/stan_analysis_data/main-core-exponential-cluster-weight-999/exponential-0605/mode-exponential-0605-1.csv","/project/akaring/takeup-data/data/stan_analysis_data/main-core-exponential-cluster-weight-999/exponential-0605/compact-gq-exponential-0605-1.csv"
606,20261408,1,13.0649201869965,"/project/akaring/takeup-data/data/stan_analysis_data/main-core-exponential-cluster-weight-999-weights/exponential/weights-0606.csv","/project/akaring/takeup-data/data/stan_analysis_data/main-core-exponential-cluster-weight-999/exponential-0606/mode-exponential-0606-1.csv","/project/akaring/takeup-data/data/stan_analysis_data/main-core-exponential-cluster-weight-999/exponential-0606/compact-gq-exponential-0606-1.csv"
607,20261409,1,3.28033995628357,"/project/akaring/takeup-data/data/stan_analysis_data/main-core-exponential-cluster-weight-999-weights/exponential/weights-0607.csv","/project/akaring/takeup-data/data/stan_analysis_data/main-core-exponential-cluster-weight-999/exponential-0607/mode-exponential-0607-1.csv","/project/akaring/takeup-data/data/stan_analysis_data/main-core-exponential-cluster-weight-999/exponential-0607/compact-gq-exponential-0607-1.csv"
608,20261410,1,3.91415977478027,"/project/akaring/takeup-data/data/stan_analysis_data/main-core-exponential-cluster-weight-999-weights/exponential/weights-0608.csv","/project/akaring/takeup-data/data/stan_analysis_data/main-core-exponential-cluster-weight-999/exponential-0608/mode-exponential-0608-1.csv","/project/akaring/takeup-data/data/stan_analysis_data/main-core-exponential-cluster-weight-999/exponential-0608/compact-gq-exponential-0608-1.csv"
609,20261411,1,14.7247219085693,"/project/akaring/takeup-data/data/stan_analysis_data/main-core-exponential-cluster-weight-999-weights/exponential/weights-0609.csv","/project/akaring/takeup-data/data/stan_analysis_data/main-core-exponential-cluster-weight-999/exponential-0609/mode-exponential-0609-1.csv","/project/akaring/takeup-data/data/stan_analysis_data/main-core-exponential-cluster-weight-999/exponential-0609/compact-gq-exponential-0609-1.csv"
610,20261412,1,4.30483675003052,"/project/akaring/takeup-data/data/stan_analysis_data/main-core-exponential-cluster-weight-999-weights/exponential/weights-0610.csv","/project/akaring/takeup-data/data/stan_analysis_data/main-core-exponential-cluster-weight-999/exponential-0610/mode-exponential-0610-1.csv","/project/akaring/takeup-data/data/stan_analysis_data/main-core-exponential-cluster-weight-999/exponential-0610/compact-gq-exponential-0610-1.csv"
611,20261413,1,4.66660404205322,"/project/akaring/takeup-data/data/stan_analysis_data/main-core-exponential-cluster-weight-999-weights/exponential/weights-0611.csv","/project/akaring/takeup-data/data/stan_analysis_data/main-core-exponential-cluster-weight-999/exponential-0611/mode-exponential-0611-1.csv","/project/akaring/takeup-data/data/stan_analysis_data/main-core-exponential-cluster-weight-999/exponential-0611/compact-gq-exponential-0611-1.csv"
612,20261414,1,5.8163468837738,"/project/akaring/takeup-data/data/stan_analysis_data/main-core-exponential-cluster-weight-999-weights/exponential/weights-0612.csv","/project/akaring/takeup-data/data/stan_analysis_data/main-core-exponential-cluster-weight-999/exponential-0612/mode-exponential-0612-1.csv","/project/akaring/takeup-data/data/stan_analysis_data/main-core-exponential-cluster-weight-999/exponential-0612/compact-gq-exponential-0612-1.csv"
613,20261415,1,4.95271515846252,"/project/akaring/takeup-data/data/stan_analysis_data/main-core-exponential-cluster-weight-999-weights/exponential/weights-0613.csv","/project/akaring/takeup-data/data/stan_analysis_data/main-core-exponential-cluster-weight-999/exponential-0613/mode-exponential-0613-1.csv","/project/akaring/takeup-data/data/stan_analysis_data/main-core-exponential-cluster-weight-999/exponential-0613/compact-gq-exponential-0613-1.csv"
614,20261416,1,6.30032062530518,"/project/akaring/takeup-data/data/stan_analysis_data/main-core-exponential-cluster-weight-999-weights/exponential/weights-0614.csv","/project/akaring/takeup-data/data/stan_analysis_data/main-core-exponential-cluster-weight-999/exponential-0614/mode-exponential-0614-1.csv","/project/akaring/takeup-data/data/stan_analysis_data/main-core-exponential-cluster-weight-999/exponential-0614/compact-gq-exponential-0614-1.csv"
615,20261417,1,3.75874805450439,"/project/akaring/takeup-data/data/stan_analysis_data/main-core-exponential-cluster-weight-999-weights/exponential/weights-0615.csv","/project/akaring/takeup-data/data/stan_analysis_data/main-core-exponential-cluster-weight-999/exponential-0615/mode-exponential-0615-1.csv","/project/akaring/takeup-data/data/stan_analysis_data/main-core-exponential-cluster-weight-999/exponential-0615/compact-gq-exponential-0615-1.csv"
616,20261418,1,4.21785807609558,"/project/akaring/takeup-data/data/stan_analysis_data/main-core-exponential-cluster-weight-999-weights/exponential/weights-0616.csv","/project/akaring/takeup-data/data/stan_analysis_data/main-core-exponential-cluster-weight-999/exponential-0616/mode-exponential-0616-1.csv","/project/akaring/takeup-data/data/stan_analysis_data/main-core-exponential-cluster-weight-999/exponential-0616/compact-gq-exponential-0616-1.csv"
617,20261419,1,4.88027739524841,"/project/akaring/takeup-data/data/stan_analysis_data/main-core-exponential-cluster-weight-999-weights/exponential/weights-0617.csv","/project/akaring/takeup-data/data/stan_analysis_data/main-core-exponential-cluster-weight-999/exponential-0617/mode-exponential-0617-1.csv","/project/akaring/takeup-data/data/stan_analysis_data/main-core-exponential-cluster-weight-999/exponential-0617/compact-gq-exponential-0617-1.csv"
618,20261420,1,2.56689167022705,"/project/akaring/takeup-data/data/stan_analysis_data/main-core-exponential-cluster-weight-999-weights/exponential/weights-0618.csv","/project/akaring/takeup-data/data/stan_analysis_data/main-core-exponential-cluster-weight-999/exponential-0618/mode-exponential-0618-1.csv","/project/akaring/takeup-data/data/stan_analysis_data/main-core-exponential-cluster-weight-999/exponential-0618/compact-gq-exponential-0618-1.csv"
619,20261421,1,4.85156965255737,"/project/akaring/takeup-data/data/stan_analysis_data/main-core-exponential-cluster-weight-999-weights/exponential/weights-0619.csv","/project/akaring/takeup-data/data/stan_analysis_data/main-core-exponential-cluster-weight-999/exponential-0619/mode-exponential-0619-1.csv","/project/akaring/takeup-data/data/stan_analysis_data/main-core-exponential-cluster-weight-999/exponential-0619/compact-gq-exponential-0619-1.csv"
620,20261422,1,3.32617521286011,"/project/akaring/takeup-data/data/stan_analysis_data/main-core-exponential-cluster-weight-999-weights/exponential/weights-0620.csv","/project/akaring/takeup-data/data/stan_analysis_data/main-core-exponential-cluster-weight-999/exponential-0620/mode-exponential-0620-1.csv","/project/akaring/takeup-data/data/stan_analysis_data/main-core-exponential-cluster-weight-999/exponential-0620/compact-gq-exponential-0620-1.csv"
621,20261423,1,3.25872135162354,"/project/akaring/takeup-data/data/stan_analysis_data/main-core-exponential-cluster-weight-999-weights/exponential/weights-0621.csv","/project/akaring/takeup-data/data/stan_analysis_data/main-core-exponential-cluster-weight-999/exponential-0621/mode-exponential-0621-1.csv","/project/akaring/takeup-data/data/stan_analysis_data/main-core-exponential-cluster-weight-999/exponential-0621/compact-gq-exponential-0621-1.csv"
622,20261424,1,3.24815988540649,"/project/akaring/takeup-data/data/stan_analysis_data/main-core-exponential-cluster-weight-999-weights/exponential/weights-0622.csv","/project/akaring/takeup-data/data/stan_analysis_data/main-core-exponential-cluster-weight-999/exponential-0622/mode-exponential-0622-1.csv","/project/akaring/takeup-data/data/stan_analysis_data/main-core-exponential-cluster-weight-999/exponential-0622/compact-gq-exponential-0622-1.csv"
623,20261425,1,3.45830059051514,"/project/akaring/takeup-data/data/stan_analysis_data/main-core-exponential-cluster-weight-999-weights/exponential/weights-0623.csv","/project/akaring/takeup-data/data/stan_analysis_data/main-core-exponential-cluster-weight-999/exponential-0623/mode-exponential-0623-1.csv","/project/akaring/takeup-data/data/stan_analysis_data/main-core-exponential-cluster-weight-999/exponential-0623/compact-gq-exponential-0623-1.csv"
624,20261426,1,5.21448874473572,"/project/akaring/takeup-data/data/stan_analysis_data/main-core-exponential-cluster-weight-999-weights/exponential/weights-0624.csv","/project/akaring/takeup-data/data/stan_analysis_data/main-core-exponential-cluster-weight-999/exponential-0624/mode-exponential-0624-1.csv","/project/akaring/takeup-data/data/stan_analysis_data/main-core-exponential-cluster-weight-999/exponential-0624/compact-gq-exponential-0624-1.csv"
625,20261427,1,4.17115211486816,"/project/akaring/takeup-data/data/stan_analysis_data/main-core-exponential-cluster-weight-999-weights/exponential/weights-0625.csv","/project/akaring/takeup-data/data/stan_analysis_data/main-core-exponential-cluster-weight-999/exponential-0625/mode-exponential-0625-1.csv","/project/akaring/takeup-data/data/stan_analysis_data/main-core-exponential-cluster-weight-999/exponential-0625/compact-gq-exponential-0625-1.csv"
626,20261428,1,2.66650032997131,"/project/akaring/takeup-data/data/stan_analysis_data/main-core-exponential-cluster-weight-999-weights/exponential/weights-0626.csv","/project/akaring/takeup-data/data/stan_analysis_data/main-core-exponential-cluster-weight-999/exponential-0626/mode-exponential-0626-1.csv","/project/akaring/takeup-data/data/stan_analysis_data/main-core-exponential-cluster-weight-999/exponential-0626/compact-gq-exponential-0626-1.csv"
627,20261429,1,2.61869549751282,"/project/akaring/takeup-data/data/stan_analysis_data/main-core-exponential-cluster-weight-999-weights/exponential/weights-0627.csv","/project/akaring/takeup-data/data/stan_analysis_data/main-core-exponential-cluster-weight-999/exponential-0627/mode-exponential-0627-1.csv","/project/akaring/takeup-data/data/stan_analysis_data/main-core-exponential-cluster-weight-999/exponential-0627/compact-gq-exponential-0627-1.csv"
628,20261430,1,2.65171432495117,"/project/akaring/takeup-data/data/stan_analysis_data/main-core-exponential-cluster-weight-999-weights/exponential/weights-0628.csv","/project/akaring/takeup-data/data/stan_analysis_data/main-core-exponential-cluster-weight-999/exponential-0628/mode-exponential-0628-1.csv","/project/akaring/takeup-data/data/stan_analysis_data/main-core-exponential-cluster-weight-999/exponential-0628/compact-gq-exponential-0628-1.csv"
629,20261431,1,3.25901198387146,"/project/akaring/takeup-data/data/stan_analysis_data/main-core-exponential-cluster-weight-999-weights/exponential/weights-0629.csv","/project/akaring/takeup-data/data/stan_analysis_data/main-core-exponential-cluster-weight-999/exponential-0629/mode-exponential-0629-1.csv","/project/akaring/takeup-data/data/stan_analysis_data/main-core-exponential-cluster-weight-999/exponential-0629/compact-gq-exponential-0629-1.csv"
630,20261432,1,5.1623694896698,"/project/akaring/takeup-data/data/stan_analysis_data/main-core-exponential-cluster-weight-999-weights/exponential/weights-0630.csv","/project/akaring/takeup-data/data/stan_analysis_data/main-core-exponential-cluster-weight-999/exponential-0630/mode-exponential-0630-1.csv","/project/akaring/takeup-data/data/stan_analysis_data/main-core-exponential-cluster-weight-999/exponential-0630/compact-gq-exponential-0630-1.csv"
631,20261433,1,8.31475257873535,"/project/akaring/takeup-data/data/stan_analysis_data/main-core-exponential-cluster-weight-999-weights/exponential/weights-0631.csv","/project/akaring/takeup-data/data/stan_analysis_data/main-core-exponential-cluster-weight-999/exponential-0631/mode-exponential-0631-1.csv","/project/akaring/takeup-data/data/stan_analysis_data/main-core-exponential-cluster-weight-999/exponential-0631/compact-gq-exponential-0631-1.csv"
632,20261434,1,3.44069600105286,"/project/akaring/takeup-data/data/stan_analysis_data/main-core-exponential-cluster-weight-999-weights/exponential/weights-0632.csv","/project/akaring/takeup-data/data/stan_analysis_data/main-core-exponential-cluster-weight-999/exponential-0632/mode-exponential-0632-1.csv","/project/akaring/takeup-data/data/stan_analysis_data/main-core-exponential-cluster-weight-999/exponential-0632/compact-gq-exponential-0632-1.csv"
633,20261435,1,4.91152405738831,"/project/akaring/takeup-data/data/stan_analysis_data/main-core-exponential-cluster-weight-999-weights/exponential/weights-0633.csv","/project/akaring/takeup-data/data/stan_analysis_data/main-core-exponential-cluster-weight-999/exponential-0633/mode-exponential-0633-1.csv","/project/akaring/takeup-data/data/stan_analysis_data/main-core-exponential-cluster-weight-999/exponential-0633/compact-gq-exponential-0633-1.csv"
634,20261436,1,1.90119576454163,"/project/akaring/takeup-data/data/stan_analysis_data/main-core-exponential-cluster-weight-999-weights/exponential/weights-0634.csv","/project/akaring/takeup-data/data/stan_analysis_data/main-core-exponential-cluster-weight-999/exponential-0634/mode-exponential-0634-1.csv","/project/akaring/takeup-data/data/stan_analysis_data/main-core-exponential-cluster-weight-999/exponential-0634/compact-gq-exponential-0634-1.csv"
635,20261437,1,2.03441071510315,"/project/akaring/takeup-data/data/stan_analysis_data/main-core-exponential-cluster-weight-999-weights/exponential/weights-0635.csv","/project/akaring/takeup-data/data/stan_analysis_data/main-core-exponential-cluster-weight-999/exponential-0635/mode-exponential-0635-1.csv","/project/akaring/takeup-data/data/stan_analysis_data/main-core-exponential-cluster-weight-999/exponential-0635/compact-gq-exponential-0635-1.csv"
636,20261438,1,2.62166476249695,"/project/akaring/takeup-data/data/stan_analysis_data/main-core-exponential-cluster-weight-999-weights/exponential/weights-0636.csv","/project/akaring/takeup-data/data/stan_analysis_data/main-core-exponential-cluster-weight-999/exponential-0636/mode-exponential-0636-1.csv","/project/akaring/takeup-data/data/stan_analysis_data/main-core-exponential-cluster-weight-999/exponential-0636/compact-gq-exponential-0636-1.csv"
637,20261439,1,2.01234865188599,"/project/akaring/takeup-data/data/stan_analysis_data/main-core-exponential-cluster-weight-999-weights/exponential/weights-0637.csv","/project/akaring/takeup-data/data/stan_analysis_data/main-core-exponential-cluster-weight-999/exponential-0637/mode-exponential-0637-1.csv","/project/akaring/takeup-data/data/stan_analysis_data/main-core-exponential-cluster-weight-999/exponential-0637/compact-gq-exponential-0637-1.csv"
638,20261440,1,3.12763214111328,"/project/akaring/takeup-data/data/stan_analysis_data/main-core-exponential-cluster-weight-999-weights/exponential/weights-0638.csv","/project/akaring/takeup-data/data/stan_analysis_data/main-core-exponential-cluster-weight-999/exponential-0638/mode-exponential-0638-1.csv","/project/akaring/takeup-data/data/stan_analysis_data/main-core-exponential-cluster-weight-999/exponential-0638/compact-gq-exponential-0638-1.csv"
639,20261441,1,2.02053499221802,"/project/akaring/takeup-data/data/stan_analysis_data/main-core-exponential-cluster-weight-999-weights/exponential/weights-0639.csv","/project/akaring/takeup-data/data/stan_analysis_data/main-core-exponential-cluster-weight-999/exponential-0639/mode-exponential-0639-1.csv","/project/akaring/takeup-data/data/stan_analysis_data/main-core-exponential-cluster-weight-999/exponential-0639/compact-gq-exponential-0639-1.csv"
640,20261442,1,4.21598482131958,"/project/akaring/takeup-data/data/stan_analysis_data/main-core-exponential-cluster-weight-999-weights/exponential/weights-0640.csv","/project/akaring/takeup-data/data/stan_analysis_data/main-core-exponential-cluster-weight-999/exponential-0640/mode-exponential-0640-1.csv","/project/akaring/takeup-data/data/stan_analysis_data/main-core-exponential-cluster-weight-999/exponential-0640/compact-gq-exponential-0640-1.csv"
641,20261443,1,3.21210169792175,"/project/akaring/takeup-data/data/stan_analysis_data/main-core-exponential-cluster-weight-999-weights/exponential/weights-0641.csv","/project/akaring/takeup-data/data/stan_analysis_data/main-core-exponential-cluster-weight-999/exponential-0641/mode-exponential-0641-1.csv","/project/akaring/takeup-data/data/stan_analysis_data/main-core-exponential-cluster-weight-999/exponential-0641/compact-gq-exponential-0641-1.csv"
642,20261444,1,3.34509992599487,"/project/akaring/takeup-data/data/stan_analysis_data/main-core-exponential-cluster-weight-999-weights/exponential/weights-0642.csv","/project/akaring/takeup-data/data/stan_analysis_data/main-core-exponential-cluster-weight-999/exponential-0642/mode-exponential-0642-1.csv","/project/akaring/takeup-data/data/stan_analysis_data/main-core-exponential-cluster-weight-999/exponential-0642/compact-gq-exponential-0642-1.csv"
643,20261445,1,2.37648344039917,"/project/akaring/takeup-data/data/stan_analysis_data/main-core-exponential-cluster-weight-999-weights/exponential/weights-0643.csv","/project/akaring/takeup-data/data/stan_analysis_data/main-core-exponential-cluster-weight-999/exponential-0643/mode-exponential-0643-1.csv","/project/akaring/takeup-data/data/stan_analysis_data/main-core-exponential-cluster-weight-999/exponential-0643/compact-gq-exponential-0643-1.csv"
644,20261446,1,5.07223343849182,"/project/akaring/takeup-data/data/stan_analysis_data/main-core-exponential-cluster-weight-999-weights/exponential/weights-0644.csv","/project/akaring/takeup-data/data/stan_analysis_data/main-core-exponential-cluster-weight-999/exponential-0644/mode-exponential-0644-1.csv","/project/akaring/takeup-data/data/stan_analysis_data/main-core-exponential-cluster-weight-999/exponential-0644/compact-gq-exponential-0644-1.csv"
645,20261447,1,3.72211933135986,"/project/akaring/takeup-data/data/stan_analysis_data/main-core-exponential-cluster-weight-999-weights/exponential/weights-0645.csv","/project/akaring/takeup-data/data/stan_analysis_data/main-core-exponential-cluster-weight-999/exponential-0645/mode-exponential-0645-1.csv","/project/akaring/takeup-data/data/stan_analysis_data/main-core-exponential-cluster-weight-999/exponential-0645/compact-gq-exponential-0645-1.csv"
646,20261448,1,3.70382118225098,"/project/akaring/takeup-data/data/stan_analysis_data/main-core-exponential-cluster-weight-999-weights/exponential/weights-0646.csv","/project/akaring/takeup-data/data/stan_analysis_data/main-core-exponential-cluster-weight-999/exponential-0646/mode-exponential-0646-1.csv","/project/akaring/takeup-data/data/stan_analysis_data/main-core-exponential-cluster-weight-999/exponential-0646/compact-gq-exponential-0646-1.csv"
647,20261449,1,3.35383868217468,"/project/akaring/takeup-data/data/stan_analysis_data/main-core-exponential-cluster-weight-999-weights/exponential/weights-0647.csv","/project/akaring/takeup-data/data/stan_analysis_data/main-core-exponential-cluster-weight-999/exponential-0647/mode-exponential-0647-1.csv","/project/akaring/takeup-data/data/stan_analysis_data/main-core-exponential-cluster-weight-999/exponential-0647/compact-gq-exponential-0647-1.csv"
648,20261450,1,2.8038637638092,"/project/akaring/takeup-data/data/stan_analysis_data/main-core-exponential-cluster-weight-999-weights/exponential/weights-0648.csv","/project/akaring/takeup-data/data/stan_analysis_data/main-core-exponential-cluster-weight-999/exponential-0648/mode-exponential-0648-1.csv","/project/akaring/takeup-data/data/stan_analysis_data/main-core-exponential-cluster-weight-999/exponential-0648/compact-gq-exponential-0648-1.csv"
649,20261451,1,5.56772828102112,"/project/akaring/takeup-data/data/stan_analysis_data/main-core-exponential-cluster-weight-999-weights/exponential/weights-0649.csv","/project/akaring/takeup-data/data/stan_analysis_data/main-core-exponential-cluster-weight-999/exponential-0649/mode-exponential-0649-1.csv","/project/akaring/takeup-data/data/stan_analysis_data/main-core-exponential-cluster-weight-999/exponential-0649/compact-gq-exponential-0649-1.csv"
650,20261452,1,5.76456117630005,"/project/akaring/takeup-data/data/stan_analysis_data/main-core-exponential-cluster-weight-999-weights/exponential/weights-0650.csv","/project/akaring/takeup-data/data/stan_analysis_data/main-core-exponential-cluster-weight-999/exponential-0650/mode-exponential-0650-1.csv","/project/akaring/takeup-data/data/stan_analysis_data/main-core-exponential-cluster-weight-999/exponential-0650/compact-gq-exponential-0650-1.csv"
651,20261453,1,4.81328368186951,"/project/akaring/takeup-data/data/stan_analysis_data/main-core-exponential-cluster-weight-999-weights/exponential/weights-0651.csv","/project/akaring/takeup-data/data/stan_analysis_data/main-core-exponential-cluster-weight-999/exponential-0651/mode-exponential-0651-1.csv","/project/akaring/takeup-data/data/stan_analysis_data/main-core-exponential-cluster-weight-999/exponential-0651/compact-gq-exponential-0651-1.csv"
652,20261454,1,3.856205701828,"/project/akaring/takeup-data/data/stan_analysis_data/main-core-exponential-cluster-weight-999-weights/exponential/weights-0652.csv","/project/akaring/takeup-data/data/stan_analysis_data/main-core-exponential-cluster-weight-999/exponential-0652/mode-exponential-0652-1.csv","/project/akaring/takeup-data/data/stan_analysis_data/main-core-exponential-cluster-weight-999/exponential-0652/compact-gq-exponential-0652-1.csv"
653,20261455,1,1.55642056465149,"/project/akaring/takeup-data/data/stan_analysis_data/main-core-exponential-cluster-weight-999-weights/exponential/weights-0653.csv","/project/akaring/takeup-data/data/stan_analysis_data/main-core-exponential-cluster-weight-999/exponential-0653/mode-exponential-0653-1.csv","/project/akaring/takeup-data/data/stan_analysis_data/main-core-exponential-cluster-weight-999/exponential-0653/compact-gq-exponential-0653-1.csv"
654,20261456,1,4.24022793769836,"/project/akaring/takeup-data/data/stan_analysis_data/main-core-exponential-cluster-weight-999-weights/exponential/weights-0654.csv","/project/akaring/takeup-data/data/stan_analysis_data/main-core-exponential-cluster-weight-999/exponential-0654/mode-exponential-0654-1.csv","/project/akaring/takeup-data/data/stan_analysis_data/main-core-exponential-cluster-weight-999/exponential-0654/compact-gq-exponential-0654-1.csv"
655,20261457,1,2.16210532188416,"/project/akaring/takeup-data/data/stan_analysis_data/main-core-exponential-cluster-weight-999-weights/exponential/weights-0655.csv","/project/akaring/takeup-data/data/stan_analysis_data/main-core-exponential-cluster-weight-999/exponential-0655/mode-exponential-0655-1.csv","/project/akaring/takeup-data/data/stan_analysis_data/main-core-exponential-cluster-weight-999/exponential-0655/compact-gq-exponential-0655-1.csv"
656,20261458,1,2.7278151512146,"/project/akaring/takeup-data/data/stan_analysis_data/main-core-exponential-cluster-weight-999-weights/exponential/weights-0656.csv","/project/akaring/takeup-data/data/stan_analysis_data/main-core-exponential-cluster-weight-999/exponential-0656/mode-exponential-0656-1.csv","/project/akaring/takeup-data/data/stan_analysis_data/main-core-exponential-cluster-weight-999/exponential-0656/compact-gq-exponential-0656-1.csv"
657,20261459,1,5.20737481117249,"/project/akaring/takeup-data/data/stan_analysis_data/main-core-exponential-cluster-weight-999-weights/exponential/weights-0657.csv","/project/akaring/takeup-data/data/stan_analysis_data/main-core-exponential-cluster-weight-999/exponential-0657/mode-exponential-0657-1.csv","/project/akaring/takeup-data/data/stan_analysis_data/main-core-exponential-cluster-weight-999/exponential-0657/compact-gq-exponential-0657-1.csv"
658,20261460,1,2.27228498458862,"/project/akaring/takeup-data/data/stan_analysis_data/main-core-exponential-cluster-weight-999-weights/exponential/weights-0658.csv","/project/akaring/takeup-data/data/stan_analysis_data/main-core-exponential-cluster-weight-999/exponential-0658/mode-exponential-0658-1.csv","/project/akaring/takeup-data/data/stan_analysis_data/main-core-exponential-cluster-weight-999/exponential-0658/compact-gq-exponential-0658-1.csv"
659,20261461,1,3.59846782684326,"/project/akaring/takeup-data/data/stan_analysis_data/main-core-exponential-cluster-weight-999-weights/exponential/weights-0659.csv","/project/akaring/takeup-data/data/stan_analysis_data/main-core-exponential-cluster-weight-999/exponential-0659/mode-exponential-0659-1.csv","/project/akaring/takeup-data/data/stan_analysis_data/main-core-exponential-cluster-weight-999/exponential-0659/compact-gq-exponential-0659-1.csv"
660,20261462,1,2.1287727355957,"/project/akaring/takeup-data/data/stan_analysis_data/main-core-exponential-cluster-weight-999-weights/exponential/weights-0660.csv","/project/akaring/takeup-data/data/stan_analysis_data/main-core-exponential-cluster-weight-999/exponential-0660/mode-exponential-0660-1.csv","/project/akaring/takeup-data/data/stan_analysis_data/main-core-exponential-cluster-weight-999/exponential-0660/compact-gq-exponential-0660-1.csv"
661,20261463,1,2.95872282981873,"/project/akaring/takeup-data/data/stan_analysis_data/main-core-exponential-cluster-weight-999-weights/exponential/weights-0661.csv","/project/akaring/takeup-data/data/stan_analysis_data/main-core-exponential-cluster-weight-999/exponential-0661/mode-exponential-0661-1.csv","/project/akaring/takeup-data/data/stan_analysis_data/main-core-exponential-cluster-weight-999/exponential-0661/compact-gq-exponential-0661-1.csv"
662,20261464,1,3.57889938354492,"/project/akaring/takeup-data/data/stan_analysis_data/main-core-exponential-cluster-weight-999-weights/exponential/weights-0662.csv","/project/akaring/takeup-data/data/stan_analysis_data/main-core-exponential-cluster-weight-999/exponential-0662/mode-exponential-0662-1.csv","/project/akaring/takeup-data/data/stan_analysis_data/main-core-exponential-cluster-weight-999/exponential-0662/compact-gq-exponential-0662-1.csv"
663,20261465,1,2.88591313362122,"/project/akaring/takeup-data/data/stan_analysis_data/main-core-exponential-cluster-weight-999-weights/exponential/weights-0663.csv","/project/akaring/takeup-data/data/stan_analysis_data/main-core-exponential-cluster-weight-999/exponential-0663/mode-exponential-0663-1.csv","/project/akaring/takeup-data/data/stan_analysis_data/main-core-exponential-cluster-weight-999/exponential-0663/compact-gq-exponential-0663-1.csv"
664,20261466,1,2.77301239967346,"/project/akaring/takeup-data/data/stan_analysis_data/main-core-exponential-cluster-weight-999-weights/exponential/weights-0664.csv","/project/akaring/takeup-data/data/stan_analysis_data/main-core-exponential-cluster-weight-999/exponential-0664/mode-exponential-0664-1.csv","/project/akaring/takeup-data/data/stan_analysis_data/main-core-exponential-cluster-weight-999/exponential-0664/compact-gq-exponential-0664-1.csv"
665,20261467,1,3.68740749359131,"/project/akaring/takeup-data/data/stan_analysis_data/main-core-exponential-cluster-weight-999-weights/exponential/weights-0665.csv","/project/akaring/takeup-data/data/stan_analysis_data/main-core-exponential-cluster-weight-999/exponential-0665/mode-exponential-0665-1.csv","/project/akaring/takeup-data/data/stan_analysis_data/main-core-exponential-cluster-weight-999/exponential-0665/compact-gq-exponential-0665-1.csv"
666,20261468,1,3.58648180961609,"/project/akaring/takeup-data/data/stan_analysis_data/main-core-exponential-cluster-weight-999-weights/exponential/weights-0666.csv","/project/akaring/takeup-data/data/stan_analysis_data/main-core-exponential-cluster-weight-999/exponential-0666/mode-exponential-0666-1.csv","/project/akaring/takeup-data/data/stan_analysis_data/main-core-exponential-cluster-weight-999/exponential-0666/compact-gq-exponential-0666-1.csv"
667,20261469,1,4.29200267791748,"/project/akaring/takeup-data/data/stan_analysis_data/main-core-exponential-cluster-weight-999-weights/exponential/weights-0667.csv","/project/akaring/takeup-data/data/stan_analysis_data/main-core-exponential-cluster-weight-999/exponential-0667/mode-exponential-0667-1.csv","/project/akaring/takeup-data/data/stan_analysis_data/main-core-exponential-cluster-weight-999/exponential-0667/compact-gq-exponential-0667-1.csv"
668,20261470,1,3.93416404724121,"/project/akaring/takeup-data/data/stan_analysis_data/main-core-exponential-cluster-weight-999-weights/exponential/weights-0668.csv","/project/akaring/takeup-data/data/stan_analysis_data/main-core-exponential-cluster-weight-999/exponential-0668/mode-exponential-0668-1.csv","/project/akaring/takeup-data/data/stan_analysis_data/main-core-exponential-cluster-weight-999/exponential-0668/compact-gq-exponential-0668-1.csv"
669,20261471,1,3.80531120300293,"/project/akaring/takeup-data/data/stan_analysis_data/main-core-exponential-cluster-weight-999-weights/exponential/weights-0669.csv","/project/akaring/takeup-data/data/stan_analysis_data/main-core-exponential-cluster-weight-999/exponential-0669/mode-exponential-0669-1.csv","/project/akaring/takeup-data/data/stan_analysis_data/main-core-exponential-cluster-weight-999/exponential-0669/compact-gq-exponential-0669-1.csv"
670,20261472,1,3.33702158927917,"/project/akaring/takeup-data/data/stan_analysis_data/main-core-exponential-cluster-weight-999-weights/exponential/weights-0670.csv","/project/akaring/takeup-data/data/stan_analysis_data/main-core-exponential-cluster-weight-999/exponential-0670/mode-exponential-0670-1.csv","/project/akaring/takeup-data/data/stan_analysis_data/main-core-exponential-cluster-weight-999/exponential-0670/compact-gq-exponential-0670-1.csv"
671,20261473,1,5.82591962814331,"/project/akaring/takeup-data/data/stan_analysis_data/main-core-exponential-cluster-weight-999-weights/exponential/weights-0671.csv","/project/akaring/takeup-data/data/stan_analysis_data/main-core-exponential-cluster-weight-999/exponential-0671/mode-exponential-0671-1.csv","/project/akaring/takeup-data/data/stan_analysis_data/main-core-exponential-cluster-weight-999/exponential-0671/compact-gq-exponential-0671-1.csv"
672,20261474,1,4.35714411735535,"/project/akaring/takeup-data/data/stan_analysis_data/main-core-exponential-cluster-weight-999-weights/exponential/weights-0672.csv","/project/akaring/takeup-data/data/stan_analysis_data/main-core-exponential-cluster-weight-999/exponential-0672/mode-exponential-0672-1.csv","/project/akaring/takeup-data/data/stan_analysis_data/main-core-exponential-cluster-weight-999/exponential-0672/compact-gq-exponential-0672-1.csv"
673,20261475,1,4.21551060676575,"/project/akaring/takeup-data/data/stan_analysis_data/main-core-exponential-cluster-weight-999-weights/exponential/weights-0673.csv","/project/akaring/takeup-data/data/stan_analysis_data/main-core-exponential-cluster-weight-999/exponential-0673/mode-exponential-0673-1.csv","/project/akaring/takeup-data/data/stan_analysis_data/main-core-exponential-cluster-weight-999/exponential-0673/compact-gq-exponential-0673-1.csv"
674,20261476,1,4.79626512527466,"/project/akaring/takeup-data/data/stan_analysis_data/main-core-exponential-cluster-weight-999-weights/exponential/weights-0674.csv","/project/akaring/takeup-data/data/stan_analysis_data/main-core-exponential-cluster-weight-999/exponential-0674/mode-exponential-0674-1.csv","/project/akaring/takeup-data/data/stan_analysis_data/main-core-exponential-cluster-weight-999/exponential-0674/compact-gq-exponential-0674-1.csv"
675,20261477,1,4.89172339439392,"/project/akaring/takeup-data/data/stan_analysis_data/main-core-exponential-cluster-weight-999-weights/exponential/weights-0675.csv","/project/akaring/takeup-data/data/stan_analysis_data/main-core-exponential-cluster-weight-999/exponential-0675/mode-exponential-0675-1.csv","/project/akaring/takeup-data/data/stan_analysis_data/main-core-exponential-cluster-weight-999/exponential-0675/compact-gq-exponential-0675-1.csv"
676,20261478,1,3.68383646011353,"/project/akaring/takeup-data/data/stan_analysis_data/main-core-exponential-cluster-weight-999-weights/exponential/weights-0676.csv","/project/akaring/takeup-data/data/stan_analysis_data/main-core-exponential-cluster-weight-999/exponential-0676/mode-exponential-0676-1.csv","/project/akaring/takeup-data/data/stan_analysis_data/main-core-exponential-cluster-weight-999/exponential-0676/compact-gq-exponential-0676-1.csv"
677,20261479,1,6.03285980224609,"/project/akaring/takeup-data/data/stan_analysis_data/main-core-exponential-cluster-weight-999-weights/exponential/weights-0677.csv","/project/akaring/takeup-data/data/stan_analysis_data/main-core-exponential-cluster-weight-999/exponential-0677/mode-exponential-0677-1.csv","/project/akaring/takeup-data/data/stan_analysis_data/main-core-exponential-cluster-weight-999/exponential-0677/compact-gq-exponential-0677-1.csv"
678,20261480,1,4.28319478034973,"/project/akaring/takeup-data/data/stan_analysis_data/main-core-exponential-cluster-weight-999-weights/exponential/weights-0678.csv","/project/akaring/takeup-data/data/stan_analysis_data/main-core-exponential-cluster-weight-999/exponential-0678/mode-exponential-0678-1.csv","/project/akaring/takeup-data/data/stan_analysis_data/main-core-exponential-cluster-weight-999/exponential-0678/compact-gq-exponential-0678-1.csv"
679,20261481,1,5.08944892883301,"/project/akaring/takeup-data/data/stan_analysis_data/main-core-exponential-cluster-weight-999-weights/exponential/weights-0679.csv","/project/akaring/takeup-data/data/stan_analysis_data/main-core-exponential-cluster-weight-999/exponential-0679/mode-exponential-0679-1.csv","/project/akaring/takeup-data/data/stan_analysis_data/main-core-exponential-cluster-weight-999/exponential-0679/compact-gq-exponential-0679-1.csv"
680,20261482,1,2.66998219490051,"/project/akaring/takeup-data/data/stan_analysis_data/main-core-exponential-cluster-weight-999-weights/exponential/weights-0680.csv","/project/akaring/takeup-data/data/stan_analysis_data/main-core-exponential-cluster-weight-999/exponential-0680/mode-exponential-0680-1.csv","/project/akaring/takeup-data/data/stan_analysis_data/main-core-exponential-cluster-weight-999/exponential-0680/compact-gq-exponential-0680-1.csv"
681,20261483,1,2.90054488182068,"/project/akaring/takeup-data/data/stan_analysis_data/main-core-exponential-cluster-weight-999-weights/exponential/weights-0681.csv","/project/akaring/takeup-data/data/stan_analysis_data/main-core-exponential-cluster-weight-999/exponential-0681/mode-exponential-0681-1.csv","/project/akaring/takeup-data/data/stan_analysis_data/main-core-exponential-cluster-weight-999/exponential-0681/compact-gq-exponential-0681-1.csv"
682,20261484,1,2.1741361618042,"/project/akaring/takeup-data/data/stan_analysis_data/main-core-exponential-cluster-weight-999-weights/exponential/weights-0682.csv","/project/akaring/takeup-data/data/stan_analysis_data/main-core-exponential-cluster-weight-999/exponential-0682/mode-exponential-0682-1.csv","/project/akaring/takeup-data/data/stan_analysis_data/main-core-exponential-cluster-weight-999/exponential-0682/compact-gq-exponential-0682-1.csv"
683,20261485,1,3.39567351341248,"/project/akaring/takeup-data/data/stan_analysis_data/main-core-exponential-cluster-weight-999-weights/exponential/weights-0683.csv","/project/akaring/takeup-data/data/stan_analysis_data/main-core-exponential-cluster-weight-999/exponential-0683/mode-exponential-0683-1.csv","/project/akaring/takeup-data/data/stan_analysis_data/main-core-exponential-cluster-weight-999/exponential-0683/compact-gq-exponential-0683-1.csv"
684,20261486,1,4.43710827827454,"/project/akaring/takeup-data/data/stan_analysis_data/main-core-exponential-cluster-weight-999-weights/exponential/weights-0684.csv","/project/akaring/takeup-data/data/stan_analysis_data/main-core-exponential-cluster-weight-999/exponential-0684/mode-exponential-0684-1.csv","/project/akaring/takeup-data/data/stan_analysis_data/main-core-exponential-cluster-weight-999/exponential-0684/compact-gq-exponential-0684-1.csv"
685,20261487,1,3.18056893348694,"/project/akaring/takeup-data/data/stan_analysis_data/main-core-exponential-cluster-weight-999-weights/exponential/weights-0685.csv","/project/akaring/takeup-data/data/stan_analysis_data/main-core-exponential-cluster-weight-999/exponential-0685/mode-exponential-0685-1.csv","/project/akaring/takeup-data/data/stan_analysis_data/main-core-exponential-cluster-weight-999/exponential-0685/compact-gq-exponential-0685-1.csv"
686,20261488,1,4.82153248786926,"/project/akaring/takeup-data/data/stan_analysis_data/main-core-exponential-cluster-weight-999-weights/exponential/weights-0686.csv","/project/akaring/takeup-data/data/stan_analysis_data/main-core-exponential-cluster-weight-999/exponential-0686/mode-exponential-0686-1.csv","/project/akaring/takeup-data/data/stan_analysis_data/main-core-exponential-cluster-weight-999/exponential-0686/compact-gq-exponential-0686-1.csv"
687,20261489,1,5.65398550033569,"/project/akaring/takeup-data/data/stan_analysis_data/main-core-exponential-cluster-weight-999-weights/exponential/weights-0687.csv","/project/akaring/takeup-data/data/stan_analysis_data/main-core-exponential-cluster-weight-999/exponential-0687/mode-exponential-0687-1.csv","/project/akaring/takeup-data/data/stan_analysis_data/main-core-exponential-cluster-weight-999/exponential-0687/compact-gq-exponential-0687-1.csv"
688,20261490,1,1.79212403297424,"/project/akaring/takeup-data/data/stan_analysis_data/main-core-exponential-cluster-weight-999-weights/exponential/weights-0688.csv","/project/akaring/takeup-data/data/stan_analysis_data/main-core-exponential-cluster-weight-999/exponential-0688/mode-exponential-0688-1.csv","/project/akaring/takeup-data/data/stan_analysis_data/main-core-exponential-cluster-weight-999/exponential-0688/compact-gq-exponential-0688-1.csv"
689,20261491,1,4.19334816932678,"/project/akaring/takeup-data/data/stan_analysis_data/main-core-exponential-cluster-weight-999-weights/exponential/weights-0689.csv","/project/akaring/takeup-data/data/stan_analysis_data/main-core-exponential-cluster-weight-999/exponential-0689/mode-exponential-0689-1.csv","/project/akaring/takeup-data/data/stan_analysis_data/main-core-exponential-cluster-weight-999/exponential-0689/compact-gq-exponential-0689-1.csv"
690,20261492,1,4.23317718505859,"/project/akaring/takeup-data/data/stan_analysis_data/main-core-exponential-cluster-weight-999-weights/exponential/weights-0690.csv","/project/akaring/takeup-data/data/stan_analysis_data/main-core-exponential-cluster-weight-999/exponential-0690/mode-exponential-0690-1.csv","/project/akaring/takeup-data/data/stan_analysis_data/main-core-exponential-cluster-weight-999/exponential-0690/compact-gq-exponential-0690-1.csv"
691,20261493,1,4.32773566246033,"/project/akaring/takeup-data/data/stan_analysis_data/main-core-exponential-cluster-weight-999-weights/exponential/weights-0691.csv","/project/akaring/takeup-data/data/stan_analysis_data/main-core-exponential-cluster-weight-999/exponential-0691/mode-exponential-0691-1.csv","/project/akaring/takeup-data/data/stan_analysis_data/main-core-exponential-cluster-weight-999/exponential-0691/compact-gq-exponential-0691-1.csv"
692,20261494,1,6.49155306816101,"/project/akaring/takeup-data/data/stan_analysis_data/main-core-exponential-cluster-weight-999-weights/exponential/weights-0692.csv","/project/akaring/takeup-data/data/stan_analysis_data/main-core-exponential-cluster-weight-999/exponential-0692/mode-exponential-0692-1.csv","/project/akaring/takeup-data/data/stan_analysis_data/main-core-exponential-cluster-weight-999/exponential-0692/compact-gq-exponential-0692-1.csv"
693,20261495,1,4.23886060714722,"/project/akaring/takeup-data/data/stan_analysis_data/main-core-exponential-cluster-weight-999-weights/exponential/weights-0693.csv","/project/akaring/takeup-data/data/stan_analysis_data/main-core-exponential-cluster-weight-999/exponential-0693/mode-exponential-0693-1.csv","/project/akaring/takeup-data/data/stan_analysis_data/main-core-exponential-cluster-weight-999/exponential-0693/compact-gq-exponential-0693-1.csv"
694,20261496,1,3.20147943496704,"/project/akaring/takeup-data/data/stan_analysis_data/main-core-exponential-cluster-weight-999-weights/exponential/weights-0694.csv","/project/akaring/takeup-data/data/stan_analysis_data/main-core-exponential-cluster-weight-999/exponential-0694/mode-exponential-0694-1.csv","/project/akaring/takeup-data/data/stan_analysis_data/main-core-exponential-cluster-weight-999/exponential-0694/compact-gq-exponential-0694-1.csv"
695,20261497,1,3.03566265106201,"/project/akaring/takeup-data/data/stan_analysis_data/main-core-exponential-cluster-weight-999-weights/exponential/weights-0695.csv","/project/akaring/takeup-data/data/stan_analysis_data/main-core-exponential-cluster-weight-999/exponential-0695/mode-exponential-0695-1.csv","/project/akaring/takeup-data/data/stan_analysis_data/main-core-exponential-cluster-weight-999/exponential-0695/compact-gq-exponential-0695-1.csv"
696,20261498,1,4.08929061889648,"/project/akaring/takeup-data/data/stan_analysis_data/main-core-exponential-cluster-weight-999-weights/exponential/weights-0696.csv","/project/akaring/takeup-data/data/stan_analysis_data/main-core-exponential-cluster-weight-999/exponential-0696/mode-exponential-0696-1.csv","/project/akaring/takeup-data/data/stan_analysis_data/main-core-exponential-cluster-weight-999/exponential-0696/compact-gq-exponential-0696-1.csv"
697,20261499,1,3.65360999107361,"/project/akaring/takeup-data/data/stan_analysis_data/main-core-exponential-cluster-weight-999-weights/exponential/weights-0697.csv","/project/akaring/takeup-data/data/stan_analysis_data/main-core-exponential-cluster-weight-999/exponential-0697/mode-exponential-0697-1.csv","/project/akaring/takeup-data/data/stan_analysis_data/main-core-exponential-cluster-weight-999/exponential-0697/compact-gq-exponential-0697-1.csv"
698,20261500,1,3.6518919467926,"/project/akaring/takeup-data/data/stan_analysis_data/main-core-exponential-cluster-weight-999-weights/exponential/weights-0698.csv","/project/akaring/takeup-data/data/stan_analysis_data/main-core-exponential-cluster-weight-999/exponential-0698/mode-exponential-0698-1.csv","/project/akaring/takeup-data/data/stan_analysis_data/main-core-exponential-cluster-weight-999/exponential-0698/compact-gq-exponential-0698-1.csv"
699,20261501,1,8.92001295089722,"/project/akaring/takeup-data/data/stan_analysis_data/main-core-exponential-cluster-weight-999-weights/exponential/weights-0699.csv","/project/akaring/takeup-data/data/stan_analysis_data/main-core-exponential-cluster-weight-999/exponential-0699/mode-exponential-0699-1.csv","/project/akaring/takeup-data/data/stan_analysis_data/main-core-exponential-cluster-weight-999/exponential-0699/compact-gq-exponential-0699-1.csv"
700,20261502,1,7.8499927520752,"/project/akaring/takeup-data/data/stan_analysis_data/main-core-exponential-cluster-weight-999-weights/exponential/weights-0700.csv","/project/akaring/takeup-data/data/stan_analysis_data/main-core-exponential-cluster-weight-999/exponential-0700/mode-exponential-0700-1.csv","/project/akaring/takeup-data/data/stan_analysis_data/main-core-exponential-cluster-weight-999/exponential-0700/compact-gq-exponential-0700-1.csv"
701,20261503,1,7.84977865219116,"/project/akaring/takeup-data/data/stan_analysis_data/main-core-exponential-cluster-weight-999-weights/exponential/weights-0701.csv","/project/akaring/takeup-data/data/stan_analysis_data/main-core-exponential-cluster-weight-999/exponential-0701/mode-exponential-0701-1.csv","/project/akaring/takeup-data/data/stan_analysis_data/main-core-exponential-cluster-weight-999/exponential-0701/compact-gq-exponential-0701-1.csv"
702,20261504,1,4.51865887641907,"/project/akaring/takeup-data/data/stan_analysis_data/main-core-exponential-cluster-weight-999-weights/exponential/weights-0702.csv","/project/akaring/takeup-data/data/stan_analysis_data/main-core-exponential-cluster-weight-999/exponential-0702/mode-exponential-0702-1.csv","/project/akaring/takeup-data/data/stan_analysis_data/main-core-exponential-cluster-weight-999/exponential-0702/compact-gq-exponential-0702-1.csv"
703,20261505,1,4.52430248260498,"/project/akaring/takeup-data/data/stan_analysis_data/main-core-exponential-cluster-weight-999-weights/exponential/weights-0703.csv","/project/akaring/takeup-data/data/stan_analysis_data/main-core-exponential-cluster-weight-999/exponential-0703/mode-exponential-0703-1.csv","/project/akaring/takeup-data/data/stan_analysis_data/main-core-exponential-cluster-weight-999/exponential-0703/compact-gq-exponential-0703-1.csv"
704,20261506,1,1.63979911804199,"/project/akaring/takeup-data/data/stan_analysis_data/main-core-exponential-cluster-weight-999-weights/exponential/weights-0704.csv","/project/akaring/takeup-data/data/stan_analysis_data/main-core-exponential-cluster-weight-999/exponential-0704/mode-exponential-0704-1.csv","/project/akaring/takeup-data/data/stan_analysis_data/main-core-exponential-cluster-weight-999/exponential-0704/compact-gq-exponential-0704-1.csv"
705,20261507,1,9.01601004600525,"/project/akaring/takeup-data/data/stan_analysis_data/main-core-exponential-cluster-weight-999-weights/exponential/weights-0705.csv","/project/akaring/takeup-data/data/stan_analysis_data/main-core-exponential-cluster-weight-999/exponential-0705/mode-exponential-0705-1.csv","/project/akaring/takeup-data/data/stan_analysis_data/main-core-exponential-cluster-weight-999/exponential-0705/compact-gq-exponential-0705-1.csv"
706,20261508,1,4.48912668228149,"/project/akaring/takeup-data/data/stan_analysis_data/main-core-exponential-cluster-weight-999-weights/exponential/weights-0706.csv","/project/akaring/takeup-data/data/stan_analysis_data/main-core-exponential-cluster-weight-999/exponential-0706/mode-exponential-0706-1.csv","/project/akaring/takeup-data/data/stan_analysis_data/main-core-exponential-cluster-weight-999/exponential-0706/compact-gq-exponential-0706-1.csv"
707,20261509,1,4.48925542831421,"/project/akaring/takeup-data/data/stan_analysis_data/main-core-exponential-cluster-weight-999-weights/exponential/weights-0707.csv","/project/akaring/takeup-data/data/stan_analysis_data/main-core-exponential-cluster-weight-999/exponential-0707/mode-exponential-0707-1.csv","/project/akaring/takeup-data/data/stan_analysis_data/main-core-exponential-cluster-weight-999/exponential-0707/compact-gq-exponential-0707-1.csv"
708,20261510,1,3.41985964775085,"/project/akaring/takeup-data/data/stan_analysis_data/main-core-exponential-cluster-weight-999-weights/exponential/weights-0708.csv","/project/akaring/takeup-data/data/stan_analysis_data/main-core-exponential-cluster-weight-999/exponential-0708/mode-exponential-0708-1.csv","/project/akaring/takeup-data/data/stan_analysis_data/main-core-exponential-cluster-weight-999/exponential-0708/compact-gq-exponential-0708-1.csv"
709,20261511,1,6.16013479232788,"/project/akaring/takeup-data/data/stan_analysis_data/main-core-exponential-cluster-weight-999-weights/exponential/weights-0709.csv","/project/akaring/takeup-data/data/stan_analysis_data/main-core-exponential-cluster-weight-999/exponential-0709/mode-exponential-0709-1.csv","/project/akaring/takeup-data/data/stan_analysis_data/main-core-exponential-cluster-weight-999/exponential-0709/compact-gq-exponential-0709-1.csv"
710,20261512,1,5.81796312332153,"/project/akaring/takeup-data/data/stan_analysis_data/main-core-exponential-cluster-weight-999-weights/exponential/weights-0710.csv","/project/akaring/takeup-data/data/stan_analysis_data/main-core-exponential-cluster-weight-999/exponential-0710/mode-exponential-0710-1.csv","/project/akaring/takeup-data/data/stan_analysis_data/main-core-exponential-cluster-weight-999/exponential-0710/compact-gq-exponential-0710-1.csv"
711,20261513,1,6.752037525177,"/project/akaring/takeup-data/data/stan_analysis_data/main-core-exponential-cluster-weight-999-weights/exponential/weights-0711.csv","/project/akaring/takeup-data/data/stan_analysis_data/main-core-exponential-cluster-weight-999/exponential-0711/mode-exponential-0711-1.csv","/project/akaring/takeup-data/data/stan_analysis_data/main-core-exponential-cluster-weight-999/exponential-0711/compact-gq-exponential-0711-1.csv"
712,20261514,1,8.30942344665527,"/project/akaring/takeup-data/data/stan_analysis_data/main-core-exponential-cluster-weight-999-weights/exponential/weights-0712.csv","/project/akaring/takeup-data/data/stan_analysis_data/main-core-exponential-cluster-weight-999/exponential-0712/mode-exponential-0712-1.csv","/project/akaring/takeup-data/data/stan_analysis_data/main-core-exponential-cluster-weight-999/exponential-0712/compact-gq-exponential-0712-1.csv"
713,20261515,1,8.95604753494263,"/project/akaring/takeup-data/data/stan_analysis_data/main-core-exponential-cluster-weight-999-weights/exponential/weights-0713.csv","/project/akaring/takeup-data/data/stan_analysis_data/main-core-exponential-cluster-weight-999/exponential-0713/mode-exponential-0713-1.csv","/project/akaring/takeup-data/data/stan_analysis_data/main-core-exponential-cluster-weight-999/exponential-0713/compact-gq-exponential-0713-1.csv"
714,20261516,1,4.58497929573059,"/project/akaring/takeup-data/data/stan_analysis_data/main-core-exponential-cluster-weight-999-weights/exponential/weights-0714.csv","/project/akaring/takeup-data/data/stan_analysis_data/main-core-exponential-cluster-weight-999/exponential-0714/mode-exponential-0714-1.csv","/project/akaring/takeup-data/data/stan_analysis_data/main-core-exponential-cluster-weight-999/exponential-0714/compact-gq-exponential-0714-1.csv"
715,20261517,1,3.87154173851013,"/project/akaring/takeup-data/data/stan_analysis_data/main-core-exponential-cluster-weight-999-weights/exponential/weights-0715.csv","/project/akaring/takeup-data/data/stan_analysis_data/main-core-exponential-cluster-weight-999/exponential-0715/mode-exponential-0715-1.csv","/project/akaring/takeup-data/data/stan_analysis_data/main-core-exponential-cluster-weight-999/exponential-0715/compact-gq-exponential-0715-1.csv"
716,20261518,1,5.8825376033783,"/project/akaring/takeup-data/data/stan_analysis_data/main-core-exponential-cluster-weight-999-weights/exponential/weights-0716.csv","/project/akaring/takeup-data/data/stan_analysis_data/main-core-exponential-cluster-weight-999/exponential-0716/mode-exponential-0716-1.csv","/project/akaring/takeup-data/data/stan_analysis_data/main-core-exponential-cluster-weight-999/exponential-0716/compact-gq-exponential-0716-1.csv"
717,20261519,1,7.58404636383057,"/project/akaring/takeup-data/data/stan_analysis_data/main-core-exponential-cluster-weight-999-weights/exponential/weights-0717.csv","/project/akaring/takeup-data/data/stan_analysis_data/main-core-exponential-cluster-weight-999/exponential-0717/mode-exponential-0717-1.csv","/project/akaring/takeup-data/data/stan_analysis_data/main-core-exponential-cluster-weight-999/exponential-0717/compact-gq-exponential-0717-1.csv"
718,20261520,1,4.54736876487732,"/project/akaring/takeup-data/data/stan_analysis_data/main-core-exponential-cluster-weight-999-weights/exponential/weights-0718.csv","/project/akaring/takeup-data/data/stan_analysis_data/main-core-exponential-cluster-weight-999/exponential-0718/mode-exponential-0718-1.csv","/project/akaring/takeup-data/data/stan_analysis_data/main-core-exponential-cluster-weight-999/exponential-0718/compact-gq-exponential-0718-1.csv"
719,20261521,1,2.85565805435181,"/project/akaring/takeup-data/data/stan_analysis_data/main-core-exponential-cluster-weight-999-weights/exponential/weights-0719.csv","/project/akaring/takeup-data/data/stan_analysis_data/main-core-exponential-cluster-weight-999/exponential-0719/mode-exponential-0719-1.csv","/project/akaring/takeup-data/data/stan_analysis_data/main-core-exponential-cluster-weight-999/exponential-0719/compact-gq-exponential-0719-1.csv"
720,20261522,1,4.57811641693115,"/project/akaring/takeup-data/data/stan_analysis_data/main-core-exponential-cluster-weight-999-weights/exponential/weights-0720.csv","/project/akaring/takeup-data/data/stan_analysis_data/main-core-exponential-cluster-weight-999/exponential-0720/mode-exponential-0720-1.csv","/project/akaring/takeup-data/data/stan_analysis_data/main-core-exponential-cluster-weight-999/exponential-0720/compact-gq-exponential-0720-1.csv"
721,20261523,1,1.66930961608887,"/project/akaring/takeup-data/data/stan_analysis_data/main-core-exponential-cluster-weight-999-weights/exponential/weights-0721.csv","/project/akaring/takeup-data/data/stan_analysis_data/main-core-exponential-cluster-weight-999/exponential-0721/mode-exponential-0721-1.csv","/project/akaring/takeup-data/data/stan_analysis_data/main-core-exponential-cluster-weight-999/exponential-0721/compact-gq-exponential-0721-1.csv"
722,20261524,1,6.57676458358765,"/project/akaring/takeup-data/data/stan_analysis_data/main-core-exponential-cluster-weight-999-weights/exponential/weights-0722.csv","/project/akaring/takeup-data/data/stan_analysis_data/main-core-exponential-cluster-weight-999/exponential-0722/mode-exponential-0722-1.csv","/project/akaring/takeup-data/data/stan_analysis_data/main-core-exponential-cluster-weight-999/exponential-0722/compact-gq-exponential-0722-1.csv"
723,20261525,1,8.93882155418396,"/project/akaring/takeup-data/data/stan_analysis_data/main-core-exponential-cluster-weight-999-weights/exponential/weights-0723.csv","/project/akaring/takeup-data/data/stan_analysis_data/main-core-exponential-cluster-weight-999/exponential-0723/mode-exponential-0723-1.csv","/project/akaring/takeup-data/data/stan_analysis_data/main-core-exponential-cluster-weight-999/exponential-0723/compact-gq-exponential-0723-1.csv"
724,20261526,1,6.21558237075806,"/project/akaring/takeup-data/data/stan_analysis_data/main-core-exponential-cluster-weight-999-weights/exponential/weights-0724.csv","/project/akaring/takeup-data/data/stan_analysis_data/main-core-exponential-cluster-weight-999/exponential-0724/mode-exponential-0724-1.csv","/project/akaring/takeup-data/data/stan_analysis_data/main-core-exponential-cluster-weight-999/exponential-0724/compact-gq-exponential-0724-1.csv"
725,20261527,1,5.38519883155823,"/project/akaring/takeup-data/data/stan_analysis_data/main-core-exponential-cluster-weight-999-weights/exponential/weights-0725.csv","/project/akaring/takeup-data/data/stan_analysis_data/main-core-exponential-cluster-weight-999/exponential-0725/mode-exponential-0725-1.csv","/project/akaring/takeup-data/data/stan_analysis_data/main-core-exponential-cluster-weight-999/exponential-0725/compact-gq-exponential-0725-1.csv"
726,20261528,1,5.30533528327942,"/project/akaring/takeup-data/data/stan_analysis_data/main-core-exponential-cluster-weight-999-weights/exponential/weights-0726.csv","/project/akaring/takeup-data/data/stan_analysis_data/main-core-exponential-cluster-weight-999/exponential-0726/mode-exponential-0726-1.csv","/project/akaring/takeup-data/data/stan_analysis_data/main-core-exponential-cluster-weight-999/exponential-0726/compact-gq-exponential-0726-1.csv"
727,20261529,1,4.48263740539551,"/project/akaring/takeup-data/data/stan_analysis_data/main-core-exponential-cluster-weight-999-weights/exponential/weights-0727.csv","/project/akaring/takeup-data/data/stan_analysis_data/main-core-exponential-cluster-weight-999/exponential-0727/mode-exponential-0727-1.csv","/project/akaring/takeup-data/data/stan_analysis_data/main-core-exponential-cluster-weight-999/exponential-0727/compact-gq-exponential-0727-1.csv"
728,20261530,1,7.85009980201721,"/project/akaring/takeup-data/data/stan_analysis_data/main-core-exponential-cluster-weight-999-weights/exponential/weights-0728.csv","/project/akaring/takeup-data/data/stan_analysis_data/main-core-exponential-cluster-weight-999/exponential-0728/mode-exponential-0728-1.csv","/project/akaring/takeup-data/data/stan_analysis_data/main-core-exponential-cluster-weight-999/exponential-0728/compact-gq-exponential-0728-1.csv"
729,20261531,1,4.53610563278198,"/project/akaring/takeup-data/data/stan_analysis_data/main-core-exponential-cluster-weight-999-weights/exponential/weights-0729.csv","/project/akaring/takeup-data/data/stan_analysis_data/main-core-exponential-cluster-weight-999/exponential-0729/mode-exponential-0729-1.csv","/project/akaring/takeup-data/data/stan_analysis_data/main-core-exponential-cluster-weight-999/exponential-0729/compact-gq-exponential-0729-1.csv"
730,20261532,1,4.53064155578613,"/project/akaring/takeup-data/data/stan_analysis_data/main-core-exponential-cluster-weight-999-weights/exponential/weights-0730.csv","/project/akaring/takeup-data/data/stan_analysis_data/main-core-exponential-cluster-weight-999/exponential-0730/mode-exponential-0730-1.csv","/project/akaring/takeup-data/data/stan_analysis_data/main-core-exponential-cluster-weight-999/exponential-0730/compact-gq-exponential-0730-1.csv"
731,20261533,1,4.55229878425598,"/project/akaring/takeup-data/data/stan_analysis_data/main-core-exponential-cluster-weight-999-weights/exponential/weights-0731.csv","/project/akaring/takeup-data/data/stan_analysis_data/main-core-exponential-cluster-weight-999/exponential-0731/mode-exponential-0731-1.csv","/project/akaring/takeup-data/data/stan_analysis_data/main-core-exponential-cluster-weight-999/exponential-0731/compact-gq-exponential-0731-1.csv"
732,20261534,1,3.84527826309204,"/project/akaring/takeup-data/data/stan_analysis_data/main-core-exponential-cluster-weight-999-weights/exponential/weights-0732.csv","/project/akaring/takeup-data/data/stan_analysis_data/main-core-exponential-cluster-weight-999/exponential-0732/mode-exponential-0732-1.csv","/project/akaring/takeup-data/data/stan_analysis_data/main-core-exponential-cluster-weight-999/exponential-0732/compact-gq-exponential-0732-1.csv"
733,20261535,1,2.49232268333435,"/project/akaring/takeup-data/data/stan_analysis_data/main-core-exponential-cluster-weight-999-weights/exponential/weights-0733.csv","/project/akaring/takeup-data/data/stan_analysis_data/main-core-exponential-cluster-weight-999/exponential-0733/mode-exponential-0733-1.csv","/project/akaring/takeup-data/data/stan_analysis_data/main-core-exponential-cluster-weight-999/exponential-0733/compact-gq-exponential-0733-1.csv"
734,20261536,1,3.71143794059753,"/project/akaring/takeup-data/data/stan_analysis_data/main-core-exponential-cluster-weight-999-weights/exponential/weights-0734.csv","/project/akaring/takeup-data/data/stan_analysis_data/main-core-exponential-cluster-weight-999/exponential-0734/mode-exponential-0734-1.csv","/project/akaring/takeup-data/data/stan_analysis_data/main-core-exponential-cluster-weight-999/exponential-0734/compact-gq-exponential-0734-1.csv"
735,20261537,1,4.11356997489929,"/project/akaring/takeup-data/data/stan_analysis_data/main-core-exponential-cluster-weight-999-weights/exponential/weights-0735.csv","/project/akaring/takeup-data/data/stan_analysis_data/main-core-exponential-cluster-weight-999/exponential-0735/mode-exponential-0735-1.csv","/project/akaring/takeup-data/data/stan_analysis_data/main-core-exponential-cluster-weight-999/exponential-0735/compact-gq-exponential-0735-1.csv"
736,20261538,1,2.15208792686462,"/project/akaring/takeup-data/data/stan_analysis_data/main-core-exponential-cluster-weight-999-weights/exponential/weights-0736.csv","/project/akaring/takeup-data/data/stan_analysis_data/main-core-exponential-cluster-weight-999/exponential-0736/mode-exponential-0736-1.csv","/project/akaring/takeup-data/data/stan_analysis_data/main-core-exponential-cluster-weight-999/exponential-0736/compact-gq-exponential-0736-1.csv"
737,20261539,1,4.28885173797607,"/project/akaring/takeup-data/data/stan_analysis_data/main-core-exponential-cluster-weight-999-weights/exponential/weights-0737.csv","/project/akaring/takeup-data/data/stan_analysis_data/main-core-exponential-cluster-weight-999/exponential-0737/mode-exponential-0737-1.csv","/project/akaring/takeup-data/data/stan_analysis_data/main-core-exponential-cluster-weight-999/exponential-0737/compact-gq-exponential-0737-1.csv"
738,20261540,1,3.47762823104858,"/project/akaring/takeup-data/data/stan_analysis_data/main-core-exponential-cluster-weight-999-weights/exponential/weights-0738.csv","/project/akaring/takeup-data/data/stan_analysis_data/main-core-exponential-cluster-weight-999/exponential-0738/mode-exponential-0738-1.csv","/project/akaring/takeup-data/data/stan_analysis_data/main-core-exponential-cluster-weight-999/exponential-0738/compact-gq-exponential-0738-1.csv"
739,20261541,1,2.22226929664612,"/project/akaring/takeup-data/data/stan_analysis_data/main-core-exponential-cluster-weight-999-weights/exponential/weights-0739.csv","/project/akaring/takeup-data/data/stan_analysis_data/main-core-exponential-cluster-weight-999/exponential-0739/mode-exponential-0739-1.csv","/project/akaring/takeup-data/data/stan_analysis_data/main-core-exponential-cluster-weight-999/exponential-0739/compact-gq-exponential-0739-1.csv"
740,20261542,1,2.27593159675598,"/project/akaring/takeup-data/data/stan_analysis_data/main-core-exponential-cluster-weight-999-weights/exponential/weights-0740.csv","/project/akaring/takeup-data/data/stan_analysis_data/main-core-exponential-cluster-weight-999/exponential-0740/mode-exponential-0740-1.csv","/project/akaring/takeup-data/data/stan_analysis_data/main-core-exponential-cluster-weight-999/exponential-0740/compact-gq-exponential-0740-1.csv"
741,20261543,1,3.65792608261108,"/project/akaring/takeup-data/data/stan_analysis_data/main-core-exponential-cluster-weight-999-weights/exponential/weights-0741.csv","/project/akaring/takeup-data/data/stan_analysis_data/main-core-exponential-cluster-weight-999/exponential-0741/mode-exponential-0741-1.csv","/project/akaring/takeup-data/data/stan_analysis_data/main-core-exponential-cluster-weight-999/exponential-0741/compact-gq-exponential-0741-1.csv"
742,20261544,1,3.11736273765564,"/project/akaring/takeup-data/data/stan_analysis_data/main-core-exponential-cluster-weight-999-weights/exponential/weights-0742.csv","/project/akaring/takeup-data/data/stan_analysis_data/main-core-exponential-cluster-weight-999/exponential-0742/mode-exponential-0742-1.csv","/project/akaring/takeup-data/data/stan_analysis_data/main-core-exponential-cluster-weight-999/exponential-0742/compact-gq-exponential-0742-1.csv"
743,20261545,1,3.4755003452301,"/project/akaring/takeup-data/data/stan_analysis_data/main-core-exponential-cluster-weight-999-weights/exponential/weights-0743.csv","/project/akaring/takeup-data/data/stan_analysis_data/main-core-exponential-cluster-weight-999/exponential-0743/mode-exponential-0743-1.csv","/project/akaring/takeup-data/data/stan_analysis_data/main-core-exponential-cluster-weight-999/exponential-0743/compact-gq-exponential-0743-1.csv"
744,20261546,1,3.39471840858459,"/project/akaring/takeup-data/data/stan_analysis_data/main-core-exponential-cluster-weight-999-weights/exponential/weights-0744.csv","/project/akaring/takeup-data/data/stan_analysis_data/main-core-exponential-cluster-weight-999/exponential-0744/mode-exponential-0744-1.csv","/project/akaring/takeup-data/data/stan_analysis_data/main-core-exponential-cluster-weight-999/exponential-0744/compact-gq-exponential-0744-1.csv"
745,20261547,1,2.70116353034973,"/project/akaring/takeup-data/data/stan_analysis_data/main-core-exponential-cluster-weight-999-weights/exponential/weights-0745.csv","/project/akaring/takeup-data/data/stan_analysis_data/main-core-exponential-cluster-weight-999/exponential-0745/mode-exponential-0745-1.csv","/project/akaring/takeup-data/data/stan_analysis_data/main-core-exponential-cluster-weight-999/exponential-0745/compact-gq-exponential-0745-1.csv"
746,20261548,1,2.40540170669556,"/project/akaring/takeup-data/data/stan_analysis_data/main-core-exponential-cluster-weight-999-weights/exponential/weights-0746.csv","/project/akaring/takeup-data/data/stan_analysis_data/main-core-exponential-cluster-weight-999/exponential-0746/mode-exponential-0746-1.csv","/project/akaring/takeup-data/data/stan_analysis_data/main-core-exponential-cluster-weight-999/exponential-0746/compact-gq-exponential-0746-1.csv"
747,20261549,1,2.34155678749084,"/project/akaring/takeup-data/data/stan_analysis_data/main-core-exponential-cluster-weight-999-weights/exponential/weights-0747.csv","/project/akaring/takeup-data/data/stan_analysis_data/main-core-exponential-cluster-weight-999/exponential-0747/mode-exponential-0747-1.csv","/project/akaring/takeup-data/data/stan_analysis_data/main-core-exponential-cluster-weight-999/exponential-0747/compact-gq-exponential-0747-1.csv"
748,20261550,1,3.05592250823975,"/project/akaring/takeup-data/data/stan_analysis_data/main-core-exponential-cluster-weight-999-weights/exponential/weights-0748.csv","/project/akaring/takeup-data/data/stan_analysis_data/main-core-exponential-cluster-weight-999/exponential-0748/mode-exponential-0748-1.csv","/project/akaring/takeup-data/data/stan_analysis_data/main-core-exponential-cluster-weight-999/exponential-0748/compact-gq-exponential-0748-1.csv"
749,20261551,1,3.08988881111145,"/project/akaring/takeup-data/data/stan_analysis_data/main-core-exponential-cluster-weight-999-weights/exponential/weights-0749.csv","/project/akaring/takeup-data/data/stan_analysis_data/main-core-exponential-cluster-weight-999/exponential-0749/mode-exponential-0749-1.csv","/project/akaring/takeup-data/data/stan_analysis_data/main-core-exponential-cluster-weight-999/exponential-0749/compact-gq-exponential-0749-1.csv"
750,20261552,1,3.42332863807678,"/project/akaring/takeup-data/data/stan_analysis_data/main-core-exponential-cluster-weight-999-weights/exponential/weights-0750.csv","/project/akaring/takeup-data/data/stan_analysis_data/main-core-exponential-cluster-weight-999/exponential-0750/mode-exponential-0750-1.csv","/project/akaring/takeup-data/data/stan_analysis_data/main-core-exponential-cluster-weight-999/exponential-0750/compact-gq-exponential-0750-1.csv"
751,20261553,1,4.21834087371826,"/project/akaring/takeup-data/data/stan_analysis_data/main-core-exponential-cluster-weight-999-weights/exponential/weights-0751.csv","/project/akaring/takeup-data/data/stan_analysis_data/main-core-exponential-cluster-weight-999/exponential-0751/mode-exponential-0751-1.csv","/project/akaring/takeup-data/data/stan_analysis_data/main-core-exponential-cluster-weight-999/exponential-0751/compact-gq-exponential-0751-1.csv"
752,20261554,1,3.53167295455933,"/project/akaring/takeup-data/data/stan_analysis_data/main-core-exponential-cluster-weight-999-weights/exponential/weights-0752.csv","/project/akaring/takeup-data/data/stan_analysis_data/main-core-exponential-cluster-weight-999/exponential-0752/mode-exponential-0752-1.csv","/project/akaring/takeup-data/data/stan_analysis_data/main-core-exponential-cluster-weight-999/exponential-0752/compact-gq-exponential-0752-1.csv"
753,20261555,1,2.44126152992249,"/project/akaring/takeup-data/data/stan_analysis_data/main-core-exponential-cluster-weight-999-weights/exponential/weights-0753.csv","/project/akaring/takeup-data/data/stan_analysis_data/main-core-exponential-cluster-weight-999/exponential-0753/mode-exponential-0753-1.csv","/project/akaring/takeup-data/data/stan_analysis_data/main-core-exponential-cluster-weight-999/exponential-0753/compact-gq-exponential-0753-1.csv"
754,20261556,1,3.7922797203064,"/project/akaring/takeup-data/data/stan_analysis_data/main-core-exponential-cluster-weight-999-weights/exponential/weights-0754.csv","/project/akaring/takeup-data/data/stan_analysis_data/main-core-exponential-cluster-weight-999/exponential-0754/mode-exponential-0754-1.csv","/project/akaring/takeup-data/data/stan_analysis_data/main-core-exponential-cluster-weight-999/exponential-0754/compact-gq-exponential-0754-1.csv"
755,20261557,1,2.86486124992371,"/project/akaring/takeup-data/data/stan_analysis_data/main-core-exponential-cluster-weight-999-weights/exponential/weights-0755.csv","/project/akaring/takeup-data/data/stan_analysis_data/main-core-exponential-cluster-weight-999/exponential-0755/mode-exponential-0755-1.csv","/project/akaring/takeup-data/data/stan_analysis_data/main-core-exponential-cluster-weight-999/exponential-0755/compact-gq-exponential-0755-1.csv"
756,20261558,1,2.69780802726746,"/project/akaring/takeup-data/data/stan_analysis_data/main-core-exponential-cluster-weight-999-weights/exponential/weights-0756.csv","/project/akaring/takeup-data/data/stan_analysis_data/main-core-exponential-cluster-weight-999/exponential-0756/mode-exponential-0756-1.csv","/project/akaring/takeup-data/data/stan_analysis_data/main-core-exponential-cluster-weight-999/exponential-0756/compact-gq-exponential-0756-1.csv"
757,20261559,1,2.43944525718689,"/project/akaring/takeup-data/data/stan_analysis_data/main-core-exponential-cluster-weight-999-weights/exponential/weights-0757.csv","/project/akaring/takeup-data/data/stan_analysis_data/main-core-exponential-cluster-weight-999/exponential-0757/mode-exponential-0757-1.csv","/project/akaring/takeup-data/data/stan_analysis_data/main-core-exponential-cluster-weight-999/exponential-0757/compact-gq-exponential-0757-1.csv"
758,20261560,1,3.02034115791321,"/project/akaring/takeup-data/data/stan_analysis_data/main-core-exponential-cluster-weight-999-weights/exponential/weights-0758.csv","/project/akaring/takeup-data/data/stan_analysis_data/main-core-exponential-cluster-weight-999/exponential-0758/mode-exponential-0758-1.csv","/project/akaring/takeup-data/data/stan_analysis_data/main-core-exponential-cluster-weight-999/exponential-0758/compact-gq-exponential-0758-1.csv"
759,20261561,1,4.22872185707092,"/project/akaring/takeup-data/data/stan_analysis_data/main-core-exponential-cluster-weight-999-weights/exponential/weights-0759.csv","/project/akaring/takeup-data/data/stan_analysis_data/main-core-exponential-cluster-weight-999/exponential-0759/mode-exponential-0759-1.csv","/project/akaring/takeup-data/data/stan_analysis_data/main-core-exponential-cluster-weight-999/exponential-0759/compact-gq-exponential-0759-1.csv"
760,20261562,1,2.62915110588074,"/project/akaring/takeup-data/data/stan_analysis_data/main-core-exponential-cluster-weight-999-weights/exponential/weights-0760.csv","/project/akaring/takeup-data/data/stan_analysis_data/main-core-exponential-cluster-weight-999/exponential-0760/mode-exponential-0760-1.csv","/project/akaring/takeup-data/data/stan_analysis_data/main-core-exponential-cluster-weight-999/exponential-0760/compact-gq-exponential-0760-1.csv"
761,20261563,1,2.61480569839478,"/project/akaring/takeup-data/data/stan_analysis_data/main-core-exponential-cluster-weight-999-weights/exponential/weights-0761.csv","/project/akaring/takeup-data/data/stan_analysis_data/main-core-exponential-cluster-weight-999/exponential-0761/mode-exponential-0761-1.csv","/project/akaring/takeup-data/data/stan_analysis_data/main-core-exponential-cluster-weight-999/exponential-0761/compact-gq-exponential-0761-1.csv"
762,20261564,1,3.12535715103149,"/project/akaring/takeup-data/data/stan_analysis_data/main-core-exponential-cluster-weight-999-weights/exponential/weights-0762.csv","/project/akaring/takeup-data/data/stan_analysis_data/main-core-exponential-cluster-weight-999/exponential-0762/mode-exponential-0762-1.csv","/project/akaring/takeup-data/data/stan_analysis_data/main-core-exponential-cluster-weight-999/exponential-0762/compact-gq-exponential-0762-1.csv"
763,20261565,1,3.58385109901428,"/project/akaring/takeup-data/data/stan_analysis_data/main-core-exponential-cluster-weight-999-weights/exponential/weights-0763.csv","/project/akaring/takeup-data/data/stan_analysis_data/main-core-exponential-cluster-weight-999/exponential-0763/mode-exponential-0763-1.csv","/project/akaring/takeup-data/data/stan_analysis_data/main-core-exponential-cluster-weight-999/exponential-0763/compact-gq-exponential-0763-1.csv"
764,20261566,1,11.5202105045319,"/project/akaring/takeup-data/data/stan_analysis_data/main-core-exponential-cluster-weight-999-weights/exponential/weights-0764.csv","/project/akaring/takeup-data/data/stan_analysis_data/main-core-exponential-cluster-weight-999/exponential-0764/mode-exponential-0764-1.csv","/project/akaring/takeup-data/data/stan_analysis_data/main-core-exponential-cluster-weight-999/exponential-0764/compact-gq-exponential-0764-1.csv"
765,20261567,1,6.8973171710968,"/project/akaring/takeup-data/data/stan_analysis_data/main-core-exponential-cluster-weight-999-weights/exponential/weights-0765.csv","/project/akaring/takeup-data/data/stan_analysis_data/main-core-exponential-cluster-weight-999/exponential-0765/mode-exponential-0765-1.csv","/project/akaring/takeup-data/data/stan_analysis_data/main-core-exponential-cluster-weight-999/exponential-0765/compact-gq-exponential-0765-1.csv"
766,20261568,1,6.84565210342407,"/project/akaring/takeup-data/data/stan_analysis_data/main-core-exponential-cluster-weight-999-weights/exponential/weights-0766.csv","/project/akaring/takeup-data/data/stan_analysis_data/main-core-exponential-cluster-weight-999/exponential-0766/mode-exponential-0766-1.csv","/project/akaring/takeup-data/data/stan_analysis_data/main-core-exponential-cluster-weight-999/exponential-0766/compact-gq-exponential-0766-1.csv"
767,20261569,1,7.88123464584351,"/project/akaring/takeup-data/data/stan_analysis_data/main-core-exponential-cluster-weight-999-weights/exponential/weights-0767.csv","/project/akaring/takeup-data/data/stan_analysis_data/main-core-exponential-cluster-weight-999/exponential-0767/mode-exponential-0767-1.csv","/project/akaring/takeup-data/data/stan_analysis_data/main-core-exponential-cluster-weight-999/exponential-0767/compact-gq-exponential-0767-1.csv"
768,20261570,1,6.41046929359436,"/project/akaring/takeup-data/data/stan_analysis_data/main-core-exponential-cluster-weight-999-weights/exponential/weights-0768.csv","/project/akaring/takeup-data/data/stan_analysis_data/main-core-exponential-cluster-weight-999/exponential-0768/mode-exponential-0768-1.csv","/project/akaring/takeup-data/data/stan_analysis_data/main-core-exponential-cluster-weight-999/exponential-0768/compact-gq-exponential-0768-1.csv"
769,20261571,1,8.3442804813385,"/project/akaring/takeup-data/data/stan_analysis_data/main-core-exponential-cluster-weight-999-weights/exponential/weights-0769.csv","/project/akaring/takeup-data/data/stan_analysis_data/main-core-exponential-cluster-weight-999/exponential-0769/mode-exponential-0769-1.csv","/project/akaring/takeup-data/data/stan_analysis_data/main-core-exponential-cluster-weight-999/exponential-0769/compact-gq-exponential-0769-1.csv"
770,20261572,1,8.14686584472656,"/project/akaring/takeup-data/data/stan_analysis_data/main-core-exponential-cluster-weight-999-weights/exponential/weights-0770.csv","/project/akaring/takeup-data/data/stan_analysis_data/main-core-exponential-cluster-weight-999/exponential-0770/mode-exponential-0770-1.csv","/project/akaring/takeup-data/data/stan_analysis_data/main-core-exponential-cluster-weight-999/exponential-0770/compact-gq-exponential-0770-1.csv"
771,20261573,1,6.97663259506226,"/project/akaring/takeup-data/data/stan_analysis_data/main-core-exponential-cluster-weight-999-weights/exponential/weights-0771.csv","/project/akaring/takeup-data/data/stan_analysis_data/main-core-exponential-cluster-weight-999/exponential-0771/mode-exponential-0771-1.csv","/project/akaring/takeup-data/data/stan_analysis_data/main-core-exponential-cluster-weight-999/exponential-0771/compact-gq-exponential-0771-1.csv"
772,20261574,1,6.83146095275879,"/project/akaring/takeup-data/data/stan_analysis_data/main-core-exponential-cluster-weight-999-weights/exponential/weights-0772.csv","/project/akaring/takeup-data/data/stan_analysis_data/main-core-exponential-cluster-weight-999/exponential-0772/mode-exponential-0772-1.csv","/project/akaring/takeup-data/data/stan_analysis_data/main-core-exponential-cluster-weight-999/exponential-0772/compact-gq-exponential-0772-1.csv"
773,20261575,1,3.2431652545929,"/project/akaring/takeup-data/data/stan_analysis_data/main-core-exponential-cluster-weight-999-weights/exponential/weights-0773.csv","/project/akaring/takeup-data/data/stan_analysis_data/main-core-exponential-cluster-weight-999/exponential-0773/mode-exponential-0773-1.csv","/project/akaring/takeup-data/data/stan_analysis_data/main-core-exponential-cluster-weight-999/exponential-0773/compact-gq-exponential-0773-1.csv"
774,20261576,1,2.85299301147461,"/project/akaring/takeup-data/data/stan_analysis_data/main-core-exponential-cluster-weight-999-weights/exponential/weights-0774.csv","/project/akaring/takeup-data/data/stan_analysis_data/main-core-exponential-cluster-weight-999/exponential-0774/mode-exponential-0774-1.csv","/project/akaring/takeup-data/data/stan_analysis_data/main-core-exponential-cluster-weight-999/exponential-0774/compact-gq-exponential-0774-1.csv"
775,20261577,1,6.75821924209595,"/project/akaring/takeup-data/data/stan_analysis_data/main-core-exponential-cluster-weight-999-weights/exponential/weights-0775.csv","/project/akaring/takeup-data/data/stan_analysis_data/main-core-exponential-cluster-weight-999/exponential-0775/mode-exponential-0775-1.csv","/project/akaring/takeup-data/data/stan_analysis_data/main-core-exponential-cluster-weight-999/exponential-0775/compact-gq-exponential-0775-1.csv"
776,20261578,1,6.55080556869507,"/project/akaring/takeup-data/data/stan_analysis_data/main-core-exponential-cluster-weight-999-weights/exponential/weights-0776.csv","/project/akaring/takeup-data/data/stan_analysis_data/main-core-exponential-cluster-weight-999/exponential-0776/mode-exponential-0776-1.csv","/project/akaring/takeup-data/data/stan_analysis_data/main-core-exponential-cluster-weight-999/exponential-0776/compact-gq-exponential-0776-1.csv"
777,20261579,1,7.40963745117188,"/project/akaring/takeup-data/data/stan_analysis_data/main-core-exponential-cluster-weight-999-weights/exponential/weights-0777.csv","/project/akaring/takeup-data/data/stan_analysis_data/main-core-exponential-cluster-weight-999/exponential-0777/mode-exponential-0777-1.csv","/project/akaring/takeup-data/data/stan_analysis_data/main-core-exponential-cluster-weight-999/exponential-0777/compact-gq-exponential-0777-1.csv"
778,20261580,1,7.14696884155273,"/project/akaring/takeup-data/data/stan_analysis_data/main-core-exponential-cluster-weight-999-weights/exponential/weights-0778.csv","/project/akaring/takeup-data/data/stan_analysis_data/main-core-exponential-cluster-weight-999/exponential-0778/mode-exponential-0778-1.csv","/project/akaring/takeup-data/data/stan_analysis_data/main-core-exponential-cluster-weight-999/exponential-0778/compact-gq-exponential-0778-1.csv"
779,20261581,1,2.35360193252563,"/project/akaring/takeup-data/data/stan_analysis_data/main-core-exponential-cluster-weight-999-weights/exponential/weights-0779.csv","/project/akaring/takeup-data/data/stan_analysis_data/main-core-exponential-cluster-weight-999/exponential-0779/mode-exponential-0779-1.csv","/project/akaring/takeup-data/data/stan_analysis_data/main-core-exponential-cluster-weight-999/exponential-0779/compact-gq-exponential-0779-1.csv"
780,20261582,1,3.75892210006714,"/project/akaring/takeup-data/data/stan_analysis_data/main-core-exponential-cluster-weight-999-weights/exponential/weights-0780.csv","/project/akaring/takeup-data/data/stan_analysis_data/main-core-exponential-cluster-weight-999/exponential-0780/mode-exponential-0780-1.csv","/project/akaring/takeup-data/data/stan_analysis_data/main-core-exponential-cluster-weight-999/exponential-0780/compact-gq-exponential-0780-1.csv"
781,20261583,1,6.99379396438599,"/project/akaring/takeup-data/data/stan_analysis_data/main-core-exponential-cluster-weight-999-weights/exponential/weights-0781.csv","/project/akaring/takeup-data/data/stan_analysis_data/main-core-exponential-cluster-weight-999/exponential-0781/mode-exponential-0781-1.csv","/project/akaring/takeup-data/data/stan_analysis_data/main-core-exponential-cluster-weight-999/exponential-0781/compact-gq-exponential-0781-1.csv"
782,20261584,1,5.74942755699158,"/project/akaring/takeup-data/data/stan_analysis_data/main-core-exponential-cluster-weight-999-weights/exponential/weights-0782.csv","/project/akaring/takeup-data/data/stan_analysis_data/main-core-exponential-cluster-weight-999/exponential-0782/mode-exponential-0782-1.csv","/project/akaring/takeup-data/data/stan_analysis_data/main-core-exponential-cluster-weight-999/exponential-0782/compact-gq-exponential-0782-1.csv"
783,20261585,1,1.80189728736877,"/project/akaring/takeup-data/data/stan_analysis_data/main-core-exponential-cluster-weight-999-weights/exponential/weights-0783.csv","/project/akaring/takeup-data/data/stan_analysis_data/main-core-exponential-cluster-weight-999/exponential-0783/mode-exponential-0783-1.csv","/project/akaring/takeup-data/data/stan_analysis_data/main-core-exponential-cluster-weight-999/exponential-0783/compact-gq-exponential-0783-1.csv"
784,20261586,1,6.16513133049011,"/project/akaring/takeup-data/data/stan_analysis_data/main-core-exponential-cluster-weight-999-weights/exponential/weights-0784.csv","/project/akaring/takeup-data/data/stan_analysis_data/main-core-exponential-cluster-weight-999/exponential-0784/mode-exponential-0784-1.csv","/project/akaring/takeup-data/data/stan_analysis_data/main-core-exponential-cluster-weight-999/exponential-0784/compact-gq-exponential-0784-1.csv"
785,20261587,1,7.63781571388245,"/project/akaring/takeup-data/data/stan_analysis_data/main-core-exponential-cluster-weight-999-weights/exponential/weights-0785.csv","/project/akaring/takeup-data/data/stan_analysis_data/main-core-exponential-cluster-weight-999/exponential-0785/mode-exponential-0785-1.csv","/project/akaring/takeup-data/data/stan_analysis_data/main-core-exponential-cluster-weight-999/exponential-0785/compact-gq-exponential-0785-1.csv"
786,20261588,1,6.70767855644226,"/project/akaring/takeup-data/data/stan_analysis_data/main-core-exponential-cluster-weight-999-weights/exponential/weights-0786.csv","/project/akaring/takeup-data/data/stan_analysis_data/main-core-exponential-cluster-weight-999/exponential-0786/mode-exponential-0786-1.csv","/project/akaring/takeup-data/data/stan_analysis_data/main-core-exponential-cluster-weight-999/exponential-0786/compact-gq-exponential-0786-1.csv"
787,20261589,1,1.79427814483643,"/project/akaring/takeup-data/data/stan_analysis_data/main-core-exponential-cluster-weight-999-weights/exponential/weights-0787.csv","/project/akaring/takeup-data/data/stan_analysis_data/main-core-exponential-cluster-weight-999/exponential-0787/mode-exponential-0787-1.csv","/project/akaring/takeup-data/data/stan_analysis_data/main-core-exponential-cluster-weight-999/exponential-0787/compact-gq-exponential-0787-1.csv"
788,20261590,1,1.84583711624146,"/project/akaring/takeup-data/data/stan_analysis_data/main-core-exponential-cluster-weight-999-weights/exponential/weights-0788.csv","/project/akaring/takeup-data/data/stan_analysis_data/main-core-exponential-cluster-weight-999/exponential-0788/mode-exponential-0788-1.csv","/project/akaring/takeup-data/data/stan_analysis_data/main-core-exponential-cluster-weight-999/exponential-0788/compact-gq-exponential-0788-1.csv"
789,20261591,1,2.98086166381836,"/project/akaring/takeup-data/data/stan_analysis_data/main-core-exponential-cluster-weight-999-weights/exponential/weights-0789.csv","/project/akaring/takeup-data/data/stan_analysis_data/main-core-exponential-cluster-weight-999/exponential-0789/mode-exponential-0789-1.csv","/project/akaring/takeup-data/data/stan_analysis_data/main-core-exponential-cluster-weight-999/exponential-0789/compact-gq-exponential-0789-1.csv"
790,20261592,1,10.1143097877502,"/project/akaring/takeup-data/data/stan_analysis_data/main-core-exponential-cluster-weight-999-weights/exponential/weights-0790.csv","/project/akaring/takeup-data/data/stan_analysis_data/main-core-exponential-cluster-weight-999/exponential-0790/mode-exponential-0790-1.csv","/project/akaring/takeup-data/data/stan_analysis_data/main-core-exponential-cluster-weight-999/exponential-0790/compact-gq-exponential-0790-1.csv"
791,20261593,1,2.85047340393066,"/project/akaring/takeup-data/data/stan_analysis_data/main-core-exponential-cluster-weight-999-weights/exponential/weights-0791.csv","/project/akaring/takeup-data/data/stan_analysis_data/main-core-exponential-cluster-weight-999/exponential-0791/mode-exponential-0791-1.csv","/project/akaring/takeup-data/data/stan_analysis_data/main-core-exponential-cluster-weight-999/exponential-0791/compact-gq-exponential-0791-1.csv"
792,20261594,1,6.79211926460266,"/project/akaring/takeup-data/data/stan_analysis_data/main-core-exponential-cluster-weight-999-weights/exponential/weights-0792.csv","/project/akaring/takeup-data/data/stan_analysis_data/main-core-exponential-cluster-weight-999/exponential-0792/mode-exponential-0792-1.csv","/project/akaring/takeup-data/data/stan_analysis_data/main-core-exponential-cluster-weight-999/exponential-0792/compact-gq-exponential-0792-1.csv"
793,20261595,1,6.20313119888306,"/project/akaring/takeup-data/data/stan_analysis_data/main-core-exponential-cluster-weight-999-weights/exponential/weights-0793.csv","/project/akaring/takeup-data/data/stan_analysis_data/main-core-exponential-cluster-weight-999/exponential-0793/mode-exponential-0793-1.csv","/project/akaring/takeup-data/data/stan_analysis_data/main-core-exponential-cluster-weight-999/exponential-0793/compact-gq-exponential-0793-1.csv"
794,20261596,1,6.22706174850464,"/project/akaring/takeup-data/data/stan_analysis_data/main-core-exponential-cluster-weight-999-weights/exponential/weights-0794.csv","/project/akaring/takeup-data/data/stan_analysis_data/main-core-exponential-cluster-weight-999/exponential-0794/mode-exponential-0794-1.csv","/project/akaring/takeup-data/data/stan_analysis_data/main-core-exponential-cluster-weight-999/exponential-0794/compact-gq-exponential-0794-1.csv"
795,20261597,1,7.13973379135132,"/project/akaring/takeup-data/data/stan_analysis_data/main-core-exponential-cluster-weight-999-weights/exponential/weights-0795.csv","/project/akaring/takeup-data/data/stan_analysis_data/main-core-exponential-cluster-weight-999/exponential-0795/mode-exponential-0795-1.csv","/project/akaring/takeup-data/data/stan_analysis_data/main-core-exponential-cluster-weight-999/exponential-0795/compact-gq-exponential-0795-1.csv"
796,20261598,1,6.23996877670288,"/project/akaring/takeup-data/data/stan_analysis_data/main-core-exponential-cluster-weight-999-weights/exponential/weights-0796.csv","/project/akaring/takeup-data/data/stan_analysis_data/main-core-exponential-cluster-weight-999/exponential-0796/mode-exponential-0796-1.csv","/project/akaring/takeup-data/data/stan_analysis_data/main-core-exponential-cluster-weight-999/exponential-0796/compact-gq-exponential-0796-1.csv"
797,20261599,1,1.95245289802551,"/project/akaring/takeup-data/data/stan_analysis_data/main-core-exponential-cluster-weight-999-weights/exponential/weights-0797.csv","/project/akaring/takeup-data/data/stan_analysis_data/main-core-exponential-cluster-weight-999/exponential-0797/mode-exponential-0797-1.csv","/project/akaring/takeup-data/data/stan_analysis_data/main-core-exponential-cluster-weight-999/exponential-0797/compact-gq-exponential-0797-1.csv"
798,20261600,1,3.55998992919922,"/project/akaring/takeup-data/data/stan_analysis_data/main-core-exponential-cluster-weight-999-weights/exponential/weights-0798.csv","/project/akaring/takeup-data/data/stan_analysis_data/main-core-exponential-cluster-weight-999/exponential-0798/mode-exponential-0798-1.csv","/project/akaring/takeup-data/data/stan_analysis_data/main-core-exponential-cluster-weight-999/exponential-0798/compact-gq-exponential-0798-1.csv"
799,20261601,1,2.41895699501038,"/project/akaring/takeup-data/data/stan_analysis_data/main-core-exponential-cluster-weight-999-weights/exponential/weights-0799.csv","/project/akaring/takeup-data/data/stan_analysis_data/main-core-exponential-cluster-weight-999/exponential-0799/mode-exponential-0799-1.csv","/project/akaring/takeup-data/data/stan_analysis_data/main-core-exponential-cluster-weight-999/exponential-0799/compact-gq-exponential-0799-1.csv"
800,20261602,1,4.63305807113647,"/project/akaring/takeup-data/data/stan_analysis_data/main-core-exponential-cluster-weight-999-weights/exponential/weights-0800.csv","/project/akaring/takeup-data/data/stan_analysis_data/main-core-exponential-cluster-weight-999/exponential-0800/mode-exponential-0800-1.csv","/project/akaring/takeup-data/data/stan_analysis_data/main-core-exponential-cluster-weight-999/exponential-0800/compact-gq-exponential-0800-1.csv"
801,20261603,1,4.81683945655823,"/project/akaring/takeup-data/data/stan_analysis_data/main-core-exponential-cluster-weight-999-weights/exponential/weights-0801.csv","/project/akaring/takeup-data/data/stan_analysis_data/main-core-exponential-cluster-weight-999/exponential-0801/mode-exponential-0801-1.csv","/project/akaring/takeup-data/data/stan_analysis_data/main-core-exponential-cluster-weight-999/exponential-0801/compact-gq-exponential-0801-1.csv"
802,20261604,1,1.7554304599762,"/project/akaring/takeup-data/data/stan_analysis_data/main-core-exponential-cluster-weight-999-weights/exponential/weights-0802.csv","/project/akaring/takeup-data/data/stan_analysis_data/main-core-exponential-cluster-weight-999/exponential-0802/mode-exponential-0802-1.csv","/project/akaring/takeup-data/data/stan_analysis_data/main-core-exponential-cluster-weight-999/exponential-0802/compact-gq-exponential-0802-1.csv"
803,20261605,1,2.22875738143921,"/project/akaring/takeup-data/data/stan_analysis_data/main-core-exponential-cluster-weight-999-weights/exponential/weights-0803.csv","/project/akaring/takeup-data/data/stan_analysis_data/main-core-exponential-cluster-weight-999/exponential-0803/mode-exponential-0803-1.csv","/project/akaring/takeup-data/data/stan_analysis_data/main-core-exponential-cluster-weight-999/exponential-0803/compact-gq-exponential-0803-1.csv"
804,20261606,1,2.58523273468018,"/project/akaring/takeup-data/data/stan_analysis_data/main-core-exponential-cluster-weight-999-weights/exponential/weights-0804.csv","/project/akaring/takeup-data/data/stan_analysis_data/main-core-exponential-cluster-weight-999/exponential-0804/mode-exponential-0804-1.csv","/project/akaring/takeup-data/data/stan_analysis_data/main-core-exponential-cluster-weight-999/exponential-0804/compact-gq-exponential-0804-1.csv"
805,20261607,1,5.00301170349121,"/project/akaring/takeup-data/data/stan_analysis_data/main-core-exponential-cluster-weight-999-weights/exponential/weights-0805.csv","/project/akaring/takeup-data/data/stan_analysis_data/main-core-exponential-cluster-weight-999/exponential-0805/mode-exponential-0805-1.csv","/project/akaring/takeup-data/data/stan_analysis_data/main-core-exponential-cluster-weight-999/exponential-0805/compact-gq-exponential-0805-1.csv"
806,20261608,1,4.87586236000061,"/project/akaring/takeup-data/data/stan_analysis_data/main-core-exponential-cluster-weight-999-weights/exponential/weights-0806.csv","/project/akaring/takeup-data/data/stan_analysis_data/main-core-exponential-cluster-weight-999/exponential-0806/mode-exponential-0806-1.csv","/project/akaring/takeup-data/data/stan_analysis_data/main-core-exponential-cluster-weight-999/exponential-0806/compact-gq-exponential-0806-1.csv"
807,20261609,1,4.97673749923706,"/project/akaring/takeup-data/data/stan_analysis_data/main-core-exponential-cluster-weight-999-weights/exponential/weights-0807.csv","/project/akaring/takeup-data/data/stan_analysis_data/main-core-exponential-cluster-weight-999/exponential-0807/mode-exponential-0807-1.csv","/project/akaring/takeup-data/data/stan_analysis_data/main-core-exponential-cluster-weight-999/exponential-0807/compact-gq-exponential-0807-1.csv"
808,20261610,1,2.35260844230652,"/project/akaring/takeup-data/data/stan_analysis_data/main-core-exponential-cluster-weight-999-weights/exponential/weights-0808.csv","/project/akaring/takeup-data/data/stan_analysis_data/main-core-exponential-cluster-weight-999/exponential-0808/mode-exponential-0808-1.csv","/project/akaring/takeup-data/data/stan_analysis_data/main-core-exponential-cluster-weight-999/exponential-0808/compact-gq-exponential-0808-1.csv"
809,20261611,1,4.78681564331055,"/project/akaring/takeup-data/data/stan_analysis_data/main-core-exponential-cluster-weight-999-weights/exponential/weights-0809.csv","/project/akaring/takeup-data/data/stan_analysis_data/main-core-exponential-cluster-weight-999/exponential-0809/mode-exponential-0809-1.csv","/project/akaring/takeup-data/data/stan_analysis_data/main-core-exponential-cluster-weight-999/exponential-0809/compact-gq-exponential-0809-1.csv"
810,20261612,1,6.01115083694458,"/project/akaring/takeup-data/data/stan_analysis_data/main-core-exponential-cluster-weight-999-weights/exponential/weights-0810.csv","/project/akaring/takeup-data/data/stan_analysis_data/main-core-exponential-cluster-weight-999/exponential-0810/mode-exponential-0810-1.csv","/project/akaring/takeup-data/data/stan_analysis_data/main-core-exponential-cluster-weight-999/exponential-0810/compact-gq-exponential-0810-1.csv"
811,20261613,1,5.11264109611511,"/project/akaring/takeup-data/data/stan_analysis_data/main-core-exponential-cluster-weight-999-weights/exponential/weights-0811.csv","/project/akaring/takeup-data/data/stan_analysis_data/main-core-exponential-cluster-weight-999/exponential-0811/mode-exponential-0811-1.csv","/project/akaring/takeup-data/data/stan_analysis_data/main-core-exponential-cluster-weight-999/exponential-0811/compact-gq-exponential-0811-1.csv"
812,20261614,1,4.69871258735657,"/project/akaring/takeup-data/data/stan_analysis_data/main-core-exponential-cluster-weight-999-weights/exponential/weights-0812.csv","/project/akaring/takeup-data/data/stan_analysis_data/main-core-exponential-cluster-weight-999/exponential-0812/mode-exponential-0812-1.csv","/project/akaring/takeup-data/data/stan_analysis_data/main-core-exponential-cluster-weight-999/exponential-0812/compact-gq-exponential-0812-1.csv"
813,20261615,1,5.30479955673218,"/project/akaring/takeup-data/data/stan_analysis_data/main-core-exponential-cluster-weight-999-weights/exponential/weights-0813.csv","/project/akaring/takeup-data/data/stan_analysis_data/main-core-exponential-cluster-weight-999/exponential-0813/mode-exponential-0813-1.csv","/project/akaring/takeup-data/data/stan_analysis_data/main-core-exponential-cluster-weight-999/exponential-0813/compact-gq-exponential-0813-1.csv"
814,20261616,1,4.62416076660156,"/project/akaring/takeup-data/data/stan_analysis_data/main-core-exponential-cluster-weight-999-weights/exponential/weights-0814.csv","/project/akaring/takeup-data/data/stan_analysis_data/main-core-exponential-cluster-weight-999/exponential-0814/mode-exponential-0814-1.csv","/project/akaring/takeup-data/data/stan_analysis_data/main-core-exponential-cluster-weight-999/exponential-0814/compact-gq-exponential-0814-1.csv"
815,20261617,1,2.24136590957642,"/project/akaring/takeup-data/data/stan_analysis_data/main-core-exponential-cluster-weight-999-weights/exponential/weights-0815.csv","/project/akaring/takeup-data/data/stan_analysis_data/main-core-exponential-cluster-weight-999/exponential-0815/mode-exponential-0815-1.csv","/project/akaring/takeup-data/data/stan_analysis_data/main-core-exponential-cluster-weight-999/exponential-0815/compact-gq-exponential-0815-1.csv"
816,20261618,1,2.39123010635376,"/project/akaring/takeup-data/data/stan_analysis_data/main-core-exponential-cluster-weight-999-weights/exponential/weights-0816.csv","/project/akaring/takeup-data/data/stan_analysis_data/main-core-exponential-cluster-weight-999/exponential-0816/mode-exponential-0816-1.csv","/project/akaring/takeup-data/data/stan_analysis_data/main-core-exponential-cluster-weight-999/exponential-0816/compact-gq-exponential-0816-1.csv"
817,20261619,1,4.80010461807251,"/project/akaring/takeup-data/data/stan_analysis_data/main-core-exponential-cluster-weight-999-weights/exponential/weights-0817.csv","/project/akaring/takeup-data/data/stan_analysis_data/main-core-exponential-cluster-weight-999/exponential-0817/mode-exponential-0817-1.csv","/project/akaring/takeup-data/data/stan_analysis_data/main-core-exponential-cluster-weight-999/exponential-0817/compact-gq-exponential-0817-1.csv"
818,20261620,1,1.93313241004944,"/project/akaring/takeup-data/data/stan_analysis_data/main-core-exponential-cluster-weight-999-weights/exponential/weights-0818.csv","/project/akaring/takeup-data/data/stan_analysis_data/main-core-exponential-cluster-weight-999/exponential-0818/mode-exponential-0818-1.csv","/project/akaring/takeup-data/data/stan_analysis_data/main-core-exponential-cluster-weight-999/exponential-0818/compact-gq-exponential-0818-1.csv"
819,20261621,1,5.71524691581726,"/project/akaring/takeup-data/data/stan_analysis_data/main-core-exponential-cluster-weight-999-weights/exponential/weights-0819.csv","/project/akaring/takeup-data/data/stan_analysis_data/main-core-exponential-cluster-weight-999/exponential-0819/mode-exponential-0819-1.csv","/project/akaring/takeup-data/data/stan_analysis_data/main-core-exponential-cluster-weight-999/exponential-0819/compact-gq-exponential-0819-1.csv"
820,20261622,1,5.15903162956238,"/project/akaring/takeup-data/data/stan_analysis_data/main-core-exponential-cluster-weight-999-weights/exponential/weights-0820.csv","/project/akaring/takeup-data/data/stan_analysis_data/main-core-exponential-cluster-weight-999/exponential-0820/mode-exponential-0820-1.csv","/project/akaring/takeup-data/data/stan_analysis_data/main-core-exponential-cluster-weight-999/exponential-0820/compact-gq-exponential-0820-1.csv"
821,20261623,1,3.29428791999817,"/project/akaring/takeup-data/data/stan_analysis_data/main-core-exponential-cluster-weight-999-weights/exponential/weights-0821.csv","/project/akaring/takeup-data/data/stan_analysis_data/main-core-exponential-cluster-weight-999/exponential-0821/mode-exponential-0821-1.csv","/project/akaring/takeup-data/data/stan_analysis_data/main-core-exponential-cluster-weight-999/exponential-0821/compact-gq-exponential-0821-1.csv"
822,20261624,1,2.9010443687439,"/project/akaring/takeup-data/data/stan_analysis_data/main-core-exponential-cluster-weight-999-weights/exponential/weights-0822.csv","/project/akaring/takeup-data/data/stan_analysis_data/main-core-exponential-cluster-weight-999/exponential-0822/mode-exponential-0822-1.csv","/project/akaring/takeup-data/data/stan_analysis_data/main-core-exponential-cluster-weight-999/exponential-0822/compact-gq-exponential-0822-1.csv"
823,20261625,1,4.85344433784485,"/project/akaring/takeup-data/data/stan_analysis_data/main-core-exponential-cluster-weight-999-weights/exponential/weights-0823.csv","/project/akaring/takeup-data/data/stan_analysis_data/main-core-exponential-cluster-weight-999/exponential-0823/mode-exponential-0823-1.csv","/project/akaring/takeup-data/data/stan_analysis_data/main-core-exponential-cluster-weight-999/exponential-0823/compact-gq-exponential-0823-1.csv"
824,20261626,1,4.79521918296814,"/project/akaring/takeup-data/data/stan_analysis_data/main-core-exponential-cluster-weight-999-weights/exponential/weights-0824.csv","/project/akaring/takeup-data/data/stan_analysis_data/main-core-exponential-cluster-weight-999/exponential-0824/mode-exponential-0824-1.csv","/project/akaring/takeup-data/data/stan_analysis_data/main-core-exponential-cluster-weight-999/exponential-0824/compact-gq-exponential-0824-1.csv"
825,20261627,1,2.97136235237122,"/project/akaring/takeup-data/data/stan_analysis_data/main-core-exponential-cluster-weight-999-weights/exponential/weights-0825.csv","/project/akaring/takeup-data/data/stan_analysis_data/main-core-exponential-cluster-weight-999/exponential-0825/mode-exponential-0825-1.csv","/project/akaring/takeup-data/data/stan_analysis_data/main-core-exponential-cluster-weight-999/exponential-0825/compact-gq-exponential-0825-1.csv"
826,20261628,1,2.56470108032227,"/project/akaring/takeup-data/data/stan_analysis_data/main-core-exponential-cluster-weight-999-weights/exponential/weights-0826.csv","/project/akaring/takeup-data/data/stan_analysis_data/main-core-exponential-cluster-weight-999/exponential-0826/mode-exponential-0826-1.csv","/project/akaring/takeup-data/data/stan_analysis_data/main-core-exponential-cluster-weight-999/exponential-0826/compact-gq-exponential-0826-1.csv"
827,20261629,1,2.72092771530151,"/project/akaring/takeup-data/data/stan_analysis_data/main-core-exponential-cluster-weight-999-weights/exponential/weights-0827.csv","/project/akaring/takeup-data/data/stan_analysis_data/main-core-exponential-cluster-weight-999/exponential-0827/mode-exponential-0827-1.csv","/project/akaring/takeup-data/data/stan_analysis_data/main-core-exponential-cluster-weight-999/exponential-0827/compact-gq-exponential-0827-1.csv"
828,20261630,1,3.25495505332947,"/project/akaring/takeup-data/data/stan_analysis_data/main-core-exponential-cluster-weight-999-weights/exponential/weights-0828.csv","/project/akaring/takeup-data/data/stan_analysis_data/main-core-exponential-cluster-weight-999/exponential-0828/mode-exponential-0828-1.csv","/project/akaring/takeup-data/data/stan_analysis_data/main-core-exponential-cluster-weight-999/exponential-0828/compact-gq-exponential-0828-1.csv"
829,20261631,1,2.5205020904541,"/project/akaring/takeup-data/data/stan_analysis_data/main-core-exponential-cluster-weight-999-weights/exponential/weights-0829.csv","/project/akaring/takeup-data/data/stan_analysis_data/main-core-exponential-cluster-weight-999/exponential-0829/mode-exponential-0829-1.csv","/project/akaring/takeup-data/data/stan_analysis_data/main-core-exponential-cluster-weight-999/exponential-0829/compact-gq-exponential-0829-1.csv"
830,20261632,1,2.36835193634033,"/project/akaring/takeup-data/data/stan_analysis_data/main-core-exponential-cluster-weight-999-weights/exponential/weights-0830.csv","/project/akaring/takeup-data/data/stan_analysis_data/main-core-exponential-cluster-weight-999/exponential-0830/mode-exponential-0830-1.csv","/project/akaring/takeup-data/data/stan_analysis_data/main-core-exponential-cluster-weight-999/exponential-0830/compact-gq-exponential-0830-1.csv"
831,20261633,1,3.66902041435242,"/project/akaring/takeup-data/data/stan_analysis_data/main-core-exponential-cluster-weight-999-weights/exponential/weights-0831.csv","/project/akaring/takeup-data/data/stan_analysis_data/main-core-exponential-cluster-weight-999/exponential-0831/mode-exponential-0831-1.csv","/project/akaring/takeup-data/data/stan_analysis_data/main-core-exponential-cluster-weight-999/exponential-0831/compact-gq-exponential-0831-1.csv"
832,20261634,1,3.55116128921509,"/project/akaring/takeup-data/data/stan_analysis_data/main-core-exponential-cluster-weight-999-weights/exponential/weights-0832.csv","/project/akaring/takeup-data/data/stan_analysis_data/main-core-exponential-cluster-weight-999/exponential-0832/mode-exponential-0832-1.csv","/project/akaring/takeup-data/data/stan_analysis_data/main-core-exponential-cluster-weight-999/exponential-0832/compact-gq-exponential-0832-1.csv"
833,20261635,1,3.72326707839966,"/project/akaring/takeup-data/data/stan_analysis_data/main-core-exponential-cluster-weight-999-weights/exponential/weights-0833.csv","/project/akaring/takeup-data/data/stan_analysis_data/main-core-exponential-cluster-weight-999/exponential-0833/mode-exponential-0833-1.csv","/project/akaring/takeup-data/data/stan_analysis_data/main-core-exponential-cluster-weight-999/exponential-0833/compact-gq-exponential-0833-1.csv"
834,20261636,1,3.48165035247803,"/project/akaring/takeup-data/data/stan_analysis_data/main-core-exponential-cluster-weight-999-weights/exponential/weights-0834.csv","/project/akaring/takeup-data/data/stan_analysis_data/main-core-exponential-cluster-weight-999/exponential-0834/mode-exponential-0834-1.csv","/project/akaring/takeup-data/data/stan_analysis_data/main-core-exponential-cluster-weight-999/exponential-0834/compact-gq-exponential-0834-1.csv"
835,20261637,1,3.79978251457214,"/project/akaring/takeup-data/data/stan_analysis_data/main-core-exponential-cluster-weight-999-weights/exponential/weights-0835.csv","/project/akaring/takeup-data/data/stan_analysis_data/main-core-exponential-cluster-weight-999/exponential-0835/mode-exponential-0835-1.csv","/project/akaring/takeup-data/data/stan_analysis_data/main-core-exponential-cluster-weight-999/exponential-0835/compact-gq-exponential-0835-1.csv"
836,20261638,1,5.73300099372864,"/project/akaring/takeup-data/data/stan_analysis_data/main-core-exponential-cluster-weight-999-weights/exponential/weights-0836.csv","/project/akaring/takeup-data/data/stan_analysis_data/main-core-exponential-cluster-weight-999/exponential-0836/mode-exponential-0836-1.csv","/project/akaring/takeup-data/data/stan_analysis_data/main-core-exponential-cluster-weight-999/exponential-0836/compact-gq-exponential-0836-1.csv"
837,20261639,1,3.55102562904358,"/project/akaring/takeup-data/data/stan_analysis_data/main-core-exponential-cluster-weight-999-weights/exponential/weights-0837.csv","/project/akaring/takeup-data/data/stan_analysis_data/main-core-exponential-cluster-weight-999/exponential-0837/mode-exponential-0837-1.csv","/project/akaring/takeup-data/data/stan_analysis_data/main-core-exponential-cluster-weight-999/exponential-0837/compact-gq-exponential-0837-1.csv"
838,20261640,1,4.27022099494934,"/project/akaring/takeup-data/data/stan_analysis_data/main-core-exponential-cluster-weight-999-weights/exponential/weights-0838.csv","/project/akaring/takeup-data/data/stan_analysis_data/main-core-exponential-cluster-weight-999/exponential-0838/mode-exponential-0838-1.csv","/project/akaring/takeup-data/data/stan_analysis_data/main-core-exponential-cluster-weight-999/exponential-0838/compact-gq-exponential-0838-1.csv"
839,20261641,1,5.14008569717407,"/project/akaring/takeup-data/data/stan_analysis_data/main-core-exponential-cluster-weight-999-weights/exponential/weights-0839.csv","/project/akaring/takeup-data/data/stan_analysis_data/main-core-exponential-cluster-weight-999/exponential-0839/mode-exponential-0839-1.csv","/project/akaring/takeup-data/data/stan_analysis_data/main-core-exponential-cluster-weight-999/exponential-0839/compact-gq-exponential-0839-1.csv"
840,20261642,1,4.63488125801086,"/project/akaring/takeup-data/data/stan_analysis_data/main-core-exponential-cluster-weight-999-weights/exponential/weights-0840.csv","/project/akaring/takeup-data/data/stan_analysis_data/main-core-exponential-cluster-weight-999/exponential-0840/mode-exponential-0840-1.csv","/project/akaring/takeup-data/data/stan_analysis_data/main-core-exponential-cluster-weight-999/exponential-0840/compact-gq-exponential-0840-1.csv"
841,20261643,1,2.96349310874939,"/project/akaring/takeup-data/data/stan_analysis_data/main-core-exponential-cluster-weight-999-weights/exponential/weights-0841.csv","/project/akaring/takeup-data/data/stan_analysis_data/main-core-exponential-cluster-weight-999/exponential-0841/mode-exponential-0841-1.csv","/project/akaring/takeup-data/data/stan_analysis_data/main-core-exponential-cluster-weight-999/exponential-0841/compact-gq-exponential-0841-1.csv"
842,20261644,1,2.18693614006042,"/project/akaring/takeup-data/data/stan_analysis_data/main-core-exponential-cluster-weight-999-weights/exponential/weights-0842.csv","/project/akaring/takeup-data/data/stan_analysis_data/main-core-exponential-cluster-weight-999/exponential-0842/mode-exponential-0842-1.csv","/project/akaring/takeup-data/data/stan_analysis_data/main-core-exponential-cluster-weight-999/exponential-0842/compact-gq-exponential-0842-1.csv"
843,20261645,1,3.647296667099,"/project/akaring/takeup-data/data/stan_analysis_data/main-core-exponential-cluster-weight-999-weights/exponential/weights-0843.csv","/project/akaring/takeup-data/data/stan_analysis_data/main-core-exponential-cluster-weight-999/exponential-0843/mode-exponential-0843-1.csv","/project/akaring/takeup-data/data/stan_analysis_data/main-core-exponential-cluster-weight-999/exponential-0843/compact-gq-exponential-0843-1.csv"
844,20261646,1,3.56848573684692,"/project/akaring/takeup-data/data/stan_analysis_data/main-core-exponential-cluster-weight-999-weights/exponential/weights-0844.csv","/project/akaring/takeup-data/data/stan_analysis_data/main-core-exponential-cluster-weight-999/exponential-0844/mode-exponential-0844-1.csv","/project/akaring/takeup-data/data/stan_analysis_data/main-core-exponential-cluster-weight-999/exponential-0844/compact-gq-exponential-0844-1.csv"
845,20261647,1,3.34083366394043,"/project/akaring/takeup-data/data/stan_analysis_data/main-core-exponential-cluster-weight-999-weights/exponential/weights-0845.csv","/project/akaring/takeup-data/data/stan_analysis_data/main-core-exponential-cluster-weight-999/exponential-0845/mode-exponential-0845-1.csv","/project/akaring/takeup-data/data/stan_analysis_data/main-core-exponential-cluster-weight-999/exponential-0845/compact-gq-exponential-0845-1.csv"
846,20261648,1,3.90396404266357,"/project/akaring/takeup-data/data/stan_analysis_data/main-core-exponential-cluster-weight-999-weights/exponential/weights-0846.csv","/project/akaring/takeup-data/data/stan_analysis_data/main-core-exponential-cluster-weight-999/exponential-0846/mode-exponential-0846-1.csv","/project/akaring/takeup-data/data/stan_analysis_data/main-core-exponential-cluster-weight-999/exponential-0846/compact-gq-exponential-0846-1.csv"
847,20261649,1,3.85273170471191,"/project/akaring/takeup-data/data/stan_analysis_data/main-core-exponential-cluster-weight-999-weights/exponential/weights-0847.csv","/project/akaring/takeup-data/data/stan_analysis_data/main-core-exponential-cluster-weight-999/exponential-0847/mode-exponential-0847-1.csv","/project/akaring/takeup-data/data/stan_analysis_data/main-core-exponential-cluster-weight-999/exponential-0847/compact-gq-exponential-0847-1.csv"
848,20261650,1,3.75490117073059,"/project/akaring/takeup-data/data/stan_analysis_data/main-core-exponential-cluster-weight-999-weights/exponential/weights-0848.csv","/project/akaring/takeup-data/data/stan_analysis_data/main-core-exponential-cluster-weight-999/exponential-0848/mode-exponential-0848-1.csv","/project/akaring/takeup-data/data/stan_analysis_data/main-core-exponential-cluster-weight-999/exponential-0848/compact-gq-exponential-0848-1.csv"
849,20261651,1,3.76273059844971,"/project/akaring/takeup-data/data/stan_analysis_data/main-core-exponential-cluster-weight-999-weights/exponential/weights-0849.csv","/project/akaring/takeup-data/data/stan_analysis_data/main-core-exponential-cluster-weight-999/exponential-0849/mode-exponential-0849-1.csv","/project/akaring/takeup-data/data/stan_analysis_data/main-core-exponential-cluster-weight-999/exponential-0849/compact-gq-exponential-0849-1.csv"
850,20261652,1,3.87977170944214,"/project/akaring/takeup-data/data/stan_analysis_data/main-core-exponential-cluster-weight-999-weights/exponential/weights-0850.csv","/project/akaring/takeup-data/data/stan_analysis_data/main-core-exponential-cluster-weight-999/exponential-0850/mode-exponential-0850-1.csv","/project/akaring/takeup-data/data/stan_analysis_data/main-core-exponential-cluster-weight-999/exponential-0850/compact-gq-exponential-0850-1.csv"
851,20261653,1,3.82130122184753,"/project/akaring/takeup-data/data/stan_analysis_data/main-core-exponential-cluster-weight-999-weights/exponential/weights-0851.csv","/project/akaring/takeup-data/data/stan_analysis_data/main-core-exponential-cluster-weight-999/exponential-0851/mode-exponential-0851-1.csv","/project/akaring/takeup-data/data/stan_analysis_data/main-core-exponential-cluster-weight-999/exponential-0851/compact-gq-exponential-0851-1.csv"
852,20261654,1,3.9764187335968,"/project/akaring/takeup-data/data/stan_analysis_data/main-core-exponential-cluster-weight-999-weights/exponential/weights-0852.csv","/project/akaring/takeup-data/data/stan_analysis_data/main-core-exponential-cluster-weight-999/exponential-0852/mode-exponential-0852-1.csv","/project/akaring/takeup-data/data/stan_analysis_data/main-core-exponential-cluster-weight-999/exponential-0852/compact-gq-exponential-0852-1.csv"
853,20261655,1,4.10370111465454,"/project/akaring/takeup-data/data/stan_analysis_data/main-core-exponential-cluster-weight-999-weights/exponential/weights-0853.csv","/project/akaring/takeup-data/data/stan_analysis_data/main-core-exponential-cluster-weight-999/exponential-0853/mode-exponential-0853-1.csv","/project/akaring/takeup-data/data/stan_analysis_data/main-core-exponential-cluster-weight-999/exponential-0853/compact-gq-exponential-0853-1.csv"
854,20261656,1,3.65910267829895,"/project/akaring/takeup-data/data/stan_analysis_data/main-core-exponential-cluster-weight-999-weights/exponential/weights-0854.csv","/project/akaring/takeup-data/data/stan_analysis_data/main-core-exponential-cluster-weight-999/exponential-0854/mode-exponential-0854-1.csv","/project/akaring/takeup-data/data/stan_analysis_data/main-core-exponential-cluster-weight-999/exponential-0854/compact-gq-exponential-0854-1.csv"
855,20261657,1,3.46477770805359,"/project/akaring/takeup-data/data/stan_analysis_data/main-core-exponential-cluster-weight-999-weights/exponential/weights-0855.csv","/project/akaring/takeup-data/data/stan_analysis_data/main-core-exponential-cluster-weight-999/exponential-0855/mode-exponential-0855-1.csv","/project/akaring/takeup-data/data/stan_analysis_data/main-core-exponential-cluster-weight-999/exponential-0855/compact-gq-exponential-0855-1.csv"
856,20261658,1,4.57382965087891,"/project/akaring/takeup-data/data/stan_analysis_data/main-core-exponential-cluster-weight-999-weights/exponential/weights-0856.csv","/project/akaring/takeup-data/data/stan_analysis_data/main-core-exponential-cluster-weight-999/exponential-0856/mode-exponential-0856-1.csv","/project/akaring/takeup-data/data/stan_analysis_data/main-core-exponential-cluster-weight-999/exponential-0856/compact-gq-exponential-0856-1.csv"
857,20261659,1,4.34068608283997,"/project/akaring/takeup-data/data/stan_analysis_data/main-core-exponential-cluster-weight-999-weights/exponential/weights-0857.csv","/project/akaring/takeup-data/data/stan_analysis_data/main-core-exponential-cluster-weight-999/exponential-0857/mode-exponential-0857-1.csv","/project/akaring/takeup-data/data/stan_analysis_data/main-core-exponential-cluster-weight-999/exponential-0857/compact-gq-exponential-0857-1.csv"
858,20261660,1,4.03041553497314,"/project/akaring/takeup-data/data/stan_analysis_data/main-core-exponential-cluster-weight-999-weights/exponential/weights-0858.csv","/project/akaring/takeup-data/data/stan_analysis_data/main-core-exponential-cluster-weight-999/exponential-0858/mode-exponential-0858-1.csv","/project/akaring/takeup-data/data/stan_analysis_data/main-core-exponential-cluster-weight-999/exponential-0858/compact-gq-exponential-0858-1.csv"
859,20261661,1,4.34505534172058,"/project/akaring/takeup-data/data/stan_analysis_data/main-core-exponential-cluster-weight-999-weights/exponential/weights-0859.csv","/project/akaring/takeup-data/data/stan_analysis_data/main-core-exponential-cluster-weight-999/exponential-0859/mode-exponential-0859-1.csv","/project/akaring/takeup-data/data/stan_analysis_data/main-core-exponential-cluster-weight-999/exponential-0859/compact-gq-exponential-0859-1.csv"
860,20261662,1,3.99072241783142,"/project/akaring/takeup-data/data/stan_analysis_data/main-core-exponential-cluster-weight-999-weights/exponential/weights-0860.csv","/project/akaring/takeup-data/data/stan_analysis_data/main-core-exponential-cluster-weight-999/exponential-0860/mode-exponential-0860-1.csv","/project/akaring/takeup-data/data/stan_analysis_data/main-core-exponential-cluster-weight-999/exponential-0860/compact-gq-exponential-0860-1.csv"
861,20261663,1,4.55176138877869,"/project/akaring/takeup-data/data/stan_analysis_data/main-core-exponential-cluster-weight-999-weights/exponential/weights-0861.csv","/project/akaring/takeup-data/data/stan_analysis_data/main-core-exponential-cluster-weight-999/exponential-0861/mode-exponential-0861-1.csv","/project/akaring/takeup-data/data/stan_analysis_data/main-core-exponential-cluster-weight-999/exponential-0861/compact-gq-exponential-0861-1.csv"
862,20261664,1,4.51500129699707,"/project/akaring/takeup-data/data/stan_analysis_data/main-core-exponential-cluster-weight-999-weights/exponential/weights-0862.csv","/project/akaring/takeup-data/data/stan_analysis_data/main-core-exponential-cluster-weight-999/exponential-0862/mode-exponential-0862-1.csv","/project/akaring/takeup-data/data/stan_analysis_data/main-core-exponential-cluster-weight-999/exponential-0862/compact-gq-exponential-0862-1.csv"
863,20261665,1,4.36690807342529,"/project/akaring/takeup-data/data/stan_analysis_data/main-core-exponential-cluster-weight-999-weights/exponential/weights-0863.csv","/project/akaring/takeup-data/data/stan_analysis_data/main-core-exponential-cluster-weight-999/exponential-0863/mode-exponential-0863-1.csv","/project/akaring/takeup-data/data/stan_analysis_data/main-core-exponential-cluster-weight-999/exponential-0863/compact-gq-exponential-0863-1.csv"
864,20261666,1,14.9749767780304,"/project/akaring/takeup-data/data/stan_analysis_data/main-core-exponential-cluster-weight-999-weights/exponential/weights-0864.csv","/project/akaring/takeup-data/data/stan_analysis_data/main-core-exponential-cluster-weight-999/exponential-0864/mode-exponential-0864-1.csv","/project/akaring/takeup-data/data/stan_analysis_data/main-core-exponential-cluster-weight-999/exponential-0864/compact-gq-exponential-0864-1.csv"
865,20261667,1,2.22687077522278,"/project/akaring/takeup-data/data/stan_analysis_data/main-core-exponential-cluster-weight-999-weights/exponential/weights-0865.csv","/project/akaring/takeup-data/data/stan_analysis_data/main-core-exponential-cluster-weight-999/exponential-0865/mode-exponential-0865-1.csv","/project/akaring/takeup-data/data/stan_analysis_data/main-core-exponential-cluster-weight-999/exponential-0865/compact-gq-exponential-0865-1.csv"
866,20261668,1,2.21360802650452,"/project/akaring/takeup-data/data/stan_analysis_data/main-core-exponential-cluster-weight-999-weights/exponential/weights-0866.csv","/project/akaring/takeup-data/data/stan_analysis_data/main-core-exponential-cluster-weight-999/exponential-0866/mode-exponential-0866-1.csv","/project/akaring/takeup-data/data/stan_analysis_data/main-core-exponential-cluster-weight-999/exponential-0866/compact-gq-exponential-0866-1.csv"
867,20261669,1,2.0501275062561,"/project/akaring/takeup-data/data/stan_analysis_data/main-core-exponential-cluster-weight-999-weights/exponential/weights-0867.csv","/project/akaring/takeup-data/data/stan_analysis_data/main-core-exponential-cluster-weight-999/exponential-0867/mode-exponential-0867-1.csv","/project/akaring/takeup-data/data/stan_analysis_data/main-core-exponential-cluster-weight-999/exponential-0867/compact-gq-exponential-0867-1.csv"
868,20261670,1,2.0809154510498,"/project/akaring/takeup-data/data/stan_analysis_data/main-core-exponential-cluster-weight-999-weights/exponential/weights-0868.csv","/project/akaring/takeup-data/data/stan_analysis_data/main-core-exponential-cluster-weight-999/exponential-0868/mode-exponential-0868-1.csv","/project/akaring/takeup-data/data/stan_analysis_data/main-core-exponential-cluster-weight-999/exponential-0868/compact-gq-exponential-0868-1.csv"
869,20261671,1,2.26556372642517,"/project/akaring/takeup-data/data/stan_analysis_data/main-core-exponential-cluster-weight-999-weights/exponential/weights-0869.csv","/project/akaring/takeup-data/data/stan_analysis_data/main-core-exponential-cluster-weight-999/exponential-0869/mode-exponential-0869-1.csv","/project/akaring/takeup-data/data/stan_analysis_data/main-core-exponential-cluster-weight-999/exponential-0869/compact-gq-exponential-0869-1.csv"
870,20261672,1,13.9635329246521,"/project/akaring/takeup-data/data/stan_analysis_data/main-core-exponential-cluster-weight-999-weights/exponential/weights-0870.csv","/project/akaring/takeup-data/data/stan_analysis_data/main-core-exponential-cluster-weight-999/exponential-0870/mode-exponential-0870-1.csv","/project/akaring/takeup-data/data/stan_analysis_data/main-core-exponential-cluster-weight-999/exponential-0870/compact-gq-exponential-0870-1.csv"
871,20261673,1,1.98513889312744,"/project/akaring/takeup-data/data/stan_analysis_data/main-core-exponential-cluster-weight-999-weights/exponential/weights-0871.csv","/project/akaring/takeup-data/data/stan_analysis_data/main-core-exponential-cluster-weight-999/exponential-0871/mode-exponential-0871-1.csv","/project/akaring/takeup-data/data/stan_analysis_data/main-core-exponential-cluster-weight-999/exponential-0871/compact-gq-exponential-0871-1.csv"
872,20261674,1,12.7419760227203,"/project/akaring/takeup-data/data/stan_analysis_data/main-core-exponential-cluster-weight-999-weights/exponential/weights-0872.csv","/project/akaring/takeup-data/data/stan_analysis_data/main-core-exponential-cluster-weight-999/exponential-0872/mode-exponential-0872-1.csv","/project/akaring/takeup-data/data/stan_analysis_data/main-core-exponential-cluster-weight-999/exponential-0872/compact-gq-exponential-0872-1.csv"
873,20261675,1,17.4217486381531,"/project/akaring/takeup-data/data/stan_analysis_data/main-core-exponential-cluster-weight-999-weights/exponential/weights-0873.csv","/project/akaring/takeup-data/data/stan_analysis_data/main-core-exponential-cluster-weight-999/exponential-0873/mode-exponential-0873-1.csv","/project/akaring/takeup-data/data/stan_analysis_data/main-core-exponential-cluster-weight-999/exponential-0873/compact-gq-exponential-0873-1.csv"
874,20261676,1,13.2576127052307,"/project/akaring/takeup-data/data/stan_analysis_data/main-core-exponential-cluster-weight-999-weights/exponential/weights-0874.csv","/project/akaring/takeup-data/data/stan_analysis_data/main-core-exponential-cluster-weight-999/exponential-0874/mode-exponential-0874-1.csv","/project/akaring/takeup-data/data/stan_analysis_data/main-core-exponential-cluster-weight-999/exponential-0874/compact-gq-exponential-0874-1.csv"
875,20261677,1,13.740344285965,"/project/akaring/takeup-data/data/stan_analysis_data/main-core-exponential-cluster-weight-999-weights/exponential/weights-0875.csv","/project/akaring/takeup-data/data/stan_analysis_data/main-core-exponential-cluster-weight-999/exponential-0875/mode-exponential-0875-1.csv","/project/akaring/takeup-data/data/stan_analysis_data/main-core-exponential-cluster-weight-999/exponential-0875/compact-gq-exponential-0875-1.csv"
876,20261678,1,13.3412456512451,"/project/akaring/takeup-data/data/stan_analysis_data/main-core-exponential-cluster-weight-999-weights/exponential/weights-0876.csv","/project/akaring/takeup-data/data/stan_analysis_data/main-core-exponential-cluster-weight-999/exponential-0876/mode-exponential-0876-1.csv","/project/akaring/takeup-data/data/stan_analysis_data/main-core-exponential-cluster-weight-999/exponential-0876/compact-gq-exponential-0876-1.csv"
877,20261679,1,13.1651754379272,"/project/akaring/takeup-data/data/stan_analysis_data/main-core-exponential-cluster-weight-999-weights/exponential/weights-0877.csv","/project/akaring/takeup-data/data/stan_analysis_data/main-core-exponential-cluster-weight-999/exponential-0877/mode-exponential-0877-1.csv","/project/akaring/takeup-data/data/stan_analysis_data/main-core-exponential-cluster-weight-999/exponential-0877/compact-gq-exponential-0877-1.csv"
878,20261680,1,14.6534025669098,"/project/akaring/takeup-data/data/stan_analysis_data/main-core-exponential-cluster-weight-999-weights/exponential/weights-0878.csv","/project/akaring/takeup-data/data/stan_analysis_data/main-core-exponential-cluster-weight-999/exponential-0878/mode-exponential-0878-1.csv","/project/akaring/takeup-data/data/stan_analysis_data/main-core-exponential-cluster-weight-999/exponential-0878/compact-gq-exponential-0878-1.csv"
879,20261681,1,4.93208432197571,"/project/akaring/takeup-data/data/stan_analysis_data/main-core-exponential-cluster-weight-999-weights/exponential/weights-0879.csv","/project/akaring/takeup-data/data/stan_analysis_data/main-core-exponential-cluster-weight-999/exponential-0879/mode-exponential-0879-1.csv","/project/akaring/takeup-data/data/stan_analysis_data/main-core-exponential-cluster-weight-999/exponential-0879/compact-gq-exponential-0879-1.csv"
880,20261682,1,13.5911867618561,"/project/akaring/takeup-data/data/stan_analysis_data/main-core-exponential-cluster-weight-999-weights/exponential/weights-0880.csv","/project/akaring/takeup-data/data/stan_analysis_data/main-core-exponential-cluster-weight-999/exponential-0880/mode-exponential-0880-1.csv","/project/akaring/takeup-data/data/stan_analysis_data/main-core-exponential-cluster-weight-999/exponential-0880/compact-gq-exponential-0880-1.csv"
881,20261683,1,10.8299674987793,"/project/akaring/takeup-data/data/stan_analysis_data/main-core-exponential-cluster-weight-999-weights/exponential/weights-0881.csv","/project/akaring/takeup-data/data/stan_analysis_data/main-core-exponential-cluster-weight-999/exponential-0881/mode-exponential-0881-1.csv","/project/akaring/takeup-data/data/stan_analysis_data/main-core-exponential-cluster-weight-999/exponential-0881/compact-gq-exponential-0881-1.csv"
882,20261684,1,10.8294897079468,"/project/akaring/takeup-data/data/stan_analysis_data/main-core-exponential-cluster-weight-999-weights/exponential/weights-0882.csv","/project/akaring/takeup-data/data/stan_analysis_data/main-core-exponential-cluster-weight-999/exponential-0882/mode-exponential-0882-1.csv","/project/akaring/takeup-data/data/stan_analysis_data/main-core-exponential-cluster-weight-999/exponential-0882/compact-gq-exponential-0882-1.csv"
883,20261685,1,13.3920357227325,"/project/akaring/takeup-data/data/stan_analysis_data/main-core-exponential-cluster-weight-999-weights/exponential/weights-0883.csv","/project/akaring/takeup-data/data/stan_analysis_data/main-core-exponential-cluster-weight-999/exponential-0883/mode-exponential-0883-1.csv","/project/akaring/takeup-data/data/stan_analysis_data/main-core-exponential-cluster-weight-999/exponential-0883/compact-gq-exponential-0883-1.csv"
884,20261686,1,13.3891863822937,"/project/akaring/takeup-data/data/stan_analysis_data/main-core-exponential-cluster-weight-999-weights/exponential/weights-0884.csv","/project/akaring/takeup-data/data/stan_analysis_data/main-core-exponential-cluster-weight-999/exponential-0884/mode-exponential-0884-1.csv","/project/akaring/takeup-data/data/stan_analysis_data/main-core-exponential-cluster-weight-999/exponential-0884/compact-gq-exponential-0884-1.csv"
885,20261687,1,6.82777976989746,"/project/akaring/takeup-data/data/stan_analysis_data/main-core-exponential-cluster-weight-999-weights/exponential/weights-0885.csv","/project/akaring/takeup-data/data/stan_analysis_data/main-core-exponential-cluster-weight-999/exponential-0885/mode-exponential-0885-1.csv","/project/akaring/takeup-data/data/stan_analysis_data/main-core-exponential-cluster-weight-999/exponential-0885/compact-gq-exponential-0885-1.csv"
886,20261688,1,2.7053701877594,"/project/akaring/takeup-data/data/stan_analysis_data/main-core-exponential-cluster-weight-999-weights/exponential/weights-0886.csv","/project/akaring/takeup-data/data/stan_analysis_data/main-core-exponential-cluster-weight-999/exponential-0886/mode-exponential-0886-1.csv","/project/akaring/takeup-data/data/stan_analysis_data/main-core-exponential-cluster-weight-999/exponential-0886/compact-gq-exponential-0886-1.csv"
887,20261689,1,6.30953645706177,"/project/akaring/takeup-data/data/stan_analysis_data/main-core-exponential-cluster-weight-999-weights/exponential/weights-0887.csv","/project/akaring/takeup-data/data/stan_analysis_data/main-core-exponential-cluster-weight-999/exponential-0887/mode-exponential-0887-1.csv","/project/akaring/takeup-data/data/stan_analysis_data/main-core-exponential-cluster-weight-999/exponential-0887/compact-gq-exponential-0887-1.csv"
888,20261690,1,9.49012303352356,"/project/akaring/takeup-data/data/stan_analysis_data/main-core-exponential-cluster-weight-999-weights/exponential/weights-0888.csv","/project/akaring/takeup-data/data/stan_analysis_data/main-core-exponential-cluster-weight-999/exponential-0888/mode-exponential-0888-1.csv","/project/akaring/takeup-data/data/stan_analysis_data/main-core-exponential-cluster-weight-999/exponential-0888/compact-gq-exponential-0888-1.csv"
889,20261691,1,13.2526152133942,"/project/akaring/takeup-data/data/stan_analysis_data/main-core-exponential-cluster-weight-999-weights/exponential/weights-0889.csv","/project/akaring/takeup-data/data/stan_analysis_data/main-core-exponential-cluster-weight-999/exponential-0889/mode-exponential-0889-1.csv","/project/akaring/takeup-data/data/stan_analysis_data/main-core-exponential-cluster-weight-999/exponential-0889/compact-gq-exponential-0889-1.csv"
890,20261692,1,11.770432472229,"/project/akaring/takeup-data/data/stan_analysis_data/main-core-exponential-cluster-weight-999-weights/exponential/weights-0890.csv","/project/akaring/takeup-data/data/stan_analysis_data/main-core-exponential-cluster-weight-999/exponential-0890/mode-exponential-0890-1.csv","/project/akaring/takeup-data/data/stan_analysis_data/main-core-exponential-cluster-weight-999/exponential-0890/compact-gq-exponential-0890-1.csv"
891,20261693,1,11.2666108608246,"/project/akaring/takeup-data/data/stan_analysis_data/main-core-exponential-cluster-weight-999-weights/exponential/weights-0891.csv","/project/akaring/takeup-data/data/stan_analysis_data/main-core-exponential-cluster-weight-999/exponential-0891/mode-exponential-0891-1.csv","/project/akaring/takeup-data/data/stan_analysis_data/main-core-exponential-cluster-weight-999/exponential-0891/compact-gq-exponential-0891-1.csv"
892,20261694,1,6.33285903930664,"/project/akaring/takeup-data/data/stan_analysis_data/main-core-exponential-cluster-weight-999-weights/exponential/weights-0892.csv","/project/akaring/takeup-data/data/stan_analysis_data/main-core-exponential-cluster-weight-999/exponential-0892/mode-exponential-0892-1.csv","/project/akaring/takeup-data/data/stan_analysis_data/main-core-exponential-cluster-weight-999/exponential-0892/compact-gq-exponential-0892-1.csv"
893,20261695,1,17.2410504817963,"/project/akaring/takeup-data/data/stan_analysis_data/main-core-exponential-cluster-weight-999-weights/exponential/weights-0893.csv","/project/akaring/takeup-data/data/stan_analysis_data/main-core-exponential-cluster-weight-999/exponential-0893/mode-exponential-0893-1.csv","/project/akaring/takeup-data/data/stan_analysis_data/main-core-exponential-cluster-weight-999/exponential-0893/compact-gq-exponential-0893-1.csv"
894,20261696,1,10.6113007068634,"/project/akaring/takeup-data/data/stan_analysis_data/main-core-exponential-cluster-weight-999-weights/exponential/weights-0894.csv","/project/akaring/takeup-data/data/stan_analysis_data/main-core-exponential-cluster-weight-999/exponential-0894/mode-exponential-0894-1.csv","/project/akaring/takeup-data/data/stan_analysis_data/main-core-exponential-cluster-weight-999/exponential-0894/compact-gq-exponential-0894-1.csv"
895,20261697,1,10.4934842586517,"/project/akaring/takeup-data/data/stan_analysis_data/main-core-exponential-cluster-weight-999-weights/exponential/weights-0895.csv","/project/akaring/takeup-data/data/stan_analysis_data/main-core-exponential-cluster-weight-999/exponential-0895/mode-exponential-0895-1.csv","/project/akaring/takeup-data/data/stan_analysis_data/main-core-exponential-cluster-weight-999/exponential-0895/compact-gq-exponential-0895-1.csv"
896,20261698,1,10.7507445812225,"/project/akaring/takeup-data/data/stan_analysis_data/main-core-exponential-cluster-weight-999-weights/exponential/weights-0896.csv","/project/akaring/takeup-data/data/stan_analysis_data/main-core-exponential-cluster-weight-999/exponential-0896/mode-exponential-0896-1.csv","/project/akaring/takeup-data/data/stan_analysis_data/main-core-exponential-cluster-weight-999/exponential-0896/compact-gq-exponential-0896-1.csv"
897,20261699,1,5.91048359870911,"/project/akaring/takeup-data/data/stan_analysis_data/main-core-exponential-cluster-weight-999-weights/exponential/weights-0897.csv","/project/akaring/takeup-data/data/stan_analysis_data/main-core-exponential-cluster-weight-999/exponential-0897/mode-exponential-0897-1.csv","/project/akaring/takeup-data/data/stan_analysis_data/main-core-exponential-cluster-weight-999/exponential-0897/compact-gq-exponential-0897-1.csv"
898,20261700,1,6.96982479095459,"/project/akaring/takeup-data/data/stan_analysis_data/main-core-exponential-cluster-weight-999-weights/exponential/weights-0898.csv","/project/akaring/takeup-data/data/stan_analysis_data/main-core-exponential-cluster-weight-999/exponential-0898/mode-exponential-0898-1.csv","/project/akaring/takeup-data/data/stan_analysis_data/main-core-exponential-cluster-weight-999/exponential-0898/compact-gq-exponential-0898-1.csv"
899,20261701,1,10.5313651561737,"/project/akaring/takeup-data/data/stan_analysis_data/main-core-exponential-cluster-weight-999-weights/exponential/weights-0899.csv","/project/akaring/takeup-data/data/stan_analysis_data/main-core-exponential-cluster-weight-999/exponential-0899/mode-exponential-0899-1.csv","/project/akaring/takeup-data/data/stan_analysis_data/main-core-exponential-cluster-weight-999/exponential-0899/compact-gq-exponential-0899-1.csv"
900,20261702,1,10.5317642688751,"/project/akaring/takeup-data/data/stan_analysis_data/main-core-exponential-cluster-weight-999-weights/exponential/weights-0900.csv","/project/akaring/takeup-data/data/stan_analysis_data/main-core-exponential-cluster-weight-999/exponential-0900/mode-exponential-0900-1.csv","/project/akaring/takeup-data/data/stan_analysis_data/main-core-exponential-cluster-weight-999/exponential-0900/compact-gq-exponential-0900-1.csv"
901,20261703,1,13.1944379806519,"/project/akaring/takeup-data/data/stan_analysis_data/main-core-exponential-cluster-weight-999-weights/exponential/weights-0901.csv","/project/akaring/takeup-data/data/stan_analysis_data/main-core-exponential-cluster-weight-999/exponential-0901/mode-exponential-0901-1.csv","/project/akaring/takeup-data/data/stan_analysis_data/main-core-exponential-cluster-weight-999/exponential-0901/compact-gq-exponential-0901-1.csv"
902,20261704,1,6.23594069480896,"/project/akaring/takeup-data/data/stan_analysis_data/main-core-exponential-cluster-weight-999-weights/exponential/weights-0902.csv","/project/akaring/takeup-data/data/stan_analysis_data/main-core-exponential-cluster-weight-999/exponential-0902/mode-exponential-0902-1.csv","/project/akaring/takeup-data/data/stan_analysis_data/main-core-exponential-cluster-weight-999/exponential-0902/compact-gq-exponential-0902-1.csv"
903,20261705,1,6.38853120803833,"/project/akaring/takeup-data/data/stan_analysis_data/main-core-exponential-cluster-weight-999-weights/exponential/weights-0903.csv","/project/akaring/takeup-data/data/stan_analysis_data/main-core-exponential-cluster-weight-999/exponential-0903/mode-exponential-0903-1.csv","/project/akaring/takeup-data/data/stan_analysis_data/main-core-exponential-cluster-weight-999/exponential-0903/compact-gq-exponential-0903-1.csv"
904,20261706,1,13.5174069404602,"/project/akaring/takeup-data/data/stan_analysis_data/main-core-exponential-cluster-weight-999-weights/exponential/weights-0904.csv","/project/akaring/takeup-data/data/stan_analysis_data/main-core-exponential-cluster-weight-999/exponential-0904/mode-exponential-0904-1.csv","/project/akaring/takeup-data/data/stan_analysis_data/main-core-exponential-cluster-weight-999/exponential-0904/compact-gq-exponential-0904-1.csv"
905,20261707,1,13.3179788589478,"/project/akaring/takeup-data/data/stan_analysis_data/main-core-exponential-cluster-weight-999-weights/exponential/weights-0905.csv","/project/akaring/takeup-data/data/stan_analysis_data/main-core-exponential-cluster-weight-999/exponential-0905/mode-exponential-0905-1.csv","/project/akaring/takeup-data/data/stan_analysis_data/main-core-exponential-cluster-weight-999/exponential-0905/compact-gq-exponential-0905-1.csv"
906,20261708,1,11.7862873077393,"/project/akaring/takeup-data/data/stan_analysis_data/main-core-exponential-cluster-weight-999-weights/exponential/weights-0906.csv","/project/akaring/takeup-data/data/stan_analysis_data/main-core-exponential-cluster-weight-999/exponential-0906/mode-exponential-0906-1.csv","/project/akaring/takeup-data/data/stan_analysis_data/main-core-exponential-cluster-weight-999/exponential-0906/compact-gq-exponential-0906-1.csv"
907,20261709,1,10.7025663852692,"/project/akaring/takeup-data/data/stan_analysis_data/main-core-exponential-cluster-weight-999-weights/exponential/weights-0907.csv","/project/akaring/takeup-data/data/stan_analysis_data/main-core-exponential-cluster-weight-999/exponential-0907/mode-exponential-0907-1.csv","/project/akaring/takeup-data/data/stan_analysis_data/main-core-exponential-cluster-weight-999/exponential-0907/compact-gq-exponential-0907-1.csv"
908,20261710,1,3.44911670684814,"/project/akaring/takeup-data/data/stan_analysis_data/main-core-exponential-cluster-weight-999-weights/exponential/weights-0908.csv","/project/akaring/takeup-data/data/stan_analysis_data/main-core-exponential-cluster-weight-999/exponential-0908/mode-exponential-0908-1.csv","/project/akaring/takeup-data/data/stan_analysis_data/main-core-exponential-cluster-weight-999/exponential-0908/compact-gq-exponential-0908-1.csv"
909,20261711,1,13.3429985046387,"/project/akaring/takeup-data/data/stan_analysis_data/main-core-exponential-cluster-weight-999-weights/exponential/weights-0909.csv","/project/akaring/takeup-data/data/stan_analysis_data/main-core-exponential-cluster-weight-999/exponential-0909/mode-exponential-0909-1.csv","/project/akaring/takeup-data/data/stan_analysis_data/main-core-exponential-cluster-weight-999/exponential-0909/compact-gq-exponential-0909-1.csv"
910,20261712,1,19.3394377231598,"/project/akaring/takeup-data/data/stan_analysis_data/main-core-exponential-cluster-weight-999-weights/exponential/weights-0910.csv","/project/akaring/takeup-data/data/stan_analysis_data/main-core-exponential-cluster-weight-999/exponential-0910/mode-exponential-0910-1.csv","/project/akaring/takeup-data/data/stan_analysis_data/main-core-exponential-cluster-weight-999/exponential-0910/compact-gq-exponential-0910-1.csv"
911,20261713,1,4.13999080657959,"/project/akaring/takeup-data/data/stan_analysis_data/main-core-exponential-cluster-weight-999-weights/exponential/weights-0911.csv","/project/akaring/takeup-data/data/stan_analysis_data/main-core-exponential-cluster-weight-999/exponential-0911/mode-exponential-0911-1.csv","/project/akaring/takeup-data/data/stan_analysis_data/main-core-exponential-cluster-weight-999/exponential-0911/compact-gq-exponential-0911-1.csv"
912,20261714,1,16.0404751300812,"/project/akaring/takeup-data/data/stan_analysis_data/main-core-exponential-cluster-weight-999-weights/exponential/weights-0912.csv","/project/akaring/takeup-data/data/stan_analysis_data/main-core-exponential-cluster-weight-999/exponential-0912/mode-exponential-0912-1.csv","/project/akaring/takeup-data/data/stan_analysis_data/main-core-exponential-cluster-weight-999/exponential-0912/compact-gq-exponential-0912-1.csv"
913,20261715,1,16.0404603481293,"/project/akaring/takeup-data/data/stan_analysis_data/main-core-exponential-cluster-weight-999-weights/exponential/weights-0913.csv","/project/akaring/takeup-data/data/stan_analysis_data/main-core-exponential-cluster-weight-999/exponential-0913/mode-exponential-0913-1.csv","/project/akaring/takeup-data/data/stan_analysis_data/main-core-exponential-cluster-weight-999/exponential-0913/compact-gq-exponential-0913-1.csv"
914,20261716,1,3.66850972175598,"/project/akaring/takeup-data/data/stan_analysis_data/main-core-exponential-cluster-weight-999-weights/exponential/weights-0914.csv","/project/akaring/takeup-data/data/stan_analysis_data/main-core-exponential-cluster-weight-999/exponential-0914/mode-exponential-0914-1.csv","/project/akaring/takeup-data/data/stan_analysis_data/main-core-exponential-cluster-weight-999/exponential-0914/compact-gq-exponential-0914-1.csv"
915,20261717,1,14.7125172615051,"/project/akaring/takeup-data/data/stan_analysis_data/main-core-exponential-cluster-weight-999-weights/exponential/weights-0915.csv","/project/akaring/takeup-data/data/stan_analysis_data/main-core-exponential-cluster-weight-999/exponential-0915/mode-exponential-0915-1.csv","/project/akaring/takeup-data/data/stan_analysis_data/main-core-exponential-cluster-weight-999/exponential-0915/compact-gq-exponential-0915-1.csv"
916,20261718,1,3.71913599967957,"/project/akaring/takeup-data/data/stan_analysis_data/main-core-exponential-cluster-weight-999-weights/exponential/weights-0916.csv","/project/akaring/takeup-data/data/stan_analysis_data/main-core-exponential-cluster-weight-999/exponential-0916/mode-exponential-0916-1.csv","/project/akaring/takeup-data/data/stan_analysis_data/main-core-exponential-cluster-weight-999/exponential-0916/compact-gq-exponential-0916-1.csv"
917,20261719,1,2.88101959228516,"/project/akaring/takeup-data/data/stan_analysis_data/main-core-exponential-cluster-weight-999-weights/exponential/weights-0917.csv","/project/akaring/takeup-data/data/stan_analysis_data/main-core-exponential-cluster-weight-999/exponential-0917/mode-exponential-0917-1.csv","/project/akaring/takeup-data/data/stan_analysis_data/main-core-exponential-cluster-weight-999/exponential-0917/compact-gq-exponential-0917-1.csv"
918,20261720,1,3.84175276756287,"/project/akaring/takeup-data/data/stan_analysis_data/main-core-exponential-cluster-weight-999-weights/exponential/weights-0918.csv","/project/akaring/takeup-data/data/stan_analysis_data/main-core-exponential-cluster-weight-999/exponential-0918/mode-exponential-0918-1.csv","/project/akaring/takeup-data/data/stan_analysis_data/main-core-exponential-cluster-weight-999/exponential-0918/compact-gq-exponential-0918-1.csv"
919,20261721,1,4.79111218452454,"/project/akaring/takeup-data/data/stan_analysis_data/main-core-exponential-cluster-weight-999-weights/exponential/weights-0919.csv","/project/akaring/takeup-data/data/stan_analysis_data/main-core-exponential-cluster-weight-999/exponential-0919/mode-exponential-0919-1.csv","/project/akaring/takeup-data/data/stan_analysis_data/main-core-exponential-cluster-weight-999/exponential-0919/compact-gq-exponential-0919-1.csv"
920,20261722,1,3.3571310043335,"/project/akaring/takeup-data/data/stan_analysis_data/main-core-exponential-cluster-weight-999-weights/exponential/weights-0920.csv","/project/akaring/takeup-data/data/stan_analysis_data/main-core-exponential-cluster-weight-999/exponential-0920/mode-exponential-0920-1.csv","/project/akaring/takeup-data/data/stan_analysis_data/main-core-exponential-cluster-weight-999/exponential-0920/compact-gq-exponential-0920-1.csv"
921,20261723,1,5.9669075012207,"/project/akaring/takeup-data/data/stan_analysis_data/main-core-exponential-cluster-weight-999-weights/exponential/weights-0921.csv","/project/akaring/takeup-data/data/stan_analysis_data/main-core-exponential-cluster-weight-999/exponential-0921/mode-exponential-0921-1.csv","/project/akaring/takeup-data/data/stan_analysis_data/main-core-exponential-cluster-weight-999/exponential-0921/compact-gq-exponential-0921-1.csv"
922,20261724,1,5.14275670051575,"/project/akaring/takeup-data/data/stan_analysis_data/main-core-exponential-cluster-weight-999-weights/exponential/weights-0922.csv","/project/akaring/takeup-data/data/stan_analysis_data/main-core-exponential-cluster-weight-999/exponential-0922/mode-exponential-0922-1.csv","/project/akaring/takeup-data/data/stan_analysis_data/main-core-exponential-cluster-weight-999/exponential-0922/compact-gq-exponential-0922-1.csv"
923,20261725,1,2.81863021850586,"/project/akaring/takeup-data/data/stan_analysis_data/main-core-exponential-cluster-weight-999-weights/exponential/weights-0923.csv","/project/akaring/takeup-data/data/stan_analysis_data/main-core-exponential-cluster-weight-999/exponential-0923/mode-exponential-0923-1.csv","/project/akaring/takeup-data/data/stan_analysis_data/main-core-exponential-cluster-weight-999/exponential-0923/compact-gq-exponential-0923-1.csv"
924,20261726,1,2.83175897598267,"/project/akaring/takeup-data/data/stan_analysis_data/main-core-exponential-cluster-weight-999-weights/exponential/weights-0924.csv","/project/akaring/takeup-data/data/stan_analysis_data/main-core-exponential-cluster-weight-999/exponential-0924/mode-exponential-0924-1.csv","/project/akaring/takeup-data/data/stan_analysis_data/main-core-exponential-cluster-weight-999/exponential-0924/compact-gq-exponential-0924-1.csv"
925,20261727,1,3.86624217033386,"/project/akaring/takeup-data/data/stan_analysis_data/main-core-exponential-cluster-weight-999-weights/exponential/weights-0925.csv","/project/akaring/takeup-data/data/stan_analysis_data/main-core-exponential-cluster-weight-999/exponential-0925/mode-exponential-0925-1.csv","/project/akaring/takeup-data/data/stan_analysis_data/main-core-exponential-cluster-weight-999/exponential-0925/compact-gq-exponential-0925-1.csv"
926,20261728,1,6.07076859474182,"/project/akaring/takeup-data/data/stan_analysis_data/main-core-exponential-cluster-weight-999-weights/exponential/weights-0926.csv","/project/akaring/takeup-data/data/stan_analysis_data/main-core-exponential-cluster-weight-999/exponential-0926/mode-exponential-0926-1.csv","/project/akaring/takeup-data/data/stan_analysis_data/main-core-exponential-cluster-weight-999/exponential-0926/compact-gq-exponential-0926-1.csv"
927,20261729,1,3.31632781028748,"/project/akaring/takeup-data/data/stan_analysis_data/main-core-exponential-cluster-weight-999-weights/exponential/weights-0927.csv","/project/akaring/takeup-data/data/stan_analysis_data/main-core-exponential-cluster-weight-999/exponential-0927/mode-exponential-0927-1.csv","/project/akaring/takeup-data/data/stan_analysis_data/main-core-exponential-cluster-weight-999/exponential-0927/compact-gq-exponential-0927-1.csv"
928,20261730,1,2.62984132766724,"/project/akaring/takeup-data/data/stan_analysis_data/main-core-exponential-cluster-weight-999-weights/exponential/weights-0928.csv","/project/akaring/takeup-data/data/stan_analysis_data/main-core-exponential-cluster-weight-999/exponential-0928/mode-exponential-0928-1.csv","/project/akaring/takeup-data/data/stan_analysis_data/main-core-exponential-cluster-weight-999/exponential-0928/compact-gq-exponential-0928-1.csv"
929,20261731,1,3.45031142234802,"/project/akaring/takeup-data/data/stan_analysis_data/main-core-exponential-cluster-weight-999-weights/exponential/weights-0929.csv","/project/akaring/takeup-data/data/stan_analysis_data/main-core-exponential-cluster-weight-999/exponential-0929/mode-exponential-0929-1.csv","/project/akaring/takeup-data/data/stan_analysis_data/main-core-exponential-cluster-weight-999/exponential-0929/compact-gq-exponential-0929-1.csv"
930,20261732,1,5.32561874389648,"/project/akaring/takeup-data/data/stan_analysis_data/main-core-exponential-cluster-weight-999-weights/exponential/weights-0930.csv","/project/akaring/takeup-data/data/stan_analysis_data/main-core-exponential-cluster-weight-999/exponential-0930/mode-exponential-0930-1.csv","/project/akaring/takeup-data/data/stan_analysis_data/main-core-exponential-cluster-weight-999/exponential-0930/compact-gq-exponential-0930-1.csv"
931,20261733,1,3.81583404541016,"/project/akaring/takeup-data/data/stan_analysis_data/main-core-exponential-cluster-weight-999-weights/exponential/weights-0931.csv","/project/akaring/takeup-data/data/stan_analysis_data/main-core-exponential-cluster-weight-999/exponential-0931/mode-exponential-0931-1.csv","/project/akaring/takeup-data/data/stan_analysis_data/main-core-exponential-cluster-weight-999/exponential-0931/compact-gq-exponential-0931-1.csv"
932,20261734,1,5.15750670433044,"/project/akaring/takeup-data/data/stan_analysis_data/main-core-exponential-cluster-weight-999-weights/exponential/weights-0932.csv","/project/akaring/takeup-data/data/stan_analysis_data/main-core-exponential-cluster-weight-999/exponential-0932/mode-exponential-0932-1.csv","/project/akaring/takeup-data/data/stan_analysis_data/main-core-exponential-cluster-weight-999/exponential-0932/compact-gq-exponential-0932-1.csv"
933,20261735,1,3.77301502227783,"/project/akaring/takeup-data/data/stan_analysis_data/main-core-exponential-cluster-weight-999-weights/exponential/weights-0933.csv","/project/akaring/takeup-data/data/stan_analysis_data/main-core-exponential-cluster-weight-999/exponential-0933/mode-exponential-0933-1.csv","/project/akaring/takeup-data/data/stan_analysis_data/main-core-exponential-cluster-weight-999/exponential-0933/compact-gq-exponential-0933-1.csv"
934,20261736,1,2.73394846916199,"/project/akaring/takeup-data/data/stan_analysis_data/main-core-exponential-cluster-weight-999-weights/exponential/weights-0934.csv","/project/akaring/takeup-data/data/stan_analysis_data/main-core-exponential-cluster-weight-999/exponential-0934/mode-exponential-0934-1.csv","/project/akaring/takeup-data/data/stan_analysis_data/main-core-exponential-cluster-weight-999/exponential-0934/compact-gq-exponential-0934-1.csv"
935,20261737,1,5.60139536857605,"/project/akaring/takeup-data/data/stan_analysis_data/main-core-exponential-cluster-weight-999-weights/exponential/weights-0935.csv","/project/akaring/takeup-data/data/stan_analysis_data/main-core-exponential-cluster-weight-999/exponential-0935/mode-exponential-0935-1.csv","/project/akaring/takeup-data/data/stan_analysis_data/main-core-exponential-cluster-weight-999/exponential-0935/compact-gq-exponential-0935-1.csv"
936,20261738,1,5.75883769989014,"/project/akaring/takeup-data/data/stan_analysis_data/main-core-exponential-cluster-weight-999-weights/exponential/weights-0936.csv","/project/akaring/takeup-data/data/stan_analysis_data/main-core-exponential-cluster-weight-999/exponential-0936/mode-exponential-0936-1.csv","/project/akaring/takeup-data/data/stan_analysis_data/main-core-exponential-cluster-weight-999/exponential-0936/compact-gq-exponential-0936-1.csv"
937,20261739,1,4.94729828834534,"/project/akaring/takeup-data/data/stan_analysis_data/main-core-exponential-cluster-weight-999-weights/exponential/weights-0937.csv","/project/akaring/takeup-data/data/stan_analysis_data/main-core-exponential-cluster-weight-999/exponential-0937/mode-exponential-0937-1.csv","/project/akaring/takeup-data/data/stan_analysis_data/main-core-exponential-cluster-weight-999/exponential-0937/compact-gq-exponential-0937-1.csv"
938,20261740,1,6.04456567764282,"/project/akaring/takeup-data/data/stan_analysis_data/main-core-exponential-cluster-weight-999-weights/exponential/weights-0938.csv","/project/akaring/takeup-data/data/stan_analysis_data/main-core-exponential-cluster-weight-999/exponential-0938/mode-exponential-0938-1.csv","/project/akaring/takeup-data/data/stan_analysis_data/main-core-exponential-cluster-weight-999/exponential-0938/compact-gq-exponential-0938-1.csv"
939,20261741,1,6.04826283454895,"/project/akaring/takeup-data/data/stan_analysis_data/main-core-exponential-cluster-weight-999-weights/exponential/weights-0939.csv","/project/akaring/takeup-data/data/stan_analysis_data/main-core-exponential-cluster-weight-999/exponential-0939/mode-exponential-0939-1.csv","/project/akaring/takeup-data/data/stan_analysis_data/main-core-exponential-cluster-weight-999/exponential-0939/compact-gq-exponential-0939-1.csv"
940,20261742,1,3.0629665851593,"/project/akaring/takeup-data/data/stan_analysis_data/main-core-exponential-cluster-weight-999-weights/exponential/weights-0940.csv","/project/akaring/takeup-data/data/stan_analysis_data/main-core-exponential-cluster-weight-999/exponential-0940/mode-exponential-0940-1.csv","/project/akaring/takeup-data/data/stan_analysis_data/main-core-exponential-cluster-weight-999/exponential-0940/compact-gq-exponential-0940-1.csv"
941,20261743,1,2.7154974937439,"/project/akaring/takeup-data/data/stan_analysis_data/main-core-exponential-cluster-weight-999-weights/exponential/weights-0941.csv","/project/akaring/takeup-data/data/stan_analysis_data/main-core-exponential-cluster-weight-999/exponential-0941/mode-exponential-0941-1.csv","/project/akaring/takeup-data/data/stan_analysis_data/main-core-exponential-cluster-weight-999/exponential-0941/compact-gq-exponential-0941-1.csv"
942,20261744,1,2.87788105010986,"/project/akaring/takeup-data/data/stan_analysis_data/main-core-exponential-cluster-weight-999-weights/exponential/weights-0942.csv","/project/akaring/takeup-data/data/stan_analysis_data/main-core-exponential-cluster-weight-999/exponential-0942/mode-exponential-0942-1.csv","/project/akaring/takeup-data/data/stan_analysis_data/main-core-exponential-cluster-weight-999/exponential-0942/compact-gq-exponential-0942-1.csv"
943,20261745,1,8.47557592391968,"/project/akaring/takeup-data/data/stan_analysis_data/main-core-exponential-cluster-weight-999-weights/exponential/weights-0943.csv","/project/akaring/takeup-data/data/stan_analysis_data/main-core-exponential-cluster-weight-999/exponential-0943/mode-exponential-0943-1.csv","/project/akaring/takeup-data/data/stan_analysis_data/main-core-exponential-cluster-weight-999/exponential-0943/compact-gq-exponential-0943-1.csv"
944,20261746,1,8.47409582138062,"/project/akaring/takeup-data/data/stan_analysis_data/main-core-exponential-cluster-weight-999-weights/exponential/weights-0944.csv","/project/akaring/takeup-data/data/stan_analysis_data/main-core-exponential-cluster-weight-999/exponential-0944/mode-exponential-0944-1.csv","/project/akaring/takeup-data/data/stan_analysis_data/main-core-exponential-cluster-weight-999/exponential-0944/compact-gq-exponential-0944-1.csv"
945,20261747,1,4.95200538635254,"/project/akaring/takeup-data/data/stan_analysis_data/main-core-exponential-cluster-weight-999-weights/exponential/weights-0945.csv","/project/akaring/takeup-data/data/stan_analysis_data/main-core-exponential-cluster-weight-999/exponential-0945/mode-exponential-0945-1.csv","/project/akaring/takeup-data/data/stan_analysis_data/main-core-exponential-cluster-weight-999/exponential-0945/compact-gq-exponential-0945-1.csv"
946,20261748,1,3.5580952167511,"/project/akaring/takeup-data/data/stan_analysis_data/main-core-exponential-cluster-weight-999-weights/exponential/weights-0946.csv","/project/akaring/takeup-data/data/stan_analysis_data/main-core-exponential-cluster-weight-999/exponential-0946/mode-exponential-0946-1.csv","/project/akaring/takeup-data/data/stan_analysis_data/main-core-exponential-cluster-weight-999/exponential-0946/compact-gq-exponential-0946-1.csv"
947,20261749,1,6.3294575214386,"/project/akaring/takeup-data/data/stan_analysis_data/main-core-exponential-cluster-weight-999-weights/exponential/weights-0947.csv","/project/akaring/takeup-data/data/stan_analysis_data/main-core-exponential-cluster-weight-999/exponential-0947/mode-exponential-0947-1.csv","/project/akaring/takeup-data/data/stan_analysis_data/main-core-exponential-cluster-weight-999/exponential-0947/compact-gq-exponential-0947-1.csv"
948,20261750,1,7.20573401451111,"/project/akaring/takeup-data/data/stan_analysis_data/main-core-exponential-cluster-weight-999-weights/exponential/weights-0948.csv","/project/akaring/takeup-data/data/stan_analysis_data/main-core-exponential-cluster-weight-999/exponential-0948/mode-exponential-0948-1.csv","/project/akaring/takeup-data/data/stan_analysis_data/main-core-exponential-cluster-weight-999/exponential-0948/compact-gq-exponential-0948-1.csv"
949,20261751,1,7.20575070381165,"/project/akaring/takeup-data/data/stan_analysis_data/main-core-exponential-cluster-weight-999-weights/exponential/weights-0949.csv","/project/akaring/takeup-data/data/stan_analysis_data/main-core-exponential-cluster-weight-999/exponential-0949/mode-exponential-0949-1.csv","/project/akaring/takeup-data/data/stan_analysis_data/main-core-exponential-cluster-weight-999/exponential-0949/compact-gq-exponential-0949-1.csv"
950,20261752,1,3.84382128715515,"/project/akaring/takeup-data/data/stan_analysis_data/main-core-exponential-cluster-weight-999-weights/exponential/weights-0950.csv","/project/akaring/takeup-data/data/stan_analysis_data/main-core-exponential-cluster-weight-999/exponential-0950/mode-exponential-0950-1.csv","/project/akaring/takeup-data/data/stan_analysis_data/main-core-exponential-cluster-weight-999/exponential-0950/compact-gq-exponential-0950-1.csv"
951,20261753,1,5.23013401031494,"/project/akaring/takeup-data/data/stan_analysis_data/main-core-exponential-cluster-weight-999-weights/exponential/weights-0951.csv","/project/akaring/takeup-data/data/stan_analysis_data/main-core-exponential-cluster-weight-999/exponential-0951/mode-exponential-0951-1.csv","/project/akaring/takeup-data/data/stan_analysis_data/main-core-exponential-cluster-weight-999/exponential-0951/compact-gq-exponential-0951-1.csv"
952,20261754,1,13.8544499874115,"/project/akaring/takeup-data/data/stan_analysis_data/main-core-exponential-cluster-weight-999-weights/exponential/weights-0952.csv","/project/akaring/takeup-data/data/stan_analysis_data/main-core-exponential-cluster-weight-999/exponential-0952/mode-exponential-0952-1.csv","/project/akaring/takeup-data/data/stan_analysis_data/main-core-exponential-cluster-weight-999/exponential-0952/compact-gq-exponential-0952-1.csv"
953,20261755,1,13.4103956222534,"/project/akaring/takeup-data/data/stan_analysis_data/main-core-exponential-cluster-weight-999-weights/exponential/weights-0953.csv","/project/akaring/takeup-data/data/stan_analysis_data/main-core-exponential-cluster-weight-999/exponential-0953/mode-exponential-0953-1.csv","/project/akaring/takeup-data/data/stan_analysis_data/main-core-exponential-cluster-weight-999/exponential-0953/compact-gq-exponential-0953-1.csv"
954,20261756,1,5.63040995597839,"/project/akaring/takeup-data/data/stan_analysis_data/main-core-exponential-cluster-weight-999-weights/exponential/weights-0954.csv","/project/akaring/takeup-data/data/stan_analysis_data/main-core-exponential-cluster-weight-999/exponential-0954/mode-exponential-0954-1.csv","/project/akaring/takeup-data/data/stan_analysis_data/main-core-exponential-cluster-weight-999/exponential-0954/compact-gq-exponential-0954-1.csv"
955,20261757,1,9.38082408905029,"/project/akaring/takeup-data/data/stan_analysis_data/main-core-exponential-cluster-weight-999-weights/exponential/weights-0955.csv","/project/akaring/takeup-data/data/stan_analysis_data/main-core-exponential-cluster-weight-999/exponential-0955/mode-exponential-0955-1.csv","/project/akaring/takeup-data/data/stan_analysis_data/main-core-exponential-cluster-weight-999/exponential-0955/compact-gq-exponential-0955-1.csv"
956,20261758,1,5.66136741638184,"/project/akaring/takeup-data/data/stan_analysis_data/main-core-exponential-cluster-weight-999-weights/exponential/weights-0956.csv","/project/akaring/takeup-data/data/stan_analysis_data/main-core-exponential-cluster-weight-999/exponential-0956/mode-exponential-0956-1.csv","/project/akaring/takeup-data/data/stan_analysis_data/main-core-exponential-cluster-weight-999/exponential-0956/compact-gq-exponential-0956-1.csv"
957,20261759,1,8.21017646789551,"/project/akaring/takeup-data/data/stan_analysis_data/main-core-exponential-cluster-weight-999-weights/exponential/weights-0957.csv","/project/akaring/takeup-data/data/stan_analysis_data/main-core-exponential-cluster-weight-999/exponential-0957/mode-exponential-0957-1.csv","/project/akaring/takeup-data/data/stan_analysis_data/main-core-exponential-cluster-weight-999/exponential-0957/compact-gq-exponential-0957-1.csv"
958,20261760,1,8.21070075035095,"/project/akaring/takeup-data/data/stan_analysis_data/main-core-exponential-cluster-weight-999-weights/exponential/weights-0958.csv","/project/akaring/takeup-data/data/stan_analysis_data/main-core-exponential-cluster-weight-999/exponential-0958/mode-exponential-0958-1.csv","/project/akaring/takeup-data/data/stan_analysis_data/main-core-exponential-cluster-weight-999/exponential-0958/compact-gq-exponential-0958-1.csv"
959,20261761,1,5.74844789505005,"/project/akaring/takeup-data/data/stan_analysis_data/main-core-exponential-cluster-weight-999-weights/exponential/weights-0959.csv","/project/akaring/takeup-data/data/stan_analysis_data/main-core-exponential-cluster-weight-999/exponential-0959/mode-exponential-0959-1.csv","/project/akaring/takeup-data/data/stan_analysis_data/main-core-exponential-cluster-weight-999/exponential-0959/compact-gq-exponential-0959-1.csv"
960,20261762,1,3.76080012321472,"/project/akaring/takeup-data/data/stan_analysis_data/main-core-exponential-cluster-weight-999-weights/exponential/weights-0960.csv","/project/akaring/takeup-data/data/stan_analysis_data/main-core-exponential-cluster-weight-999/exponential-0960/mode-exponential-0960-1.csv","/project/akaring/takeup-data/data/stan_analysis_data/main-core-exponential-cluster-weight-999/exponential-0960/compact-gq-exponential-0960-1.csv"
961,20261763,1,5.24780011177063,"/project/akaring/takeup-data/data/stan_analysis_data/main-core-exponential-cluster-weight-999-weights/exponential/weights-0961.csv","/project/akaring/takeup-data/data/stan_analysis_data/main-core-exponential-cluster-weight-999/exponential-0961/mode-exponential-0961-1.csv","/project/akaring/takeup-data/data/stan_analysis_data/main-core-exponential-cluster-weight-999/exponential-0961/compact-gq-exponential-0961-1.csv"
962,20261764,1,6.34458637237549,"/project/akaring/takeup-data/data/stan_analysis_data/main-core-exponential-cluster-weight-999-weights/exponential/weights-0962.csv","/project/akaring/takeup-data/data/stan_analysis_data/main-core-exponential-cluster-weight-999/exponential-0962/mode-exponential-0962-1.csv","/project/akaring/takeup-data/data/stan_analysis_data/main-core-exponential-cluster-weight-999/exponential-0962/compact-gq-exponential-0962-1.csv"
963,20261765,1,4.24385452270508,"/project/akaring/takeup-data/data/stan_analysis_data/main-core-exponential-cluster-weight-999-weights/exponential/weights-0963.csv","/project/akaring/takeup-data/data/stan_analysis_data/main-core-exponential-cluster-weight-999/exponential-0963/mode-exponential-0963-1.csv","/project/akaring/takeup-data/data/stan_analysis_data/main-core-exponential-cluster-weight-999/exponential-0963/compact-gq-exponential-0963-1.csv"
964,20261766,1,5.88700294494629,"/project/akaring/takeup-data/data/stan_analysis_data/main-core-exponential-cluster-weight-999-weights/exponential/weights-0964.csv","/project/akaring/takeup-data/data/stan_analysis_data/main-core-exponential-cluster-weight-999/exponential-0964/mode-exponential-0964-1.csv","/project/akaring/takeup-data/data/stan_analysis_data/main-core-exponential-cluster-weight-999/exponential-0964/compact-gq-exponential-0964-1.csv"
965,20261767,1,5.53847169876099,"/project/akaring/takeup-data/data/stan_analysis_data/main-core-exponential-cluster-weight-999-weights/exponential/weights-0965.csv","/project/akaring/takeup-data/data/stan_analysis_data/main-core-exponential-cluster-weight-999/exponential-0965/mode-exponential-0965-1.csv","/project/akaring/takeup-data/data/stan_analysis_data/main-core-exponential-cluster-weight-999/exponential-0965/compact-gq-exponential-0965-1.csv"
966,20261768,1,5.38890314102173,"/project/akaring/takeup-data/data/stan_analysis_data/main-core-exponential-cluster-weight-999-weights/exponential/weights-0966.csv","/project/akaring/takeup-data/data/stan_analysis_data/main-core-exponential-cluster-weight-999/exponential-0966/mode-exponential-0966-1.csv","/project/akaring/takeup-data/data/stan_analysis_data/main-core-exponential-cluster-weight-999/exponential-0966/compact-gq-exponential-0966-1.csv"
967,20261769,1,5.74151802062988,"/project/akaring/takeup-data/data/stan_analysis_data/main-core-exponential-cluster-weight-999-weights/exponential/weights-0967.csv","/project/akaring/takeup-data/data/stan_analysis_data/main-core-exponential-cluster-weight-999/exponential-0967/mode-exponential-0967-1.csv","/project/akaring/takeup-data/data/stan_analysis_data/main-core-exponential-cluster-weight-999/exponential-0967/compact-gq-exponential-0967-1.csv"
968,20261770,1,5.27441644668579,"/project/akaring/takeup-data/data/stan_analysis_data/main-core-exponential-cluster-weight-999-weights/exponential/weights-0968.csv","/project/akaring/takeup-data/data/stan_analysis_data/main-core-exponential-cluster-weight-999/exponential-0968/mode-exponential-0968-1.csv","/project/akaring/takeup-data/data/stan_analysis_data/main-core-exponential-cluster-weight-999/exponential-0968/compact-gq-exponential-0968-1.csv"
969,20261771,1,3.92507123947144,"/project/akaring/takeup-data/data/stan_analysis_data/main-core-exponential-cluster-weight-999-weights/exponential/weights-0969.csv","/project/akaring/takeup-data/data/stan_analysis_data/main-core-exponential-cluster-weight-999/exponential-0969/mode-exponential-0969-1.csv","/project/akaring/takeup-data/data/stan_analysis_data/main-core-exponential-cluster-weight-999/exponential-0969/compact-gq-exponential-0969-1.csv"
970,20261772,1,6.21034002304077,"/project/akaring/takeup-data/data/stan_analysis_data/main-core-exponential-cluster-weight-999-weights/exponential/weights-0970.csv","/project/akaring/takeup-data/data/stan_analysis_data/main-core-exponential-cluster-weight-999/exponential-0970/mode-exponential-0970-1.csv","/project/akaring/takeup-data/data/stan_analysis_data/main-core-exponential-cluster-weight-999/exponential-0970/compact-gq-exponential-0970-1.csv"
971,20261773,1,1.80262517929077,"/project/akaring/takeup-data/data/stan_analysis_data/main-core-exponential-cluster-weight-999-weights/exponential/weights-0971.csv","/project/akaring/takeup-data/data/stan_analysis_data/main-core-exponential-cluster-weight-999/exponential-0971/mode-exponential-0971-1.csv","/project/akaring/takeup-data/data/stan_analysis_data/main-core-exponential-cluster-weight-999/exponential-0971/compact-gq-exponential-0971-1.csv"
972,20261774,1,6.68344783782959,"/project/akaring/takeup-data/data/stan_analysis_data/main-core-exponential-cluster-weight-999-weights/exponential/weights-0972.csv","/project/akaring/takeup-data/data/stan_analysis_data/main-core-exponential-cluster-weight-999/exponential-0972/mode-exponential-0972-1.csv","/project/akaring/takeup-data/data/stan_analysis_data/main-core-exponential-cluster-weight-999/exponential-0972/compact-gq-exponential-0972-1.csv"
973,20261775,1,4.70124173164368,"/project/akaring/takeup-data/data/stan_analysis_data/main-core-exponential-cluster-weight-999-weights/exponential/weights-0973.csv","/project/akaring/takeup-data/data/stan_analysis_data/main-core-exponential-cluster-weight-999/exponential-0973/mode-exponential-0973-1.csv","/project/akaring/takeup-data/data/stan_analysis_data/main-core-exponential-cluster-weight-999/exponential-0973/compact-gq-exponential-0973-1.csv"
974,20261776,1,6.26720595359802,"/project/akaring/takeup-data/data/stan_analysis_data/main-core-exponential-cluster-weight-999-weights/exponential/weights-0974.csv","/project/akaring/takeup-data/data/stan_analysis_data/main-core-exponential-cluster-weight-999/exponential-0974/mode-exponential-0974-1.csv","/project/akaring/takeup-data/data/stan_analysis_data/main-core-exponential-cluster-weight-999/exponential-0974/compact-gq-exponential-0974-1.csv"
975,20261777,1,6.26642322540283,"/project/akaring/takeup-data/data/stan_analysis_data/main-core-exponential-cluster-weight-999-weights/exponential/weights-0975.csv","/project/akaring/takeup-data/data/stan_analysis_data/main-core-exponential-cluster-weight-999/exponential-0975/mode-exponential-0975-1.csv","/project/akaring/takeup-data/data/stan_analysis_data/main-core-exponential-cluster-weight-999/exponential-0975/compact-gq-exponential-0975-1.csv"
976,20261778,1,5.66063475608826,"/project/akaring/takeup-data/data/stan_analysis_data/main-core-exponential-cluster-weight-999-weights/exponential/weights-0976.csv","/project/akaring/takeup-data/data/stan_analysis_data/main-core-exponential-cluster-weight-999/exponential-0976/mode-exponential-0976-1.csv","/project/akaring/takeup-data/data/stan_analysis_data/main-core-exponential-cluster-weight-999/exponential-0976/compact-gq-exponential-0976-1.csv"
977,20261779,1,6.61643266677856,"/project/akaring/takeup-data/data/stan_analysis_data/main-core-exponential-cluster-weight-999-weights/exponential/weights-0977.csv","/project/akaring/takeup-data/data/stan_analysis_data/main-core-exponential-cluster-weight-999/exponential-0977/mode-exponential-0977-1.csv","/project/akaring/takeup-data/data/stan_analysis_data/main-core-exponential-cluster-weight-999/exponential-0977/compact-gq-exponential-0977-1.csv"
978,20261780,1,7.32974791526794,"/project/akaring/takeup-data/data/stan_analysis_data/main-core-exponential-cluster-weight-999-weights/exponential/weights-0978.csv","/project/akaring/takeup-data/data/stan_analysis_data/main-core-exponential-cluster-weight-999/exponential-0978/mode-exponential-0978-1.csv","/project/akaring/takeup-data/data/stan_analysis_data/main-core-exponential-cluster-weight-999/exponential-0978/compact-gq-exponential-0978-1.csv"
979,20261781,1,3.50726318359375,"/project/akaring/takeup-data/data/stan_analysis_data/main-core-exponential-cluster-weight-999-weights/exponential/weights-0979.csv","/project/akaring/takeup-data/data/stan_analysis_data/main-core-exponential-cluster-weight-999/exponential-0979/mode-exponential-0979-1.csv","/project/akaring/takeup-data/data/stan_analysis_data/main-core-exponential-cluster-weight-999/exponential-0979/compact-gq-exponential-0979-1.csv"
980,20261782,1,5.81477189064026,"/project/akaring/takeup-data/data/stan_analysis_data/main-core-exponential-cluster-weight-999-weights/exponential/weights-0980.csv","/project/akaring/takeup-data/data/stan_analysis_data/main-core-exponential-cluster-weight-999/exponential-0980/mode-exponential-0980-1.csv","/project/akaring/takeup-data/data/stan_analysis_data/main-core-exponential-cluster-weight-999/exponential-0980/compact-gq-exponential-0980-1.csv"
981,20261783,1,2.94457173347473,"/project/akaring/takeup-data/data/stan_analysis_data/main-core-exponential-cluster-weight-999-weights/exponential/weights-0981.csv","/project/akaring/takeup-data/data/stan_analysis_data/main-core-exponential-cluster-weight-999/exponential-0981/mode-exponential-0981-1.csv","/project/akaring/takeup-data/data/stan_analysis_data/main-core-exponential-cluster-weight-999/exponential-0981/compact-gq-exponential-0981-1.csv"
982,20261784,1,3.9038302898407,"/project/akaring/takeup-data/data/stan_analysis_data/main-core-exponential-cluster-weight-999-weights/exponential/weights-0982.csv","/project/akaring/takeup-data/data/stan_analysis_data/main-core-exponential-cluster-weight-999/exponential-0982/mode-exponential-0982-1.csv","/project/akaring/takeup-data/data/stan_analysis_data/main-core-exponential-cluster-weight-999/exponential-0982/compact-gq-exponential-0982-1.csv"
983,20261785,1,2.92474317550659,"/project/akaring/takeup-data/data/stan_analysis_data/main-core-exponential-cluster-weight-999-weights/exponential/weights-0983.csv","/project/akaring/takeup-data/data/stan_analysis_data/main-core-exponential-cluster-weight-999/exponential-0983/mode-exponential-0983-1.csv","/project/akaring/takeup-data/data/stan_analysis_data/main-core-exponential-cluster-weight-999/exponential-0983/compact-gq-exponential-0983-1.csv"
984,20261786,1,3.03149819374084,"/project/akaring/takeup-data/data/stan_analysis_data/main-core-exponential-cluster-weight-999-weights/exponential/weights-0984.csv","/project/akaring/takeup-data/data/stan_analysis_data/main-core-exponential-cluster-weight-999/exponential-0984/mode-exponential-0984-1.csv","/project/akaring/takeup-data/data/stan_analysis_data/main-core-exponential-cluster-weight-999/exponential-0984/compact-gq-exponential-0984-1.csv"
985,20261787,1,3.04356598854065,"/project/akaring/takeup-data/data/stan_analysis_data/main-core-exponential-cluster-weight-999-weights/exponential/weights-0985.csv","/project/akaring/takeup-data/data/stan_analysis_data/main-core-exponential-cluster-weight-999/exponential-0985/mode-exponential-0985-1.csv","/project/akaring/takeup-data/data/stan_analysis_data/main-core-exponential-cluster-weight-999/exponential-0985/compact-gq-exponential-0985-1.csv"
986,20261788,1,3.47684383392334,"/project/akaring/takeup-data/data/stan_analysis_data/main-core-exponential-cluster-weight-999-weights/exponential/weights-0986.csv","/project/akaring/takeup-data/data/stan_analysis_data/main-core-exponential-cluster-weight-999/exponential-0986/mode-exponential-0986-1.csv","/project/akaring/takeup-data/data/stan_analysis_data/main-core-exponential-cluster-weight-999/exponential-0986/compact-gq-exponential-0986-1.csv"
987,20261789,1,2.17368984222412,"/project/akaring/takeup-data/data/stan_analysis_data/main-core-exponential-cluster-weight-999-weights/exponential/weights-0987.csv","/project/akaring/takeup-data/data/stan_analysis_data/main-core-exponential-cluster-weight-999/exponential-0987/mode-exponential-0987-1.csv","/project/akaring/takeup-data/data/stan_analysis_data/main-core-exponential-cluster-weight-999/exponential-0987/compact-gq-exponential-0987-1.csv"
988,20261790,1,2.76837205886841,"/project/akaring/takeup-data/data/stan_analysis_data/main-core-exponential-cluster-weight-999-weights/exponential/weights-0988.csv","/project/akaring/takeup-data/data/stan_analysis_data/main-core-exponential-cluster-weight-999/exponential-0988/mode-exponential-0988-1.csv","/project/akaring/takeup-data/data/stan_analysis_data/main-core-exponential-cluster-weight-999/exponential-0988/compact-gq-exponential-0988-1.csv"
989,20261791,1,3.31980729103088,"/project/akaring/takeup-data/data/stan_analysis_data/main-core-exponential-cluster-weight-999-weights/exponential/weights-0989.csv","/project/akaring/takeup-data/data/stan_analysis_data/main-core-exponential-cluster-weight-999/exponential-0989/mode-exponential-0989-1.csv","/project/akaring/takeup-data/data/stan_analysis_data/main-core-exponential-cluster-weight-999/exponential-0989/compact-gq-exponential-0989-1.csv"
990,20261792,1,3.3195104598999,"/project/akaring/takeup-data/data/stan_analysis_data/main-core-exponential-cluster-weight-999-weights/exponential/weights-0990.csv","/project/akaring/takeup-data/data/stan_analysis_data/main-core-exponential-cluster-weight-999/exponential-0990/mode-exponential-0990-1.csv","/project/akaring/takeup-data/data/stan_analysis_data/main-core-exponential-cluster-weight-999/exponential-0990/compact-gq-exponential-0990-1.csv"
991,20261793,1,2.18302798271179,"/project/akaring/takeup-data/data/stan_analysis_data/main-core-exponential-cluster-weight-999-weights/exponential/weights-0991.csv","/project/akaring/takeup-data/data/stan_analysis_data/main-core-exponential-cluster-weight-999/exponential-0991/mode-exponential-0991-1.csv","/project/akaring/takeup-data/data/stan_analysis_data/main-core-exponential-cluster-weight-999/exponential-0991/compact-gq-exponential-0991-1.csv"
992,20261794,1,3.02520847320557,"/project/akaring/takeup-data/data/stan_analysis_data/main-core-exponential-cluster-weight-999-weights/exponential/weights-0992.csv","/project/akaring/takeup-data/data/stan_analysis_data/main-core-exponential-cluster-weight-999/exponential-0992/mode-exponential-0992-1.csv","/project/akaring/takeup-data/data/stan_analysis_data/main-core-exponential-cluster-weight-999/exponential-0992/compact-gq-exponential-0992-1.csv"
993,20261795,1,1.89391207695007,"/project/akaring/takeup-data/data/stan_analysis_data/main-core-exponential-cluster-weight-999-weights/exponential/weights-0993.csv","/project/akaring/takeup-data/data/stan_analysis_data/main-core-exponential-cluster-weight-999/exponential-0993/mode-exponential-0993-1.csv","/project/akaring/takeup-data/data/stan_analysis_data/main-core-exponential-cluster-weight-999/exponential-0993/compact-gq-exponential-0993-1.csv"
994,20261796,1,3.40337061882019,"/project/akaring/takeup-data/data/stan_analysis_data/main-core-exponential-cluster-weight-999-weights/exponential/weights-0994.csv","/project/akaring/takeup-data/data/stan_analysis_data/main-core-exponential-cluster-weight-999/exponential-0994/mode-exponential-0994-1.csv","/project/akaring/takeup-data/data/stan_analysis_data/main-core-exponential-cluster-weight-999/exponential-0994/compact-gq-exponential-0994-1.csv"
995,20261797,1,1.84494519233704,"/project/akaring/takeup-data/data/stan_analysis_data/main-core-exponential-cluster-weight-999-weights/exponential/weights-0995.csv","/project/akaring/takeup-data/data/stan_analysis_data/main-core-exponential-cluster-weight-999/exponential-0995/mode-exponential-0995-1.csv","/project/akaring/takeup-data/data/stan_analysis_data/main-core-exponential-cluster-weight-999/exponential-0995/compact-gq-exponential-0995-1.csv"
996,20261798,1,1.7363612651825,"/project/akaring/takeup-data/data/stan_analysis_data/main-core-exponential-cluster-weight-999-weights/exponential/weights-0996.csv","/project/akaring/takeup-data/data/stan_analysis_data/main-core-exponential-cluster-weight-999/exponential-0996/mode-exponential-0996-1.csv","/project/akaring/takeup-data/data/stan_analysis_data/main-core-exponential-cluster-weight-999/exponential-0996/compact-gq-exponential-0996-1.csv"
997,20261799,1,1.78180932998657,"/project/akaring/takeup-data/data/stan_analysis_data/main-core-exponential-cluster-weight-999-weights/exponential/weights-0997.csv","/project/akaring/takeup-data/data/stan_analysis_data/main-core-exponential-cluster-weight-999/exponential-0997/mode-exponential-0997-1.csv","/project/akaring/takeup-data/data/stan_analysis_data/main-core-exponential-cluster-weight-999/exponential-0997/compact-gq-exponential-0997-1.csv"
998,20261800,1,3.03608345985413,"/project/akaring/takeup-data/data/stan_analysis_data/main-core-exponential-cluster-weight-999-weights/exponential/weights-0998.csv","/project/akaring/takeup-data/data/stan_analysis_data/main-core-exponential-cluster-weight-999/exponential-0998/mode-exponential-0998-1.csv","/project/akaring/takeup-data/data/stan_analysis_data/main-core-exponential-cluster-weight-999/exponential-0998/compact-gq-exponential-0998-1.csv"
999,20261801,1,3.35317039489746,"/project/akaring/takeup-data/data/stan_analysis_data/main-core-exponential-cluster-weight-999-weights/exponential/weights-0999.csv","/project/akaring/takeup-data/data/stan_analysis_data/main-core-exponential-cluster-weight-999/exponential-0999/mode-exponential-0999-1.csv","/project/akaring/takeup-data/data/stan_analysis_data/main-core-exponential-cluster-weight-999/exponential-0999/compact-gq-exponential-0999-1.csv"
