"draw","replicate","mode_csv","model_family","beta_control","beta_ink","beta_calendar","beta_bracelet","dist_beta","mu_control","mu_ink","mu_calendar","mu_bracelet","mu_dist_control","mu_dist_ink","mu_dist_calendar","mu_dist_bracelet","base_mu_rep","u_sd","total_error_sd"
1,1,"/project/akaring/takeup-data/data/stan_analysis_data/main-core-exponential-cluster-weight-999/exponential-0001/mode-exponential-0001-1.csv","gaussian",-1.36344,-0.247571,-0.113940086347079,-0.113949,0.163315,1.31068,-0.254975,0.247851,0.318779,-0.193785,0.353026,-0.10151,0.338936,1.12698,0.244099,1.02936112312492
2,2,"/project/akaring/takeup-data/data/stan_analysis_data/main-core-exponential-cluster-weight-999/exponential-0002/mode-exponential-0002-1.csv","gaussian",-1.49268,-0.305803,-0.006852881730358,-0.00685945,0.190042,1.25952,0.371538,0.0490989,0.173203,-0.206568,0.102844,-0.0232816,0.341009,1.27617,0.238841,1.02812694901019
3,3,"/project/akaring/takeup-data/data/stan_analysis_data/main-core-exponential-cluster-weight-999/exponential-0003/mode-exponential-0003-1.csv","gaussian",-0.977317,-0.320924,0.0280363022820814,0.0280278,0.193811,1.35636,0.514019,-0.0913403,-0.205541,-0.354414,0.277033,0.243619,0.714529,0.768106,0.239891,1.02837137838477
4,4,"/project/akaring/takeup-data/data/stan_analysis_data/main-core-exponential-cluster-weight-999/exponential-0004/mode-exponential-0004-1.csv","gaussian",-1.63255,-0.406334,0.0226409523971048,0.0226289,0.206585,1.84683,-0.266701,-0.142339,-0.213031,-0.386582,0.44355,0.131524,0.486676,1.30763,0.231977,1.02655410404372
5,5,"/project/akaring/takeup-data/data/stan_analysis_data/main-core-exponential-cluster-weight-999/exponential-0005/mode-exponential-0005-1.csv","gaussian",-1.30496,-0.263218,0.0407933051222828,0.0407848,0.154042,1.54767,-0.234273,0.491632,-0.164736,-0.398222,0.556762,-0.04624,0.69104,0.951877,0.244481,1.02945177612213
6,6,"/project/akaring/takeup-data/data/stan_analysis_data/main-core-exponential-cluster-weight-999/exponential-0006/mode-exponential-0006-1.csv","gaussian",-2.4456,-0.297539,-0.0754072784011035,-0.0754153,0.146985,1.60924,0.116867,0.500745,-0.147693,-0.359321,0.245821,0.00922342,0.370471,1.9135,0.219369,1.02377866658814
7,7,"/project/akaring/takeup-data/data/stan_analysis_data/main-core-exponential-cluster-weight-999/exponential-0007/mode-exponential-0007-1.csv","gaussian",-1.03918,-0.229986,-0.0508810119620696,-0.0508901,0.216935,1.60298,-0.296082,-0.0518864,-0.0602197,-0.392047,0.541744,0.197514,0.341806,0.911685,0.242678,1.02902507825806
8,8,"/project/akaring/takeup-data/data/stan_analysis_data/main-core-exponential-cluster-weight-999/exponential-0008/mode-exponential-0008-1.csv","gaussian",-1.17443,-0.0886834,0.140631375811363,0.140622,0.169986,1.9271,-0.337697,-0.427101,-0.635719,-0.494696,0.475977,0.255514,0.828456,0.820855,0.244459,1.02944655163879
9,9,"/project/akaring/takeup-data/data/stan_analysis_data/main-core-exponential-cluster-weight-999/exponential-0009/mode-exponential-0009-1.csv","gaussian",-0.863192,0.0403302,0.138626244292195,0.138619,0.234514,1.36675,0.238197,-0.121398,-0.161334,-0.257394,0.296319,0.16128,0.568787,0.647295,0.252949,1.03149561152775
10,10,"/project/akaring/takeup-data/data/stan_analysis_data/main-core-exponential-cluster-weight-999/exponential-0010/mode-exponential-0010-1.csv","gaussian",-1.47714,-0.330882,-0.0196822491914407,-0.0196987,0.182251,1.62127,0.211762,0.0735304,-0.241674,-0.529788,0.587085,0.128631,0.719164,1.25302,0.240492,1.02851174133502
11,11,"/project/akaring/takeup-data/data/stan_analysis_data/main-core-exponential-cluster-weight-999/exponential-0011/mode-exponential-0011-1.csv","gaussian",-1.22095,-0.407417,-0.0113319383283497,-0.0113387,0.205206,1.43757,-0.161921,0.0139023,-0.217124,-0.380473,0.324294,0.258105,0.663456,1.05917,0.236685,1.02762823492983
12,12,"/project/akaring/takeup-data/data/stan_analysis_data/main-core-exponential-cluster-weight-999/exponential-0012/mode-exponential-0012-1.csv","gaussian",-0.844832,-0.193263,0.104169149895238,0.104165,0.199696,1.54979,-0.144463,0.45261,-0.105272,-0.496084,0.531506,-0.00170419,0.682146,0.699371,0.248882,1.03050582236298
13,13,"/project/akaring/takeup-data/data/stan_analysis_data/main-core-exponential-cluster-weight-999/exponential-0013/mode-exponential-0013-1.csv","gaussian",-2.0304,-0.0926329,0.0153036186310939,0.0152881,0.197796,1.68768,-0.383225,-0.0108456,0.0338046,-0.354429,0.424453,0.0451213,0.287114,1.62275,0.228707,1.02582010696272
14,14,"/project/akaring/takeup-data/data/stan_analysis_data/main-core-exponential-cluster-weight-999/exponential-0014/mode-exponential-0014-1.csv","gaussian",-0.418603,-0.125758,0.056019900503652,0.0560138,0.153255,1.66212,-0.157269,-0.459455,-0.185522,-0.485512,0.496171,0.421858,0.741623,0.242239,0.250191,1.030822747363
15,15,"/project/akaring/takeup-data/data/stan_analysis_data/main-core-exponential-cluster-weight-999/exponential-0015/mode-exponential-0015-1.csv","gaussian",-1.80064,-0.187459,0.125914165770731,0.125908,0.177116,1.68661,-0.311551,-0.0115698,-0.245002,-0.35815,0.513728,0.0581882,0.452413,1.40027,0.226778,1.02539175990643
16,16,"/project/akaring/takeup-data/data/stan_analysis_data/main-core-exponential-cluster-weight-999/exponential-0016/mode-exponential-0016-1.csv","gaussian",-1.01634,0.0268288,0.144395246557832,0.144387,0.190973,1.71482,-0.264821,0.414001,0.340937,-0.517687,0.568225,-0.0217543,0.375971,0.692814,0.242028,1.02887198075562
17,17,"/project/akaring/takeup-data/data/stan_analysis_data/main-core-exponential-cluster-weight-999/exponential-0017/mode-exponential-0017-1.csv","gaussian",-1.35409,-0.320672,0.120757181889709,0.120746,0.185891,1.67933,0.0363513,-0.397874,0.268244,-0.427793,0.249807,0.224176,0.336834,1.00074,0.241334,1.02870894793231
18,18,"/project/akaring/takeup-data/data/stan_analysis_data/main-core-exponential-cluster-weight-999/exponential-0018/mode-exponential-0018-1.csv","gaussian",-1.77857,-0.0878279,0.160616768917811,0.160609,0.253152,1.75462,-0.36217,-0.591054,-0.408377,-0.489088,0.539489,0.400076,0.626742,1.46796,0.228084,1.02568138866609
19,19,"/project/akaring/takeup-data/data/stan_analysis_data/main-core-exponential-cluster-weight-999/exponential-0019/mode-exponential-0019-1.csv","gaussian",-1.09338,-0.113693,0.106635408637192,0.106627,0.183844,1.64013,0.532082,0.395155,0.0113221,-0.277367,0.0261771,-0.249641,0.196092,0.791168,0.244305,1.02940999267784
20,20,"/project/akaring/takeup-data/data/stan_analysis_data/main-core-exponential-cluster-weight-999/exponential-0020/mode-exponential-0020-1.csv","gaussian",-2.01623,-0.186591,0.107001138450857,0.10699,0.219903,1.7935,-0.58446,0.00334286,-0.244079,-0.40834,0.639197,0.151475,0.516091,1.56366,0.228966,1.02587788218481
21,21,"/project/akaring/takeup-data/data/stan_analysis_data/main-core-exponential-cluster-weight-999/exponential-0021/mode-exponential-0021-1.csv","gaussian",-1.71937,-0.1404,0.0068145340410006,0.0068064,0.155827,1.98043,-7.22304e-05,-0.205607,0.204931,-0.602897,0.313981,0.238126,0.377888,1.34174,0.23675,1.02764320778177
22,22,"/project/akaring/takeup-data/data/stan_analysis_data/main-core-exponential-cluster-weight-999/exponential-0022/mode-exponential-0022-1.csv","gaussian",-0.922365,-0.17371,0.042371543041591,0.0423655,0.208333,2.18373,-0.686033,-0.782058,-0.412305,-0.558574,0.544382,0.45948,0.60437,0.694436,0.246573,1.0299506028587
23,23,"/project/akaring/takeup-data/data/stan_analysis_data/main-core-exponential-cluster-weight-999/exponential-0023/mode-exponential-0023-1.csv","gaussian",-2.01661,-0.325169,0.0893523935990422,0.0893386,0.168341,1.65407,-0.348277,0.221511,-0.0297341,-0.418118,0.577337,0.058256,0.51825,1.56837,0.223725,1.0247208769343
24,24,"/project/akaring/takeup-data/data/stan_analysis_data/main-core-exponential-cluster-weight-999/exponential-0024/mode-exponential-0024-1.csv","gaussian",-1.54982,-0.240052,0.128268711856708,0.128259,0.231341,1.48481,0.427148,-0.404025,-0.0410984,-0.221117,0.0199605,0.165069,0.381807,1.22233,0.234163,1.02705029602693
25,25,"/project/akaring/takeup-data/data/stan_analysis_data/main-core-exponential-cluster-weight-999/exponential-0025/mode-exponential-0025-1.csv","gaussian",-1.78684,-0.230667,0.0235082166961875,0.023499,0.244983,1.49277,-0.150147,0.0620236,0.238658,-0.371756,0.421412,0.187749,0.534943,1.52805,0.226753,1.02538623113878
26,26,"/project/akaring/takeup-data/data/stan_analysis_data/main-core-exponential-cluster-weight-999/exponential-0026/mode-exponential-0026-1.csv","gaussian",-0.784013,-0.336287,-0.116008887846933,-0.11602,0.217427,1.08362,0.117575,0.735238,-0.0436964,-0.296529,0.387078,-0.102998,0.610725,0.795865,0.237855,1.02789834177559
27,27,"/project/akaring/takeup-data/data/stan_analysis_data/main-core-exponential-cluster-weight-999/exponential-0027/mode-exponential-0027-1.csv","gaussian",-1.81786,-0.323199,0.0034277290946212,0.00342019,0.185038,1.66051,-0.160492,-0.412412,0.109724,-0.424083,0.411392,0.32161,0.439966,1.45629,0.228256,1.02571965055565
28,28,"/project/akaring/takeup-data/data/stan_analysis_data/main-core-exponential-cluster-weight-999/exponential-0028/mode-exponential-0028-1.csv","gaussian",-0.484791,0.0609082,0.243298865181023,0.243292,0.225613,1.64106,0.127401,-0.164921,-0.0456333,-0.466241,0.292384,0.210547,0.521652,0.239683,0.245404,1.02967136660975
29,29,"/project/akaring/takeup-data/data/stan_analysis_data/main-core-exponential-cluster-weight-999/exponential-0029/mode-exponential-0029-1.csv","gaussian",-1.65398,-0.200036,0.0470760560399011,0.0470744,0.220853,1.80524,-0.489213,-0.283604,-0.539277,-0.425504,0.63133,0.319041,0.706343,1.29707,0.229646,1.02602986570372
30,30,"/project/akaring/takeup-data/data/stan_analysis_data/main-core-exponential-cluster-weight-999/exponential-0030/mode-exponential-0030-1.csv","gaussian",-1.37122,-0.252944,-0.0106612026583074,-0.0106707,0.244604,1.45988,0.119429,-0.173227,-0.215144,-0.338227,0.379346,0.276947,0.671071,1.17877,0.236062,1.02748492341445
31,31,"/project/akaring/takeup-data/data/stan_analysis_data/main-core-exponential-cluster-weight-999/exponential-0031/mode-exponential-0031-1.csv","gaussian",-1.50457,-0.235306,0.0346282299529381,0.0346261,0.240465,1.48859,-0.680072,-0.380586,-0.139142,-0.264893,0.484782,0.199041,0.376772,1.35278,0.233162,1.02682253493191
32,32,"/project/akaring/takeup-data/data/stan_analysis_data/main-core-exponential-cluster-weight-999/exponential-0032/mode-exponential-0032-1.csv","gaussian",-2.75474,-0.135927,0.30407063753639,0.304054,0.114959,2.19127,-0.233889,-0.627747,-0.815944,-0.703807,0.577051,0.367728,0.717307,1.97443,0.215915,1.02304412770173
33,33,"/project/akaring/takeup-data/data/stan_analysis_data/main-core-exponential-cluster-weight-999/exponential-0033/mode-exponential-0033-1.csv","gaussian",-1.27168,-0.294113,-0.0123365319625344,-0.0123404,0.279677,1.87176,-0.639571,-0.35605,-0.202227,-0.411513,0.576108,0.271084,0.579984,1.09769,0.234389,1.02710184661551
34,34,"/project/akaring/takeup-data/data/stan_analysis_data/main-core-exponential-cluster-weight-999/exponential-0034/mode-exponential-0034-1.csv","gaussian",-0.717694,-0.266008,-0.0348076813628597,-0.0348169,0.167053,1.25637,0.461954,0.718018,0.188262,-0.293392,0.135004,-0.173213,0.496193,0.590475,0.248177,1.03033578183474
35,35,"/project/akaring/takeup-data/data/stan_analysis_data/main-core-exponential-cluster-weight-999/exponential-0035/mode-exponential-0035-1.csv","gaussian",-1.84987,-0.118533,0.191250610534074,0.191245,0.215766,1.5725,-0.619078,-0.352337,0.320525,-0.309487,0.393563,0.11693,0.211183,1.38204,0.233209,1.02683320830649
36,36,"/project/akaring/takeup-data/data/stan_analysis_data/main-core-exponential-cluster-weight-999/exponential-0036/mode-exponential-0036-1.csv","gaussian",-0.36747,-0.0884896,0.13101451987351,0.131003,0.199023,1.56794,-0.050188,0.128685,0.142967,-0.369752,0.281928,0.0378969,0.428864,0.2502,0.250256,1.03083852544227
37,37,"/project/akaring/takeup-data/data/stan_analysis_data/main-core-exponential-cluster-weight-999/exponential-0037/mode-exponential-0037-1.csv","gaussian",-1.1507,-0.11443,0.204444014749558,0.204429,0.201638,1.60177,0.34222,-0.548959,0.212615,-0.421929,0.323725,0.435034,0.371745,0.786363,0.240812,1.02858661246586
38,38,"/project/akaring/takeup-data/data/stan_analysis_data/main-core-exponential-cluster-weight-999/exponential-0038/mode-exponential-0038-1.csv","gaussian",-1.35156,-0.0221127,0.035533743509067,0.035529,0.256819,1.77047,-0.293897,-0.464485,0.0894332,-0.37987,0.419573,0.303604,0.337252,1.11204,0.240519,1.02851805495139
39,39,"/project/akaring/takeup-data/data/stan_analysis_data/main-core-exponential-cluster-weight-999/exponential-0039/mode-exponential-0039-1.csv","gaussian",-1.24568,-0.272045,0.0266066830838608,0.0265975,0.156742,2.15321,-0.69964,-0.708795,-0.164,-0.687325,0.628173,0.508342,0.445338,0.939451,0.239861,1.02836438061662
40,40,"/project/akaring/takeup-data/data/stan_analysis_data/main-core-exponential-cluster-weight-999/exponential-0040/mode-exponential-0040-1.csv","gaussian",-1.60138,-0.198084,0.192890867914872,0.192881,0.181856,1.54727,0.0452011,-0.132223,-0.366795,-0.403247,0.362947,0.185757,0.789539,1.18601,0.233578,1.02691707653734
41,41,"/project/akaring/takeup-data/data/stan_analysis_data/main-core-exponential-cluster-weight-999/exponential-0041/mode-exponential-0041-1.csv","gaussian",-1.56224,-0.399663,-0.0555978436126466,-0.0556073,0.175529,1.67599,0.0694662,0.374065,-0.248567,-0.46693,0.413377,0.098633,0.635193,1.2482,0.230926,1.02631711350635
42,42,"/project/akaring/takeup-data/data/stan_analysis_data/main-core-exponential-cluster-weight-999/exponential-0042/mode-exponential-0042-1.csv","gaussian",-1.67817,-0.0727412,0.159466944615357,0.159451,0.185725,2.00626,-0.745202,-0.375628,-0.232238,-0.627091,0.74094,0.308363,0.659519,1.28051,0.234089,1.02703342687617
43,43,"/project/akaring/takeup-data/data/stan_analysis_data/main-core-exponential-cluster-weight-999/exponential-0043/mode-exponential-0043-1.csv","gaussian",-0.981989,-0.44944,-0.066735025256036,-0.066748,0.188282,1.74413,0.246277,-0.0158164,-0.432805,-0.447921,0.218838,0.166135,0.773987,0.888275,0.239251,1.02822227217708
44,44,"/project/akaring/takeup-data/data/stan_analysis_data/main-core-exponential-cluster-weight-999/exponential-0044/mode-exponential-0044-1.csv","gaussian",-1.27945,-0.161845,0.0865540040499816,0.0865477,0.213858,2.35914,-0.576391,-0.786547,-0.883853,-0.759373,0.70423,0.533523,0.882655,0.995526,0.24061,1.02853933911154
45,45,"/project/akaring/takeup-data/data/stan_analysis_data/main-core-exponential-cluster-weight-999/exponential-0045/mode-exponential-0045-1.csv","gaussian",-0.768506,-0.133084,0.071816090290777,0.0718066,0.227488,1.71716,0.264872,-0.59599,-0.333602,-0.55759,0.416387,0.44709,0.839685,0.663349,0.24051,1.02851595033816
46,46,"/project/akaring/takeup-data/data/stan_analysis_data/main-core-exponential-cluster-weight-999/exponential-0046/mode-exponential-0046-1.csv","gaussian",-0.891126,-0.148046,0.12029070025211,0.120282,0.212752,1.65584,-0.291569,-0.117019,0.358877,-0.342273,0.324402,0.0556667,0.32076,0.644314,0.243061,1.02911546957618
47,47,"/project/akaring/takeup-data/data/stan_analysis_data/main-core-exponential-cluster-weight-999/exponential-0047/mode-exponential-0047-1.csv","gaussian",-0.761046,0.0834034,0.365821690223579,0.365816,0.224446,1.6439,-0.266944,0.100617,-0.048215,-0.349112,0.589395,-0.0713039,0.522754,0.403069,0.247889,1.0302664491873
48,48,"/project/akaring/takeup-data/data/stan_analysis_data/main-core-exponential-cluster-weight-999/exponential-0048/mode-exponential-0048-1.csv","gaussian",-1.19733,-0.113064,0.056848519858349,0.0568391,0.148665,1.85682,-0.502064,-0.484919,-0.0750235,-0.594321,0.686249,0.337402,0.499256,0.927928,0.245117,1.02960300295259
49,49,"/project/akaring/takeup-data/data/stan_analysis_data/main-core-exponential-cluster-weight-999/exponential-0049/mode-exponential-0049-1.csv","gaussian",-1.03465,-0.252268,0.11010899021128,0.110097,0.252165,1.76017,-0.111958,-0.260338,-0.0912566,-0.416801,0.402022,0.158054,0.472081,0.834064,0.237928,1.0279152363809
50,50,"/project/akaring/takeup-data/data/stan_analysis_data/main-core-exponential-cluster-weight-999/exponential-0050/mode-exponential-0050-1.csv","gaussian",-1.05084,-0.372989,-0.0716606639740984,-0.0716719,0.215762,1.34612,0.220477,-0.252049,0.000515569,-0.299506,0.21011,0.283442,0.729957,0.906527,0.239724,1.02833243466109
51,51,"/project/akaring/takeup-data/data/stan_analysis_data/main-core-exponential-cluster-weight-999/exponential-0051/mode-exponential-0051-1.csv","gaussian",-0.366733,-0.143081,0.13574862021772,0.135747,0.266119,2.14862,-0.780971,-0.788217,-0.517934,-0.574895,0.693426,0.302674,0.637977,0.306316,0.246777,1.02999946006248
52,52,"/project/akaring/takeup-data/data/stan_analysis_data/main-core-exponential-cluster-weight-999/exponential-0052/mode-exponential-0052-1.csv","gaussian",-1.79794,-0.248268,0.050754620311924,0.0507433,0.242994,1.37915,-0.222548,-0.0239056,0.113562,-0.17672,0.351917,-0.0466655,0.305288,1.51059,0.232311,1.02662963171779
53,53,"/project/akaring/takeup-data/data/stan_analysis_data/main-core-exponential-cluster-weight-999/exponential-0053/mode-exponential-0053-1.csv","gaussian",-1.16263,-0.0345172,0.112467321763701,0.112459,0.196137,1.75497,0.150012,-0.824937,-0.0525829,-0.3563,0.156852,0.373374,0.306836,0.839711,0.244527,1.02946270147539
54,54,"/project/akaring/takeup-data/data/stan_analysis_data/main-core-exponential-cluster-weight-999/exponential-0054/mode-exponential-0054-1.csv","gaussian",-1.87461,-0.178229,0.132895969282443,0.132888,0.182643,1.95555,-0.43678,-0.245229,-0.208667,-0.500385,0.629265,0.253988,0.56911,1.38496,0.22815,1.02569606731234
55,55,"/project/akaring/takeup-data/data/stan_analysis_data/main-core-exponential-cluster-weight-999/exponential-0055/mode-exponential-0055-1.csv","gaussian",-1.31051,-0.30556,0.017381459189917,0.0173665,0.159549,1.30143,0.433665,0.270193,0.202182,-0.264088,0.137881,-0.0290235,0.455015,1.03948,0.237904,1.02790968144872
56,56,"/project/akaring/takeup-data/data/stan_analysis_data/main-core-exponential-cluster-weight-999/exponential-0056/mode-exponential-0056-1.csv","gaussian",-0.710305,-0.242364,0.0475618714991006,0.047557,0.200052,1.94993,-0.180992,-0.456924,-0.427193,-0.573808,0.618876,0.27002,0.608225,0.579315,0.247877,1.03026356197286
57,57,"/project/akaring/takeup-data/data/stan_analysis_data/main-core-exponential-cluster-weight-999/exponential-0057/mode-exponential-0057-1.csv","gaussian",-1.17677,-0.124191,0.202379224323312,0.20237,0.164861,1.73581,0.12748,0.267138,-0.432697,-0.404832,0.211444,-0.106238,0.681823,0.798098,0.24122,1.0286822096255
58,58,"/project/akaring/takeup-data/data/stan_analysis_data/main-core-exponential-cluster-weight-999/exponential-0058/mode-exponential-0058-1.csv","gaussian",-2.47685,-0.0484278,0.186050670253622,0.186041,0.196342,2.31012,-0.715101,-0.628238,-0.313287,-0.53286,0.525667,0.287393,0.448161,1.78627,0.223602,1.02469402965178
59,59,"/project/akaring/takeup-data/data/stan_analysis_data/main-core-exponential-cluster-weight-999/exponential-0059/mode-exponential-0059-1.csv","gaussian",-1.46874,-0.115112,0.197710147526044,0.197698,0.24764,1.36506,0.388861,-0.141831,0.195508,-0.217207,0.0390935,0.127101,0.257333,1.12898,0.237729,1.02786919276774
60,60,"/project/akaring/takeup-data/data/stan_analysis_data/main-core-exponential-cluster-weight-999/exponential-0060/mode-exponential-0060-1.csv","gaussian",-1.09015,-0.188229,0.115051776340074,0.115043,0.235893,1.67833,-0.0579379,-0.241465,-0.0984864,-0.40921,0.491405,0.282876,0.486659,0.851517,0.241432,1.02873194303667
61,61,"/project/akaring/takeup-data/data/stan_analysis_data/main-core-exponential-cluster-weight-999/exponential-0061/mode-exponential-0061-1.csv","gaussian",-1.74789,-0.155892,0.219916803360647,0.219904,0.153781,2.27561,-0.323662,-0.698262,-0.199947,-0.656091,0.544457,0.370342,0.435209,1.23802,0.235544,1.02736603795142
62,62,"/project/akaring/takeup-data/data/stan_analysis_data/main-core-exponential-cluster-weight-999/exponential-0062/mode-exponential-0062-1.csv","gaussian",-1.63294,-0.129716,0.193135376193137,0.193124,0.244035,1.72105,-0.39732,-0.585724,-0.0833204,-0.408938,0.506778,0.383342,0.488127,1.23853,0.233864,1.02698216659103
63,63,"/project/akaring/takeup-data/data/stan_analysis_data/main-core-exponential-cluster-weight-999/exponential-0063/mode-exponential-0063-1.csv","gaussian",-1.47255,-0.197703,-0.0071925711269875,-0.00719938,0.148195,1.84417,0.163255,-0.390711,0.110901,-0.467177,0.311921,0.210915,0.381464,1.0872,0.236074,1.02748768044975
64,64,"/project/akaring/takeup-data/data/stan_analysis_data/main-core-exponential-cluster-weight-999/exponential-0064/mode-exponential-0064-1.csv","gaussian",-0.761155,-0.32998,-0.10547493432238,-0.105487,0.144193,1.51274,0.0138698,0.0669196,-0.00155774,-0.394744,0.393381,0.183967,0.482987,0.60042,0.242727,1.0290366351734
65,65,"/project/akaring/takeup-data/data/stan_analysis_data/main-core-exponential-cluster-weight-999/exponential-0065/mode-exponential-0065-1.csv","gaussian",-1.14297,-0.343706,-0.0177553798530744,-0.0177664,0.23156,0.937043,0.569145,0.102661,0.201746,-0.148506,0.297767,0.0846894,0.451861,1.0244,0.236548,1.02759668951588
66,66,"/project/akaring/takeup-data/data/stan_analysis_data/main-core-exponential-cluster-weight-999/exponential-0066/mode-exponential-0066-1.csv","gaussian",-1.83799,-0.326721,-0.0080543919889226,-0.00806498,0.194294,1.92597,0.0874764,-0.309948,-0.715128,-0.469533,0.335181,0.257196,0.675207,1.45576,0.230196,1.02615310671264
67,67,"/project/akaring/takeup-data/data/stan_analysis_data/main-core-exponential-cluster-weight-999/exponential-0067/mode-exponential-0067-1.csv","gaussian",-1.96241,-0.224858,0.0839367920941744,0.0839238,0.249175,1.48384,-0.408809,-0.045604,0.0564294,-0.404584,0.603527,0.222392,0.433043,1.58109,0.228452,1.02576328473191
68,68,"/project/akaring/takeup-data/data/stan_analysis_data/main-core-exponential-cluster-weight-999/exponential-0068/mode-exponential-0068-1.csv","gaussian",-1.47587,-0.151645,-0.023680409474901,-0.0236917,0.126468,1.96152,-0.491626,-0.0455896,-0.646442,-0.713762,0.795184,0.280651,0.960032,1.13616,0.238466,1.02803989862067
69,69,"/project/akaring/takeup-data/data/stan_analysis_data/main-core-exponential-cluster-weight-999/exponential-0069/mode-exponential-0069-1.csv","gaussian",-1.76671,-0.355673,0.127428044405813,0.127417,0.17045,1.87567,-0.311858,-0.278079,-0.179511,-0.464721,0.408633,0.152173,0.403226,1.39113,0.231598,1.026468525384
70,70,"/project/akaring/takeup-data/data/stan_analysis_data/main-core-exponential-cluster-weight-999/exponential-0070/mode-exponential-0070-1.csv","gaussian",-1.58472,-0.293231,0.130359607300356,0.130349,0.163548,1.64661,0.0596009,-0.182263,-0.0781641,-0.312428,0.257045,0.0625661,0.250883,1.21382,0.233409,1.02687864973472
71,71,"/project/akaring/takeup-data/data/stan_analysis_data/main-core-exponential-cluster-weight-999/exponential-0071/mode-exponential-0071-1.csv","gaussian",-0.994138,-0.175346,0.133604197344929,0.133597,0.230425,1.60716,-0.0229136,-0.408214,-0.493987,-0.385093,0.488952,0.261862,0.751289,0.810122,0.241878,1.02883670564575
72,72,"/project/akaring/takeup-data/data/stan_analysis_data/main-core-exponential-cluster-weight-999/exponential-0072/mode-exponential-0072-1.csv","gaussian",-2.00918,-0.103026,0.200701834333244,0.200685,0.205596,1.85829,-0.39122,-0.540186,-0.0830251,-0.427952,0.428153,0.268807,0.378305,1.50533,0.228506,1.02577531264698
73,73,"/project/akaring/takeup-data/data/stan_analysis_data/main-core-exponential-cluster-weight-999/exponential-0073/mode-exponential-0073-1.csv","gaussian",-0.987357,-0.163187,0.139937494895818,0.139925,0.245649,1.3061,0.321088,0.71392,-0.117063,-0.107088,0.246443,-0.312023,0.244895,0.791131,0.245343,1.02965683004048
74,74,"/project/akaring/takeup-data/data/stan_analysis_data/main-core-exponential-cluster-weight-999/exponential-0074/mode-exponential-0074-1.csv","gaussian",-1.53937,-0.342282,-0.052328503065065,-0.0523332,0.168502,1.63004,-0.0106483,-0.132761,0.417262,-0.371341,0.210596,0.106823,0.235565,1.27482,0.237178,1.02774189546014
75,75,"/project/akaring/takeup-data/data/stan_analysis_data/main-core-exponential-cluster-weight-999/exponential-0075/mode-exponential-0075-1.csv","gaussian",-1.59744,-0.0380533,0.149376847024614,0.149371,0.233027,1.68757,-0.2311,-0.892559,-0.336362,-0.285374,0.223809,0.343007,0.391317,1.25935,0.234143,1.02704573629854
76,76,"/project/akaring/takeup-data/data/stan_analysis_data/main-core-exponential-cluster-weight-999/exponential-0076/mode-exponential-0076-1.csv","gaussian",-2.00772,-0.235422,-0.0245826585750952,-0.0245992,0.233442,1.55928,0.182098,-0.172869,0.104412,-0.409677,0.357242,0.265538,0.467779,1.65468,0.229658,1.02603255161033
77,77,"/project/akaring/takeup-data/data/stan_analysis_data/main-core-exponential-cluster-weight-999/exponential-0077/mode-exponential-0077-1.csv","gaussian",-0.614555,-0.0761313,0.116918125852032,0.116911,0.204014,1.8722,-0.48495,-0.0335369,-0.372018,-0.491575,0.495861,0.128903,0.759613,0.401824,0.253335,1.03159033643448
78,78,"/project/akaring/takeup-data/data/stan_analysis_data/main-core-exponential-cluster-weight-999/exponential-0078/mode-exponential-0078-1.csv","gaussian",-1.77073,-0.106686,0.11316203182797,0.11315,0.176111,1.77181,-0.0943582,-0.462986,-0.329561,-0.430688,0.292238,0.330248,0.536466,1.3139,0.234214,1.0270619250055
79,79,"/project/akaring/takeup-data/data/stan_analysis_data/main-core-exponential-cluster-weight-999/exponential-0079/mode-exponential-0079-1.csv","gaussian",-1.83473,-0.0306198,0.301776452916701,0.301774,0.171118,2.04686,-0.417998,-0.646829,0.0579802,-0.498662,0.41931,0.242292,0.325844,1.27794,0.228868,1.02585601398247
80,80,"/project/akaring/takeup-data/data/stan_analysis_data/main-core-exponential-cluster-weight-999/exponential-0080/mode-exponential-0080-1.csv","gaussian",-0.686483,-0.181004,0.107363436882767,0.107346,0.196,1.28911,0.613313,0.258007,0.435312,-0.276984,0.107374,0.0767805,0.285524,0.480426,0.247458,1.0301628326454
81,81,"/project/akaring/takeup-data/data/stan_analysis_data/main-core-exponential-cluster-weight-999/exponential-0081/mode-exponential-0081-1.csv","gaussian",-1.39889,-0.242962,0.07245913057318,0.0724484,0.193948,1.68884,0.0608865,-0.202576,-0.152748,-0.399258,0.16009,0.172419,0.519045,1.12687,0.237779,1.02788075808481
82,82,"/project/akaring/takeup-data/data/stan_analysis_data/main-core-exponential-cluster-weight-999/exponential-0082/mode-exponential-0082-1.csv","gaussian",-0.987061,-0.365631,-0.154223723061079,-0.154235,0.183922,1.55817,-0.368384,0.0768032,0.166161,-0.455879,0.700813,0.201096,0.508658,0.873289,0.239929,1.02838024341243
83,83,"/project/akaring/takeup-data/data/stan_analysis_data/main-core-exponential-cluster-weight-999/exponential-0083/mode-exponential-0083-1.csv","gaussian",-0.908284,-0.322301,0.023679041179816,0.0236722,0.193968,1.73113,0.438348,-0.319764,-0.0419072,-0.396827,0.0753333,0.185408,0.476609,0.713281,0.242117,1.02889292041932
84,84,"/project/akaring/takeup-data/data/stan_analysis_data/main-core-exponential-cluster-weight-999/exponential-0084/mode-exponential-0084-1.csv","gaussian",-1.45698,-0.335748,-0.042303276467144,-0.0423085,0.182009,1.64676,-0.310685,-0.125929,-0.034779,-0.450329,0.643241,0.213902,0.506999,1.20165,0.239966,1.02838887642564
85,85,"/project/akaring/takeup-data/data/stan_analysis_data/main-core-exponential-cluster-weight-999/exponential-0085/mode-exponential-0085-1.csv","gaussian",-2.27922,-0.184757,-0.0565384763563395,-0.0565449,0.18443,1.91304,-0.184227,-0.183994,-0.142455,-0.590927,0.393045,0.362171,0.59892,1.80186,0.225244,1.02505358861671
86,86,"/project/akaring/takeup-data/data/stan_analysis_data/main-core-exponential-cluster-weight-999/exponential-0086/mode-exponential-0086-1.csv","gaussian",-2.37843,-0.236656,0.0674331160927575,0.0674237,0.149327,1.67594,-0.130567,-0.359942,-0.0360692,-0.415937,0.368055,0.261018,0.401309,1.83584,0.220072,1.02392953135653
87,87,"/project/akaring/takeup-data/data/stan_analysis_data/main-core-exponential-cluster-weight-999/exponential-0087/mode-exponential-0087-1.csv","gaussian",-0.840234,-0.21836,0.001397262501858,0.00138825,0.241168,1.77811,0.181091,-0.68378,-0.613254,-0.427243,0.341922,0.450363,0.798603,0.690867,0.244643,1.02949026097822
88,88,"/project/akaring/takeup-data/data/stan_analysis_data/main-core-exponential-cluster-weight-999/exponential-0088/mode-exponential-0088-1.csv","gaussian",-1.7094,-0.290696,0.0128391502509402,0.0128293,0.18255,1.55219,0.244182,-0.190257,0.373557,-0.43844,0.315004,0.244368,0.473711,1.37618,0.232127,1.02658801090262
89,89,"/project/akaring/takeup-data/data/stan_analysis_data/main-core-exponential-cluster-weight-999/exponential-0089/mode-exponential-0089-1.csv","gaussian",-0.780765,-0.266766,-0.0414433063017136,-0.0414478,0.197207,1.26744,0.743216,0.201249,0.485851,-0.317111,0.182795,0.0525383,0.429662,0.667525,0.241302,1.02870144123745
90,90,"/project/akaring/takeup-data/data/stan_analysis_data/main-core-exponential-cluster-weight-999/exponential-0090/mode-exponential-0090-1.csv","gaussian",-1.30014,-0.113495,0.200679689006209,0.200672,0.236867,1.42488,0.089506,-0.341172,-0.468113,-0.185129,0.194366,0.0538362,0.62696,0.98042,0.241538,1.02875682522353
91,91,"/project/akaring/takeup-data/data/stan_analysis_data/main-core-exponential-cluster-weight-999/exponential-0091/mode-exponential-0091-1.csv","gaussian",-1.43783,-0.158297,0.189858168072958,0.189844,0.225812,1.67551,0.0570446,0.140805,-0.667434,-0.354342,0.301426,0.0455261,0.664023,1.06476,0.238733,1.0281018652298
92,92,"/project/akaring/takeup-data/data/stan_analysis_data/main-core-exponential-cluster-weight-999/exponential-0092/mode-exponential-0092-1.csv","gaussian",-2.00994,-0.0120747,0.15050864453022,0.1505,0.143967,2.36924,-1.19215,-1.06654,-0.139218,-0.635077,0.732165,0.507387,0.529562,1.3871,0.233782,1.02696349668525
93,93,"/project/akaring/takeup-data/data/stan_analysis_data/main-core-exponential-cluster-weight-999/exponential-0093/mode-exponential-0093-1.csv","gaussian",-1.96594,0.0200112,0.151292441190739,0.151279,0.188103,2.26604,-1.01627,-0.527311,-0.925276,-0.640891,0.713996,0.354047,0.97171,1.43338,0.232047,1.02656992465638
94,94,"/project/akaring/takeup-data/data/stan_analysis_data/main-core-exponential-cluster-weight-999/exponential-0094/mode-exponential-0094-1.csv","gaussian",-0.614253,-0.134366,0.101931706198191,0.101925,0.219879,1.94582,-0.312915,-0.188812,-0.269976,-0.539065,0.482191,0.26278,0.699565,0.439215,0.245248,1.02963419790914
95,95,"/project/akaring/takeup-data/data/stan_analysis_data/main-core-exponential-cluster-weight-999/exponential-0095/mode-exponential-0095-1.csv","gaussian",-1.41937,-0.238386,0.0644263591422317,0.0644173,0.18143,2.20543,-1.11614,-0.576457,-0.454973,-0.586881,0.639933,0.282781,0.509514,1.0921,0.237011,1.02770336874071
96,96,"/project/akaring/takeup-data/data/stan_analysis_data/main-core-exponential-cluster-weight-999/exponential-0096/mode-exponential-0096-1.csv","gaussian",-0.802362,-0.171506,0.0522179004255904,0.05221,0.252667,1.80495,-0.0264292,-0.0749754,-0.328061,-0.451261,0.386532,0.267594,0.542387,0.697997,0.244306,1.02941023000357
97,97,"/project/akaring/takeup-data/data/stan_analysis_data/main-core-exponential-cluster-weight-999/exponential-0097/mode-exponential-0097-1.csv","gaussian",-1.28584,-0.385057,-0.0309573651365305,-0.0309668,0.222576,1.37283,0.0212977,-0.324805,0.194865,-0.29485,0.367501,0.283607,0.343415,1.10852,0.236025,1.02747642339131
98,98,"/project/akaring/takeup-data/data/stan_analysis_data/main-core-exponential-cluster-weight-999/exponential-0098/mode-exponential-0098-1.csv","gaussian",-1.72333,-0.403441,0.0133387820011428,0.0133312,0.197,0.99752,0.478177,0.382124,0.591591,-0.118053,0.138576,-0.0917038,0.35879,1.42985,0.232554,1.02668464628434
99,99,"/project/akaring/takeup-data/data/stan_analysis_data/main-core-exponential-cluster-weight-999/exponential-0099/mode-exponential-0099-1.csv","gaussian",-1.50167,-0.29009,0.0685543041365788,0.0685495,0.187545,1.74745,0.221126,0.239631,0.0138634,-0.482098,0.47732,0.104392,0.540019,1.14361,0.236686,1.02762846525191
100,100,"/project/akaring/takeup-data/data/stan_analysis_data/main-core-exponential-cluster-weight-999/exponential-0100/mode-exponential-0100-1.csv","gaussian",-1.37236,-0.153806,0.160317534891343,0.160303,0.150838,1.69974,-0.307143,-0.0370261,-0.205743,-0.493989,0.533764,0.0793522,0.720934,0.983604,0.245026,1.02958134242808
101,101,"/project/akaring/takeup-data/data/stan_analysis_data/main-core-exponential-cluster-weight-999/exponential-0101/mode-exponential-0101-1.csv","gaussian",-1.45507,-0.224906,0.0920743692741569,0.0920645,0.169054,1.90322,-0.357417,-0.291591,-0.0322282,-0.417357,0.387334,0.111577,0.47022,1.07634,0.239552,1.02829235176773
102,102,"/project/akaring/takeup-data/data/stan_analysis_data/main-core-exponential-cluster-weight-999/exponential-0102/mode-exponential-0102-1.csv","gaussian",-1.77153,-0.190706,0.04762646912547,0.0476184,0.167055,1.73561,-0.217029,-0.00564742,-0.0642771,-0.403638,0.504544,0.112505,0.370234,1.36482,0.233166,1.02682344322478
103,103,"/project/akaring/takeup-data/data/stan_analysis_data/main-core-exponential-cluster-weight-999/exponential-0103/mode-exponential-0103-1.csv","gaussian",-1.0083,-0.132631,0.15379176704855,0.15378,0.134255,2.30535,-0.644172,-0.569281,-0.0924737,-0.633083,0.474376,0.170022,0.502562,0.644072,0.244409,1.02943467946296
104,104,"/project/akaring/takeup-data/data/stan_analysis_data/main-core-exponential-cluster-weight-999/exponential-0104/mode-exponential-0104-1.csv","gaussian",-1.12875,-0.172768,0.0885693637202576,0.0885639,0.152497,1.63128,-0.219185,0.179091,0.388944,-0.42468,0.394305,0.000132634,0.344728,0.80507,0.244278,1.02940358522982
105,105,"/project/akaring/takeup-data/data/stan_analysis_data/main-core-exponential-cluster-weight-999/exponential-0105/mode-exponential-0105-1.csv","gaussian",-1.43539,-0.171919,0.17028750015,0.170277,0.20147,1.79769,0.350458,-0.494529,-0.438426,-0.49484,0.366208,0.248534,0.576458,1.04074,0.238694,1.02809280983577
106,106,"/project/akaring/takeup-data/data/stan_analysis_data/main-core-exponential-cluster-weight-999/exponential-0106/mode-exponential-0106-1.csv","gaussian",-1.44298,-0.232879,0.145286811434851,0.145284,0.205842,1.46082,-0.414346,0.128132,0.101635,-0.373257,0.502774,0.0298955,0.378639,1.14666,0.233265,1.02684592818251
107,107,"/project/akaring/takeup-data/data/stan_analysis_data/main-core-exponential-cluster-weight-999/exponential-0107/mode-exponential-0107-1.csv","gaussian",-0.69114,-0.291813,0.0471348740914298,0.0471192,0.214564,1.50225,-0.0431647,-0.0508085,-0.079227,-0.359164,0.274277,0.13173,0.526877,0.597634,0.241784,1.02881461044058
108,108,"/project/akaring/takeup-data/data/stan_analysis_data/main-core-exponential-cluster-weight-999/exponential-0108/mode-exponential-0108-1.csv","gaussian",-1.2426,-0.115187,0.105432452288571,0.105428,0.212851,2.0046,-0.455592,-0.980004,-0.388674,-0.523758,0.571561,0.457409,0.695899,0.964086,0.239457,1.02827022462434
109,109,"/project/akaring/takeup-data/data/stan_analysis_data/main-core-exponential-cluster-weight-999/exponential-0109/mode-exponential-0109-1.csv","gaussian",-1.62524,-0.308375,-0.044254627280016,-0.0442617,0.164966,1.42285,0.714029,-0.192853,0.0176409,-0.244378,0.0748689,0.192333,0.403506,1.31147,0.232089,1.02657941919805
110,110,"/project/akaring/takeup-data/data/stan_analysis_data/main-core-exponential-cluster-weight-999/exponential-0110/mode-exponential-0110-1.csv","gaussian",-1.07585,-0.182113,0.0317907863534756,0.0317874,0.196512,1.16942,0.442411,0.733568,0.592424,-0.208363,0.137333,-0.123012,0.315917,0.857692,0.242079,1.02888397899909
111,111,"/project/akaring/takeup-data/data/stan_analysis_data/main-core-exponential-cluster-weight-999/exponential-0111/mode-exponential-0111-1.csv","gaussian",-1.81753,-0.438901,-0.0775131719014096,-0.0775225,0.176433,1.31481,0.042899,0.169379,0.1601,-0.282931,0.427468,0.107204,0.293955,1.54367,0.226901,1.02541896988548
112,112,"/project/akaring/takeup-data/data/stan_analysis_data/main-core-exponential-cluster-weight-999/exponential-0112/mode-exponential-0112-1.csv","gaussian",-1.07966,-0.154947,0.08013833067833,0.0801337,0.156096,1.55905,0.0659795,-0.270473,-0.0134072,-0.316181,0.253719,0.167071,0.398253,0.746557,0.246013,1.02981668085587
113,113,"/project/akaring/takeup-data/data/stan_analysis_data/main-core-exponential-cluster-weight-999/exponential-0113/mode-exponential-0113-1.csv","gaussian",-1.36762,-0.0723797,0.127509990162626,0.127505,0.228049,2.24455,-0.0766865,-0.914277,-0.456119,-0.694381,0.507195,0.533317,0.689182,1.02834,0.236357,1.027552739011
114,114,"/project/akaring/takeup-data/data/stan_analysis_data/main-core-exponential-cluster-weight-999/exponential-0114/mode-exponential-0114-1.csv","gaussian",-0.990818,-0.417385,0.0154238424809879,0.0154206,0.210456,1.45525,0.0896081,0.370945,0.0255668,-0.291416,0.182489,-0.00863145,0.555463,0.828929,0.240346,1.02847761264696
115,115,"/project/akaring/takeup-data/data/stan_analysis_data/main-core-exponential-cluster-weight-999/exponential-0115/mode-exponential-0115-1.csv","gaussian",-1.31487,-0.42703,-0.0820855357857222,-0.0820873,0.13405,1.37813,0.217008,0.326072,-0.107863,-0.297667,0.36851,-0.12787,0.518354,1.08411,0.235308,1.02731195596274
116,116,"/project/akaring/takeup-data/data/stan_analysis_data/main-core-exponential-cluster-weight-999/exponential-0116/mode-exponential-0116-1.csv","gaussian",-1.46806,-0.214167,0.056557969012501,0.0565537,0.15162,1.66042,0.0825392,-0.151356,-0.162354,-0.388058,0.392239,0.11662,0.493852,1.10819,0.236134,1.02750146761744
117,117,"/project/akaring/takeup-data/data/stan_analysis_data/main-core-exponential-cluster-weight-999/exponential-0117/mode-exponential-0117-1.csv","gaussian",-1.23466,-0.209712,-0.0008228617260117,-0.000830655,0.191233,1.86998,-0.408228,-0.495782,-0.36525,-0.473387,0.571381,0.260691,0.535842,1.05593,0.240169,1.02843626373295
118,118,"/project/akaring/takeup-data/data/stan_analysis_data/main-core-exponential-cluster-weight-999/exponential-0118/mode-exponential-0118-1.csv","gaussian",-1.59953,-0.0855392,0.0484531520347701,0.0484496,0.21747,1.4231,-0.0573545,0.207947,-0.143366,-0.250884,0.181171,0.0580278,0.521863,1.28095,0.237113,1.02772689697653
119,119,"/project/akaring/takeup-data/data/stan_analysis_data/main-core-exponential-cluster-weight-999/exponential-0119/mode-exponential-0119-1.csv","gaussian",-1.46027,-0.159364,0.0916427768970964,0.0916372,0.197471,1.74181,-0.446986,-0.208169,-0.331465,-0.413635,0.446342,0.184753,0.495454,1.07929,0.236145,1.02750399562483
120,120,"/project/akaring/takeup-data/data/stan_analysis_data/main-core-exponential-cluster-weight-999/exponential-0120/mode-exponential-0120-1.csv","gaussian",-1.4329,-0.104103,0.048520531970051,0.0485069,0.163602,1.92417,-0.844717,-0.101835,-0.326758,-0.467987,0.63317,0.146591,0.708291,1.03594,0.239754,1.0283394286499
121,121,"/project/akaring/takeup-data/data/stan_analysis_data/main-core-exponential-cluster-weight-999/exponential-0121/mode-exponential-0121-1.csv","gaussian",-1.98161,-0.116082,0.155642900625107,0.155639,0.277894,1.79543,-0.0698852,-0.181312,0.190577,-0.483132,0.431031,0.252375,0.251441,1.53347,0.225479,1.02510525285992
122,122,"/project/akaring/takeup-data/data/stan_analysis_data/main-core-exponential-cluster-weight-999/exponential-0122/mode-exponential-0122-1.csv","gaussian",-1.67716,-0.205178,0.162531758444106,0.162524,0.204834,2.33273,-0.740066,-0.635097,-0.82353,-0.575226,0.629215,0.321191,0.668771,1.21108,0.234773,1.02718954508357
123,123,"/project/akaring/takeup-data/data/stan_analysis_data/main-core-exponential-cluster-weight-999/exponential-0123/mode-exponential-0123-1.csv","gaussian",-1.72032,-0.105039,0.204463624582091,0.204456,0.197066,2.0293,-0.633151,-0.232112,-0.378868,-0.446117,0.458399,0.127407,0.490151,1.24009,0.232299,1.026626916363
124,124,"/project/akaring/takeup-data/data/stan_analysis_data/main-core-exponential-cluster-weight-999/exponential-0124/mode-exponential-0124-1.csv","gaussian",-1.30326,0.0190895,0.210756424207968,0.21075,0.216732,1.70908,0.141595,-0.329115,-0.0354612,-0.379004,0.210461,0.169403,0.418442,0.944427,0.24171,1.02879722205107
125,125,"/project/akaring/takeup-data/data/stan_analysis_data/main-core-exponential-cluster-weight-999/exponential-0125/mode-exponential-0125-1.csv","gaussian",-1.31519,-0.165816,0.151574982566419,0.151566,0.23566,1.50018,0.0504981,-0.376531,-0.198656,-0.344186,0.244392,0.258815,0.62396,1.00591,0.243815,1.02929381336186
126,126,"/project/akaring/takeup-data/data/stan_analysis_data/main-core-exponential-cluster-weight-999/exponential-0126/mode-exponential-0126-1.csv","gaussian",-0.907749,-0.305705,-0.0563424797198625,-0.0563487,0.14861,1.65895,0.0810347,0.216426,-0.143378,-0.413606,0.291445,0.0706974,0.676601,0.659352,0.247335,1.03013329342615
127,127,"/project/akaring/takeup-data/data/stan_analysis_data/main-core-exponential-cluster-weight-999/exponential-0127/mode-exponential-0127-1.csv","gaussian",-0.811215,-0.136855,0.0455256749615658,0.0455145,0.156794,1.13952,0.637167,0.286611,0.412934,-0.226794,0.107733,-0.00644851,0.213736,0.559507,0.250728,1.03095321425562
128,128,"/project/akaring/takeup-data/data/stan_analysis_data/main-core-exponential-cluster-weight-999/exponential-0128/mode-exponential-0128-1.csv","gaussian",-0.861808,0.021561,0.117122398654375,0.117118,0.262944,1.75201,0.426541,-0.27111,-0.535999,-0.409712,0.0549112,0.189838,0.659053,0.704516,0.250178,1.03081959221
129,129,"/project/akaring/takeup-data/data/stan_analysis_data/main-core-exponential-cluster-weight-999/exponential-0129/mode-exponential-0129-1.csv","gaussian",-1.25236,-0.130181,0.0910381861234464,0.0910291,0.221243,1.36739,-0.0565114,0.136607,-0.0623823,-0.167847,0.147568,-0.0650903,0.410151,0.993587,0.240991,1.02862853454539
130,130,"/project/akaring/takeup-data/data/stan_analysis_data/main-core-exponential-cluster-weight-999/exponential-0130/mode-exponential-0130-1.csv","gaussian",-1.64264,-0.154943,-0.020177976382601,-0.0201845,0.129887,1.99896,-0.31833,-0.292754,-0.601928,-0.571092,0.431826,0.265654,0.925588,1.23544,0.240523,1.02851899035895
131,131,"/project/akaring/takeup-data/data/stan_analysis_data/main-core-exponential-cluster-weight-999/exponential-0131/mode-exponential-0131-1.csv","gaussian",-1.25753,-0.15844,0.108743989939324,0.10874,0.176205,1.59303,0.114591,-0.00456793,-0.121754,-0.479176,0.363179,0.147398,0.643851,0.937907,0.240929,1.02861401071588
132,132,"/project/akaring/takeup-data/data/stan_analysis_data/main-core-exponential-cluster-weight-999/exponential-0132/mode-exponential-0132-1.csv","gaussian",-1.23837,-0.179497,0.157724783513647,0.157719,0.223291,2.24984,-0.420181,-0.539801,-0.299358,-0.600438,0.518784,0.23549,0.471763,0.952444,0.240981,1.02862619175335
133,133,"/project/akaring/takeup-data/data/stan_analysis_data/main-core-exponential-cluster-weight-999/exponential-0133/mode-exponential-0133-1.csv","gaussian",-2.04163,-0.179211,0.0544558887375223,0.0544517,0.152928,1.76949,-0.449105,-0.289795,-0.198547,-0.446409,0.406995,0.229837,0.577634,1.50136,0.226818,1.02540060714045
134,134,"/project/akaring/takeup-data/data/stan_analysis_data/main-core-exponential-cluster-weight-999/exponential-0134/mode-exponential-0134-1.csv","gaussian",-1.28268,-0.431849,0.024419721266048,0.0244145,0.189546,1.69726,-0.494494,-0.043246,0.000264566,-0.490719,0.540617,0.252962,0.52007,1.01434,0.234457,1.02711736663782
135,135,"/project/akaring/takeup-data/data/stan_analysis_data/main-core-exponential-cluster-weight-999/exponential-0135/mode-exponential-0135-1.csv","gaussian",-1.60306,-0.138637,0.239402095411135,0.239396,0.156119,1.8853,-0.183396,-0.560496,-0.192029,-0.457424,0.35455,0.228481,0.284305,1.13641,0.240947,1.02861822694769
136,136,"/project/akaring/takeup-data/data/stan_analysis_data/main-core-exponential-cluster-weight-999/exponential-0136/mode-exponential-0136-1.csv","gaussian",-1.35149,-0.0886658,0.173461797898939,0.173454,0.205223,2.01557,-0.947708,-0.612659,-0.382143,-0.366028,0.58131,0.129427,0.487639,0.981207,0.242323,1.02894141540177
137,137,"/project/akaring/takeup-data/data/stan_analysis_data/main-core-exponential-cluster-weight-999/exponential-0137/mode-exponential-0137-1.csv","gaussian",-2.86964,-0.168197,0.0812221315227776,0.0812046,0.166594,1.713,-0.57043,0.0516823,0.0223317,-0.342921,0.583864,0.0950515,0.384178,2.19457,0.215435,1.02294293058068
138,138,"/project/akaring/takeup-data/data/stan_analysis_data/main-core-exponential-cluster-weight-999/exponential-0138/mode-exponential-0138-1.csv","gaussian",-0.892304,-0.00196897,0.189228920601688,0.189216,0.216333,1.60019,-0.124687,-0.128871,-0.0560157,-0.451177,0.615729,0.11453,0.578181,0.629441,0.243334,1.02917998210031
139,139,"/project/akaring/takeup-data/data/stan_analysis_data/main-core-exponential-cluster-weight-999/exponential-0139/mode-exponential-0139-1.csv","gaussian",-1.25642,-0.226822,0.0538236346099933,0.0538151,0.250492,2.07548,-0.865012,-0.63586,-0.611726,-0.585062,0.729668,0.446579,0.663756,1.03512,0.239067,1.02817947387069
140,140,"/project/akaring/takeup-data/data/stan_analysis_data/main-core-exponential-cluster-weight-999/exponential-0140/mode-exponential-0140-1.csv","gaussian",-0.503239,-0.258611,0.153282870656448,0.153274,0.264762,1.70818,-0.123046,0.408052,-0.122652,-0.367625,0.374476,-0.0227531,0.314431,0.461468,0.247778,1.03023974747823
141,141,"/project/akaring/takeup-data/data/stan_analysis_data/main-core-exponential-cluster-weight-999/exponential-0141/mode-exponential-0141-1.csv","gaussian",-1.34067,-0.199143,0.185400812875402,0.18539,0.251638,1.87213,-0.467241,-0.298972,-0.31596,-0.353724,0.517385,0.0668053,0.386798,1.05538,0.238724,1.02809977539926
142,142,"/project/akaring/takeup-data/data/stan_analysis_data/main-core-exponential-cluster-weight-999/exponential-0142/mode-exponential-0142-1.csv","gaussian",-1.6095,-0.224231,0.12684683818047,0.126839,0.206793,1.99593,-0.845254,0.0145559,-0.173925,-0.447092,0.493834,-0.0299713,0.404922,1.25288,0.235251,1.02729890148924
143,143,"/project/akaring/takeup-data/data/stan_analysis_data/main-core-exponential-cluster-weight-999/exponential-0143/mode-exponential-0143-1.csv","gaussian",-0.773768,-0.0306452,0.236564451491041,0.236553,0.208628,1.95921,0.00142118,-0.481473,-0.258751,-0.256997,0.183873,-0.119989,0.350427,0.455777,0.24544,1.02967994716805
144,144,"/project/akaring/takeup-data/data/stan_analysis_data/main-core-exponential-cluster-weight-999/exponential-0144/mode-exponential-0144-1.csv","gaussian",-1.3517,-0.10732,0.177862902882044,0.177853,0.206593,1.66639,-0.1654,-0.481557,-0.353115,-0.320907,0.331296,0.18403,0.590072,1.0259,0.242693,1.02902861585526
145,145,"/project/akaring/takeup-data/data/stan_analysis_data/main-core-exponential-cluster-weight-999/exponential-0145/mode-exponential-0145-1.csv","gaussian",-1.91882,-0.0656281,0.246606277598016,0.246605,0.238997,1.69268,-0.41535,-0.147471,-0.216542,-0.377467,0.530751,0.126693,0.414676,1.44215,0.230137,1.02613987290671
146,146,"/project/akaring/takeup-data/data/stan_analysis_data/main-core-exponential-cluster-weight-999/exponential-0146/mode-exponential-0146-1.csv","gaussian",-1.41848,-0.0958204,0.0837137112098305,0.0837064,0.144476,2.16034,-0.523685,-0.641028,-0.539098,-0.525355,0.411089,0.312062,0.701446,1.00526,0.241373,1.02871809798846
147,147,"/project/akaring/takeup-data/data/stan_analysis_data/main-core-exponential-cluster-weight-999/exponential-0147/mode-exponential-0147-1.csv","gaussian",-2.07383,-0.138015,0.0535566654388956,0.0535492,0.179978,1.97093,-0.506879,-0.361593,-0.633036,-0.491042,0.4297,0.302381,0.753011,1.59991,0.231613,1.0264719098782
148,148,"/project/akaring/takeup-data/data/stan_analysis_data/main-core-exponential-cluster-weight-999/exponential-0148/mode-exponential-0148-1.csv","gaussian",-1.27215,-0.0852691,0.197625357220173,0.19762,0.251283,1.63879,-0.274066,-0.297884,-0.27276,-0.347872,0.506485,0.218681,0.50083,0.940136,0.240242,1.02845331375031
149,149,"/project/akaring/takeup-data/data/stan_analysis_data/main-core-exponential-cluster-weight-999/exponential-0149/mode-exponential-0149-1.csv","gaussian",-2.11968,-0.300365,0.0185330079275798,0.0185282,0.122696,2.14239,-0.720814,-0.411544,-0.206749,-0.60692,0.746923,0.306255,0.517913,1.56949,0.226199,1.02526386242811
150,150,"/project/akaring/takeup-data/data/stan_analysis_data/main-core-exponential-cluster-weight-999/exponential-0150/mode-exponential-0150-1.csv","gaussian",-0.0105799,-0.117123,0.000199854550032,0.000190743,0.207917,1.50408,0.069227,0.250284,0.189789,-0.346015,0.237073,-0.0233056,0.437734,0.0326237,0.254389,1.03184968058385
151,151,"/project/akaring/takeup-data/data/stan_analysis_data/main-core-exponential-cluster-weight-999/exponential-0151/mode-exponential-0151-1.csv","gaussian",-2.06691,-0.41441,0.0650510108172618,0.0650372,0.232646,1.48776,-0.217447,0.282532,0.100987,-0.328978,0.517097,0.00319005,0.303307,1.71716,0.217424,1.02336366741056
152,152,"/project/akaring/takeup-data/data/stan_analysis_data/main-core-exponential-cluster-weight-999/exponential-0152/mode-exponential-0152-1.csv","gaussian",-0.943288,-0.286493,-0.00560803087835,-0.00561356,0.20108,1.31205,0.396348,0.132809,0.607598,-0.230219,0.0949222,0.0354151,0.31911,0.777478,0.240411,1.02849280450619
153,153,"/project/akaring/takeup-data/data/stan_analysis_data/main-core-exponential-cluster-weight-999/exponential-0153/mode-exponential-0153-1.csv","gaussian",-1.20169,-0.228105,-0.042141663290286,-0.0421542,0.14206,1.27411,0.365339,0.464287,0.434813,-0.267395,0.0593018,-0.142624,0.424405,0.905414,0.24143,1.02873147366064
154,154,"/project/akaring/takeup-data/data/stan_analysis_data/main-core-exponential-cluster-weight-999/exponential-0154/mode-exponential-0154-1.csv","gaussian",-0.838459,0.00710395,0.183718792140339,0.183716,0.215432,1.69003,0.19094,-0.390926,0.515939,-0.384759,0.27068,0.195732,0.22113,0.571166,0.246826,1.03001120104395
155,155,"/project/akaring/takeup-data/data/stan_analysis_data/main-core-exponential-cluster-weight-999/exponential-0155/mode-exponential-0155-1.csv","gaussian",-1.21265,-0.197599,-0.050139755131537,-0.0501492,0.15939,1.5315,-0.035756,-0.380979,0.0954839,-0.455024,0.461505,0.354986,0.489193,0.969222,0.246581,1.02995251810994
156,156,"/project/akaring/takeup-data/data/stan_analysis_data/main-core-exponential-cluster-weight-999/exponential-0156/mode-exponential-0156-1.csv","gaussian",-1.69011,-0.217776,0.0504164121616216,0.0504118,0.152448,1.60742,-0.131546,0.0353763,0.216945,-0.413484,0.562886,0.124052,0.251961,1.28758,0.234156,1.02704870007999
157,157,"/project/akaring/takeup-data/data/stan_analysis_data/main-core-exponential-cluster-weight-999/exponential-0157/mode-exponential-0157-1.csv","gaussian",-1.30877,-0.399025,-0.0419341420134828,-0.0419387,0.212473,1.28266,0.21981,-0.00232027,0.374073,-0.272935,0.256569,0.177506,0.394491,1.0857,0.234705,1.02717400523232
158,158,"/project/akaring/takeup-data/data/stan_analysis_data/main-core-exponential-cluster-weight-999/exponential-0158/mode-exponential-0158-1.csv","gaussian",-0.244291,-0.0739112,0.093474976152042,0.0934677,0.207549,1.89065,0.0889134,-0.298437,-0.908947,-0.446507,0.274619,0.109264,1.00685,0.143622,0.252799,1.03145883795768
159,159,"/project/akaring/takeup-data/data/stan_analysis_data/main-core-exponential-cluster-weight-999/exponential-0159/mode-exponential-0159-1.csv","gaussian",-2.44354,-0.453277,0.0682627674095988,0.0682524,0.183225,1.90352,-0.536966,-0.518623,-0.686554,-0.524066,0.665554,0.333754,0.688835,1.96682,0.210341,1.02188225167139
160,160,"/project/akaring/takeup-data/data/stan_analysis_data/main-core-exponential-cluster-weight-999/exponential-0160/mode-exponential-0160-1.csv","gaussian",-1.95344,-0.311208,0.025904302648594,0.0258958,0.236401,1.83293,-0.500771,-0.548018,-0.280057,-0.46143,0.624236,0.426496,0.53218,1.60656,0.224941,1.02498705039674
161,161,"/project/akaring/takeup-data/data/stan_analysis_data/main-core-exponential-cluster-weight-999/exponential-0161/mode-exponential-0161-1.csv","gaussian",-1.92652,-0.231923,-0.0561102001754946,-0.0561133,0.17438,1.28449,0.539411,0.219124,0.813435,-0.178339,-0.00513378,-0.0298349,-0.0236162,1.56405,0.22731,1.02550954949235
162,162,"/project/akaring/takeup-data/data/stan_analysis_data/main-core-exponential-cluster-weight-999/exponential-0162/mode-exponential-0162-1.csv","gaussian",-1.4442,-0.458701,-0.111814631154282,-0.111826,0.186363,1.01835,0.450813,0.203924,1.10701,-0.260718,0.210121,0.119651,-0.0182615,1.3062,0.229249,1.02594108212948
163,163,"/project/akaring/takeup-data/data/stan_analysis_data/main-core-exponential-cluster-weight-999/exponential-0163/mode-exponential-0163-1.csv","gaussian",-1.48732,-0.359848,0.0105677770577288,0.0105581,0.199803,1.99388,-0.320955,-0.467094,-0.267765,-0.614963,0.670364,0.433598,0.726205,1.20774,0.236322,1.02754468889874
164,164,"/project/akaring/takeup-data/data/stan_analysis_data/main-core-exponential-cluster-weight-999/exponential-0164/mode-exponential-0164-1.csv","gaussian",-0.446065,-0.160258,0.0337646666271518,0.0337547,0.187935,1.79089,-0.6118,-0.0103633,-0.0157594,-0.492978,0.581285,0.126953,0.422279,0.385299,0.250168,1.03081716527423
165,165,"/project/akaring/takeup-data/data/stan_analysis_data/main-core-exponential-cluster-weight-999/exponential-0165/mode-exponential-0165-1.csv","gaussian",-1.59788,-0.367887,-0.0368396498322805,-0.0368539,0.278334,1.00466,0.352853,0.535745,0.490658,-0.175749,0.312885,0.0063058,0.396181,1.36065,0.229773,1.02605829830912
166,166,"/project/akaring/takeup-data/data/stan_analysis_data/main-core-exponential-cluster-weight-999/exponential-0166/mode-exponential-0166-1.csv","gaussian",-1.48113,-0.0786976,0.155976573835895,0.155961,0.162427,1.86233,-0.384506,-0.361694,-0.142168,-0.453128,0.399775,0.166762,0.391096,1.04134,0.242349,1.02894753889642
167,167,"/project/akaring/takeup-data/data/stan_analysis_data/main-core-exponential-cluster-weight-999/exponential-0167/mode-exponential-0167-1.csv","gaussian",-1.78579,0.0957768,0.15940522433292,0.159396,0.176351,1.42494,-0.634754,0.368205,-0.0905609,-0.261143,0.434686,-0.141393,0.609387,1.30729,0.231552,1.0264581475657
168,168,"/project/akaring/takeup-data/data/stan_analysis_data/main-core-exponential-cluster-weight-999/exponential-0168/mode-exponential-0168-1.csv","gaussian",-2.18508,-0.371294,0.172430170222421,0.172421,0.154578,1.72191,-0.0905711,0.0634307,-0.437962,-0.468427,0.4302,0.0803109,0.614824,1.62414,0.222459,1.02444521897513
169,169,"/project/akaring/takeup-data/data/stan_analysis_data/main-core-exponential-cluster-weight-999/exponential-0169/mode-exponential-0169-1.csv","gaussian",-1.21035,-0.164466,0.0175584358683695,0.0175487,0.188265,1.34462,-0.126769,0.197214,0.140193,-0.403911,0.413193,0.181495,0.488636,0.99063,0.239532,1.02828769273195
170,170,"/project/akaring/takeup-data/data/stan_analysis_data/main-core-exponential-cluster-weight-999/exponential-0170/mode-exponential-0170-1.csv","gaussian",-0.936029,0.0146116,0.17839474493021,0.178385,0.22424,1.92562,-0.355443,-0.453284,-0.440628,-0.389935,0.442034,0.157111,0.611542,0.652713,0.246443,1.02991948823634
171,171,"/project/akaring/takeup-data/data/stan_analysis_data/main-core-exponential-cluster-weight-999/exponential-0171/mode-exponential-0171-1.csv","gaussian",-1.30494,-0.210224,-0.0052105926562065,-0.00521632,0.157775,2.19305,-0.740828,-0.0521749,-0.360355,-0.648487,0.632921,0.108914,0.570148,0.996469,0.239815,1.02835365231276
172,172,"/project/akaring/takeup-data/data/stan_analysis_data/main-core-exponential-cluster-weight-999/exponential-0172/mode-exponential-0172-1.csv","gaussian",-2.30708,-0.157823,0.065974894655393,0.0659668,0.179702,1.88016,-0.281054,0.103141,-0.0812235,-0.417651,0.406985,0.0622293,0.375818,1.73163,0.225344,1.02507556713444
173,173,"/project/akaring/takeup-data/data/stan_analysis_data/main-core-exponential-cluster-weight-999/exponential-0173/mode-exponential-0173-1.csv","gaussian",-1.13278,-0.139253,0.207556598141992,0.207551,0.216905,2.03258,-0.398423,0.0407362,-0.332448,-0.50714,0.590447,-0.0386398,0.514708,0.844124,0.239921,1.02837837698048
174,174,"/project/akaring/takeup-data/data/stan_analysis_data/main-core-exponential-cluster-weight-999/exponential-0174/mode-exponential-0174-1.csv","gaussian",-1.51354,-0.304084,0.0622527189889382,0.0622465,0.173951,1.41585,-0.135351,-0.301203,0.107303,-0.265628,0.475885,0.166115,0.3906,1.20455,0.237966,1.0279240327748
175,175,"/project/akaring/takeup-data/data/stan_analysis_data/main-core-exponential-cluster-weight-999/exponential-0175/mode-exponential-0175-1.csv","gaussian",-2.68725,-0.382867,0.0166187380399786,0.0166148,0.224263,2.03883,-0.274615,-0.446937,0.222474,-0.510856,0.514352,0.393576,0.255218,2.05628,0.213573,1.02255240761978
176,176,"/project/akaring/takeup-data/data/stan_analysis_data/main-core-exponential-cluster-weight-999/exponential-0176/mode-exponential-0176-1.csv","gaussian",-2.02631,-0.13893,0.11626278344214,0.116252,0.15025,1.69492,-0.27103,-0.221441,-0.360645,-0.401882,0.582986,0.105286,0.449682,1.59479,0.226264,1.0252782050234
177,177,"/project/akaring/takeup-data/data/stan_analysis_data/main-core-exponential-cluster-weight-999/exponential-0177/mode-exponential-0177-1.csv","gaussian",-0.750163,-0.155636,0.05264591988485,0.0526335,0.201355,1.15052,0.296465,0.454669,0.115747,-0.263479,0.25322,-0.0730714,0.483006,0.631498,0.246958,1.03004284074207
178,178,"/project/akaring/takeup-data/data/stan_analysis_data/main-core-exponential-cluster-weight-999/exponential-0178/mode-exponential-0178-1.csv","gaussian",-0.438643,-0.0797697,0.0323683101144805,0.0323614,0.200768,2.28921,-0.362146,-0.555754,-0.724083,-0.606141,0.443581,0.376043,0.720775,0.320551,0.250522,1.0309031343846
179,179,"/project/akaring/takeup-data/data/stan_analysis_data/main-core-exponential-cluster-weight-999/exponential-0179/mode-exponential-0179-1.csv","gaussian",-0.654189,-0.141868,0.122111214548908,0.122099,0.218574,1.4171,0.0198108,-0.0139616,0.149616,-0.39867,0.420916,0.228465,0.610878,0.486965,0.244017,1.0293416810219
180,180,"/project/akaring/takeup-data/data/stan_analysis_data/main-core-exponential-cluster-weight-999/exponential-0180/mode-exponential-0180-1.csv","gaussian",-1.04418,-0.25516,0.0490064272969276,0.0489972,0.123133,1.59764,-0.208672,-0.10103,0.219602,-0.496674,0.666494,0.213545,0.332613,0.752279,0.244297,1.02940809410505
181,181,"/project/akaring/takeup-data/data/stan_analysis_data/main-core-exponential-cluster-weight-999/exponential-0181/mode-exponential-0181-1.csv","gaussian",-1.97621,-0.138792,0.164576459571665,0.164562,0.194873,2.09775,-0.85727,-0.573759,-0.725045,-0.631655,0.772987,0.32718,0.691148,1.55946,0.226389,1.02530579795542
182,182,"/project/akaring/takeup-data/data/stan_analysis_data/main-core-exponential-cluster-weight-999/exponential-0182/mode-exponential-0182-1.csv","gaussian",-1.2427,-0.254658,0.0143504240291832,0.0143341,0.158595,2.00059,-0.204636,0.0236729,-0.354311,-0.518653,0.425457,0.0872272,0.588017,0.935334,0.240803,1.02858450542918
183,183,"/project/akaring/takeup-data/data/stan_analysis_data/main-core-exponential-cluster-weight-999/exponential-0183/mode-exponential-0183-1.csv","gaussian",-1.03631,-0.14701,0.0194887541358601,0.0194793,0.174708,1.43117,0.0430501,0.115064,0.883,-0.38809,0.461144,0.160322,0.0447934,0.828796,0.243587,1.02923982947076
184,184,"/project/akaring/takeup-data/data/stan_analysis_data/main-core-exponential-cluster-weight-999/exponential-0184/mode-exponential-0184-1.csv","gaussian",-1.43889,-0.177273,-0.0450325255614621,-0.0450409,0.23051,1.91082,-0.869802,-0.410907,-0.060903,-0.460228,0.581673,0.309141,0.491723,1.16619,0.242861,1.02906825105092
185,185,"/project/akaring/takeup-data/data/stan_analysis_data/main-core-exponential-cluster-weight-999/exponential-0185/mode-exponential-0185-1.csv","gaussian",-1.15952,-0.146773,0.101116120908349,0.101107,0.131002,2.03126,-0.14466,-0.504765,-0.295596,-0.503979,0.488173,0.277166,0.471736,0.778887,0.24529,1.02964420267391
186,186,"/project/akaring/takeup-data/data/stan_analysis_data/main-core-exponential-cluster-weight-999/exponential-0186/mode-exponential-0186-1.csv","gaussian",-1.43292,-0.265291,0.125677166127953,0.125665,0.137325,1.70931,0.0578528,0.0315517,-0.15308,-0.42316,0.308059,-0.0240088,0.322677,1.05125,0.237847,1.02789649061031
187,187,"/project/akaring/takeup-data/data/stan_analysis_data/main-core-exponential-cluster-weight-999/exponential-0187/mode-exponential-0187-1.csv","gaussian",-1.28259,-0.170039,0.05206934070298,0.0520642,0.161926,1.92961,-0.578274,-0.411333,-0.35858,-0.614048,0.658324,0.359126,0.72994,0.984407,0.242916,1.02908123248653
188,188,"/project/akaring/takeup-data/data/stan_analysis_data/main-core-exponential-cluster-weight-999/exponential-0188/mode-exponential-0188-1.csv","gaussian",-1.28034,-0.196617,0.119494890320251,0.119488,0.202648,1.82465,-0.313855,0.154784,-0.236361,-0.33652,0.414037,-0.125343,0.418864,0.967287,0.241182,1.02867329950962
189,189,"/project/akaring/takeup-data/data/stan_analysis_data/main-core-exponential-cluster-weight-999/exponential-0189/mode-exponential-0189-1.csv","gaussian",-0.864965,-0.173769,0.0792646930121642,0.0792584,0.192546,1.41832,0.134596,0.121864,0.106869,-0.186682,0.222802,-0.0948572,0.374525,0.666317,0.248984,1.03053046158568
190,190,"/project/akaring/takeup-data/data/stan_analysis_data/main-core-exponential-cluster-weight-999/exponential-0190/mode-exponential-0190-1.csv","gaussian",-1.55689,-0.0153875,0.116338394104877,0.11633,0.164072,1.95442,-0.775308,-0.100843,-0.497947,-0.463984,0.496217,0.064206,0.695862,1.11083,0.242202,1.02891292576389
191,191,"/project/akaring/takeup-data/data/stan_analysis_data/main-core-exponential-cluster-weight-999/exponential-0191/mode-exponential-0191-1.csv","gaussian",-1.48027,-0.355182,0.120505886989689,0.120497,0.158931,2.16025,-0.502246,-0.42552,-0.906079,-0.559166,0.661778,0.190412,0.71221,1.09421,0.234941,1.02722795594795
192,192,"/project/akaring/takeup-data/data/stan_analysis_data/main-core-exponential-cluster-weight-999/exponential-0192/mode-exponential-0192-1.csv","gaussian",-0.775529,-0.211256,-0.0199957297876075,-0.0200005,0.17416,1.92487,-0.410356,-0.732773,0.0212259,-0.441239,0.379914,0.282377,0.403578,0.592462,0.247625,1.03020296088926
193,193,"/project/akaring/takeup-data/data/stan_analysis_data/main-core-exponential-cluster-weight-999/exponential-0193/mode-exponential-0193-1.csv","gaussian",-2.16615,-0.330679,0.147282874253141,0.147274,0.191055,1.87921,-0.342455,-0.216693,-0.225044,-0.421738,0.419808,0.212346,0.389446,1.64144,0.222522,1.02445890131523
194,194,"/project/akaring/takeup-data/data/stan_analysis_data/main-core-exponential-cluster-weight-999/exponential-0194/mode-exponential-0194-1.csv","gaussian",-0.838198,-0.231544,-0.0559910538726465,-0.0559947,0.112962,1.9996,-0.382122,0.0534099,-0.227661,-0.572807,0.615213,0.0703687,0.573392,0.607756,0.250483,1.03089365760441
195,195,"/project/akaring/takeup-data/data/stan_analysis_data/main-core-exponential-cluster-weight-999/exponential-0195/mode-exponential-0195-1.csv","gaussian",-1.80357,-0.171001,0.036321820888858,0.0363121,0.166804,1.44243,-0.215287,-0.0267828,-0.12687,-0.345288,0.458242,0.16205,0.660574,1.44115,0.235211,1.02728974224461
196,196,"/project/akaring/takeup-data/data/stan_analysis_data/main-core-exponential-cluster-weight-999/exponential-0196/mode-exponential-0196-1.csv","gaussian",-1.69132,-0.15545,0.0536433701477,0.0536377,0.18868,1.86019,-0.519565,0.234535,-0.301489,-0.508757,0.608915,0.0576641,0.502832,1.33731,0.232762,1.02673178028344
197,197,"/project/akaring/takeup-data/data/stan_analysis_data/main-core-exponential-cluster-weight-999/exponential-0197/mode-exponential-0197-1.csv","gaussian",-1.19512,-0.160825,0.0812182191309424,0.0812101,0.171237,1.61897,-0.356082,0.120871,-0.0330796,-0.396302,0.378823,0.012335,0.565839,0.898874,0.244839,1.02953685505717
198,198,"/project/akaring/takeup-data/data/stan_analysis_data/main-core-exponential-cluster-weight-999/exponential-0198/mode-exponential-0198-1.csv","gaussian",-1.30766,-0.23402,0.137198406635602,0.137195,0.177294,1.65327,0.0942721,-0.0657711,0.469126,-0.365273,0.233979,0.0963876,0.115018,0.974033,0.244854,1.02954042238078
199,199,"/project/akaring/takeup-data/data/stan_analysis_data/main-core-exponential-cluster-weight-999/exponential-0199/mode-exponential-0199-1.csv","gaussian",-1.07734,-0.230701,-0.0446079891654216,-0.044622,0.176436,1.90334,-0.0777077,-0.811985,-0.200995,-0.494822,0.403855,0.496708,0.565501,0.889512,0.241927,1.0288482265762
200,200,"/project/akaring/takeup-data/data/stan_analysis_data/main-core-exponential-cluster-weight-999/exponential-0200/mode-exponential-0200-1.csv","gaussian",-1.50938,-0.180963,-0.0276119491703875,-0.0276176,0.154954,1.71255,0.167305,0.352211,-0.291786,-0.461104,0.39225,0.0405109,0.650143,1.16236,0.238027,1.02793815608187
201,201,"/project/akaring/takeup-data/data/stan_analysis_data/main-core-exponential-cluster-weight-999/exponential-0201/mode-exponential-0201-1.csv","gaussian",-1.78247,-0.229594,-0.102352166371408,-0.102365,0.150425,1.87742,-0.425514,-0.425391,-0.375061,-0.536339,0.573116,0.357264,0.697824,1.43857,0.232744,1.02672769979971
202,202,"/project/akaring/takeup-data/data/stan_analysis_data/main-core-exponential-cluster-weight-999/exponential-0202/mode-exponential-0202-1.csv","gaussian",-0.662287,-0.309799,-0.029283273233871,-0.029287,0.204635,1.16635,0.34091,0.467295,0.0887579,-0.165013,0.173736,-0.0431978,0.39491,0.636676,0.244872,1.02954470344128
203,203,"/project/akaring/takeup-data/data/stan_analysis_data/main-core-exponential-cluster-weight-999/exponential-0203/mode-exponential-0203-1.csv","gaussian",-0.608454,-0.111761,0.0837123064604472,0.0836985,0.242199,1.39773,0.381653,-0.0880969,0.644095,-0.22872,0.0740861,0.133111,0.197886,0.501834,0.251883,1.03123471900872
204,204,"/project/akaring/takeup-data/data/stan_analysis_data/main-core-exponential-cluster-weight-999/exponential-0204/mode-exponential-0204-1.csv","gaussian",-1.64053,-0.255336,0.191564404525684,0.191559,0.257238,1.50126,0.198786,-0.65759,0.107392,-0.105932,0.058165,0.08959,0.0633477,1.33996,0.233298,1.02685342518005
205,205,"/project/akaring/takeup-data/data/stan_analysis_data/main-core-exponential-cluster-weight-999/exponential-0205/mode-exponential-0205-1.csv","gaussian",-0.752535,-0.277087,-0.063520310030835,-0.0635296,0.204131,1.5575,-0.0894093,0.202258,-0.151322,-0.443504,0.345121,0.110733,0.511954,0.701072,0.24723,1.03010808796941
206,206,"/project/akaring/takeup-data/data/stan_analysis_data/main-core-exponential-cluster-weight-999/exponential-0206/mode-exponential-0206-1.csv","gaussian",-1.31837,0.0537307,0.09435563046633,0.0943491,0.258311,1.55375,-0.549316,0.271232,-0.102762,-0.209836,0.443904,-0.119713,0.352986,1.02869,0.241781,1.02881390540807
207,207,"/project/akaring/takeup-data/data/stan_analysis_data/main-core-exponential-cluster-weight-999/exponential-0207/mode-exponential-0207-1.csv","gaussian",-1.85288,-0.360774,-0.024887576298571,-0.024892,0.313607,1.29277,0.27261,-0.0833911,-0.0737076,-0.229426,0.289427,0.247071,0.497413,1.63379,0.222874,1.02453541660403
208,208,"/project/akaring/takeup-data/data/stan_analysis_data/main-core-exponential-cluster-weight-999/exponential-0208/mode-exponential-0208-1.csv","gaussian",-0.971507,-0.343454,0.0795604685589375,0.0795441,0.217966,1.72698,-0.2163,-0.110343,0.119425,-0.389496,0.415463,0.1002,0.268381,0.792874,0.239266,1.02822576254245
209,209,"/project/akaring/takeup-data/data/stan_analysis_data/main-core-exponential-cluster-weight-999/exponential-0209/mode-exponential-0209-1.csv","gaussian",-1.44519,-0.199036,0.103418539379251,0.103413,0.21148,1.75544,-0.399662,0.200521,0.200311,-0.368916,0.490711,-0.0231997,0.465965,1.09395,0.237119,1.02772828128888
210,210,"/project/akaring/takeup-data/data/stan_analysis_data/main-core-exponential-cluster-weight-999/exponential-0210/mode-exponential-0210-1.csv","gaussian",-1.12981,-0.215424,0.143593686901386,0.143591,0.211188,1.95757,-0.761737,-0.33085,-0.183817,-0.406973,0.560067,0.129656,0.460429,0.85586,0.241071,1.02864728018938
211,211,"/project/akaring/takeup-data/data/stan_analysis_data/main-core-exponential-cluster-weight-999/exponential-0211/mode-exponential-0211-1.csv","gaussian",-0.739776,-0.164511,0.0352662764872244,0.0352568,0.268444,2.32312,-0.969821,-0.366174,-0.614475,-0.679726,0.73298,0.3328,0.645542,0.638061,0.24736,1.03013929621192
212,212,"/project/akaring/takeup-data/data/stan_analysis_data/main-core-exponential-cluster-weight-999/exponential-0212/mode-exponential-0212-1.csv","gaussian",-1.30663,-0.0587725,0.233666058268152,0.233658,0.192834,1.34962,0.249248,0.579386,0.100281,-0.27477,0.339088,-0.213636,0.392067,0.958391,0.240924,1.02861283959321
213,213,"/project/akaring/takeup-data/data/stan_analysis_data/main-core-exponential-cluster-weight-999/exponential-0213/mode-exponential-0213-1.csv","gaussian",-1.59056,-0.0259319,0.0763233260148708,0.076315,0.184258,1.68304,-0.406151,-0.341248,0.234394,-0.443738,0.446564,0.305826,0.327992,1.24703,0.240092,1.02841828477716
214,214,"/project/akaring/takeup-data/data/stan_analysis_data/main-core-exponential-cluster-weight-999/exponential-0214/mode-exponential-0214-1.csv","gaussian",-0.823598,-0.157787,-0.0641845964318102,-0.0641967,0.22462,1.03328,0.0425084,0.543675,0.927948,-0.162642,0.391521,-0.0870295,0.170486,0.747828,0.244672,1.02949715278091
215,215,"/project/akaring/takeup-data/data/stan_analysis_data/main-core-exponential-cluster-weight-999/exponential-0215/mode-exponential-0215-1.csv","gaussian",-0.798035,-0.205055,0.0954002066547041,0.0953936,0.189815,1.53311,0.131,-0.146294,0.163111,-0.269887,0.195595,-0.058959,0.319275,0.607975,0.247688,1.03021810571548
216,216,"/project/akaring/takeup-data/data/stan_analysis_data/main-core-exponential-cluster-weight-999/exponential-0216/mode-exponential-0216-1.csv","gaussian",-0.407417,-0.274614,-0.0264234506602266,-0.0264312,0.132854,1.99698,-0.765448,-0.466661,-0.0887518,-0.667322,0.754222,0.378419,0.858212,0.293037,0.251534,1.03114952996934
217,217,"/project/akaring/takeup-data/data/stan_analysis_data/main-core-exponential-cluster-weight-999/exponential-0217/mode-exponential-0217-1.csv","gaussian",-1.68936,-0.350817,-0.0075242956637344,-0.00753303,0.174965,1.58131,-0.346725,0.227842,0.239991,-0.456422,0.602455,0.0872897,0.516186,1.37667,0.237155,1.02773658785946
218,218,"/project/akaring/takeup-data/data/stan_analysis_data/main-core-exponential-cluster-weight-999/exponential-0218/mode-exponential-0218-1.csv","gaussian",-0.61624,-0.307815,0.0304360609892444,0.0304271,0.209227,1.71199,0.183045,-0.74792,-0.237374,-0.432186,0.230425,0.344799,0.616057,0.534846,0.243943,1.02932414100175
219,219,"/project/akaring/takeup-data/data/stan_analysis_data/main-core-exponential-cluster-weight-999/exponential-0219/mode-exponential-0219-1.csv","gaussian",-0.926388,-0.301887,-0.0257338730151425,-0.0257396,0.187922,1.3408,0.296432,-0.325673,0.179477,-0.331606,0.365823,0.246568,0.457321,0.791355,0.244449,1.0294441770203
220,220,"/project/akaring/takeup-data/data/stan_analysis_data/main-core-exponential-cluster-weight-999/exponential-0220/mode-exponential-0220-1.csv","gaussian",-0.485446,-0.311194,0.024203486407355,0.0241982,0.204781,1.76631,-0.251115,-0.162197,-0.451149,-0.513605,0.535706,0.292339,0.659085,0.392362,0.250932,1.03100284607949
221,221,"/project/akaring/takeup-data/data/stan_analysis_data/main-core-exponential-cluster-weight-999/exponential-0221/mode-exponential-0221-1.csv","gaussian",-1.08372,-0.0926667,0.137582219183274,0.13758,0.181121,1.9657,-0.127015,-0.405231,-0.0693068,-0.588232,0.374158,0.242485,0.437794,0.793719,0.241622,1.02877655051231
222,222,"/project/akaring/takeup-data/data/stan_analysis_data/main-core-exponential-cluster-weight-999/exponential-0222/mode-exponential-0222-1.csv","gaussian",-1.65615,-0.258714,0.0922216238241305,0.0922079,0.200758,1.76875,-0.371457,-0.392467,0.212074,-0.418657,0.399133,0.213723,0.207421,1.32079,0.234515,1.02713060767606
223,223,"/project/akaring/takeup-data/data/stan_analysis_data/main-core-exponential-cluster-weight-999/exponential-0223/mode-exponential-0223-1.csv","gaussian",-1.08848,-0.360431,0.00681739136948,0.00680845,0.205717,1.61441,-0.485469,-0.29371,-0.346225,-0.391365,0.459906,0.267226,0.638649,0.919106,0.237218,1.02775112723071
224,224,"/project/akaring/takeup-data/data/stan_analysis_data/main-core-exponential-cluster-weight-999/exponential-0224/mode-exponential-0224-1.csv","gaussian",-1.98223,-0.348028,0.004054454812348,0.00403808,0.158462,1.81177,-0.605537,-0.178687,-0.0705448,-0.418827,0.649518,0.13294,0.335313,1.51721,0.225831,1.02518273520431
225,225,"/project/akaring/takeup-data/data/stan_analysis_data/main-core-exponential-cluster-weight-999/exponential-0225/mode-exponential-0225-1.csv","gaussian",-1.37569,-0.330421,-0.0262569492553718,-0.0262661,0.198395,2.05121,-0.407774,-0.507119,-0.677265,-0.576515,0.509572,0.35458,0.852325,1.12882,0.236519,1.02759001423768
226,226,"/project/akaring/takeup-data/data/stan_analysis_data/main-core-exponential-cluster-weight-999/exponential-0226/mode-exponential-0226-1.csv","gaussian",-1.79654,-0.180698,0.0086876549057967,0.00868217,0.144545,1.95119,-0.287497,-0.431477,0.0868086,-0.419085,0.364552,0.158322,0.224043,1.36153,0.235516,1.02735961875869
227,227,"/project/akaring/takeup-data/data/stan_analysis_data/main-core-exponential-cluster-weight-999/exponential-0227/mode-exponential-0227-1.csv","gaussian",-0.862359,-0.44993,-0.138694601957311,-0.138703,0.174296,1.65972,0.613106,0.216079,-0.0462846,-0.482681,0.136239,0.188647,0.525878,0.75162,0.234349,1.02709271918411
228,228,"/project/akaring/takeup-data/data/stan_analysis_data/main-core-exponential-cluster-weight-999/exponential-0228/mode-exponential-0228-1.csv","gaussian",-1.35472,-0.169026,0.12840311283986,0.128396,0.213123,1.3334,0.289523,0.177908,0.0121872,-0.115746,0.188736,-0.0784068,0.371991,1.05083,0.238302,1.02800186926095
229,229,"/project/akaring/takeup-data/data/stan_analysis_data/main-core-exponential-cluster-weight-999/exponential-0229/mode-exponential-0229-1.csv","gaussian",-0.306894,-0.353849,-0.0623008932989353,-0.0623148,0.1648,2.25078,-0.723338,-0.774732,-0.989022,-0.62963,0.538643,0.375867,0.861236,0.322821,0.242987,1.02909799444416
230,230,"/project/akaring/takeup-data/data/stan_analysis_data/main-core-exponential-cluster-weight-999/exponential-0230/mode-exponential-0230-1.csv","gaussian",-0.0556477,-0.161409,0.0997820594213904,0.0997746,0.230844,1.70143,-0.258183,0.15381,-0.00711812,-0.436015,0.428694,0.153924,0.496609,0.0430569,0.252193,1.03131048149866
231,231,"/project/akaring/takeup-data/data/stan_analysis_data/main-core-exponential-cluster-weight-999/exponential-0231/mode-exponential-0231-1.csv","gaussian",-1.053,-0.196101,0.0904178019763996,0.0904082,0.221776,1.67571,-0.0966373,-0.0263032,-0.4198,-0.294549,0.273312,-0.0032492,0.535247,0.857294,0.240731,1.02856765181538
232,232,"/project/akaring/takeup-data/data/stan_analysis_data/main-core-exponential-cluster-weight-999/exponential-0232/mode-exponential-0232-1.csv","gaussian",-1.22946,-0.136922,-0.0118307342196984,-0.0118347,0.241286,1.64623,-0.0908649,-0.579705,-0.119616,-0.347247,0.353642,0.3938,0.577918,1.01375,0.241334,1.02870894793231
233,233,"/project/akaring/takeup-data/data/stan_analysis_data/main-core-exponential-cluster-weight-999/exponential-0233/mode-exponential-0233-1.csv","gaussian",-1.40421,-0.175286,0.11777024650432,0.117762,0.175331,1.04863,0.88374,0.116223,0.187144,-0.149105,0.0250926,0.0828259,0.362083,1.05286,0.239599,1.02830330194987
234,234,"/project/akaring/takeup-data/data/stan_analysis_data/main-core-exponential-cluster-weight-999/exponential-0234/mode-exponential-0234-1.csv","gaussian",-0.451473,-0.111175,0.138685409175412,0.138676,0.213978,1.99729,0.00368846,-0.0514403,-0.828191,-0.510928,0.205126,0.0699168,0.901488,0.333855,0.25466,1.0319165255
235,235,"/project/akaring/takeup-data/data/stan_analysis_data/main-core-exponential-cluster-weight-999/exponential-0235/mode-exponential-0235-1.csv","gaussian",-1.97373,-0.19541,0.227525638313898,0.227513,0.232572,2.05509,-0.350436,-0.546035,-0.500395,-0.494156,0.41139,0.280757,0.597867,1.53024,0.228227,1.02571319750162
236,236,"/project/akaring/takeup-data/data/stan_analysis_data/main-core-exponential-cluster-weight-999/exponential-0236/mode-exponential-0236-1.csv","gaussian",-0.511885,-0.210765,-0.0103054559938763,-0.0103158,0.182136,1.45835,0.662182,0.38398,0.485918,-0.31988,0.219473,-0.124802,0.321139,0.423,0.25478,1.03194614607546
237,237,"/project/akaring/takeup-data/data/stan_analysis_data/main-core-exponential-cluster-weight-999/exponential-0237/mode-exponential-0237-1.csv","gaussian",-1.52416,-0.132226,0.070285926969503,0.07028,0.146436,1.43731,0.229831,0.467172,0.00823392,-0.408715,0.296249,-0.0363633,0.393782,1.14597,0.236631,1.02761579890589
238,238,"/project/akaring/takeup-data/data/stan_analysis_data/main-core-exponential-cluster-weight-999/exponential-0238/mode-exponential-0238-1.csv","gaussian",-0.548799,-0.123642,-0.0055341892538309,-0.00554363,0.172,0.963183,0.551333,0.315321,0.280893,-0.0982891,0.0411315,-0.0639267,0.332869,0.420216,0.253268,1.03157388481097
239,239,"/project/akaring/takeup-data/data/stan_analysis_data/main-core-exponential-cluster-weight-999/exponential-0239/mode-exponential-0239-1.csv","gaussian",-0.935146,-0.200019,0.0680191819977936,0.0680132,0.182067,1.53607,0.185176,-0.148132,0.0889126,-0.351053,0.291546,0.114408,0.33568,0.688892,0.24951,1.03065767357547
240,240,"/project/akaring/takeup-data/data/stan_analysis_data/main-core-exponential-cluster-weight-999/exponential-0240/mode-exponential-0240-1.csv","gaussian",-1.38244,-0.21278,0.106790717023514,0.106783,0.215658,1.82369,-0.65719,-0.473169,-0.445056,-0.402831,0.645226,0.183602,0.468938,1.07373,0.241129,1.02866087445815
241,241,"/project/akaring/takeup-data/data/stan_analysis_data/main-core-exponential-cluster-weight-999/exponential-0241/mode-exponential-0241-1.csv","gaussian",-1.06832,-0.415067,0.0743889974412794,0.0743855,0.263046,1.40491,0.00848509,0.381607,0.189702,-0.39568,0.51208,-0.000223038,0.376242,0.966056,0.236837,1.02766325446082
242,242,"/project/akaring/takeup-data/data/stan_analysis_data/main-core-exponential-cluster-weight-999/exponential-0242/mode-exponential-0242-1.csv","gaussian",-1.60338,-0.257438,0.128626809259387,0.128616,0.170397,2.05326,-0.256847,-0.575002,-0.436277,-0.615925,0.477422,0.35079,0.591997,1.23359,0.23615,1.02750514475598
243,243,"/project/akaring/takeup-data/data/stan_analysis_data/main-core-exponential-cluster-weight-999/exponential-0243/mode-exponential-0243-1.csv","gaussian",-1.44327,-0.228694,0.0396249620461299,0.0396159,0.174398,1.74719,0.0031332,-0.63477,-0.379166,-0.330923,0.209275,0.270156,0.491645,1.12547,0.240298,1.02846639653612
244,244,"/project/akaring/takeup-data/data/stan_analysis_data/main-core-exponential-cluster-weight-999/exponential-0244/mode-exponential-0244-1.csv","gaussian",-0.850704,-0.251947,0.0843323810512595,0.0843215,0.192589,1.7689,-0.212903,-0.080438,0.495544,-0.434854,0.487558,0.116348,0.239844,0.638962,0.24683,1.03001215958842
245,245,"/project/akaring/takeup-data/data/stan_analysis_data/main-core-exponential-cluster-weight-999/exponential-0245/mode-exponential-0245-1.csv","gaussian",-1.00576,0.0248895,0.0562110675962975,0.0562045,0.269034,1.19233,0.432729,0.0633014,0.405613,-0.260873,0.309222,0.161732,0.387488,0.839608,0.24418,1.02938033418169
246,246,"/project/akaring/takeup-data/data/stan_analysis_data/main-core-exponential-cluster-weight-999/exponential-0246/mode-exponential-0246-1.csv","gaussian",-1.297,0.00961295,0.0790831148822568,0.0790716,0.1602,2.0183,-0.791769,-0.501131,-0.358313,-0.635062,0.739565,0.369375,0.752932,0.917653,0.244076,1.02935566923003
247,247,"/project/akaring/takeup-data/data/stan_analysis_data/main-core-exponential-cluster-weight-999/exponential-0247/mode-exponential-0247-1.csv","gaussian",-0.699737,-0.180106,0.125041179688886,0.125034,0.177347,1.41175,0.367888,0.469627,-0.467123,-0.240158,0.1978,-0.252977,0.626115,0.469658,0.248787,1.03048288261814
248,248,"/project/akaring/takeup-data/data/stan_analysis_data/main-core-exponential-cluster-weight-999/exponential-0248/mode-exponential-0248-1.csv","gaussian",-0.653894,-0.283818,-0.0721599244663168,-0.0721696,0.218002,1.04515,0.101208,0.530019,1.0383,-0.200271,0.280629,0.0678973,0.13339,0.631972,0.244438,1.02944156504583
249,249,"/project/akaring/takeup-data/data/stan_analysis_data/main-core-exponential-cluster-weight-999/exponential-0249/mode-exponential-0249-1.csv","gaussian",-1.28343,-0.205862,0.0152897308693264,0.015282,0.151743,2.02503,-0.206068,-0.630036,-0.127525,-0.484837,0.343051,0.27085,0.421988,0.963585,0.240817,1.02858778307396
250,250,"/project/akaring/takeup-data/data/stan_analysis_data/main-core-exponential-cluster-weight-999/exponential-0250/mode-exponential-0250-1.csv","gaussian",-0.400758,-0.147262,0.0932412855718208,0.0932292,0.209135,0.922453,0.844869,0.821995,0.411109,-0.0325841,-0.0811744,-0.441525,0.346442,0.316851,0.243135,1.02913294973244
251,251,"/project/akaring/takeup-data/data/stan_analysis_data/main-core-exponential-cluster-weight-999/exponential-0251/mode-exponential-0251-1.csv","gaussian",-1.24225,-0.394294,-0.0524814817892814,-0.0524889,0.165198,1.32688,0.00254675,0.102582,0.375103,-0.333501,0.395264,0.156792,0.367781,1.03226,0.236606,1.02761004239741
252,252,"/project/akaring/takeup-data/data/stan_analysis_data/main-core-exponential-cluster-weight-999/exponential-0252/mode-exponential-0252-1.csv","gaussian",-1.61498,-0.282813,0.01643335716315,0.016427,0.180621,1.87972,-0.0253561,0.138363,-0.138265,-0.478992,0.466632,0.152812,0.426021,1.19604,0.23157,1.02646220821811
253,253,"/project/akaring/takeup-data/data/stan_analysis_data/main-core-exponential-cluster-weight-999/exponential-0253/mode-exponential-0253-1.csv","gaussian",-1.43655,-0.295157,0.0408192747640746,0.0408083,0.222855,1.43053,0.155196,0.325602,-0.246997,-0.29668,0.292876,-0.0188594,0.637306,1.19153,0.235608,1.02738071310688
254,254,"/project/akaring/takeup-data/data/stan_analysis_data/main-core-exponential-cluster-weight-999/exponential-0254/mode-exponential-0254-1.csv","gaussian",-1.37869,-0.326289,-0.0324790936006246,-0.0324884,0.190122,1.4642,0.262416,0.141003,0.554971,-0.355907,0.394359,0.101982,0.326787,1.12953,0.235317,1.02731401746934
255,255,"/project/akaring/takeup-data/data/stan_analysis_data/main-core-exponential-cluster-weight-999/exponential-0255/mode-exponential-0255-1.csv","gaussian",-0.812664,-0.306,-0.0434498859823075,-0.0434644,0.156673,1.42574,0.462982,0.223459,-0.0618846,-0.289457,0.159388,0.0347824,0.589835,0.635401,0.245469,1.02968686014778
256,256,"/project/akaring/takeup-data/data/stan_analysis_data/main-core-exponential-cluster-weight-999/exponential-0256/mode-exponential-0256-1.csv","gaussian",-0.710464,-0.086665,0.152815319966452,0.152807,0.239391,0.82909,0.895418,0.590865,0.568179,-0.083961,-0.0624729,-0.118647,0.208012,0.575692,0.246579,1.02995203929164
257,257,"/project/akaring/takeup-data/data/stan_analysis_data/main-core-exponential-cluster-weight-999/exponential-0257/mode-exponential-0257-1.csv","gaussian",-0.777489,-0.253342,0.102093237257968,0.102085,0.19553,1.6572,0.0315866,-0.345154,-0.309862,-0.305175,0.287804,0.227174,0.561444,0.569749,0.248841,1.03049592104045
258,258,"/project/akaring/takeup-data/data/stan_analysis_data/main-core-exponential-cluster-weight-999/exponential-0258/mode-exponential-0258-1.csv","gaussian",-1.21611,-0.232667,0.048424652677206,0.048414,0.226628,1.36757,0.616188,0.28232,-0.0117331,-0.247593,0.0319868,0.0380636,0.402588,1.01344,0.24004,1.02840614622823
259,259,"/project/akaring/takeup-data/data/stan_analysis_data/main-core-exponential-cluster-weight-999/exponential-0259/mode-exponential-0259-1.csv","gaussian",-1.21701,-0.256021,-0.0180204601760548,-0.0180265,0.237209,1.50298,0.163533,0.0807857,-0.253183,-0.405031,0.401764,0.220175,0.719484,1.01318,0.23674,1.02764090401268
260,260,"/project/akaring/takeup-data/data/stan_analysis_data/main-core-exponential-cluster-weight-999/exponential-0260/mode-exponential-0260-1.csv","gaussian",-1.35293,-0.240727,0.13425063893812,0.134244,0.213037,1.55137,-0.174677,0.0210411,0.0905585,-0.46715,0.50587,0.218181,0.47433,1.04778,0.237454,1.02780562467618
261,261,"/project/akaring/takeup-data/data/stan_analysis_data/main-core-exponential-cluster-weight-999/exponential-0261/mode-exponential-0261-1.csv","gaussian",-0.67044,-0.334183,-0.01383766998781,-0.0138488,0.160751,1.73729,0.299424,0.00851683,0.102208,-0.570402,0.270842,0.170556,0.542747,0.534917,0.247937,1.03027799936182
262,262,"/project/akaring/takeup-data/data/stan_analysis_data/main-core-exponential-cluster-weight-999/exponential-0262/mode-exponential-0262-1.csv","gaussian",-1.93632,-0.152946,0.248734958621289,0.248724,0.240088,2.12266,-0.724662,-0.913079,-0.897015,-0.524491,0.541186,0.426866,0.699113,1.48787,0.228053,1.02567449554379
263,263,"/project/akaring/takeup-data/data/stan_analysis_data/main-core-exponential-cluster-weight-999/exponential-0263/mode-exponential-0263-1.csv","gaussian",-0.720564,-0.182158,0.063358247404298,0.0633497,0.222168,1.71988,0.723014,-0.132948,-0.286817,-0.50658,0.0629234,0.254681,0.760121,0.613013,0.249531,1.03066275762783
264,264,"/project/akaring/takeup-data/data/stan_analysis_data/main-core-exponential-cluster-weight-999/exponential-0264/mode-exponential-0264-1.csv","gaussian",-1.03162,-0.23151,-0.0937684417646635,-0.0937729,0.179931,0.840234,0.376273,0.892047,0.592697,-0.240604,0.462422,-0.12259,0.313199,0.936881,0.243016,1.02910484220802
265,265,"/project/akaring/takeup-data/data/stan_analysis_data/main-core-exponential-cluster-weight-999/exponential-0265/mode-exponential-0265-1.csv","gaussian",-1.80115,-0.122743,0.092881241473554,0.0928749,0.189799,1.66107,0.0281712,-0.346073,0.0695165,-0.383533,0.48842,0.222462,0.352285,1.34628,0.235311,1.02731264312331
266,266,"/project/akaring/takeup-data/data/stan_analysis_data/main-core-exponential-cluster-weight-999/exponential-0266/mode-exponential-0266-1.csv","gaussian",-1.80932,-0.175706,0.131641853272804,0.131636,0.176099,2.21464,-0.842762,-1.13438,-0.643625,-0.669712,0.773151,0.569952,0.683947,1.40209,0.235302,1.02731058166652
267,267,"/project/akaring/takeup-data/data/stan_analysis_data/main-core-exponential-cluster-weight-999/exponential-0267/mode-exponential-0267-1.csv","gaussian",-1.06933,-0.0977552,0.21844960799383,0.218444,0.194721,2.04663,0.00969472,-0.655647,-0.133177,-0.485798,0.391332,0.189392,0.352634,0.769591,0.241407,1.02872607610044
268,268,"/project/akaring/takeup-data/data/stan_analysis_data/main-core-exponential-cluster-weight-999/exponential-0268/mode-exponential-0268-1.csv","gaussian",-1.30398,-0.275884,0.0250122454736244,0.0249966,0.195235,1.783,0.0494917,-0.0130683,-0.103007,-0.564162,0.472589,0.239584,0.505932,1.08294,0.242262,1.0289270511771
269,269,"/project/akaring/takeup-data/data/stan_analysis_data/main-core-exponential-cluster-weight-999/exponential-0269/mode-exponential-0269-1.csv","gaussian",-1.38972,-0.155048,0.0216332950994597,0.0216199,0.14644,1.16948,-0.0885832,0.141822,0.800204,-0.277363,0.320386,0.0806962,0.374185,1.08667,0.238588,1.02806820481133
270,270,"/project/akaring/takeup-data/data/stan_analysis_data/main-core-exponential-cluster-weight-999/exponential-0270/mode-exponential-0270-1.csv","gaussian",-1.22958,-0.183904,-0.0375687638717478,-0.0375816,0.180226,1.57513,-0.081585,-0.0198156,0.439285,-0.5025,0.55661,0.26713,0.403317,1.01655,0.2408,1.02858380310017
271,271,"/project/akaring/takeup-data/data/stan_analysis_data/main-core-exponential-cluster-weight-999/exponential-0271/mode-exponential-0271-1.csv","gaussian",-1.97152,-0.268604,0.0265041452762554,0.0264963,0.135674,1.49322,-0.0522341,0.379892,0.448421,-0.300469,0.312542,-0.0392175,0.253459,1.49013,0.22938,1.02597036233997
272,272,"/project/akaring/takeup-data/data/stan_analysis_data/main-core-exponential-cluster-weight-999/exponential-0272/mode-exponential-0272-1.csv","gaussian",-1.19065,-0.166014,0.125525245492016,0.125519,0.205835,1.90218,-0.407902,-0.213981,-0.691475,-0.631387,0.661366,0.301739,0.79818,0.927087,0.241792,1.02881649056768
273,273,"/project/akaring/takeup-data/data/stan_analysis_data/main-core-exponential-cluster-weight-999/exponential-0273/mode-exponential-0273-1.csv","gaussian",-1.07291,-0.149669,0.099737546466948,0.0997326,0.225848,1.19476,0.109187,0.0714087,0.324486,-0.21922,0.366148,0.0301179,0.390788,0.881158,0.243265,1.02916367028039
274,274,"/project/akaring/takeup-data/data/stan_analysis_data/main-core-exponential-cluster-weight-999/exponential-0274/mode-exponential-0274-1.csv","gaussian",-2.07574,0.104265,0.144136884563974,0.144121,0.264347,1.62186,-0.441188,-0.220653,-0.452625,-0.386803,0.39059,0.286079,0.636492,1.60976,0.226993,1.02543933123759
275,275,"/project/akaring/takeup-data/data/stan_analysis_data/main-core-exponential-cluster-weight-999/exponential-0275/mode-exponential-0275-1.csv","gaussian",-1.37035,-0.135686,0.057269670626916,0.0572561,0.157329,1.76143,-0.096795,-0.198021,0.164115,-0.439146,0.500404,0.152344,0.399313,1.00982,0.240069,1.02841291549698
276,276,"/project/akaring/takeup-data/data/stan_analysis_data/main-core-exponential-cluster-weight-999/exponential-0276/mode-exponential-0276-1.csv","gaussian",-0.781453,-0.315198,-0.044776405843786,-0.0447816,0.199726,1.61887,0.0619233,-0.148196,0.0998381,-0.50008,0.481269,0.296511,0.634025,0.704112,0.246325,1.02989125912642
277,277,"/project/akaring/takeup-data/data/stan_analysis_data/main-core-exponential-cluster-weight-999/exponential-0277/mode-exponential-0277-1.csv","gaussian",-1.877,-0.264152,-0.0307832499607044,-0.0307961,0.180545,1.45756,-0.31594,-0.131086,0.0149142,-0.359595,0.560445,0.175719,0.375236,1.58407,0.231118,1.02636033142557
278,278,"/project/akaring/takeup-data/data/stan_analysis_data/main-core-exponential-cluster-weight-999/exponential-0278/mode-exponential-0278-1.csv","gaussian",-0.424625,-0.0457202,0.129717312645293,0.129711,0.189878,1.89036,0.359485,-0.738974,-0.112291,-0.561833,0.323551,0.405742,0.637219,0.242563,0.246961,1.03004356001142
279,279,"/project/akaring/takeup-data/data/stan_analysis_data/main-core-exponential-cluster-weight-999/exponential-0279/mode-exponential-0279-1.csv","gaussian",-1.55591,-0.157119,0.096145794631693,0.0961375,0.249303,1.4901,0.0835545,-0.138685,-0.26289,-0.335056,0.308485,0.262531,0.625078,1.25603,0.23889,1.02813833315367
280,280,"/project/akaring/takeup-data/data/stan_analysis_data/main-core-exponential-cluster-weight-999/exponential-0280/mode-exponential-0280-1.csv","gaussian",-1.75306,-0.169053,0.170245060229299,0.17023,0.183808,2.51637,-0.437308,-0.710036,-0.588428,-0.613441,0.356271,0.324678,0.404689,1.25786,0.233302,1.02685433397537
281,281,"/project/akaring/takeup-data/data/stan_analysis_data/main-core-exponential-cluster-weight-999/exponential-0281/mode-exponential-0281-1.csv","gaussian",-1.02474,-0.0739964,0.181349874471561,0.181346,0.183854,1.97669,0.158199,-0.445883,0.345086,-0.458649,0.184023,0.164804,0.302834,0.712456,0.246619,1.02996161635325
282,282,"/project/akaring/takeup-data/data/stan_analysis_data/main-core-exponential-cluster-weight-999/exponential-0282/mode-exponential-0282-1.csv","gaussian",-1.18491,-0.3799,0.0523806437191995,0.0523749,0.193263,1.78352,0.142496,-0.260491,-0.283441,-0.429717,0.18984,0.139272,0.471644,0.986269,0.236447,1.02757344448414
283,283,"/project/akaring/takeup-data/data/stan_analysis_data/main-core-exponential-cluster-weight-999/exponential-0283/mode-exponential-0283-1.csv","gaussian",-0.310312,-0.257483,0.0023924561736432,0.00238,0.220456,1.50346,0.190265,-0.0101208,-0.364872,-0.425109,0.309115,0.0953551,0.79813,0.349573,0.249501,1.0306554948192
284,284,"/project/akaring/takeup-data/data/stan_analysis_data/main-core-exponential-cluster-weight-999/exponential-0284/mode-exponential-0284-1.csv","gaussian",-1.8293,-0.303157,0.209661395157061,0.209649,0.200518,1.87974,-0.326545,-0.615283,0.631069,-0.468849,0.533168,0.363507,0.0862569,1.38086,0.230851,1.02630024076827
285,285,"/project/akaring/takeup-data/data/stan_analysis_data/main-core-exponential-cluster-weight-999/exponential-0285/mode-exponential-0285-1.csv","gaussian",-1.19737,-0.299772,-0.004803843050394,-0.0048206,0.198724,1.96274,-0.679868,-0.735345,-0.446333,-0.649808,0.770446,0.545012,0.670667,1.03567,0.240373,1.02848392264002
286,286,"/project/akaring/takeup-data/data/stan_analysis_data/main-core-exponential-cluster-weight-999/exponential-0286/mode-exponential-0286-1.csv","gaussian",-0.808902,-0.317868,-0.100556347367578,-0.100562,0.163954,1.33299,0.106247,0.214103,0.469984,-0.273258,0.269386,-0.00590157,0.271765,0.687363,0.248155,1.03033048291555
287,287,"/project/akaring/takeup-data/data/stan_analysis_data/main-core-exponential-cluster-weight-999/exponential-0287/mode-exponential-0287-1.csv","gaussian",-1.74137,-0.215732,0.0434607797417792,0.0434479,0.230466,1.48311,0.133051,-0.117976,-0.119529,-0.319638,0.30344,0.231818,0.523044,1.42014,0.232879,1.0267583107241
288,288,"/project/akaring/takeup-data/data/stan_analysis_data/main-core-exponential-cluster-weight-999/exponential-0288/mode-exponential-0288-1.csv","gaussian",-1.02243,-0.110618,0.135529272875479,0.135515,0.254431,1.35608,0.251735,0.282305,-0.517077,-0.221977,0.221198,-0.100922,0.706454,0.805411,0.243763,1.02928149704976
289,289,"/project/akaring/takeup-data/data/stan_analysis_data/main-core-exponential-cluster-weight-999/exponential-0289/mode-exponential-0289-1.csv","gaussian",-0.746944,-0.223115,0.0635778868952041,0.0635723,0.225801,1.67618,0.531671,0.104582,-0.0726632,-0.277878,0.00261153,-0.0627708,0.38135,0.583318,0.248765,1.03047757143229
290,290,"/project/akaring/takeup-data/data/stan_analysis_data/main-core-exponential-cluster-weight-999/exponential-0290/mode-exponential-0290-1.csv","gaussian",-0.752976,-0.359849,-0.0783970679199244,-0.0784065,0.12575,1.47604,0.387689,0.302939,0.0977054,-0.439677,0.438446,-0.101777,0.478632,0.63397,0.248676,1.03045608978549
291,291,"/project/akaring/takeup-data/data/stan_analysis_data/main-core-exponential-cluster-weight-999/exponential-0291/mode-exponential-0291-1.csv","gaussian",-1.55465,-0.142087,0.13585188818223,0.135841,0.1519,2.0442,-0.178452,-0.339014,-0.396924,-0.635023,0.47375,0.241062,0.760211,1.09358,0.232068,1.0265746717234
292,292,"/project/akaring/takeup-data/data/stan_analysis_data/main-core-exponential-cluster-weight-999/exponential-0292/mode-exponential-0292-1.csv","gaussian",-1.03323,-0.157428,0.136617396517084,0.136607,0.158525,1.88041,-0.251019,0.217827,0.153305,-0.387974,0.372889,-0.16314,0.20851,0.732944,0.248238,1.03035047660687
293,293,"/project/akaring/takeup-data/data/stan_analysis_data/main-core-exponential-cluster-weight-999/exponential-0293/mode-exponential-0293-1.csv","gaussian",-1.05878,-0.349314,-0.0475407167076674,-0.0475456,0.175713,1.17427,0.395744,0.0585552,-0.00198704,-0.0897455,0.105299,-0.0120778,0.544294,0.928044,0.23601,1.02747297779552
294,294,"/project/akaring/takeup-data/data/stan_analysis_data/main-core-exponential-cluster-weight-999/exponential-0294/mode-exponential-0294-1.csv","gaussian",-1.31007,-0.183703,-0.029429041863512,-0.029437,0.185929,1.90565,-0.127954,0.0579833,-0.217154,-0.524022,0.444924,0.154112,0.453082,1.04424,0.237881,1.0279043584697
295,295,"/project/akaring/takeup-data/data/stan_analysis_data/main-core-exponential-cluster-weight-999/exponential-0295/mode-exponential-0295-1.csv","gaussian",-1.2214,-0.227801,0.142733024282426,0.142729,0.26459,1.88255,-0.463107,-0.371104,-0.0187983,-0.376973,0.351087,0.186092,0.379955,0.935066,0.238371,1.02801786640165
296,296,"/project/akaring/takeup-data/data/stan_analysis_data/main-core-exponential-cluster-weight-999/exponential-0296/mode-exponential-0296-1.csv","gaussian",-0.896514,-0.331718,-0.0849643043381226,-0.0849766,0.184353,1.52513,0.342646,0.117081,-0.467269,-0.363939,0.300475,0.0547161,0.756177,0.758292,0.24317,1.02914121912398
297,297,"/project/akaring/takeup-data/data/stan_analysis_data/main-core-exponential-cluster-weight-999/exponential-0297/mode-exponential-0297-1.csv","gaussian",-1.23751,-0.117658,0.113902056340466,0.113893,0.214456,2.22614,-0.541363,-0.871033,-0.536012,-0.668799,0.586207,0.517675,0.738041,0.944232,0.242009,1.02886751143235
298,298,"/project/akaring/takeup-data/data/stan_analysis_data/main-core-exponential-cluster-weight-999/exponential-0298/mode-exponential-0298-1.csv","gaussian",-1.06961,-0.427576,-0.155159327236541,-0.155169,0.116506,1.08294,0.368789,0.958022,0.352128,-0.225034,0.192697,-0.295365,0.443136,0.910953,0.23691,1.02768008061848
299,299,"/project/akaring/takeup-data/data/stan_analysis_data/main-core-exponential-cluster-weight-999/exponential-0299/mode-exponential-0299-1.csv","gaussian",-1.88122,-0.130569,0.135024123634255,0.135014,0.218527,2.05792,-0.324582,-0.27827,-0.674047,-0.509224,0.393927,0.195826,0.648284,1.43047,0.229092,1.02590601151567
300,300,"/project/akaring/takeup-data/data/stan_analysis_data/main-core-exponential-cluster-weight-999/exponential-0300/mode-exponential-0300-1.csv","gaussian",-1.39037,-0.253454,0.0187770895194069,0.0187679,0.188609,1.36148,0.427248,0.21781,0.477296,-0.232755,0.100551,0.0170796,0.141714,1.10756,0.236554,1.02759807070469
301,301,"/project/akaring/takeup-data/data/stan_analysis_data/main-core-exponential-cluster-weight-999/exponential-0301/mode-exponential-0301-1.csv","gaussian",-0.889414,-0.326373,-0.130426147168137,-0.130433,0.190052,1.30523,0.0892354,0.226659,0.104275,-0.296281,0.348212,0.0998661,0.405731,0.820011,0.24133,1.02870800954401
302,302,"/project/akaring/takeup-data/data/stan_analysis_data/main-core-exponential-cluster-weight-999/exponential-0302/mode-exponential-0302-1.csv","gaussian",-1.26054,-0.286933,0.0004931487511708,0.000485572,0.152623,1.34021,0.596865,0.271826,0.195998,-0.279353,0.269394,-0.0333298,0.451321,0.977645,0.239379,1.02825206328069
303,303,"/project/akaring/takeup-data/data/stan_analysis_data/main-core-exponential-cluster-weight-999/exponential-0303/mode-exponential-0303-1.csv","gaussian",-0.755455,-0.0523713,0.150611893560326,0.150602,0.180491,1.99521,-0.44154,-0.926405,0.197556,-0.63061,0.641356,0.587283,0.50167,0.518286,0.247111,1.03007953397832
304,304,"/project/akaring/takeup-data/data/stan_analysis_data/main-core-exponential-cluster-weight-999/exponential-0304/mode-exponential-0304-1.csv","gaussian",-0.893537,-0.216267,0.0164588864460162,0.0164508,0.197322,1.1471,0.321929,0.23781,0.413315,-0.137011,0.209848,0.0265529,0.223543,0.71445,0.247168,1.03009320948349
305,305,"/project/akaring/takeup-data/data/stan_analysis_data/main-core-exponential-cluster-weight-999/exponential-0305/mode-exponential-0305-1.csv","gaussian",-0.227538,-0.204503,-0.046867855302802,-0.0468757,0.174443,1.49255,-0.364816,-0.332029,-0.243128,-0.357314,0.432281,0.202504,0.626224,0.164502,0.258438,1.03285536249951
306,306,"/project/akaring/takeup-data/data/stan_analysis_data/main-core-exponential-cluster-weight-999/exponential-0306/mode-exponential-0306-1.csv","gaussian",-0.931229,0.108848,0.204994537726152,0.204983,0.195881,1.68272,0.00315541,0.0748787,0.184485,-0.284554,0.178905,-0.106249,0.347733,0.590245,0.241405,1.02872560677034
307,307,"/project/akaring/takeup-data/data/stan_analysis_data/main-core-exponential-cluster-weight-999/exponential-0307/mode-exponential-0307-1.csv","gaussian",-0.673322,-0.149245,0.129632010628398,0.129623,0.239491,2.12921,-0.36035,-0.484163,-0.492481,-0.555929,0.434927,0.17632,0.636251,0.56233,0.246844,1.03001551460937
308,308,"/project/akaring/takeup-data/data/stan_analysis_data/main-core-exponential-cluster-weight-999/exponential-0308/mode-exponential-0308-1.csv","gaussian",-0.62754,-0.293149,0.020699181305921,0.0206918,0.213317,2.31221,-0.148012,-0.306847,-0.507875,-0.714264,0.326498,0.303116,0.654264,0.555183,0.245023,1.02958062847404
309,309,"/project/akaring/takeup-data/data/stan_analysis_data/main-core-exponential-cluster-weight-999/exponential-0309/mode-exponential-0309-1.csv","gaussian",-0.620302,-0.271633,0.0166183646958636,0.016602,0.196176,1.54638,-0.285669,-0.190266,0.254607,-0.298728,0.396479,0.144089,0.477719,0.490247,0.248341,1.03037529681228
310,310,"/project/akaring/takeup-data/data/stan_analysis_data/main-core-exponential-cluster-weight-999/exponential-0310/mode-exponential-0310-1.csv","gaussian",-2.06828,-0.242638,0.132538392199021,0.132533,0.127278,2.25891,-0.541082,-0.496091,-0.651321,-0.689258,0.554236,0.304665,0.664125,1.48732,0.2312,1.02637879946928
311,311,"/project/akaring/takeup-data/data/stan_analysis_data/main-core-exponential-cluster-weight-999/exponential-0311/mode-exponential-0311-1.csv","gaussian",-1.20432,-0.374343,-0.125154113392553,-0.125157,0.195748,1.34429,0.236381,-0.0379734,0.184158,-0.410051,0.519367,0.275523,0.625024,1.07394,0.235384,1.02732936658892
312,312,"/project/akaring/takeup-data/data/stan_analysis_data/main-core-exponential-cluster-weight-999/exponential-0312/mode-exponential-0312-1.csv","gaussian",-0.919373,-0.0900013,0.0572792557082368,0.0572668,0.179368,2.05933,-0.357127,-0.729694,-0.860347,-0.497418,0.364989,0.241131,0.875372,0.670674,0.248489,1.03041097777586
313,313,"/project/akaring/takeup-data/data/stan_analysis_data/main-core-exponential-cluster-weight-999/exponential-0313/mode-exponential-0313-1.csv","gaussian",-2.36614,-0.269546,0.079220979367066,0.0792121,0.22903,1.57173,-0.379579,-0.119414,0.0861118,-0.373061,0.480819,0.198689,0.417601,1.9175,0.219086,1.02371806440836
314,314,"/project/akaring/takeup-data/data/stan_analysis_data/main-core-exponential-cluster-weight-999/exponential-0314/mode-exponential-0314-1.csv","gaussian",-1.06837,-0.262959,0.118734104150847,0.118732,0.213181,1.46607,-0.0108459,-0.133633,0.28473,-0.450739,0.462788,0.257492,0.322181,0.85548,0.240113,1.02842318758816
315,315,"/project/akaring/takeup-data/data/stan_analysis_data/main-core-exponential-cluster-weight-999/exponential-0315/mode-exponential-0315-1.csv","gaussian",-0.950193,-0.263326,0.0499530953569475,0.0499438,0.193812,1.24045,0.268285,0.124871,0.22884,-0.301928,0.267069,0.119101,0.632236,0.729621,0.244996,1.0295742032588
316,316,"/project/akaring/takeup-data/data/stan_analysis_data/main-core-exponential-cluster-weight-999/exponential-0316/mode-exponential-0316-1.csv","gaussian",-1.73617,-0.335594,-0.087295265270907,-0.0873004,0.169993,1.50124,-0.0796376,-0.000784508,-0.0565065,-0.414697,0.57038,0.201026,0.640027,1.43581,0.229347,1.02596298491174
317,317,"/project/akaring/takeup-data/data/stan_analysis_data/main-core-exponential-cluster-weight-999/exponential-0317/mode-exponential-0317-1.csv","gaussian",-2.01041,-0.395108,-0.0297479246475314,-0.0297569,0.295636,1.08653,0.350282,0.487131,0.255524,-0.174482,0.30083,0.0372199,0.475688,1.79466,0.22087,1.02410134112792
318,318,"/project/akaring/takeup-data/data/stan_analysis_data/main-core-exponential-cluster-weight-999/exponential-0318/mode-exponential-0318-1.csv","gaussian",-0.15781,-0.164478,0.132706560701475,0.132701,0.2274,1.474,0.0641253,0.454881,0.010575,-0.272154,0.279059,-0.125037,0.438633,0.0821577,0.248209,1.03034349014346
319,319,"/project/akaring/takeup-data/data/stan_analysis_data/main-core-exponential-cluster-weight-999/exponential-0319/mode-exponential-0319-1.csv","gaussian",-1.95888,-0.263308,0.073268452887284,0.0732587,0.180086,1.36444,-0.22671,0.320393,-0.0528493,-0.231917,0.462385,-0.0263733,0.510366,1.51716,0.228171,1.02570073863725
320,320,"/project/akaring/takeup-data/data/stan_analysis_data/main-core-exponential-cluster-weight-999/exponential-0320/mode-exponential-0320-1.csv","gaussian",-1.27845,-0.0792621,0.154913518705613,0.154902,0.174506,2.01971,-0.257853,-0.139793,-0.241966,-0.53892,0.457911,0.172485,0.655067,0.857323,0.242129,1.02889574430114
321,321,"/project/akaring/takeup-data/data/stan_analysis_data/main-core-exponential-cluster-weight-999/exponential-0321/mode-exponential-0321-1.csv","gaussian",-0.808729,-0.216075,-0.007184057356968,-0.00719457,0.232495,1.93285,-0.315302,-0.371395,-0.338456,-0.493821,0.49483,0.32517,0.623097,0.669159,0.245853,1.02977847016191
322,322,"/project/akaring/takeup-data/data/stan_analysis_data/main-core-exponential-cluster-weight-999/exponential-0322/mode-exponential-0322-1.csv","gaussian",-0.977267,-0.412799,-0.0408719020387947,-0.0408852,0.20301,1.44092,0.166537,-0.12376,0.470212,-0.34488,0.407722,0.198987,0.320117,0.890321,0.237083,1.02771997591221
323,323,"/project/akaring/takeup-data/data/stan_analysis_data/main-core-exponential-cluster-weight-999/exponential-0323/mode-exponential-0323-1.csv","gaussian",-1.53492,-0.216489,0.025461697108929,0.0254545,0.158972,1.42672,-0.0217282,-0.321131,0.165934,-0.341787,0.277456,0.270768,0.428054,1.19249,0.237052,1.02771282501679
324,324,"/project/akaring/takeup-data/data/stan_analysis_data/main-core-exponential-cluster-weight-999/exponential-0324/mode-exponential-0324-1.csv","gaussian",-1.08682,-0.0199773,0.0609284391854124,0.0609133,0.173401,1.76722,-0.182533,-0.352306,0.127239,-0.490234,0.512937,0.393496,0.49248,0.800408,0.24819,1.03033891322225
325,325,"/project/akaring/takeup-data/data/stan_analysis_data/main-core-exponential-cluster-weight-999/exponential-0325/mode-exponential-0325-1.csv","gaussian",-1.89392,-0.204886,-0.0864586900221225,-0.0864664,0.144993,1.65481,0.341638,0.515801,0.256878,-0.374192,0.187195,-0.108056,0.263316,1.48188,0.23089,1.02630901394268
326,326,"/project/akaring/takeup-data/data/stan_analysis_data/main-core-exponential-cluster-weight-999/exponential-0326/mode-exponential-0326-1.csv","gaussian",-1.05062,-0.0553639,0.115910019272671,0.115893,0.228175,1.49318,0.0317278,0.132434,0.510257,-0.234072,0.102331,-0.0134605,0.184379,0.804925,0.244565,1.02947172823007
327,327,"/project/akaring/takeup-data/data/stan_analysis_data/main-core-exponential-cluster-weight-999/exponential-0327/mode-exponential-0327-1.csv","gaussian",-1.23578,-0.120547,0.0345706721835621,0.0345611,0.208527,1.34911,-0.129057,-0.0304675,0.0584055,-0.27756,0.391432,0.107602,0.708972,0.959862,0.246153,1.02985013444141
328,328,"/project/akaring/takeup-data/data/stan_analysis_data/main-core-exponential-cluster-weight-999/exponential-0328/mode-exponential-0328-1.csv","gaussian",-1.55943,-0.145626,0.154553759214616,0.154546,0.181978,2.02675,-0.435087,-0.471446,-0.313638,-0.649395,0.61278,0.306442,0.659242,1.19621,0.237407,1.02779476728041
329,329,"/project/akaring/takeup-data/data/stan_analysis_data/main-core-exponential-cluster-weight-999/exponential-0329/mode-exponential-0329-1.csv","gaussian",-1.47441,-0.39069,0.0089511049526627,0.00894382,0.186258,1.9822,0.126985,-0.267651,-0.350301,-0.519842,0.353994,0.277748,0.635645,1.19717,0.236117,1.02749756091633
330,330,"/project/akaring/takeup-data/data/stan_analysis_data/main-core-exponential-cluster-weight-999/exponential-0330/mode-exponential-0330-1.csv","gaussian",-1.62973,-0.112095,0.094594879739426,0.0945827,0.147287,1.51027,-0.0218397,-0.0206429,-0.0761472,-0.301816,0.394133,0.00193914,0.5534,1.18348,0.236414,1.02756585161049
331,331,"/project/akaring/takeup-data/data/stan_analysis_data/main-core-exponential-cluster-weight-999/exponential-0331/mode-exponential-0331-1.csv","gaussian",-1.73968,-0.235423,-0.129499233782936,-0.129512,0.122031,1.47999,0.0550936,0.173827,0.371108,-0.364142,0.320384,0.196675,0.395917,1.35242,0.233606,1.02692344565503
332,332,"/project/akaring/takeup-data/data/stan_analysis_data/main-core-exponential-cluster-weight-999/exponential-0332/mode-exponential-0332-1.csv","gaussian",-1.25789,-0.125348,0.0545123314534539,0.0545079,0.179952,1.5603,-0.170847,-0.712814,-0.185658,-0.295743,0.217136,0.33677,0.451122,0.976386,0.243195,1.0291471265203
333,333,"/project/akaring/takeup-data/data/stan_analysis_data/main-core-exponential-cluster-weight-999/exponential-0333/mode-exponential-0333-1.csv","gaussian",-1.19049,-0.180767,0.026678801086096,0.026674,0.164511,1.50858,-0.0713306,0.71519,-0.0840935,-0.435038,0.490933,0.0122323,0.561807,0.911286,0.243522,1.0292244480598
334,334,"/project/akaring/takeup-data/data/stan_analysis_data/main-core-exponential-cluster-weight-999/exponential-0334/mode-exponential-0334-1.csv","gaussian",-1.03294,-0.219939,0.154970220961444,0.154964,0.148209,1.84679,-0.01423,-0.108191,-0.170832,-0.599393,0.55661,0.185779,0.606107,0.741926,0.241744,1.02880521068665
335,335,"/project/akaring/takeup-data/data/stan_analysis_data/main-core-exponential-cluster-weight-999/exponential-0335/mode-exponential-0335-1.csv","gaussian",-0.120959,-0.0851377,0.184857206393399,0.184852,0.233423,1.79088,0.0102404,-0.217779,-0.0488267,-0.502683,0.415618,0.26535,0.564153,0.0591063,0.248649,1.03044957431259
336,336,"/project/akaring/takeup-data/data/stan_analysis_data/main-core-exponential-cluster-weight-999/exponential-0336/mode-exponential-0336-1.csv","gaussian",-1.26075,-0.0685368,0.179187084904068,0.179181,0.228579,1.9397,0.0907421,-1.08444,-0.517775,-0.397465,0.150618,0.405307,0.513306,0.920146,0.242535,1.02899136353276
337,337,"/project/akaring/takeup-data/data/stan_analysis_data/main-core-exponential-cluster-weight-999/exponential-0337/mode-exponential-0337-1.csv","gaussian",-2.00292,-0.157732,0.0416955083870732,0.041688,0.26261,1.79524,-0.1705,-0.381919,0.337512,-0.391054,0.369911,0.278143,0.265039,1.62612,0.225197,1.02504326192069
338,338,"/project/akaring/takeup-data/data/stan_analysis_data/main-core-exponential-cluster-weight-999/exponential-0338/mode-exponential-0338-1.csv","gaussian",-1.59561,-0.250104,0.0167188617782456,0.0167144,0.158467,1.69792,0.118004,-0.315832,-0.445024,-0.340091,0.237791,0.166288,0.629612,1.23751,0.235716,1.02740548599664
339,339,"/project/akaring/takeup-data/data/stan_analysis_data/main-core-exponential-cluster-weight-999/exponential-0339/mode-exponential-0339-1.csv","gaussian",-1.44622,-0.204905,-0.033794250878919,-0.0338033,0.163243,1.75208,0.222943,-0.702984,-0.290469,-0.45816,0.301266,0.380584,0.568067,1.12074,0.238878,1.02813554499589
340,340,"/project/akaring/takeup-data/data/stan_analysis_data/main-core-exponential-cluster-weight-999/exponential-0340/mode-exponential-0340-1.csv","gaussian",-1.33925,-0.191816,0.0954679614120096,0.0954602,0.201024,1.64993,-0.134104,-0.271594,-0.0474321,-0.431569,0.483072,0.292319,0.543345,0.988538,0.24019,1.02844116803053
341,341,"/project/akaring/takeup-data/data/stan_analysis_data/main-core-exponential-cluster-weight-999/exponential-0341/mode-exponential-0341-1.csv","gaussian",-1.17838,-0.33144,0.00762253038939742,0.00761831,0.203856,1.55021,0.342777,0.3406,0.0615348,-0.431432,0.35652,0.136814,0.483363,0.954099,0.238398,1.02802412734527
342,342,"/project/akaring/takeup-data/data/stan_analysis_data/main-core-exponential-cluster-weight-999/exponential-0342/mode-exponential-0342-1.csv","gaussian",-0.673235,-0.0737413,0.144951417486442,0.144942,0.171862,1.73071,-0.296974,0.124561,0.284129,-0.366421,0.31594,-0.105939,0.270955,0.427559,0.250566,1.03091382780327
343,343,"/project/akaring/takeup-data/data/stan_analysis_data/main-core-exponential-cluster-weight-999/exponential-0343/mode-exponential-0343-1.csv","gaussian",-1.80492,0.0617527,0.17290571403684,0.172901,0.234642,2.26267,-0.945699,-1.05353,-0.493266,-0.625703,0.653321,0.493792,0.700288,1.37197,0.227893,1.02563893229976
344,344,"/project/akaring/takeup-data/data/stan_analysis_data/main-core-exponential-cluster-weight-999/exponential-0344/mode-exponential-0344-1.csv","gaussian",-0.859049,-0.0903762,0.0934784255783985,0.0934737,0.21288,1.87187,-0.147727,-0.533755,-0.164392,-0.47032,0.280916,0.326222,0.537184,0.659688,0.253655,1.03166896775322
345,345,"/project/akaring/takeup-data/data/stan_analysis_data/main-core-exponential-cluster-weight-999/exponential-0345/mode-exponential-0345-1.csv","gaussian",-1.61723,-0.251862,0.0015404360119714,0.00152687,0.133282,1.91618,-0.356519,-0.524247,-0.385593,-0.6209,0.681805,0.393503,0.644389,1.19748,0.234521,1.02713197761583
346,346,"/project/akaring/takeup-data/data/stan_analysis_data/main-core-exponential-cluster-weight-999/exponential-0346/mode-exponential-0346-1.csv","gaussian",-1.3579,-0.20583,0.0137531278822521,0.0137445,0.166942,1.72496,-0.290611,-0.483387,-0.0929481,-0.429953,0.335263,0.337709,0.479394,1.00518,0.237404,1.02779407432423
347,347,"/project/akaring/takeup-data/data/stan_analysis_data/main-core-exponential-cluster-weight-999/exponential-0347/mode-exponential-0347-1.csv","gaussian",-0.596585,-0.219241,0.0107182274898222,0.010713,0.166646,1.54826,-0.0940757,0.0456202,-0.0881979,-0.415674,0.534085,0.124798,0.50812,0.430717,0.25483,1.03195849184936
348,348,"/project/akaring/takeup-data/data/stan_analysis_data/main-core-exponential-cluster-weight-999/exponential-0348/mode-exponential-0348-1.csv","gaussian",-1.35415,-0.435067,0.0356279042637411,0.0356216,0.192461,1.28242,0.486915,-0.244102,0.685377,-0.250927,0.166847,0.148001,0.125301,1.12542,0.235103,1.02726501965608
349,349,"/project/akaring/takeup-data/data/stan_analysis_data/main-core-exponential-cluster-weight-999/exponential-0349/mode-exponential-0349-1.csv","gaussian",-0.899396,-0.12361,0.105047936522439,0.105043,0.166856,1.74436,-0.104773,0.223971,0.316135,-0.378603,0.287882,-0.0754048,0.234408,0.584224,0.248928,1.03051693299237
350,350,"/project/akaring/takeup-data/data/stan_analysis_data/main-core-exponential-cluster-weight-999/exponential-0350/mode-exponential-0350-1.csv","gaussian",-1.4101,-0.133659,0.125062404361625,0.125055,0.216124,1.94344,-0.648564,-0.611526,-0.520913,-0.501605,0.704592,0.32622,0.804423,1.12287,0.238108,1.02795691527612
351,351,"/project/akaring/takeup-data/data/stan_analysis_data/main-core-exponential-cluster-weight-999/exponential-0351/mode-exponential-0351-1.csv","gaussian",-1.41344,-0.0764005,0.0863369099065504,0.0863309,0.16523,1.83021,0.144982,-0.179159,-0.0898098,-0.461367,0.319701,0.1919,0.449588,1.02274,0.239474,1.02827418360863
352,352,"/project/akaring/takeup-data/data/stan_analysis_data/main-core-exponential-cluster-weight-999/exponential-0352/mode-exponential-0352-1.csv","gaussian",-1.89268,-0.275845,0.11995728637617,0.119945,0.157437,1.49459,0.450493,-0.16726,-0.12677,-0.313437,0.0362881,0.12187,0.368737,1.46216,0.23038,1.02619439893229
353,353,"/project/akaring/takeup-data/data/stan_analysis_data/main-core-exponential-cluster-weight-999/exponential-0353/mode-exponential-0353-1.csv","gaussian",-1.41604,-0.183121,0.0434226296545507,0.0434154,0.207431,1.33687,0.198053,0.00253369,0.142347,-0.237275,0.295279,0.0326226,0.464295,1.12164,0.239085,1.02818365928709
354,354,"/project/akaring/takeup-data/data/stan_analysis_data/main-core-exponential-cluster-weight-999/exponential-0354/mode-exponential-0354-1.csv","gaussian",-2.26614,-0.358783,-0.0570361629053114,-0.0570491,0.227487,1.14453,0.179862,0.0423796,0.187769,-0.204672,0.210226,0.106831,0.380694,1.90283,0.220714,1.02406770762289
355,355,"/project/akaring/takeup-data/data/stan_analysis_data/main-core-exponential-cluster-weight-999/exponential-0355/mode-exponential-0355-1.csv","gaussian",-0.856543,-0.354299,0.125552267431164,0.125545,0.269814,1.79545,-0.124484,-0.573599,-0.357769,-0.484477,0.439324,0.268617,0.635038,0.735742,0.245665,1.02973360255214
356,356,"/project/akaring/takeup-data/data/stan_analysis_data/main-core-exponential-cluster-weight-999/exponential-0356/mode-exponential-0356-1.csv","gaussian",-2.01121,-0.227211,0.134432696839616,0.134423,0.28585,1.3914,0.286584,0.30378,0.356835,-0.203013,0.169494,-0.0480444,0.327496,1.60975,0.223689,1.02471301773765
357,357,"/project/akaring/takeup-data/data/stan_analysis_data/main-core-exponential-cluster-weight-999/exponential-0357/mode-exponential-0357-1.csv","gaussian",-0.992526,-0.0849216,0.147329160891784,0.147314,0.197175,1.51917,0.0663641,-0.204561,0.368784,-0.209761,0.125374,0.00360511,0.0393665,0.763186,0.249394,1.0306295974966
358,358,"/project/akaring/takeup-data/data/stan_analysis_data/main-core-exponential-cluster-weight-999/exponential-0358/mode-exponential-0358-1.csv","gaussian",-1.75135,-0.192064,0.0270828899664436,0.0270733,0.114158,2.1266,-0.202136,-0.669618,-0.0757394,-0.63318,0.492518,0.390725,0.420106,1.2788,0.234071,1.02702932433354
359,359,"/project/akaring/takeup-data/data/stan_analysis_data/main-core-exponential-cluster-weight-999/exponential-0359/mode-exponential-0359-1.csv","gaussian",-1.03582,-0.310346,0.0199896387731456,0.019985,0.191616,1.38835,0.300657,0.0981238,0.130137,-0.274659,0.193715,0.0639716,0.457102,0.8368,0.239845,1.02836064881198
360,360,"/project/akaring/takeup-data/data/stan_analysis_data/main-core-exponential-cluster-weight-999/exponential-0360/mode-exponential-0360-1.csv","gaussian",-1.24806,-0.351453,-0.0339595005582348,-0.0339747,0.143706,1.44207,0.0361374,-0.0623308,0.215158,-0.424092,0.339906,0.203681,0.553999,0.986067,0.239057,1.02817714876815
361,361,"/project/akaring/takeup-data/data/stan_analysis_data/main-core-exponential-cluster-weight-999/exponential-0361/mode-exponential-0361-1.csv","gaussian",-0.967616,-0.252816,0.027550202725965,0.027545,0.238876,1.83141,-0.478551,-0.264426,0.0317426,-0.397036,0.420964,0.229236,0.400046,0.801553,0.241466,1.02873992299123
362,362,"/project/akaring/takeup-data/data/stan_analysis_data/main-core-exponential-cluster-weight-999/exponential-0362/mode-exponential-0362-1.csv","gaussian",-1.81691,-0.292165,0.107470985067201,0.107468,0.175514,1.89671,-0.541034,-0.626833,-0.302361,-0.490391,0.464362,0.303949,0.520724,1.40954,0.228499,1.02577375332039
363,363,"/project/akaring/takeup-data/data/stan_analysis_data/main-core-exponential-cluster-weight-999/exponential-0363/mode-exponential-0363-1.csv","gaussian",-1.65792,-0.153473,-0.033660285396464,-0.0336686,0.219862,1.58854,-0.601152,0.132886,0.722868,-0.421145,0.583221,0.255998,0.172293,1.3318,0.237376,1.02778760713291
364,364,"/project/akaring/takeup-data/data/stan_analysis_data/main-core-exponential-cluster-weight-999/exponential-0364/mode-exponential-0364-1.csv","gaussian",-0.640986,-0.271836,0.125212272222838,0.125201,0.19462,1.56229,0.28352,-0.179845,0.390198,-0.340745,0.188888,0.180194,0.320908,0.444299,0.245763,1.02975698694838
365,365,"/project/akaring/takeup-data/data/stan_analysis_data/main-core-exponential-cluster-weight-999/exponential-0365/mode-exponential-0365-1.csv","gaussian",-2.03927,-0.150818,0.169440618952997,0.169432,0.173821,2.32682,-0.486563,-0.860549,-0.627551,-0.702959,0.426147,0.52125,0.727719,1.51649,0.226405,1.02530933089727
366,366,"/project/akaring/takeup-data/data/stan_analysis_data/main-core-exponential-cluster-weight-999/exponential-0366/mode-exponential-0366-1.csv","gaussian",-0.967419,-0.234254,0.0698718669619045,0.0698649,0.148807,1.38298,-0.136103,-0.227471,0.406134,-0.320787,0.377345,0.15856,0.361281,0.665869,0.244406,1.02943396720528
367,367,"/project/akaring/takeup-data/data/stan_analysis_data/main-core-exponential-cluster-weight-999/exponential-0367/mode-exponential-0367-1.csv","gaussian",-0.578102,-0.241834,-0.073786700831663,-0.0737954,0.148666,2.00249,0.545292,-0.445614,-0.3663,-0.532077,0.118677,0.248746,0.566306,0.417394,0.247574,1.03019070345058
368,368,"/project/akaring/takeup-data/data/stan_analysis_data/main-core-exponential-cluster-weight-999/exponential-0368/mode-exponential-0368-1.csv","gaussian",-0.621222,-0.241488,0.0374663979504045,0.037452,0.21895,1.53675,-0.298116,0.379922,-0.0438982,-0.336884,0.381832,-0.103857,0.47722,0.546695,0.245925,1.02979566207331
369,369,"/project/akaring/takeup-data/data/stan_analysis_data/main-core-exponential-cluster-weight-999/exponential-0369/mode-exponential-0369-1.csv","gaussian",-1.88687,-0.254884,0.0404864492384046,0.0404721,0.123564,1.79755,-0.129679,-0.0876947,-0.108712,-0.544473,0.38781,0.175361,0.497181,1.45087,0.230021,1.02611386329247
370,370,"/project/akaring/takeup-data/data/stan_analysis_data/main-core-exponential-cluster-weight-999/exponential-0370/mode-exponential-0370-1.csv","gaussian",-1.68479,-0.0468515,0.19060542280661,0.190599,0.13754,2.16114,-0.685063,-0.65536,-0.484605,-0.580258,0.5807,0.281167,0.519262,1.16498,0.233761,1.02695871636644
371,371,"/project/akaring/takeup-data/data/stan_analysis_data/main-core-exponential-cluster-weight-999/exponential-0371/mode-exponential-0371-1.csv","gaussian",-1.29148,-0.110898,0.139305969746432,0.139301,0.196131,1.95406,-0.216683,-0.258363,-0.435723,-0.445405,0.357317,0.122145,0.566691,0.946426,0.240476,1.0285080002489
372,372,"/project/akaring/takeup-data/data/stan_analysis_data/main-core-exponential-cluster-weight-999/exponential-0372/mode-exponential-0372-1.csv","gaussian",-0.722139,-0.287897,0.0822206751118626,0.0822141,0.144476,1.77445,-0.243264,-0.173197,-0.114595,-0.520495,0.589571,0.194477,0.67644,0.492418,0.246853,1.03001767150326
373,373,"/project/akaring/takeup-data/data/stan_analysis_data/main-core-exponential-cluster-weight-999/exponential-0373/mode-exponential-0373-1.csv","gaussian",-0.460817,-0.136452,-0.139291554294439,-0.139302,0.152008,1.53688,0.182153,0.196867,-0.280669,-0.392926,0.177373,0.064609,0.847456,0.385594,0.248277,1.03035987340783
374,374,"/project/akaring/takeup-data/data/stan_analysis_data/main-core-exponential-cluster-weight-999/exponential-0374/mode-exponential-0374-1.csv","gaussian",-1.21897,-0.283975,0.0285098082858986,0.0284979,0.199742,1.54906,-0.24883,0.0603304,-0.348468,-0.381045,0.399415,0.180077,0.813981,1.00906,0.23914,1.02819644990634
375,375,"/project/akaring/takeup-data/data/stan_analysis_data/main-core-exponential-cluster-weight-999/exponential-0375/mode-exponential-0375-1.csv","gaussian",-1.53996,-0.242496,-0.049487351728538,-0.0495017,0.138503,2.15104,-0.857024,-0.745428,-0.27798,-0.676415,0.775097,0.434585,0.580457,1.22604,0.237754,1.02787497513851
376,376,"/project/akaring/takeup-data/data/stan_analysis_data/main-core-exponential-cluster-weight-999/exponential-0376/mode-exponential-0376-1.csv","gaussian",-1.56644,-0.212251,-0.0084381364498076,-0.00845563,0.192101,1.3618,-0.0844797,-0.160558,0.330391,-0.157473,0.257702,0.0380957,0.21809,1.32207,0.23389,1.02698808761348
377,377,"/project/akaring/takeup-data/data/stan_analysis_data/main-core-exponential-cluster-weight-999/exponential-0377/mode-exponential-0377-1.csv","gaussian",-1.30788,-0.241785,0.110192097096912,0.110182,0.189298,1.39298,0.670396,0.0985056,0.455213,-0.241297,0.0330222,0.0376745,0.296806,0.968491,0.239313,1.02823670036087
378,378,"/project/akaring/takeup-data/data/stan_analysis_data/main-core-exponential-cluster-weight-999/exponential-0378/mode-exponential-0378-1.csv","gaussian",-2.62178,-0.388459,0.00544892642992,0.00544189,0.146826,1.52501,-0.0489673,0.12802,0.154401,-0.358336,0.418809,0.0936456,0.263071,2.04225,0.216094,1.02308192088219
379,379,"/project/akaring/takeup-data/data/stan_analysis_data/main-core-exponential-cluster-weight-999/exponential-0379/mode-exponential-0379-1.csv","gaussian",-1.46286,-0.298006,-0.0367093044354165,-0.0367231,0.243609,1.60494,-0.296196,-0.220301,-0.0635573,-0.342586,0.393638,0.223359,0.494332,1.25926,0.23411,1.02703821355391
380,380,"/project/akaring/takeup-data/data/stan_analysis_data/main-core-exponential-cluster-weight-999/exponential-0380/mode-exponential-0380-1.csv","gaussian",-0.851732,-0.307129,-0.0037249063534584,-0.00373838,0.105823,1.89112,-0.148285,0.0206,-0.306572,-0.554305,0.334385,-0.0225141,0.703369,0.552392,0.247806,1.03024648198186
381,381,"/project/akaring/takeup-data/data/stan_analysis_data/main-core-exponential-cluster-weight-999/exponential-0381/mode-exponential-0381-1.csv","gaussian",-0.950168,-0.0429563,0.142052948376237,0.142046,0.189002,1.80036,-0.0620722,-0.322495,0.186728,-0.328878,0.271929,0.0487345,0.269179,0.656651,0.246578,1.02995179988386
382,382,"/project/akaring/takeup-data/data/stan_analysis_data/main-core-exponential-cluster-weight-999/exponential-0382/mode-exponential-0382-1.csv","gaussian",-0.501838,-0.159375,0.118397422288064,0.11839,0.183176,1.47274,0.550853,0.0109601,-0.0386899,-0.471573,0.285683,0.237576,0.631368,0.350436,0.24811,1.03031964559548
383,383,"/project/akaring/takeup-data/data/stan_analysis_data/main-core-exponential-cluster-weight-999/exponential-0383/mode-exponential-0383-1.csv","gaussian",-1.94757,-0.28769,0.0083198010676522,0.00831388,0.226605,1.26313,-0.0665035,0.0821706,0.154024,-0.215242,0.34456,0.106394,0.351737,1.58908,0.226856,1.02540901338734
384,384,"/project/akaring/takeup-data/data/stan_analysis_data/main-core-exponential-cluster-weight-999/exponential-0384/mode-exponential-0384-1.csv","gaussian",-1.38478,-0.245271,0.125987668577326,0.125981,0.23794,1.40685,0.0813978,-0.476883,-0.0241913,-0.268441,0.297893,0.226884,0.414739,1.12966,0.241967,1.02885763305182
385,385,"/project/akaring/takeup-data/data/stan_analysis_data/main-core-exponential-cluster-weight-999/exponential-0385/mode-exponential-0385-1.csv","gaussian",-1.31262,-0.310379,0.0716254687505351,0.0716159,0.154869,2.00727,-0.475641,-0.411996,-0.469471,-0.474221,0.475107,0.193826,0.653733,0.97125,0.239283,1.02822971854007
386,386,"/project/akaring/takeup-data/data/stan_analysis_data/main-core-exponential-cluster-weight-999/exponential-0386/mode-exponential-0386-1.csv","gaussian",-1.03896,-0.183827,-0.0355455620149393,-0.0355485,0.205183,1.34048,-0.0155659,-0.220423,0.00926297,-0.240368,0.333647,0.20428,0.500895,0.88576,0.24386,1.02930447371028
387,387,"/project/akaring/takeup-data/data/stan_analysis_data/main-core-exponential-cluster-weight-999/exponential-0387/mode-exponential-0387-1.csv","gaussian",-0.516912,-0.176136,-0.0400668113736403,-0.0400744,0.177515,1.18882,0.0969445,0.629572,-0.00180276,-0.193463,0.252002,-0.168297,0.393616,0.442705,0.250532,1.03090556455187
388,388,"/project/akaring/takeup-data/data/stan_analysis_data/main-core-exponential-cluster-weight-999/exponential-0388/mode-exponential-0388-1.csv","gaussian",-0.888646,-0.168479,0.0696941499248026,0.0696802,0.161965,1.96884,-0.573626,-0.320543,-0.526401,-0.663971,0.717317,0.31645,0.739026,0.638033,0.245167,1.02961490756933
389,389,"/project/akaring/takeup-data/data/stan_analysis_data/main-core-exponential-cluster-weight-999/exponential-0389/mode-exponential-0389-1.csv","gaussian",-1.94059,-0.203547,0.109383256276446,0.109371,0.167442,2.25045,-0.657741,-0.31132,-0.617413,-0.529064,0.55741,0.172847,0.519625,1.44319,0.229108,1.02590958454632
390,390,"/project/akaring/takeup-data/data/stan_analysis_data/main-core-exponential-cluster-weight-999/exponential-0390/mode-exponential-0390-1.csv","gaussian",-1.05207,-0.336558,0.0867036546622485,0.0867006,0.201414,1.31277,0.578671,0.308834,0.157177,-0.243818,0.0419381,-0.0335039,0.471444,0.84466,0.243532,1.02922681417849
391,391,"/project/akaring/takeup-data/data/stan_analysis_data/main-core-exponential-cluster-weight-999/exponential-0391/mode-exponential-0391-1.csv","gaussian",-1.19455,-0.0584695,0.130524741087106,0.130518,0.208097,2.01489,-0.0883053,-0.315188,-0.426441,-0.514896,0.471069,0.198729,0.711171,0.842069,0.242783,1.02904984577473
392,392,"/project/akaring/takeup-data/data/stan_analysis_data/main-core-exponential-cluster-weight-999/exponential-0392/mode-exponential-0392-1.csv","gaussian",-1.58547,-0.0815419,0.020646672672585,0.0206421,0.21038,1.71776,-0.0217334,0.173971,-0.271842,-0.440855,0.347674,0.14384,0.718426,1.23573,0.237193,1.02774535720138
393,393,"/project/akaring/takeup-data/data/stan_analysis_data/main-core-exponential-cluster-weight-999/exponential-0393/mode-exponential-0393-1.csv","gaussian",-1.35558,-0.0896354,0.050443835476551,0.0504402,0.13591,1.68911,-0.244529,0.140668,-0.124293,-0.471559,0.393673,0.104279,0.654158,0.964332,0.244261,1.02939955125354
394,394,"/project/akaring/takeup-data/data/stan_analysis_data/main-core-exponential-cluster-weight-999/exponential-0394/mode-exponential-0394-1.csv","gaussian",-1.59292,-0.355037,-0.052319518245556,-0.0523263,0.189192,1.26993,-0.0590113,0.282612,0.381778,-0.266566,0.333089,0.0529055,0.357273,1.33078,0.231609,1.02647100732607
395,395,"/project/akaring/takeup-data/data/stan_analysis_data/main-core-exponential-cluster-weight-999/exponential-0395/mode-exponential-0395-1.csv","gaussian",-1.56316,-0.0215495,0.26169923333054,0.261687,0.168201,2.12326,-0.825519,0.0600831,-0.569473,-0.482352,0.528156,0.0391404,0.461199,1.05458,0.244625,1.02948598369526
396,396,"/project/akaring/takeup-data/data/stan_analysis_data/main-core-exponential-cluster-weight-999/exponential-0396/mode-exponential-0396-1.csv","gaussian",-1.06117,-0.142328,0.0779955245003308,0.077983,0.208646,1.46299,0.476235,-0.229502,-0.362337,-0.230909,0.209562,0.0797359,0.548181,0.888763,0.243967,1.02932982910678
397,397,"/project/akaring/takeup-data/data/stan_analysis_data/main-core-exponential-cluster-weight-999/exponential-0397/mode-exponential-0397-1.csv","gaussian",-0.64928,-0.125858,0.0458115902878268,0.045803,0.205279,1.89342,-0.269013,-0.301588,-0.503489,-0.530957,0.40011,0.365436,0.770486,0.517152,0.251933,1.03124693283859
398,398,"/project/akaring/takeup-data/data/stan_analysis_data/main-core-exponential-cluster-weight-999/exponential-0398/mode-exponential-0398-1.csv","gaussian",-0.463867,-0.305734,0.0338452707163744,0.0338338,0.209181,2.20185,-0.385494,-0.66409,-0.946704,-0.666262,0.666733,0.338328,1.11979,0.4361,0.245289,1.02964396444645
399,399,"/project/akaring/takeup-data/data/stan_analysis_data/main-core-exponential-cluster-weight-999/exponential-0399/mode-exponential-0399-1.csv","gaussian",-1.1099,-0.150136,0.134817978249028,0.13481,0.235491,1.91527,-0.552363,-0.831434,-0.2008,-0.413325,0.544809,0.348382,0.344296,0.879102,0.24224,1.02892187147519
400,400,"/project/akaring/takeup-data/data/stan_analysis_data/main-core-exponential-cluster-weight-999/exponential-0400/mode-exponential-0400-1.csv","gaussian",-0.834005,-0.22699,0.0685764016556896,0.0685689,0.149248,1.70425,0.106641,-0.353368,-0.386794,-0.469763,0.360261,0.247267,0.463078,0.636758,0.251616,1.03116953574861
401,401,"/project/akaring/takeup-data/data/stan_analysis_data/main-core-exponential-cluster-weight-999/exponential-0401/mode-exponential-0401-1.csv","gaussian",-2.10848,-0.261736,0.0652190859568533,0.0652157,0.122645,2.2231,-0.577282,-0.911745,-0.147737,-0.592184,0.419125,0.418733,0.362285,1.5699,0.229813,1.02606725655242
402,402,"/project/akaring/takeup-data/data/stan_analysis_data/main-core-exponential-cluster-weight-999/exponential-0402/mode-exponential-0402-1.csv","gaussian",-1.50066,-0.23783,0.0053513311410576,0.00533592,0.234382,1.42265,0.0117551,0.073908,-0.0670609,-0.294796,0.386473,0.134199,0.430839,1.26063,0.234938,1.02722726981131
403,403,"/project/akaring/takeup-data/data/stan_analysis_data/main-core-exponential-cluster-weight-999/exponential-0403/mode-exponential-0403-1.csv","gaussian",-0.406903,-0.139065,0.0535383684157567,0.0535276,0.186217,1.859,-0.448591,-0.525636,-0.324712,-0.48163,0.377244,0.290686,0.577888,0.307292,0.252319,1.03134130032739
404,404,"/project/akaring/takeup-data/data/stan_analysis_data/main-core-exponential-cluster-weight-999/exponential-0404/mode-exponential-0404-1.csv","gaussian",-1.28247,-0.375021,-0.039632973150458,-0.0396507,0.208415,1.7848,0.0288789,-0.382857,0.109988,-0.558157,0.454357,0.420985,0.557451,1.07336,0.236234,1.02752445360488
405,405,"/project/akaring/takeup-data/data/stan_analysis_data/main-core-exponential-cluster-weight-999/exponential-0405/mode-exponential-0405-1.csv","gaussian",-1.12103,-0.283625,-0.00193364272353492,-0.00193814,0.12184,1.92581,-0.138936,-0.297013,-0.549261,-0.503461,0.450955,0.174267,0.605334,0.870971,0.244071,1.02935448366488
406,406,"/project/akaring/takeup-data/data/stan_analysis_data/main-core-exponential-cluster-weight-999/exponential-0406/mode-exponential-0406-1.csv","gaussian",-0.382569,-0.115229,0.119538713106656,0.119529,0.158931,1.55459,-0.201366,0.168519,-0.0972601,-0.479659,0.595251,0.254254,0.679578,0.178321,0.252597,1.03140934861431
407,407,"/project/akaring/takeup-data/data/stan_analysis_data/main-core-exponential-cluster-weight-999/exponential-0407/mode-exponential-0407-1.csv","gaussian",-1.79312,-0.0549748,0.119308420368075,0.119302,0.222559,2.05531,-0.735876,-0.394523,-0.730095,-0.435547,0.438276,0.163252,0.661495,1.39549,0.229711,1.02604441595917
408,408,"/project/akaring/takeup-data/data/stan_analysis_data/main-core-exponential-cluster-weight-999/exponential-0408/mode-exponential-0408-1.csv","gaussian",-1.28744,-0.297328,-0.123821767502515,-0.123832,0.208766,1.2203,0.269233,0.581646,0.506591,-0.227864,0.252404,-0.0832053,0.252852,1.1594,0.234362,1.02709568543734
409,409,"/project/akaring/takeup-data/data/stan_analysis_data/main-core-exponential-cluster-weight-999/exponential-0409/mode-exponential-0409-1.csv","gaussian",-0.97451,-0.329108,0.144998219803357,0.144987,0.205809,1.90131,-0.355692,0.198217,-0.226677,-0.524735,0.462687,0.152256,0.554137,0.681361,0.24037,1.02848322149659
410,410,"/project/akaring/takeup-data/data/stan_analysis_data/main-core-exponential-cluster-weight-999/exponential-0410/mode-exponential-0410-1.csv","gaussian",-1.35363,0.00916041,0.143619929791441,0.143612,0.203749,1.70537,-0.360847,-0.0504008,0.0998596,-0.44035,0.468746,0.023402,0.302703,1.07416,0.238792,1.028115567076
411,411,"/project/akaring/takeup-data/data/stan_analysis_data/main-core-exponential-cluster-weight-999/exponential-0411/mode-exponential-0411-1.csv","gaussian",-1.70075,-0.14626,0.0484209320857823,0.0484133,0.157608,1.41719,-0.133719,0.0745534,-0.00229547,-0.351722,0.303896,0.120567,0.397059,1.35033,0.236362,1.0275538891192
412,412,"/project/akaring/takeup-data/data/stan_analysis_data/main-core-exponential-cluster-weight-999/exponential-0412/mode-exponential-0412-1.csv","gaussian",-1.0959,0.0611125,0.142378957959607,0.142375,0.187058,1.27993,0.225463,-0.0864831,0.277671,-0.14764,0.148772,0.0310369,0.242705,0.778128,0.248733,1.03046984686064
413,413,"/project/akaring/takeup-data/data/stan_analysis_data/main-core-exponential-cluster-weight-999/exponential-0413/mode-exponential-0413-1.csv","gaussian",-1.77084,-0.206399,0.25134014031636,0.251331,0.27786,1.43684,-0.138414,-0.273334,-0.134914,-0.190095,0.346541,0.0857318,0.475049,1.39212,0.229384,1.02597125664221
414,414,"/project/akaring/takeup-data/data/stan_analysis_data/main-core-exponential-cluster-weight-999/exponential-0414/mode-exponential-0414-1.csv","gaussian",-0.509124,-0.187107,0.0166693250679056,0.0166625,0.197858,1.93408,0.264612,-0.426225,-0.685163,-0.495714,0.294178,0.362798,0.85546,0.376253,0.255764,1.03218952896065
415,415,"/project/akaring/takeup-data/data/stan_analysis_data/main-core-exponential-cluster-weight-999/exponential-0415/mode-exponential-0415-1.csv","gaussian",-1.47047,-0.291129,-0.170204680269051,-0.170222,0.10638,2.07503,0.155363,-0.235327,-0.178047,-0.649793,0.302665,0.334733,0.555331,1.19118,0.233841,1.02697692928371
416,416,"/project/akaring/takeup-data/data/stan_analysis_data/main-core-exponential-cluster-weight-999/exponential-0416/mode-exponential-0416-1.csv","gaussian",-0.858558,-0.203293,0.0228519512168378,0.0228517,0.238212,1.37787,0.182387,0.497364,0.112664,-0.270201,0.158748,-0.102814,0.349033,0.709842,0.244471,1.02944940130198
417,417,"/project/akaring/takeup-data/data/stan_analysis_data/main-core-exponential-cluster-weight-999/exponential-0417/mode-exponential-0417-1.csv","gaussian",-1.52082,-0.15863,0.183959302821675,0.183941,0.158586,2.04504,-0.115845,-0.238925,-0.415592,-0.548723,0.496,0.12377,0.51993,1.07258,0.239406,1.02825834926637
418,418,"/project/akaring/takeup-data/data/stan_analysis_data/main-core-exponential-cluster-weight-999/exponential-0418/mode-exponential-0418-1.csv","gaussian",-0.699966,-0.280528,0.0399274381110212,0.0399176,0.152884,1.97645,-0.0773495,-0.8688,-0.237141,-0.433343,0.367893,0.302483,0.46126,0.500927,0.247121,1.03008193297475
419,419,"/project/akaring/takeup-data/data/stan_analysis_data/main-core-exponential-cluster-weight-999/exponential-0419/mode-exponential-0419-1.csv","gaussian",-0.41552,-0.140574,0.135109586614376,0.135094,0.214786,1.22973,0.890001,0.760059,-0.139745,-0.197238,-0.177459,-0.198264,0.455986,0.350547,0.250255,1.03083828267338
420,420,"/project/akaring/takeup-data/data/stan_analysis_data/main-core-exponential-cluster-weight-999/exponential-0420/mode-exponential-0420-1.csv","gaussian",-2.02193,-0.156649,0.140644055061491,0.140636,0.196696,1.75773,-0.438848,-2.16658e-05,-0.242696,-0.474222,0.512138,0.170069,0.529768,1.57302,0.226552,1.02534180091519
421,421,"/project/akaring/takeup-data/data/stan_analysis_data/main-core-exponential-cluster-weight-999/exponential-0421/mode-exponential-0421-1.csv","gaussian",-1.54576,-0.124181,0.223665315492849,0.223656,0.156903,2.43742,-0.757632,-1.04454,-1.08438,-0.753051,0.519982,0.48537,0.814465,1.09121,0.236446,1.02757321438231
422,422,"/project/akaring/takeup-data/data/stan_analysis_data/main-core-exponential-cluster-weight-999/exponential-0422/mode-exponential-0422-1.csv","gaussian",-1.87516,-0.263326,0.048691490715756,0.0486813,0.229366,1.87845,-0.187445,0.0110825,0.137734,-0.372776,0.421577,0.0834864,0.136331,1.465,0.232278,1.02662216481235
423,423,"/project/akaring/takeup-data/data/stan_analysis_data/main-core-exponential-cluster-weight-999/exponential-0423/mode-exponential-0423-1.csv","gaussian",-0.675016,-0.251462,0.0292918144433883,0.0292863,0.179321,2.02936,-0.254524,-0.578031,-0.405993,-0.517158,0.431562,0.17497,0.704156,0.498604,0.251894,1.0312374058557
424,424,"/project/akaring/takeup-data/data/stan_analysis_data/main-core-exponential-cluster-weight-999/exponential-0424/mode-exponential-0424-1.csv","gaussian",-1.17258,-0.114952,0.170801861386643,0.170796,0.191872,1.95441,-0.321982,-0.792865,-0.337047,-0.512953,0.573055,0.33021,0.698218,0.875938,0.245368,1.02966278723862
425,425,"/project/akaring/takeup-data/data/stan_analysis_data/main-core-exponential-cluster-weight-999/exponential-0425/mode-exponential-0425-1.csv","gaussian",-1.97005,-0.0236639,0.14176838093767,0.141766,0.188352,2.07602,-0.778504,-0.83158,0.280544,-0.496005,0.618223,0.405493,0.115803,1.46992,0.230706,1.02626763489647
426,426,"/project/akaring/takeup-data/data/stan_analysis_data/main-core-exponential-cluster-weight-999/exponential-0426/mode-exponential-0426-1.csv","gaussian",-0.737491,-0.230458,-0.0627053794589624,-0.0627107,0.171032,1.64698,-0.623339,0.221014,0.31262,-0.382387,0.5841,-0.0905621,0.26503,0.616631,0.243466,1.02921119949017
427,427,"/project/akaring/takeup-data/data/stan_analysis_data/main-core-exponential-cluster-weight-999/exponential-0427/mode-exponential-0427-1.csv","gaussian",-1.3893,-0.458619,-0.142236554051481,-0.142244,0.140779,1.40778,0.342889,-0.0570103,0.797323,-0.423373,0.361303,0.243921,0.151787,1.19631,0.230809,1.02629079430783
428,428,"/project/akaring/takeup-data/data/stan_analysis_data/main-core-exponential-cluster-weight-999/exponential-0428/mode-exponential-0428-1.csv","gaussian",-0.597639,-0.388156,-0.0592504099858491,-0.0592575,0.195967,1.97381,0.502583,-0.240328,-0.739747,-0.590925,0.223465,0.301142,0.967665,0.557069,0.24594,1.02979924431901
429,429,"/project/akaring/takeup-data/data/stan_analysis_data/main-core-exponential-cluster-weight-999/exponential-0429/mode-exponential-0429-1.csv","gaussian",-1.20401,-0.300331,0.00151052290738813,0.00150714,0.193072,1.15392,0.131083,-0.0365336,0.0110577,-0.0943881,0.164785,0.0449147,0.412861,1.0205,0.238895,1.02813949492518
430,430,"/project/akaring/takeup-data/data/stan_analysis_data/main-core-exponential-cluster-weight-999/exponential-0430/mode-exponential-0430-1.csv","gaussian",-0.827772,-0.198886,0.03964642131061,0.0396316,0.19405,1.4774,0.012315,-0.020848,0.294818,-0.285977,0.120434,0.0092226,0.297112,0.670822,0.251935,1.0312474214392
431,431,"/project/akaring/takeup-data/data/stan_analysis_data/main-core-exponential-cluster-weight-999/exponential-0431/mode-exponential-0431-1.csv","gaussian",-1.48539,-0.219704,0.0804137650002598,0.0804058,0.206019,1.6463,0.0417274,0.295352,0.270296,-0.404932,0.238196,0.0924696,0.486436,1.13103,0.236821,1.02765956719188
432,432,"/project/akaring/takeup-data/data/stan_analysis_data/main-core-exponential-cluster-weight-999/exponential-0432/mode-exponential-0432-1.csv","gaussian",-0.468097,-0.228019,0.0159579204156444,0.0159483,0.182443,1.14899,0.666895,0.358608,0.215016,-0.268287,0.252047,0.0260612,0.522241,0.370458,0.250248,1.03083658331668
433,433,"/project/akaring/takeup-data/data/stan_analysis_data/main-core-exponential-cluster-weight-999/exponential-0433/mode-exponential-0433-1.csv","gaussian",-1.87772,-0.2165,0.131273692557124,0.131268,0.167658,2.07682,-0.380272,-0.596236,-0.752962,-0.498092,0.494651,0.304983,0.624897,1.39919,0.227472,1.0255454698764
434,434,"/project/akaring/takeup-data/data/stan_analysis_data/main-core-exponential-cluster-weight-999/exponential-0434/mode-exponential-0434-1.csv","gaussian",-0.873434,-0.129143,0.108491294174964,0.108484,0.198212,1.54682,-0.282823,0.256217,0.108759,-0.364679,0.4221,0.036097,0.396899,0.665841,0.250137,1.03080964235352
435,435,"/project/akaring/takeup-data/data/stan_analysis_data/main-core-exponential-cluster-weight-999/exponential-0435/mode-exponential-0435-1.csv","gaussian",-1.27853,-0.121117,0.114755725952903,0.114752,0.121662,1.95893,-0.125855,-0.939326,-0.349132,-0.444534,0.32713,0.294735,0.507944,0.867416,0.247345,1.03013569447185
436,436,"/project/akaring/takeup-data/data/stan_analysis_data/main-core-exponential-cluster-weight-999/exponential-0436/mode-exponential-0436-1.csv","gaussian",-1.63753,0.0272334,0.166543914987736,0.166537,0.225586,1.73095,-0.154461,-0.495085,-0.140156,-0.3797,0.429292,0.326319,0.456002,1.21642,0.234945,1.02722887080971
437,437,"/project/akaring/takeup-data/data/stan_analysis_data/main-core-exponential-cluster-weight-999/exponential-0437/mode-exponential-0437-1.csv","gaussian",-0.771084,-0.158993,0.065692982789428,0.0656793,0.138894,1.31535,-0.0159135,0.155889,0.298129,-0.242659,0.296644,-0.0521181,0.522572,0.470821,0.251212,1.03107103001879
438,438,"/project/akaring/takeup-data/data/stan_analysis_data/main-core-exponential-cluster-weight-999/exponential-0438/mode-exponential-0438-1.csv","gaussian",-2.18071,-0.37522,-0.0413294015866588,-0.0413354,0.204845,1.11052,0.583949,0.0799072,0.440514,-0.16234,0.19551,0.095663,0.242487,1.83027,0.222177,1.02438401946194
439,439,"/project/akaring/takeup-data/data/stan_analysis_data/main-core-exponential-cluster-weight-999/exponential-0439/mode-exponential-0439-1.csv","gaussian",-0.873342,-0.181053,0.0174361974760074,0.0174216,0.179203,2.0543,-0.630406,-0.203476,-0.511327,-0.676009,0.718671,0.272207,0.817007,0.655165,0.249266,1.03059863126049
440,440,"/project/akaring/takeup-data/data/stan_analysis_data/main-core-exponential-cluster-weight-999/exponential-0440/mode-exponential-0440-1.csv","gaussian",-1.84675,-0.164417,0.0688497667029243,0.0688459,0.201291,1.7253,-0.666461,-0.536684,-0.0138715,-0.511529,0.698765,0.382623,0.544368,1.43312,0.22587,1.02519132697268
441,441,"/project/akaring/takeup-data/data/stan_analysis_data/main-core-exponential-cluster-weight-999/exponential-0441/mode-exponential-0441-1.csv","gaussian",-1.88992,-0.0966025,0.139658946870423,0.139641,0.181438,1.74746,-0.384251,-0.16329,-0.254476,-0.361542,0.388771,0.0872177,0.479597,1.46885,0.230054,1.02612126131174
442,442,"/project/akaring/takeup-data/data/stan_analysis_data/main-core-exponential-cluster-weight-999/exponential-0442/mode-exponential-0442-1.csv","gaussian",-1.78034,-0.14327,0.155115639476211,0.15511,0.25213,1.61089,0.0543607,-0.541945,-0.428407,-0.380276,0.398119,0.377584,0.740263,1.35867,0.23827,1.02799445178464
443,443,"/project/akaring/takeup-data/data/stan_analysis_data/main-core-exponential-cluster-weight-999/exponential-0443/mode-exponential-0443-1.csv","gaussian",-0.468151,-0.0273232,0.148456385432955,0.148446,0.220698,1.7805,-0.401822,0.252243,-0.244472,-0.409028,0.551412,-0.115603,0.524806,0.324372,0.251857,1.0312283687181
444,444,"/project/akaring/takeup-data/data/stan_analysis_data/main-core-exponential-cluster-weight-999/exponential-0444/mode-exponential-0444-1.csv","gaussian",-1.09552,-0.285502,-0.0055922146210002,-0.00559968,0.178911,1.20629,0.0709508,-0.118784,0.279824,-0.23541,0.400926,0.277058,0.380004,0.869874,0.239995,1.02839564372133
445,445,"/project/akaring/takeup-data/data/stan_analysis_data/main-core-exponential-cluster-weight-999/exponential-0445/mode-exponential-0445-1.csv","gaussian",-0.0124775,-0.110026,0.0874453567509243,0.0874404,0.235569,1.86697,0.597258,0.21523,-0.662028,-0.470701,0.0530571,-0.0616361,0.727714,0.0021113,0.251766,1.03120614755538
446,446,"/project/akaring/takeup-data/data/stan_analysis_data/main-core-exponential-cluster-weight-999/exponential-0446/mode-exponential-0446-1.csv","gaussian",-0.342389,0.00108935,0.213316784787715,0.213308,0.286593,1.71448,-0.398817,0.277407,-0.334398,-0.393062,0.481102,-0.105086,0.849354,0.241613,0.251376,1.03111099954176
447,447,"/project/akaring/takeup-data/data/stan_analysis_data/main-core-exponential-cluster-weight-999/exponential-0447/mode-exponential-0447-1.csv","gaussian",-2.41632,-0.1848,0.0908737385896975,0.0908707,0.202548,1.93834,-0.793329,-0.456657,-0.124224,-0.51434,0.674726,0.359652,0.522697,1.86136,0.221488,1.02423480420458
448,448,"/project/akaring/takeup-data/data/stan_analysis_data/main-core-exponential-cluster-weight-999/exponential-0448/mode-exponential-0448-1.csv","gaussian",-1.47664,-0.351838,-0.0166739878464424,-0.0166804,0.184995,1.80265,0.0800577,0.0567299,-0.617329,-0.492105,0.418905,0.0900108,0.907695,1.21789,0.235899,1.02744748683376
449,449,"/project/akaring/takeup-data/data/stan_analysis_data/main-core-exponential-cluster-weight-999/exponential-0449/mode-exponential-0449-1.csv","gaussian",-0.572802,-0.162897,0.0377623718411964,0.037756,0.271586,1.36359,-0.226513,0.721365,0.0933945,-0.264441,0.25811,-0.0967364,0.400858,0.564879,0.245425,1.02967637179116
450,450,"/project/akaring/takeup-data/data/stan_analysis_data/main-core-exponential-cluster-weight-999/exponential-0450/mode-exponential-0450-1.csv","gaussian",-1.54192,-0.17918,0.125396293405722,0.125387,0.184075,1.59498,0.13228,0.272389,0.01028,-0.285293,0.239627,-0.0887037,0.476607,1.1185,0.235113,1.02726730833265
451,451,"/project/akaring/takeup-data/data/stan_analysis_data/main-core-exponential-cluster-weight-999/exponential-0451/mode-exponential-0451-1.csv","gaussian",-1.72606,-0.204947,0.120411480579802,0.120403,0.150071,2.14855,-0.376374,-0.71112,-0.699836,-0.658753,0.625685,0.385732,0.866599,1.22255,0.237023,1.02770613627097
452,452,"/project/akaring/takeup-data/data/stan_analysis_data/main-core-exponential-cluster-weight-999/exponential-0452/mode-exponential-0452-1.csv","gaussian",-1.03556,-0.226832,0.0108146739588969,0.0108066,0.260717,1.26207,0.940757,-0.145901,0.334598,-0.15722,-0.11479,0.168107,0.24659,0.899101,0.241501,1.02874813875943
453,453,"/project/akaring/takeup-data/data/stan_analysis_data/main-core-exponential-cluster-weight-999/exponential-0453/mode-exponential-0453-1.csv","gaussian",-1.27727,-0.105303,0.145051864658813,0.145043,0.232144,1.41547,-0.381013,-0.300249,0.27414,-0.184472,0.348319,0.154534,0.358687,0.979212,0.238888,1.0281378684515
454,454,"/project/akaring/takeup-data/data/stan_analysis_data/main-core-exponential-cluster-weight-999/exponential-0454/mode-exponential-0454-1.csv","gaussian",-0.824886,-0.245335,-0.0171098125476265,-0.0171187,0.194373,1.88527,-0.461793,-0.751135,-0.580533,-0.502727,0.557102,0.422279,0.824999,0.684008,0.243682,1.02926231696492
455,455,"/project/akaring/takeup-data/data/stan_analysis_data/main-core-exponential-cluster-weight-999/exponential-0455/mode-exponential-0455-1.csv","gaussian",-0.575912,-0.266711,0.0251033659887753,0.0250958,0.157526,1.60463,0.246116,0.0751467,-0.127252,-0.395322,0.340299,0.0999467,0.486105,0.485877,0.247287,1.03012176968017
456,456,"/project/akaring/takeup-data/data/stan_analysis_data/main-core-exponential-cluster-weight-999/exponential-0456/mode-exponential-0456-1.csv","gaussian",-1.26137,-0.117108,0.142726952690089,0.142713,0.190064,2.04569,-0.222299,-0.386054,-0.515369,-0.425816,0.208646,0.112494,0.455682,0.946246,0.240761,1.02857467357553
457,457,"/project/akaring/takeup-data/data/stan_analysis_data/main-core-exponential-cluster-weight-999/exponential-0457/mode-exponential-0457-1.csv","gaussian",-1.62838,-0.141351,0.12036209477601,0.120351,0.226888,1.37928,0.471362,-0.0570367,-0.0243234,-0.185521,0.035803,0.0231982,0.317287,1.30005,0.232332,1.0266343839089
458,458,"/project/akaring/takeup-data/data/stan_analysis_data/main-core-exponential-cluster-weight-999/exponential-0458/mode-exponential-0458-1.csv","gaussian",-0.446114,-0.272116,0.105137760115554,0.105133,0.252247,1.50525,-0.313968,0.281434,0.245506,-0.412591,0.514333,0.137676,0.310556,0.403695,0.244399,1.02943230530278
459,459,"/project/akaring/takeup-data/data/stan_analysis_data/main-core-exponential-cluster-weight-999/exponential-0459/mode-exponential-0459-1.csv","gaussian",-1.28925,-0.174071,0.136024722489918,0.136017,0.205027,2.22441,-0.548023,-0.820258,-0.57911,-0.366694,0.461022,0.208243,0.373021,0.959212,0.241518,1.02875212968139
460,460,"/project/akaring/takeup-data/data/stan_analysis_data/main-core-exponential-cluster-weight-999/exponential-0460/mode-exponential-0460-1.csv","gaussian",-1.48279,-0.141113,0.0348526128507322,0.0348487,0.149041,2.10879,-0.215896,-0.444349,-0.552526,-0.629449,0.406913,0.281386,0.728087,1.116,0.242466,1.02897510230131
461,461,"/project/akaring/takeup-data/data/stan_analysis_data/main-core-exponential-cluster-weight-999/exponential-0461/mode-exponential-0461-1.csv","gaussian",-2.23823,-0.201324,0.0222004846844216,0.0221957,0.157289,1.9874,-0.624889,-0.464538,-0.493164,-0.54827,0.401925,0.312389,0.543531,1.75856,0.226956,1.02543114148928
462,462,"/project/akaring/takeup-data/data/stan_analysis_data/main-core-exponential-cluster-weight-999/exponential-0462/mode-exponential-0462-1.csv","gaussian",-2.28427,-0.0172475,0.02475609809681,0.0247448,0.161373,1.75978,0.329212,-0.094869,-0.556267,-0.460571,0.212065,0.266101,0.774788,1.68399,0.22554,1.0251186719595
463,463,"/project/akaring/takeup-data/data/stan_analysis_data/main-core-exponential-cluster-weight-999/exponential-0463/mode-exponential-0463-1.csv","gaussian",-2.55379,-0.283538,0.0573474860169504,0.0573371,0.226632,1.99147,-0.670017,-0.40269,-0.360386,-0.404228,0.496384,0.221356,0.413459,1.9801,0.219653,1.02383955794304
464,464,"/project/akaring/takeup-data/data/stan_analysis_data/main-core-exponential-cluster-weight-999/exponential-0464/mode-exponential-0464-1.csv","gaussian",-2.57625,-0.191483,0.0160410527533305,0.0160359,0.163612,1.86487,-0.531566,-0.412706,-0.0209343,-0.460652,0.455831,0.25869,0.475596,2.01268,0.220267,1.02397146019262
465,465,"/project/akaring/takeup-data/data/stan_analysis_data/main-core-exponential-cluster-weight-999/exponential-0465/mode-exponential-0465-1.csv","gaussian",-0.862726,-0.240489,0.0582522104785184,0.0582433,0.182092,1.10127,0.370895,0.330441,0.554744,-0.150554,0.193383,-0.1006,0.298478,0.683954,0.242796,1.02905291293305
466,466,"/project/akaring/takeup-data/data/stan_analysis_data/main-core-exponential-cluster-weight-999/exponential-0466/mode-exponential-0466-1.csv","gaussian",-1.11128,-0.121993,0.126721199755803,0.126717,0.175029,2.08434,-0.873463,-0.0635671,-0.453642,-0.501581,0.626343,0.0438378,0.578405,0.772856,0.245453,1.02968304599474
467,467,"/project/akaring/takeup-data/data/stan_analysis_data/main-core-exponential-cluster-weight-999/exponential-0467/mode-exponential-0467-1.csv","gaussian",-1.35129,-0.301537,0.0758922120989422,0.075885,0.161154,1.57976,0.379125,0.163287,0.462352,-0.418966,0.229619,0.0476224,0.321713,1.00426,0.240672,1.02855384476652
468,468,"/project/akaring/takeup-data/data/stan_analysis_data/main-core-exponential-cluster-weight-999/exponential-0468/mode-exponential-0468-1.csv","gaussian",-2.25648,-0.104731,0.303527362726353,0.303523,0.186381,2.227,-0.792537,-0.583668,-0.146809,-0.56868,0.539381,0.320628,0.415033,1.5829,0.223158,1.02459723450925
469,469,"/project/akaring/takeup-data/data/stan_analysis_data/main-core-exponential-cluster-weight-999/exponential-0469/mode-exponential-0469-1.csv","gaussian",-1.27773,-0.153209,0.132100301469159,0.132093,0.249585,1.54788,-0.319692,0.0878343,-0.202027,-0.265553,0.243509,-0.00138474,0.673316,1.04513,0.240638,1.02854588961504
470,470,"/project/akaring/takeup-data/data/stan_analysis_data/main-core-exponential-cluster-weight-999/exponential-0470/mode-exponential-0470-1.csv","gaussian",-1.34046,-0.387583,-0.0811330066269215,-0.081152,0.19038,1.47133,0.182127,0.161912,0.00793815,-0.373313,0.440626,0.12017,0.607828,1.14263,0.236017,1.02747458571441
471,471,"/project/akaring/takeup-data/data/stan_analysis_data/main-core-exponential-cluster-weight-999/exponential-0471/mode-exponential-0471-1.csv","gaussian",-2.41082,-0.495615,-0.0654345653049741,-0.0654502,0.152877,1.48428,-0.029115,-0.0190267,0.339486,-0.349935,0.339126,0.146866,0.195141,2.00665,0.212633,1.02235649002146
472,472,"/project/akaring/takeup-data/data/stan_analysis_data/main-core-exponential-cluster-weight-999/exponential-0472/mode-exponential-0472-1.csv","gaussian",-1.88789,-0.409205,-0.045101791771143,-0.045114,0.13366,1.7687,0.203795,0.0550906,-0.0291129,-0.493939,0.374191,0.20039,0.456784,1.46134,0.226689,1.0253720801353
473,473,"/project/akaring/takeup-data/data/stan_analysis_data/main-core-exponential-cluster-weight-999/exponential-0473/mode-exponential-0473-1.csv","gaussian",-1.69532,-0.323413,-0.0222775468018193,-0.0222872,0.114278,1.64229,0.0504048,-0.249018,0.502552,-0.476097,0.305563,0.244296,0.286076,1.27574,0.231699,1.02649131832714
474,474,"/project/akaring/takeup-data/data/stan_analysis_data/main-core-exponential-cluster-weight-999/exponential-0474/mode-exponential-0474-1.csv","gaussian",-2.23252,-0.325631,0.0817120861420662,0.0817059,0.189097,1.75753,-0.277873,-0.317382,-0.016075,-0.342059,0.400275,0.126755,0.290476,1.74925,0.221735,1.02428824567355
475,475,"/project/akaring/takeup-data/data/stan_analysis_data/main-core-exponential-cluster-weight-999/exponential-0475/mode-exponential-0475-1.csv","gaussian",-0.623808,-0.206081,-0.0148026606643844,-0.0148114,0.207608,1.39667,0.193551,0.240711,0.261102,-0.302264,0.334043,0.0279627,0.327454,0.570172,0.248637,1.03044667876072
476,476,"/project/akaring/takeup-data/data/stan_analysis_data/main-core-exponential-cluster-weight-999/exponential-0476/mode-exponential-0476-1.csv","gaussian",-1.98838,-0.208697,0.142075612294696,0.142063,0.19309,1.85202,-0.233477,-0.411496,-0.218936,-0.35973,0.335252,0.170865,0.400293,1.49144,0.229854,1.02607644028893
477,477,"/project/akaring/takeup-data/data/stan_analysis_data/main-core-exponential-cluster-weight-999/exponential-0477/mode-exponential-0477-1.csv","gaussian",-0.69089,-0.121933,0.17437433160661,0.174362,0.244491,1.95576,-0.157447,-0.38143,0.119161,-0.495471,0.319537,0.197876,0.38743,0.507969,0.246838,1.03001407672128
478,478,"/project/akaring/takeup-data/data/stan_analysis_data/main-core-exponential-cluster-weight-999/exponential-0478/mode-exponential-0478-1.csv","gaussian",-1.51828,-0.197503,0.103554752136456,0.103548,0.153423,1.91947,-0.414385,-0.341585,-0.359364,-0.437036,0.390798,0.151127,0.599704,1.10026,0.233261,1.02684501952388
479,479,"/project/akaring/takeup-data/data/stan_analysis_data/main-core-exponential-cluster-weight-999/exponential-0479/mode-exponential-0479-1.csv","gaussian",-0.9141,-0.263748,-0.0303425856008708,-0.0303533,0.198408,1.78154,-0.0315034,0.147233,-0.307954,-0.609631,0.646164,0.214189,0.737366,0.771877,0.245489,1.02969162816884
480,480,"/project/akaring/takeup-data/data/stan_analysis_data/main-core-exponential-cluster-weight-999/exponential-0480/mode-exponential-0480-1.csv","gaussian",-2.18514,-0.151854,0.0635040506420856,0.0634953,0.193129,2.09192,-0.617707,-0.776419,-0.364906,-0.633455,0.66751,0.534454,0.591142,1.69684,0.226516,1.0253338472205
481,481,"/project/akaring/takeup-data/data/stan_analysis_data/main-core-exponential-cluster-weight-999/exponential-0481/mode-exponential-0481-1.csv","gaussian",-0.977314,-0.202303,-0.0194812105040228,-0.0194894,0.18149,1.6899,-0.146075,-0.542417,-0.00586203,-0.392836,0.374382,0.367091,0.400903,0.75111,0.243169,1.02914098284006
482,482,"/project/akaring/takeup-data/data/stan_analysis_data/main-core-exponential-cluster-weight-999/exponential-0482/mode-exponential-0482-1.csv","gaussian",-1.10614,-0.248739,-0.046486992222976,-0.0464912,0.156697,1.45183,-0.383892,0.400901,0.94509,-0.356712,0.56018,0.0155186,0.0674344,0.845585,0.242584,1.02900291401725
483,483,"/project/akaring/takeup-data/data/stan_analysis_data/main-core-exponential-cluster-weight-999/exponential-0483/mode-exponential-0483-1.csv","gaussian",-1.82135,-0.100624,0.0666046368701555,0.0665994,0.238051,2.00705,-0.661603,-0.790374,-0.0857559,-0.634076,0.680796,0.612698,0.693704,1.45005,0.234274,1.0270756092304
484,484,"/project/akaring/takeup-data/data/stan_analysis_data/main-core-exponential-cluster-weight-999/exponential-0484/mode-exponential-0484-1.csv","gaussian",-1.65042,-0.216881,0.0424862995465047,0.0424707,0.232464,1.6585,-0.0998862,-0.393895,-0.220647,-0.439217,0.431572,0.401285,0.633536,1.37115,0.228465,1.02576618009418
485,485,"/project/akaring/takeup-data/data/stan_analysis_data/main-core-exponential-cluster-weight-999/exponential-0485/mode-exponential-0485-1.csv","gaussian",-1.16887,-0.207869,0.0850172729990492,0.0850088,0.206422,1.58667,-0.0241806,-0.260029,0.276259,-0.402408,0.293598,0.191758,0.374935,0.893996,0.240116,1.02842388802283
486,486,"/project/akaring/takeup-data/data/stan_analysis_data/main-core-exponential-cluster-weight-999/exponential-0486/mode-exponential-0486-1.csv","gaussian",-1.49659,-0.440433,0.0496044368050507,0.0495932,0.175623,1.66345,-0.348894,-0.260039,-0.42284,-0.520087,0.635796,0.137738,0.585492,1.28094,0.230362,1.02619035809347
487,487,"/project/akaring/takeup-data/data/stan_analysis_data/main-core-exponential-cluster-weight-999/exponential-0487/mode-exponential-0487-1.csv","gaussian",-0.728826,-0.391146,-0.0204163930654111,-0.0204271,0.241824,1.3848,0.503918,-0.0593451,0.255033,-0.264741,0.115391,0.0459169,0.311115,0.681614,0.237577,1.02783404834098
488,488,"/project/akaring/takeup-data/data/stan_analysis_data/main-core-exponential-cluster-weight-999/exponential-0488/mode-exponential-0488-1.csv","gaussian",-0.650785,-0.179626,0.014560211663114,0.0145461,0.166138,1.93606,-0.737471,-0.282068,-0.306262,-0.536569,0.669174,0.141512,0.646822,0.481981,0.250339,1.03085867844288
489,489,"/project/akaring/takeup-data/data/stan_analysis_data/main-core-exponential-cluster-weight-999/exponential-0489/mode-exponential-0489-1.csv","gaussian",-0.612832,-0.236736,0.080412210801216,0.0804048,0.219479,1.49776,0.270519,0.529382,0.592321,-0.459349,0.265838,-0.0123415,0.349326,0.499615,0.242894,1.02907603957919
490,490,"/project/akaring/takeup-data/data/stan_analysis_data/main-core-exponential-cluster-weight-999/exponential-0490/mode-exponential-0490-1.csv","gaussian",-1.36853,-0.221165,0.228234272777998,0.228225,0.184955,1.87615,-0.181776,-0.446123,-0.113724,-0.502084,0.427962,0.158027,0.400676,1.01452,0.23434,1.02709066571554
491,491,"/project/akaring/takeup-data/data/stan_analysis_data/main-core-exponential-cluster-weight-999/exponential-0491/mode-exponential-0491-1.csv","gaussian",-2.54866,-0.324192,-0.0492556415808556,-0.0492625,0.151069,1.96027,-0.2597,-0.252042,-0.113898,-0.588978,0.462978,0.365028,0.524389,1.9583,0.219207,1.02374396645304
492,492,"/project/akaring/takeup-data/data/stan_analysis_data/main-core-exponential-cluster-weight-999/exponential-0492/mode-exponential-0492-1.csv","gaussian",-1.67507,-0.210451,0.141668395955753,0.141653,0.245113,1.7657,0.205952,-0.657304,-0.412776,-0.428271,0.237411,0.376811,0.603679,1.32614,0.232933,1.02677055980828
493,493,"/project/akaring/takeup-data/data/stan_analysis_data/main-core-exponential-cluster-weight-999/exponential-0493/mode-exponential-0493-1.csv","gaussian",-1.806,-0.0937594,0.158349895279102,0.15834,0.118697,1.656,-0.118183,-0.00213487,-0.383286,-0.425657,0.460989,0.102005,0.532258,1.29262,0.233819,1.02697192014242
494,494,"/project/akaring/takeup-data/data/stan_analysis_data/main-core-exponential-cluster-weight-999/exponential-0494/mode-exponential-0494-1.csv","gaussian",-1.42643,-0.286387,-0.0298333974251897,-0.0298496,0.200026,1.39896,0.0838088,-0.44204,0.0819233,-0.390181,0.386164,0.311899,0.50145,1.27752,0.236616,1.02761234493169
495,495,"/project/akaring/takeup-data/data/stan_analysis_data/main-core-exponential-cluster-weight-999/exponential-0495/mode-exponential-0495-1.csv","gaussian",-2.08168,-0.186524,0.0418582462378816,0.0418474,0.13256,1.83658,-0.31105,0.0989294,-0.195698,-0.523873,0.53183,0.191961,0.580764,1.59026,0.229369,1.02596790308518
496,496,"/project/akaring/takeup-data/data/stan_analysis_data/main-core-exponential-cluster-weight-999/exponential-0496/mode-exponential-0496-1.csv","gaussian",-0.841259,-0.167801,0.091671170610671,0.0916622,0.182378,1.3658,0.328805,0.125487,-0.182702,-0.325688,0.240699,0.0067299,0.806654,0.600541,0.249393,1.03062935551487
497,497,"/project/akaring/takeup-data/data/stan_analysis_data/main-core-exponential-cluster-weight-999/exponential-0497/mode-exponential-0497-1.csv","gaussian",-1.28626,-0.31631,-0.0752217654914414,-0.0752298,0.200272,1.87259,-0.977736,-0.297806,-0.420154,-0.593261,0.806667,0.395195,0.893957,1.13662,0.236583,1.02760474691829
498,498,"/project/akaring/takeup-data/data/stan_analysis_data/main-core-exponential-cluster-weight-999/exponential-0498/mode-exponential-0498-1.csv","gaussian",-1.52696,-0.14222,0.132899216883204,0.132892,0.241818,1.54051,0.067541,-0.168789,-0.0571795,-0.32689,0.261308,0.204564,0.575666,1.17143,0.234892,1.02721675008929
499,499,"/project/akaring/takeup-data/data/stan_analysis_data/main-core-exponential-cluster-weight-999/exponential-0499/mode-exponential-0499-1.csv","gaussian",-0.889918,-0.0860232,0.043567025058399,0.0435615,0.190234,1.44099,0.0254401,0.0674631,0.199527,-0.343633,0.383418,0.113541,0.257702,0.69162,0.249434,1.03063927751469
500,500,"/project/akaring/takeup-data/data/stan_analysis_data/main-core-exponential-cluster-weight-999/exponential-0500/mode-exponential-0500-1.csv","gaussian",-1.15193,-0.115397,0.09240392625656,0.0923977,0.227249,1.86054,0.139581,-0.55359,-0.476454,-0.406456,0.16141,0.273389,0.685373,0.893193,0.243447,1.0292067050933
501,501,"/project/akaring/takeup-data/data/stan_analysis_data/main-core-exponential-cluster-weight-999/exponential-0501/mode-exponential-0501-1.csv","gaussian",-0.955014,-0.201368,0.095877842706799,0.0958671,0.189773,1.67109,-0.734052,0.167842,-0.144246,-0.51724,0.712654,0.104188,0.775412,0.690106,0.2442,1.02938507857847
502,502,"/project/akaring/takeup-data/data/stan_analysis_data/main-core-exponential-cluster-weight-999/exponential-0502/mode-exponential-0502-1.csv","gaussian",-1.12041,-0.087484,0.139929037198848,0.139919,0.184886,1.94159,-0.226638,-0.273091,-0.487618,-0.436856,0.329716,0.157573,0.536981,0.770495,0.249556,1.0306688105963
503,503,"/project/akaring/takeup-data/data/stan_analysis_data/main-core-exponential-cluster-weight-999/exponential-0503/mode-exponential-0503-1.csv","gaussian",-1.30844,-0.242887,-0.010365175985408,-0.0103744,0.148869,1.70633,-0.263169,-0.0854916,-0.480089,-0.34619,0.349542,0.0136523,0.631118,1.02815,0.236201,1.02751686720997
504,504,"/project/akaring/takeup-data/data/stan_analysis_data/main-core-exponential-cluster-weight-999/exponential-0504/mode-exponential-0504-1.csv","gaussian",-2.31562,-0.0286012,0.229469226491028,0.229463,0.249927,1.4663,-0.459065,-0.441688,0.109649,-0.167561,0.46955,0.0956026,0.242732,1.838,0.219767,1.02386402138614
505,505,"/project/akaring/takeup-data/data/stan_analysis_data/main-core-exponential-cluster-weight-999/exponential-0505/mode-exponential-0505-1.csv","gaussian",-0.619683,-0.283545,-0.0688142519854326,-0.06882,0.198846,1.30552,0.351728,0.312379,0.554267,-0.269831,0.206378,0.0130987,0.22445,0.581145,0.248434,1.03039771562053
506,506,"/project/akaring/takeup-data/data/stan_analysis_data/main-core-exponential-cluster-weight-999/exponential-0506/mode-exponential-0506-1.csv","gaussian",-0.913175,-0.256472,-0.069150138024933,-0.0691599,0.176802,1.28631,0.556296,0.0282934,0.795615,-0.243472,0.0401089,0.105938,0.238499,0.729499,0.24318,1.02914358201371
507,507,"/project/akaring/takeup-data/data/stan_analysis_data/main-core-exponential-cluster-weight-999/exponential-0507/mode-exponential-0507-1.csv","gaussian",-1.01908,-0.186498,0.10830276893636,0.108295,0.228679,1.83325,-0.220601,-0.42149,-0.292255,-0.437477,0.471714,0.198422,0.539936,0.812933,0.244214,1.02938839987441
508,508,"/project/akaring/takeup-data/data/stan_analysis_data/main-core-exponential-cluster-weight-999/exponential-0508/mode-exponential-0508-1.csv","gaussian",-2.12162,-0.362561,0.110464917550558,0.110459,0.240135,1.52761,-0.104682,-0.0636186,0.134326,-0.356051,0.520618,0.207709,0.339694,1.69187,0.225602,1.02513231458383
509,509,"/project/akaring/takeup-data/data/stan_analysis_data/main-core-exponential-cluster-weight-999/exponential-0509/mode-exponential-0509-1.csv","gaussian",-0.944315,-0.324782,0.106006102082588,0.105995,0.209684,2.12207,-0.219576,-0.0888659,-0.850808,-0.630259,0.441899,0.119263,0.816291,0.738313,0.24138,1.02871974045412
510,510,"/project/akaring/takeup-data/data/stan_analysis_data/main-core-exponential-cluster-weight-999/exponential-0510/mode-exponential-0510-1.csv","gaussian",-1.38782,-0.219437,-0.0943298604811795,-0.0943384,0.21446,1.09542,0.338498,0.930021,0.312873,-0.152175,0.0608219,-0.143987,0.306979,1.17612,0.237346,1.02778067880069
511,511,"/project/akaring/takeup-data/data/stan_analysis_data/main-core-exponential-cluster-weight-999/exponential-0511/mode-exponential-0511-1.csv","gaussian",-1.99111,-0.334958,0.135770542816535,0.135756,0.133919,1.79311,0.15373,-0.348897,-0.281891,-0.410397,0.457386,0.12394,0.527628,1.48862,0.228103,1.02568561392319
512,512,"/project/akaring/takeup-data/data/stan_analysis_data/main-core-exponential-cluster-weight-999/exponential-0512/mode-exponential-0512-1.csv","gaussian",-1.51867,-0.259816,0.0380502586664425,0.0380449,0.174323,2.11103,-0.485231,-0.775742,-0.26841,-0.597788,0.597874,0.457841,0.459411,1.17613,0.237864,1.02790042440696
513,513,"/project/akaring/takeup-data/data/stan_analysis_data/main-core-exponential-cluster-weight-999/exponential-0513/mode-exponential-0513-1.csv","gaussian",-1.095,0.00894423,0.207702342881792,0.207694,0.27718,1.56481,-0.133166,-0.317266,-0.229576,-0.296252,0.356743,0.159528,0.694719,0.8316,0.240279,1.02846195741068
514,514,"/project/akaring/takeup-data/data/stan_analysis_data/main-core-exponential-cluster-weight-999/exponential-0514/mode-exponential-0514-1.csv","gaussian",-1.20311,-0.227279,0.150449264141481,0.150437,0.182658,1.9388,-0.0554722,-1.06173,-0.178241,-0.466492,0.428076,0.457492,0.294108,0.932389,0.240097,1.02841945207634
515,515,"/project/akaring/takeup-data/data/stan_analysis_data/main-core-exponential-cluster-weight-999/exponential-0515/mode-exponential-0515-1.csv","gaussian",-0.837003,-0.156219,0.151796638557508,0.15179,0.204439,2.29401,-1.0914,-0.432428,-0.786063,-0.621936,0.679043,0.112285,0.731001,0.626883,0.252068,1.03127992156543
516,516,"/project/akaring/takeup-data/data/stan_analysis_data/main-core-exponential-cluster-weight-999/exponential-0516/mode-exponential-0516-1.csv","gaussian",-1.16529,-0.255413,0.0770329356829694,0.0770199,0.208501,1.41615,0.00703935,0.250656,0.238873,-0.368233,0.377697,0.031157,0.399969,0.93737,0.24049,1.02851127368639
517,517,"/project/akaring/takeup-data/data/stan_analysis_data/main-core-exponential-cluster-weight-999/exponential-0517/mode-exponential-0517-1.csv","gaussian",-1.72698,-0.322693,0.0246048549090574,0.0245911,0.157848,1.53443,-0.232361,0.0779802,-0.154122,-0.307825,0.410021,0.0598895,0.481604,1.34108,0.233123,1.02681367985093
518,518,"/project/akaring/takeup-data/data/stan_analysis_data/main-core-exponential-cluster-weight-999/exponential-0518/mode-exponential-0518-1.csv","gaussian",-0.874085,-0.136876,-0.0384559304253153,-0.0384635,0.154612,1.8682,-0.0563843,-0.0862567,-0.600213,-0.544938,0.36376,0.248604,0.937357,0.632703,0.250395,1.03087227920097
519,519,"/project/akaring/takeup-data/data/stan_analysis_data/main-core-exponential-cluster-weight-999/exponential-0519/mode-exponential-0519-1.csv","gaussian",-0.934733,-0.22214,0.089928792353612,0.0899269,0.196771,1.70592,-0.57037,0.0179476,0.397918,-0.540651,0.777544,0.208532,0.53956,0.701116,0.240358,1.02848041700559
520,520,"/project/akaring/takeup-data/data/stan_analysis_data/main-core-exponential-cluster-weight-999/exponential-0520/mode-exponential-0520-1.csv","gaussian",-0.831754,-0.0682545,0.186104838336102,0.186097,0.227939,1.65361,0.41676,-0.526385,-0.522516,-0.367878,0.0745602,0.2642,0.526455,0.643908,0.244624,1.02948574607714
521,521,"/project/akaring/takeup-data/data/stan_analysis_data/main-core-exponential-cluster-weight-999/exponential-0521/mode-exponential-0521-1.csv","gaussian",-1.25351,-0.252365,0.0239060754065523,0.0239032,0.232389,1.76873,-0.539282,-0.288063,0.125036,-0.344488,0.501855,0.123034,0.276727,1.03712,0.242767,1.02904607102355
522,522,"/project/akaring/takeup-data/data/stan_analysis_data/main-core-exponential-cluster-weight-999/exponential-0522/mode-exponential-0522-1.csv","gaussian",-1.09408,-0.325713,0.0008459151484756,0.000842946,0.175566,1.98978,-0.639014,-0.525762,-0.571143,-0.613883,0.681416,0.332522,0.878585,0.90262,0.241086,1.02865079565225
523,523,"/project/akaring/takeup-data/data/stan_analysis_data/main-core-exponential-cluster-weight-999/exponential-0523/mode-exponential-0523-1.csv","gaussian",-0.580962,-0.225241,0.139770114418805,0.139764,0.180745,1.94274,-0.584944,-0.680077,-0.0427491,-0.448083,0.553891,0.243013,0.319199,0.37163,0.247834,1.03025321720245
524,524,"/project/akaring/takeup-data/data/stan_analysis_data/main-core-exponential-cluster-weight-999/exponential-0524/mode-exponential-0524-1.csv","gaussian",-0.697503,-0.188335,0.0688048051127442,0.0687993,0.218643,1.77076,0.0152384,-0.719663,0.0514704,-0.531243,0.334645,0.497175,0.548077,0.589494,0.252005,1.03126452475832
525,525,"/project/akaring/takeup-data/data/stan_analysis_data/main-core-exponential-cluster-weight-999/exponential-0525/mode-exponential-0525-1.csv","gaussian",-2.19706,-0.362937,-0.113871885112552,-0.113887,0.188776,1.41094,-0.06312,0.249925,0.243265,-0.317542,0.385621,0.0990722,0.475699,1.82473,0.220147,1.02394565364037
526,526,"/project/akaring/takeup-data/data/stan_analysis_data/main-core-exponential-cluster-weight-999/exponential-0526/mode-exponential-0526-1.csv","gaussian",-1.84207,-0.145956,0.148736456348322,0.148732,0.227195,2.03826,-0.0546017,-0.147793,-0.571435,-0.547273,0.346927,0.248663,0.599772,1.39614,0.230366,1.02619125603174
527,527,"/project/akaring/takeup-data/data/stan_analysis_data/main-core-exponential-cluster-weight-999/exponential-0527/mode-exponential-0527-1.csv","gaussian",-0.884645,-0.198435,0.0062081656709098,0.00620206,0.183539,1.36265,-0.21673,0.0945346,-0.0310356,-0.29068,0.45977,0.14072,0.541057,0.689093,0.252203,1.03131292690871
528,528,"/project/akaring/takeup-data/data/stan_analysis_data/main-core-exponential-cluster-weight-999/exponential-0528/mode-exponential-0528-1.csv","gaussian",-1.25023,-0.281644,0.0679654276034885,0.0679625,0.14386,1.90387,-0.0669915,-0.174613,-0.199399,-0.535223,0.344496,0.181623,0.553992,0.89378,0.241187,1.02867447181749
529,529,"/project/akaring/takeup-data/data/stan_analysis_data/main-core-exponential-cluster-weight-999/exponential-0529/mode-exponential-0529-1.csv","gaussian",-1.87897,-0.0654336,0.204267503788396,0.204263,0.172576,1.76135,-0.0721174,0.00931312,-0.421118,-0.363219,0.193364,-0.00655584,0.567361,1.3461,0.229144,1.02591762473212
530,530,"/project/akaring/takeup-data/data/stan_analysis_data/main-core-exponential-cluster-weight-999/exponential-0530/mode-exponential-0530-1.csv","gaussian",-1.20801,-0.257115,-0.026791577122851,-0.0267993,0.132441,1.45107,0.603513,0.376605,0.024067,-0.341847,0.0785609,-0.108579,0.420016,0.928398,0.240599,1.02853676589658
531,531,"/project/akaring/takeup-data/data/stan_analysis_data/main-core-exponential-cluster-weight-999/exponential-0531/mode-exponential-0531-1.csv","gaussian",-1.04258,-0.127182,0.121011014566941,0.121006,0.214002,1.2777,0.205598,-0.232631,-0.0684962,-0.137364,0.172816,0.0243854,0.332855,0.784613,0.240185,1.02844000030386
532,532,"/project/akaring/takeup-data/data/stan_analysis_data/main-core-exponential-cluster-weight-999/exponential-0532/mode-exponential-0532-1.csv","gaussian",-0.976416,-0.275889,0.0433307111238312,0.0433254,0.219704,1.82362,-0.338214,-0.0312725,-0.241488,-0.492749,0.392815,0.193842,0.579774,0.812962,0.241851,1.02883035832007
533,533,"/project/akaring/takeup-data/data/stan_analysis_data/main-core-exponential-cluster-weight-999/exponential-0533/mode-exponential-0533-1.csv","gaussian",-1.22982,-0.179874,0.0906726522001639,0.0906626,0.191624,1.40725,0.0369407,0.351194,-0.208455,-0.179979,0.241248,-0.185899,0.434413,0.94792,0.240926,1.02861330803952
534,534,"/project/akaring/takeup-data/data/stan_analysis_data/main-core-exponential-cluster-weight-999/exponential-0534/mode-exponential-0534-1.csv","gaussian",-0.635048,-0.208838,0.10406029402391,0.104054,0.206062,1.76251,0.185671,0.0336217,-0.365622,-0.438839,0.262316,0.000857794,0.70186,0.529019,0.24875,1.03047395042281
535,535,"/project/akaring/takeup-data/data/stan_analysis_data/main-core-exponential-cluster-weight-999/exponential-0535/mode-exponential-0535-1.csv","gaussian",-0.86608,-0.276803,0.0320821884207449,0.0320792,0.162533,2.14002,0.167178,-0.736092,-0.496689,-0.6343,0.339339,0.431631,0.695931,0.657727,0.244017,1.0293416810219
536,536,"/project/akaring/takeup-data/data/stan_analysis_data/main-core-exponential-cluster-weight-999/exponential-0536/mode-exponential-0536-1.csv","gaussian",-1.53723,-0.0706854,0.121613292679506,0.121608,0.16619,2.14005,-0.961937,-0.745453,-0.699236,-0.608109,0.706196,0.428417,0.594303,1.14839,0.239252,1.02822250486167
537,537,"/project/akaring/takeup-data/data/stan_analysis_data/main-core-exponential-cluster-weight-999/exponential-0537/mode-exponential-0537-1.csv","gaussian",-1.66052,-0.343886,-0.100834286800221,-0.10084,0.158022,1.48748,0.170616,-0.0098062,0.0619199,-0.415096,0.307165,0.22499,0.384195,1.39005,0.231531,1.02645341051652
538,538,"/project/akaring/takeup-data/data/stan_analysis_data/main-core-exponential-cluster-weight-999/exponential-0538/mode-exponential-0538-1.csv","gaussian",-1.06025,-0.324948,-0.0270157774173038,-0.0270304,0.141019,1.94288,0.212215,0.0972349,-0.136749,-0.580663,0.422615,0.158877,0.595587,0.817241,0.242327,1.02894235743748
539,539,"/project/akaring/takeup-data/data/stan_analysis_data/main-core-exponential-cluster-weight-999/exponential-0539/mode-exponential-0539-1.csv","gaussian",-1.51311,-0.0389421,0.21496486210135,0.214948,0.167476,1.54968,0.197299,-0.0444578,0.100106,-0.26516,0.356323,-0.0416206,0.323078,1.0883,0.23618,1.02751204002678
540,540,"/project/akaring/takeup-data/data/stan_analysis_data/main-core-exponential-cluster-weight-999/exponential-0540/mode-exponential-0540-1.csv","gaussian",-1.61047,-0.00168222,0.177935717947843,0.177925,0.14766,2.33757,-0.965956,-0.474047,-0.77957,-0.654907,0.542481,0.281364,0.624107,1.10288,0.237207,1.02774858834688
541,541,"/project/akaring/takeup-data/data/stan_analysis_data/main-core-exponential-cluster-weight-999/exponential-0541/mode-exponential-0541-1.csv","gaussian",-1.00822,-0.0194945,0.198687965227335,0.198678,0.20691,1.8952,-0.0317692,-0.101344,-0.660061,-0.470403,0.230158,0.0403875,0.83034,0.687581,0.243101,1.02912491768541
542,542,"/project/akaring/takeup-data/data/stan_analysis_data/main-core-exponential-cluster-weight-999/exponential-0542/mode-exponential-0542-1.csv","gaussian",-1.29112,-0.301255,0.061643320576625,0.0616328,0.249738,1.18628,0.409998,0.158421,0.393892,-0.0528278,0.0694287,-0.0906595,0.336256,1.07821,0.237492,1.02781440448361
543,543,"/project/akaring/takeup-data/data/stan_analysis_data/main-core-exponential-cluster-weight-999/exponential-0543/mode-exponential-0543-1.csv","gaussian",-1.70555,-0.128273,0.229758055560686,0.229747,0.205482,1.5588,0.0854168,-0.399918,0.107939,-0.284639,0.286704,0.122949,0.318839,1.23669,0.232134,1.02658959373062
544,544,"/project/akaring/takeup-data/data/stan_analysis_data/main-core-exponential-cluster-weight-999/exponential-0544/mode-exponential-0544-1.csv","gaussian",-0.436169,-0.387807,-0.126134537493294,-0.126146,0.184265,1.50751,-0.024094,0.529255,-0.0678057,-0.44624,0.576719,0.00455084,0.674536,0.436896,0.244824,1.02953328793973
545,545,"/project/akaring/takeup-data/data/stan_analysis_data/main-core-exponential-cluster-weight-999/exponential-0545/mode-exponential-0545-1.csv","gaussian",-0.95009,-0.199525,0.170667373484771,0.170655,0.188497,2.0014,-0.257776,-0.561035,-0.153898,-0.476076,0.463692,0.320859,0.262259,0.66444,0.243179,1.0291433457206
546,546,"/project/akaring/takeup-data/data/stan_analysis_data/main-core-exponential-cluster-weight-999/exponential-0546/mode-exponential-0546-1.csv","gaussian",-1.47684,-0.301641,0.0641447208410036,0.0641368,0.202572,1.67699,-0.0667556,0.0856926,-0.365712,-0.470767,0.523313,0.174425,0.70086,1.15465,0.234695,1.02717172031993
547,547,"/project/akaring/takeup-data/data/stan_analysis_data/main-core-exponential-cluster-weight-999/exponential-0547/mode-exponential-0547-1.csv","gaussian",-0.898238,-0.26174,0.087498031930528,0.087487,0.212968,1.44886,-0.0866614,0.530442,0.0666457,-0.236347,0.285391,-0.233893,0.402098,0.709602,0.240575,1.02853115199541
548,548,"/project/akaring/takeup-data/data/stan_analysis_data/main-core-exponential-cluster-weight-999/exponential-0548/mode-exponential-0548-1.csv","gaussian",-0.969765,-0.278469,0.0032937177030295,0.00328836,0.187165,1.17139,0.212489,0.637735,0.0337307,-0.0596712,0.19682,-0.292655,0.525408,0.790666,0.241406,1.02872584143493
549,549,"/project/akaring/takeup-data/data/stan_analysis_data/main-core-exponential-cluster-weight-999/exponential-0549/mode-exponential-0549-1.csv","gaussian",-0.748268,-0.217261,0.0325580820375032,0.0325517,0.215463,1.56023,-0.0626085,-0.237104,0.400758,-0.323373,0.333615,0.132371,0.234286,0.631316,0.24769,1.03021858656307
550,550,"/project/akaring/takeup-data/data/stan_analysis_data/main-core-exponential-cluster-weight-999/exponential-0550/mode-exponential-0550-1.csv","gaussian",-0.95087,-0.18274,0.121635581588894,0.121631,0.214512,0.924158,0.944889,0.300489,0.463935,-0.11847,0.0388161,-0.0722371,0.228414,0.752307,0.247114,1.03008025366764
551,551,"/project/akaring/takeup-data/data/stan_analysis_data/main-core-exponential-cluster-weight-999/exponential-0551/mode-exponential-0551-1.csv","gaussian",-0.822053,-0.0565209,0.149452012119829,0.149444,0.255608,1.72484,-0.320017,-0.810147,0.0261143,-0.372762,0.334466,0.34903,0.394407,0.640826,0.24611,1.02983985750213
552,552,"/project/akaring/takeup-data/data/stan_analysis_data/main-core-exponential-cluster-weight-999/exponential-0552/mode-exponential-0552-1.csv","gaussian",-0.730547,-0.150084,0.0611997029797072,0.0611887,0.184107,1.88607,-0.0952391,-0.0495746,-0.513366,-0.428514,0.329376,0.0663864,0.675916,0.572604,0.247972,1.03028642269225
553,553,"/project/akaring/takeup-data/data/stan_analysis_data/main-core-exponential-cluster-weight-999/exponential-0553/mode-exponential-0553-1.csv","gaussian",-0.896844,-0.021891,0.229459602545253,0.229447,0.19065,2.10364,0.00694394,-0.000939234,-0.809059,-0.60441,0.250631,0.0204466,0.884494,0.549894,0.244967,1.02956730284571
554,554,"/project/akaring/takeup-data/data/stan_analysis_data/main-core-exponential-cluster-weight-999/exponential-0554/mode-exponential-0554-1.csv","gaussian",-0.884147,-0.373976,-0.142283553347776,-0.142294,0.140395,1.22712,1.20381,0.64115,0.602517,-0.304072,-0.0347456,-0.107418,0.329659,0.733846,0.241856,1.02883153370025
555,555,"/project/akaring/takeup-data/data/stan_analysis_data/main-core-exponential-cluster-weight-999/exponential-0555/mode-exponential-0555-1.csv","gaussian",-1.58959,-0.0638547,0.152670590600034,0.152661,0.193321,1.94432,-0.470825,-0.265417,0.297786,-0.360324,0.334941,0.0766679,0.116982,1.10742,0.2348,1.02719571650197
556,556,"/project/akaring/takeup-data/data/stan_analysis_data/main-core-exponential-cluster-weight-999/exponential-0556/mode-exponential-0556-1.csv","gaussian",-0.535132,-0.111553,0.145238237616839,0.145236,0.215982,1.94674,-0.00513741,-0.335199,-0.578971,-0.531396,0.454069,0.309527,0.635266,0.364478,0.250153,1.03081352504175
557,557,"/project/akaring/takeup-data/data/stan_analysis_data/main-core-exponential-cluster-weight-999/exponential-0557/mode-exponential-0557-1.csv","gaussian",-1.79256,-0.225015,0.175197253211475,0.175186,0.275425,1.9469,-0.594348,-0.295711,-0.567198,-0.515769,0.589993,0.268656,0.709296,1.47865,0.226769,1.02538976948329
558,558,"/project/akaring/takeup-data/data/stan_analysis_data/main-core-exponential-cluster-weight-999/exponential-0558/mode-exponential-0558-1.csv","gaussian",-1.81563,-0.104235,0.018521667853267,0.0185119,0.222322,1.80623,-0.69078,-0.852221,0.040303,-0.459501,0.53485,0.509412,0.550051,1.4459,0.230483,1.02621752727626
559,559,"/project/akaring/takeup-data/data/stan_analysis_data/main-core-exponential-cluster-weight-999/exponential-0559/mode-exponential-0559-1.csv","gaussian",-0.745876,-0.157739,0.002871311206029,0.00286192,0.167126,2.41383,-0.373283,-1.11423,-1.07407,-0.668601,0.514521,0.486891,0.864229,0.552949,0.249703,1.03070441359732
560,560,"/project/akaring/takeup-data/data/stan_analysis_data/main-core-exponential-cluster-weight-999/exponential-0560/mode-exponential-0560-1.csv","gaussian",-1.59397,-0.0582441,0.166450624396222,0.166442,0.145066,1.81179,-0.469454,0.263694,-0.0314984,-0.507767,0.554994,0.0276118,0.446814,1.12316,0.235116,1.0272679949536
561,561,"/project/akaring/takeup-data/data/stan_analysis_data/main-core-exponential-cluster-weight-999/exponential-0561/mode-exponential-0561-1.csv","gaussian",-1.79224,-0.304152,-0.116026363494502,-0.116039,0.177927,2.10776,-1.02333,-0.218351,-0.10659,-0.509072,0.636028,0.104303,0.271816,1.46993,0.231084,1.02635267576794
562,562,"/project/akaring/takeup-data/data/stan_analysis_data/main-core-exponential-cluster-weight-999/exponential-0562/mode-exponential-0562-1.csv","gaussian",-0.749951,-0.274626,0.0100203095148672,0.0100128,0.17136,1.43398,-0.167058,0.158436,0.285431,-0.384176,0.571236,0.0976746,0.435733,0.586213,0.249014,1.0305377102251
563,563,"/project/akaring/takeup-data/data/stan_analysis_data/main-core-exponential-cluster-weight-999/exponential-0563/mode-exponential-0563-1.csv","gaussian",-0.89894,-0.0864244,0.121051771598479,0.121045,0.221026,1.73545,0.278293,-0.0399952,-0.458152,-0.44706,0.121731,0.122022,0.752937,0.702236,0.250321,1.03085430737859
564,564,"/project/akaring/takeup-data/data/stan_analysis_data/main-core-exponential-cluster-weight-999/exponential-0564/mode-exponential-0564-1.csv","gaussian",-1.49886,-0.323672,-0.152926382297773,-0.152935,0.14229,1.74078,-0.720119,-0.179724,-0.283428,-0.328678,0.548792,0.115528,0.510773,1.22199,0.235947,1.02745850855837
565,565,"/project/akaring/takeup-data/data/stan_analysis_data/main-core-exponential-cluster-weight-999/exponential-0565/mode-exponential-0565-1.csv","gaussian",-1.06342,-0.0417349,0.119113365500068,0.119106,0.211689,1.23945,0.31015,0.26145,0.336505,-0.225278,0.261888,-0.00229718,0.277296,0.775621,0.24769,1.03021858656307
566,566,"/project/akaring/takeup-data/data/stan_analysis_data/main-core-exponential-cluster-weight-999/exponential-0566/mode-exponential-0566-1.csv","gaussian",-1.70551,-0.205334,0.0782180510340702,0.0782124,0.227842,2.05799,-0.719563,-0.107084,-0.540076,-0.558803,0.508695,0.183435,0.756234,1.35077,0.232543,1.02668215473388
567,567,"/project/akaring/takeup-data/data/stan_analysis_data/main-core-exponential-cluster-weight-999/exponential-0567/mode-exponential-0567-1.csv","gaussian",-0.837409,-0.172599,0.106672130659111,0.106662,0.152347,1.98166,-0.293429,-1.00278,-0.777424,-0.545915,0.476325,0.407735,0.759452,0.590885,0.250939,1.03100454980616
568,568,"/project/akaring/takeup-data/data/stan_analysis_data/main-core-exponential-cluster-weight-999/exponential-0568/mode-exponential-0568-1.csv","gaussian",-0.0489056,-0.0869346,0.0440527856364811,0.044043,0.209433,1.23249,0.242482,0.99096,0.46722,-0.180412,0.279992,-0.396616,0.133728,0.0364295,0.250957,1.03100893102291
569,569,"/project/akaring/takeup-data/data/stan_analysis_data/main-core-exponential-cluster-weight-999/exponential-0569/mode-exponential-0569-1.csv","gaussian",-0.963832,-0.17996,0.100684074959569,0.100676,0.235989,1.29139,0.0910702,-0.260463,0.643666,-0.285971,0.587851,0.275693,0.113952,0.792806,0.243023,1.02910649523215
570,570,"/project/akaring/takeup-data/data/stan_analysis_data/main-core-exponential-cluster-weight-999/exponential-0570/mode-exponential-0570-1.csv","gaussian",-1.29498,-0.17646,0.119727879433308,0.119723,0.263174,0.983106,0.279178,0.314255,0.884016,-0.177729,0.408563,0.0338247,0.0880346,1.09423,0.237835,1.0278937139729
571,571,"/project/akaring/takeup-data/data/stan_analysis_data/main-core-exponential-cluster-weight-999/exponential-0571/mode-exponential-0571-1.csv","gaussian",-1.75811,-0.14362,0.195688136251435,0.195681,0.198885,1.79443,-0.1706,-0.746731,-0.469316,-0.517969,0.509894,0.489875,0.630442,1.28629,0.232618,1.02669914479559
572,572,"/project/akaring/takeup-data/data/stan_analysis_data/main-core-exponential-cluster-weight-999/exponential-0572/mode-exponential-0572-1.csv","gaussian",-1.63672,-0.13973,0.031023577832678,0.0310222,0.146003,2.26304,-0.329266,-0.257228,-0.509951,-0.63179,0.459769,0.188241,0.615759,1.17908,0.238782,1.02811324450374
573,573,"/project/akaring/takeup-data/data/stan_analysis_data/main-core-exponential-cluster-weight-999/exponential-0573/mode-exponential-0573-1.csv","gaussian",-0.671305,-0.347564,-0.14811896278119,-0.148126,0.164815,0.98938,0.757868,0.44948,1.04935,-0.141392,0.0575155,-0.151329,0.0952858,0.601473,0.241554,1.02876058192176
574,574,"/project/akaring/takeup-data/data/stan_analysis_data/main-core-exponential-cluster-weight-999/exponential-0574/mode-exponential-0574-1.csv","gaussian",-1.61959,-0.298817,-0.0012792986712664,-0.00128916,0.127886,1.72218,-0.0547297,0.049903,-0.173797,-0.444685,0.452392,0.0677084,0.501238,1.24149,0.233649,1.0269332282096
575,575,"/project/akaring/takeup-data/data/stan_analysis_data/main-core-exponential-cluster-weight-999/exponential-0575/mode-exponential-0575-1.csv","gaussian",-1.13212,-0.0112642,0.0877495203657264,0.0877448,0.1735,1.68725,-0.690742,-0.155738,-0.389066,-0.482891,0.524063,0.15033,0.752018,0.842053,0.244864,1.02954280071107
576,576,"/project/akaring/takeup-data/data/stan_analysis_data/main-core-exponential-cluster-weight-999/exponential-0576/mode-exponential-0576-1.csv","gaussian",-1.26254,-0.376008,-0.01028243932272,-0.010295,0.157173,2.0693,-0.578004,-0.235527,-0.379672,-0.642082,0.612911,0.293045,0.6182,1.00888,0.237171,1.02774028005182
577,577,"/project/akaring/takeup-data/data/stan_analysis_data/main-core-exponential-cluster-weight-999/exponential-0577/mode-exponential-0577-1.csv","gaussian",-0.852561,-0.299996,-0.000825098284296,-0.000836436,0.169659,1.77966,-0.186428,0.151872,0.0115538,-0.534581,0.432803,0.115143,0.766876,0.689961,0.246548,1.02994461807614
578,578,"/project/akaring/takeup-data/data/stan_analysis_data/main-core-exponential-cluster-weight-999/exponential-0578/mode-exponential-0578-1.csv","gaussian",-1.33614,-0.243731,0.05683631259787,0.0568291,0.20828,1.72608,-0.138084,-0.130845,0.0557001,-0.49352,0.632301,0.227432,0.577299,1.08209,0.23951,1.02828256821751
579,579,"/project/akaring/takeup-data/data/stan_analysis_data/main-core-exponential-cluster-weight-999/exponential-0579/mode-exponential-0579-1.csv","gaussian",-0.675222,-0.146919,0.039383848175461,0.0393739,0.135217,1.78021,-0.0897692,0.0527539,-0.363465,-0.436723,0.323932,0.0806768,0.615392,0.44167,0.248565,1.03042930821333
580,580,"/project/akaring/takeup-data/data/stan_analysis_data/main-core-exponential-cluster-weight-999/exponential-0580/mode-exponential-0580-1.csv","gaussian",-1.29933,-0.068276,0.183965980648253,0.183957,0.216533,1.51875,-0.187524,-0.394525,-0.328461,-0.309602,0.501484,0.238382,0.53798,0.999588,0.24118,1.0286728305929
581,581,"/project/akaring/takeup-data/data/stan_analysis_data/main-core-exponential-cluster-weight-999/exponential-0581/mode-exponential-0581-1.csv","gaussian",-1.6709,-0.311409,-0.0063945473792928,-0.00640211,0.191017,1.5538,0.135846,0.228715,0.325263,-0.428464,0.462306,0.0952753,0.453373,1.32378,0.234763,1.02718725954375
582,582,"/project/akaring/takeup-data/data/stan_analysis_data/main-core-exponential-cluster-weight-999/exponential-0582/mode-exponential-0582-1.csv","gaussian",-1.18953,-0.161822,0.0653566551943455,0.0653474,0.203443,2.02812,0.0288299,-0.209192,-0.772247,-0.456708,0.271091,0.14083,0.656826,0.895229,0.242067,1.02888115566814
583,583,"/project/akaring/takeup-data/data/stan_analysis_data/main-core-exponential-cluster-weight-999/exponential-0583/mode-exponential-0583-1.csv","gaussian",-1.08043,-0.173294,0.0423136603159989,0.0423098,0.136706,1.81729,-0.241987,-0.103442,-0.301569,-0.526559,0.519567,0.240413,0.678959,0.758331,0.244643,1.02949026097822
584,584,"/project/akaring/takeup-data/data/stan_analysis_data/main-core-exponential-cluster-weight-999/exponential-0584/mode-exponential-0584-1.csv","gaussian",-0.883788,-0.0763385,0.132325847003772,0.132314,0.217366,1.87352,-0.325274,-0.383353,0.448455,-0.473311,0.541324,0.230455,0.160025,0.661044,0.249721,1.03070877450471
585,585,"/project/akaring/takeup-data/data/stan_analysis_data/main-core-exponential-cluster-weight-999/exponential-0585/mode-exponential-0585-1.csv","gaussian",-1.35913,0.090648,0.083101832656136,0.0830963,0.16904,1.85075,-0.672373,-0.327445,-0.305818,-0.510967,0.633605,0.252171,0.601373,0.959338,0.241912,1.02884469952661
586,586,"/project/akaring/takeup-data/data/stan_analysis_data/main-core-exponential-cluster-weight-999/exponential-0586/mode-exponential-0586-1.csv","gaussian",-1.31711,-0.110205,0.082783125867313,0.0827738,0.184972,1.79868,-0.769285,-0.107036,0.205115,-0.398833,0.503286,0.14835,0.255298,1.025,0.242432,1.0289670911278
587,587,"/project/akaring/takeup-data/data/stan_analysis_data/main-core-exponential-cluster-weight-999/exponential-0587/mode-exponential-0587-1.csv","gaussian",-1.12706,-0.256603,0.189793800364661,0.189783,0.201821,1.76235,0.349865,-0.544553,-0.576478,-0.416876,0.217775,0.200752,0.618481,0.894531,0.240023,1.02840217839569
588,588,"/project/akaring/takeup-data/data/stan_analysis_data/main-core-exponential-cluster-weight-999/exponential-0588/mode-exponential-0588-1.csv","gaussian",-1.06136,-0.134541,0.094692866776004,0.0946829,0.208213,1.75753,-0.0586117,0.38493,-0.279438,-0.496634,0.381757,0.0516256,0.668568,0.808631,0.242132,1.02889645029225
589,589,"/project/akaring/takeup-data/data/stan_analysis_data/main-core-exponential-cluster-weight-999/exponential-0589/mode-exponential-0589-1.csv","gaussian",-0.850514,-0.163157,-0.0838676760518852,-0.0838765,0.181223,1.23667,0.491413,0.697885,0.300454,-0.296434,0.144911,-0.101243,0.366588,0.730571,0.249542,1.03066542086363
590,590,"/project/akaring/takeup-data/data/stan_analysis_data/main-core-exponential-cluster-weight-999/exponential-0590/mode-exponential-0590-1.csv","gaussian",0.032666,-0.325844,-0.0564357130113216,-0.0564429,0.164365,2.2543,-1.00116,-0.475096,-0.804957,-0.682912,0.72691,0.404527,0.856405,0.00330925,0.25003,1.03078368288405
591,591,"/project/akaring/takeup-data/data/stan_analysis_data/main-core-exponential-cluster-weight-999/exponential-0591/mode-exponential-0591-1.csv","gaussian",-0.566301,-0.281549,0.008444123343665,0.00843637,0.181978,1.87301,-0.197611,-0.81339,-0.127567,-0.503782,0.486693,0.475403,0.548543,0.430661,0.248049,1.03030495796196
592,592,"/project/akaring/takeup-data/data/stan_analysis_data/main-core-exponential-cluster-weight-999/exponential-0592/mode-exponential-0592-1.csv","gaussian",-0.874182,-0.330319,-0.0394160161146244,-0.0394252,0.193051,1.39893,0.192573,-0.178457,-0.0922071,-0.307653,0.2482,0.134426,0.588781,0.773355,0.239066,1.02817924135629
593,593,"/project/akaring/takeup-data/data/stan_analysis_data/main-core-exponential-cluster-weight-999/exponential-0593/mode-exponential-0593-1.csv","gaussian",-0.431891,-0.129985,-0.0401510094260286,-0.0401545,0.205414,2.04645,-0.884105,-0.956191,-0.75536,-0.569594,0.689054,0.492807,0.781462,0.408326,0.251515,1.03114489535904
594,594,"/project/akaring/takeup-data/data/stan_analysis_data/main-core-exponential-cluster-weight-999/exponential-0594/mode-exponential-0594-1.csv","gaussian",-2.11247,-0.240594,-0.0883519604732767,-0.0883588,0.170013,1.80881,-0.264509,-0.0979646,-0.202849,-0.481478,0.347538,0.200282,0.621658,1.72736,0.221395,1.02421469723149
595,595,"/project/akaring/takeup-data/data/stan_analysis_data/main-core-exponential-cluster-weight-999/exponential-0595/mode-exponential-0595-1.csv","gaussian",-1.16972,-0.166264,0.153217503912193,0.153213,0.202202,2.00322,-0.573666,-1.06471,-0.190458,-0.399293,0.396259,0.378384,0.373021,0.870085,0.243098,1.0291242090263
596,596,"/project/akaring/takeup-data/data/stan_analysis_data/main-core-exponential-cluster-weight-999/exponential-0596/mode-exponential-0596-1.csv","gaussian",-0.989137,-0.161285,0.181810855866318,0.181804,0.257409,1.39951,0.13148,0.142357,0.420427,-0.229999,0.191734,-0.0171522,0.156632,0.779378,0.240225,1.02844934276074
597,597,"/project/akaring/takeup-data/data/stan_analysis_data/main-core-exponential-cluster-weight-999/exponential-0597/mode-exponential-0597-1.csv","gaussian",-1.11283,-0.227241,0.0453782779040296,0.0453682,0.186722,1.66835,0.052201,-0.0266615,-0.00175646,-0.333908,0.240364,-0.0138238,0.314271,0.858677,0.245376,1.02966469366294
598,598,"/project/akaring/takeup-data/data/stan_analysis_data/main-core-exponential-cluster-weight-999/exponential-0598/mode-exponential-0598-1.csv","gaussian",-1.53031,-0.161682,-0.0214816607180025,-0.0214849,0.141288,1.76874,-0.00884555,0.128941,-0.171103,-0.487013,0.382108,0.15924,0.557168,1.14286,0.242011,1.02886798187182
599,599,"/project/akaring/takeup-data/data/stan_analysis_data/main-core-exponential-cluster-weight-999/exponential-0599/mode-exponential-0599-1.csv","gaussian",-2.40795,-0.228236,0.0487050766949456,0.0486851,0.23983,1.74915,-0.289023,-0.0737388,0.194592,-0.385809,0.457807,0.20428,0.204645,1.90662,0.219849,1.02388162538499
600,600,"/project/akaring/takeup-data/data/stan_analysis_data/main-core-exponential-cluster-weight-999/exponential-0600/mode-exponential-0600-1.csv","gaussian",-1.13976,-0.253652,-0.0063794102417982,-0.00638775,0.207224,1.76179,-0.44206,-0.16644,0.041674,-0.485265,0.59704,0.271319,0.424978,0.947247,0.241607,1.02877302766402
601,601,"/project/akaring/takeup-data/data/stan_analysis_data/main-core-exponential-cluster-weight-999/exponential-0601/mode-exponential-0601-1.csv","gaussian",-1.74693,-0.347336,0.017646239216544,0.0176352,0.231173,1.02931,0.416512,0.0381978,0.257383,-0.137582,0.272849,0.0819539,0.400235,1.43722,0.230307,1.02617801294366
602,602,"/project/akaring/takeup-data/data/stan_analysis_data/main-core-exponential-cluster-weight-999/exponential-0602/mode-exponential-0602-1.csv","gaussian",-0.851237,-0.0936178,0.0532466444141858,0.0532409,0.182112,1.73328,-0.262661,0.0557912,0.144692,-0.537972,0.554094,0.248365,0.584004,0.60991,0.249249,1.03059451968318
603,603,"/project/akaring/takeup-data/data/stan_analysis_data/main-core-exponential-cluster-weight-999/exponential-0603/mode-exponential-0603-1.csv","gaussian",-0.970182,-0.224943,0.0973856233844042,0.0973767,0.249995,1.73049,0.134975,-0.532099,-0.045001,-0.317938,0.289205,0.192628,0.36629,0.809039,0.247553,1.0301856569614
604,604,"/project/akaring/takeup-data/data/stan_analysis_data/main-core-exponential-cluster-weight-999/exponential-0604/mode-exponential-0604-1.csv","gaussian",-1.81014,-0.229672,0.005052657584098,0.00504589,0.143035,2.1478,-0.379933,-0.435004,-0.407058,-0.590533,0.500323,0.315654,0.577253,1.36797,0.233556,1.02691207273846
605,605,"/project/akaring/takeup-data/data/stan_analysis_data/main-core-exponential-cluster-weight-999/exponential-0605/mode-exponential-0605-1.csv","gaussian",-1.64903,-0.113723,0.0796011711285882,0.0795917,0.194739,2.10971,-0.936863,-0.157021,-0.128494,-0.583333,0.772689,0.153806,0.55145,1.21409,0.236616,1.02761234493169
606,606,"/project/akaring/takeup-data/data/stan_analysis_data/main-core-exponential-cluster-weight-999/exponential-0606/mode-exponential-0606-1.csv","gaussian",-1.19734,-0.150359,0.0233353348450964,0.0233292,0.140256,1.57292,0.322921,-0.323059,0.0731771,-0.353717,0.16773,0.12777,0.461513,0.910123,0.242487,1.02898005090915
607,607,"/project/akaring/takeup-data/data/stan_analysis_data/main-core-exponential-cluster-weight-999/exponential-0607/mode-exponential-0607-1.csv","gaussian",-0.692794,-0.328731,-0.0263694225603475,-0.0263795,0.187435,0.574112,0.941558,0.740575,0.958668,-0.052964,0.0209841,-0.214447,0.19729,0.598893,0.244549,1.02946792732994
608,608,"/project/akaring/takeup-data/data/stan_analysis_data/main-core-exponential-cluster-weight-999/exponential-0608/mode-exponential-0608-1.csv","gaussian",-1.31845,-0.00548335,0.113531942992062,0.113522,0.146059,2.25415,-0.136627,-0.0528515,-0.443704,-0.609966,0.38403,0.0840838,0.561297,0.897364,0.245408,1.0296723199465
609,609,"/project/akaring/takeup-data/data/stan_analysis_data/main-core-exponential-cluster-weight-999/exponential-0609/mode-exponential-0609-1.csv","gaussian",-1.69645,-0.286637,0.125213096604937,0.125201,0.167218,1.91342,-0.256699,-0.537729,0.333702,-0.477065,0.453216,0.321143,0.175436,1.28122,0.235057,1.02725449293201
610,610,"/project/akaring/takeup-data/data/stan_analysis_data/main-core-exponential-cluster-weight-999/exponential-0610/mode-exponential-0610-1.csv","gaussian",-1.33814,-0.104272,0.119360201971244,0.11935,0.180341,1.99391,-0.15019,-0.621629,-0.462673,-0.405047,0.297255,0.171074,0.480802,1.00189,0.242162,1.02890351065783
611,611,"/project/akaring/takeup-data/data/stan_analysis_data/main-core-exponential-cluster-weight-999/exponential-0611/mode-exponential-0611-1.csv","gaussian",-1.35545,-0.321304,0.104507824169,0.104493,0.2286,1.21957,0.0151757,0.494118,0.310294,-0.235686,0.329449,-0.0511346,0.392924,1.0574,0.236643,1.02761856223455
612,612,"/project/akaring/takeup-data/data/stan_analysis_data/main-core-exponential-cluster-weight-999/exponential-0612/mode-exponential-0612-1.csv","gaussian",-1.66212,-0.0992568,0.0796675251240526,0.0796588,0.186316,1.83631,-0.351075,-0.265074,0.0262216,-0.503445,0.529831,0.19243,0.431706,1.25295,0.234937,1.02722704110094
613,613,"/project/akaring/takeup-data/data/stan_analysis_data/main-core-exponential-cluster-weight-999/exponential-0613/mode-exponential-0613-1.csv","gaussian",-1.87966,-0.165259,0.101489978869185,0.10148,0.200187,1.66313,-0.307722,-0.148013,-0.180087,-0.380837,0.555902,0.132281,0.481986,1.45834,0.235101,1.02726456193183
614,614,"/project/akaring/takeup-data/data/stan_analysis_data/main-core-exponential-cluster-weight-999/exponential-0614/mode-exponential-0614-1.csv","gaussian",-1.0482,-0.171644,0.0706264621074422,0.0706161,0.22195,1.63847,-0.0185774,-0.2094,-0.517488,-0.370976,0.298125,0.0999002,0.795256,0.82829,0.246577,1.029951560477
615,615,"/project/akaring/takeup-data/data/stan_analysis_data/main-core-exponential-cluster-weight-999/exponential-0615/mode-exponential-0615-1.csv","gaussian",-1.19315,-0.284685,0.042550481078872,0.0425466,0.094343,1.43943,1.07721,0.456862,0.439158,-0.376543,0.0322117,-0.150178,0.287688,0.839745,0.242071,1.02888209676376
616,616,"/project/akaring/takeup-data/data/stan_analysis_data/main-core-exponential-cluster-weight-999/exponential-0616/mode-exponential-0616-1.csv","gaussian",-0.892859,-0.254755,-0.011419047474106,-0.0114292,0.182739,1.74606,-0.20488,-0.200131,-0.408452,-0.63503,0.602478,0.462212,1.08667,0.757134,0.245119,1.02960347909329
617,617,"/project/akaring/takeup-data/data/stan_analysis_data/main-core-exponential-cluster-weight-999/exponential-0617/mode-exponential-0617-1.csv","gaussian",-2.00625,-0.305073,-0.17824550815713,-0.178257,0.16621,1.3837,-0.0516765,0.342324,-0.184614,-0.265625,0.307398,0.0165443,0.811608,1.65869,0.227672,1.02558984959096
618,618,"/project/akaring/takeup-data/data/stan_analysis_data/main-core-exponential-cluster-weight-999/exponential-0618/mode-exponential-0618-1.csv","gaussian",-1.24911,-0.279223,0.0999275283545494,0.0999217,0.19236,1.49462,0.326378,-0.0713058,0.104032,-0.323328,0.152712,0.0189368,0.292016,1.00101,0.241469,1.02874062715584
619,619,"/project/akaring/takeup-data/data/stan_analysis_data/main-core-exponential-cluster-weight-999/exponential-0619/mode-exponential-0619-1.csv","gaussian",-1.40219,-0.249231,-0.0140670859603565,-0.0140748,0.220652,1.74969,0.0680936,-0.0909246,0.100995,-0.428141,0.400972,0.21145,0.355692,1.14992,0.240019,1.02840124482665
620,620,"/project/akaring/takeup-data/data/stan_analysis_data/main-core-exponential-cluster-weight-999/exponential-0620/mode-exponential-0620-1.csv","gaussian",-1.10121,-0.171557,-0.0337685225260464,-0.0337736,0.195307,1.66381,-0.174731,-0.326811,-0.216235,-0.464268,0.483953,0.365108,0.666694,0.86428,0.244103,1.02936207167789
621,621,"/project/akaring/takeup-data/data/stan_analysis_data/main-core-exponential-cluster-weight-999/exponential-0621/mode-exponential-0621-1.csv","gaussian",-0.726397,-0.291522,-0.070582064309414,-0.0705929,0.148821,1.12546,0.322676,0.374385,0.377088,-0.259649,0.370255,0.0221198,0.349782,0.603862,0.248391,1.03038734895232
622,622,"/project/akaring/takeup-data/data/stan_analysis_data/main-core-exponential-cluster-weight-999/exponential-0622/mode-exponential-0622-1.csv","gaussian",-2.29188,-0.268891,0.113613740621318,0.113607,0.140313,1.97218,-0.271598,-0.6053,0.0437969,-0.529135,0.471435,0.348779,0.453382,1.71666,0.227484,1.02554813161353
623,623,"/project/akaring/takeup-data/data/stan_analysis_data/main-core-exponential-cluster-weight-999/exponential-0623/mode-exponential-0623-1.csv","gaussian",-1.25467,-0.0948437,-0.0090377621478308,-0.00904611,0.187192,2.14536,-0.86234,-0.384579,-0.38603,-0.648217,0.666127,0.388838,0.713926,0.965251,0.242539,1.02899230634685
624,624,"/project/akaring/takeup-data/data/stan_analysis_data/main-core-exponential-cluster-weight-999/exponential-0624/mode-exponential-0624-1.csv","gaussian",-1.41082,-0.286614,0.02603391566106,0.0260266,0.226206,1.91412,-0.00381371,-0.27511,-0.131662,-0.56095,0.44582,0.245137,0.598241,1.17742,0.234274,1.0270756092304
625,625,"/project/akaring/takeup-data/data/stan_analysis_data/main-core-exponential-cluster-weight-999/exponential-0625/mode-exponential-0625-1.csv","gaussian",-1.59967,-0.230612,0.0865639358273016,0.0865515,0.182169,1.47229,0.231323,-0.042359,-0.175995,-0.320758,0.273246,0.0794848,0.584025,1.29003,0.23596,1.02746149397435
626,626,"/project/akaring/takeup-data/data/stan_analysis_data/main-core-exponential-cluster-weight-999/exponential-0626/mode-exponential-0626-1.csv","gaussian",-1.47165,-0.120873,0.124420036401288,0.12441,0.283612,1.88549,0.121858,-0.830115,-0.133307,-0.394953,0.201636,0.414736,0.407077,1.21799,0.238134,1.02796293802646
627,627,"/project/akaring/takeup-data/data/stan_analysis_data/main-core-exponential-cluster-weight-999/exponential-0627/mode-exponential-0627-1.csv","gaussian",-1.60275,-0.239048,-0.0042616922496981,-0.00427119,0.204904,1.77201,0.164129,0.0626451,-0.433356,-0.368596,0.292184,0.0336337,0.567135,1.25208,0.235176,1.02728172911621
628,628,"/project/akaring/takeup-data/data/stan_analysis_data/main-core-exponential-cluster-weight-999/exponential-0628/mode-exponential-0628-1.csv","gaussian",-1.32324,-0.175998,0.152282369617795,0.15227,0.175012,2.10881,-0.538538,-1.20459,-0.518759,-0.579783,0.520394,0.500433,0.467908,1.00717,0.240205,1.02844467134844
629,629,"/project/akaring/takeup-data/data/stan_analysis_data/main-core-exponential-cluster-weight-999/exponential-0629/mode-exponential-0629-1.csv","gaussian",-1.78043,-0.407996,-0.0150918360047432,-0.015102,0.114865,1.97943,0.620532,-0.0463238,-0.220443,-0.626866,0.321836,0.227448,0.737984,1.31605,0.2311,1.02635627829716
630,630,"/project/akaring/takeup-data/data/stan_analysis_data/main-core-exponential-cluster-weight-999/exponential-0630/mode-exponential-0630-1.csv","gaussian",-1.42901,-0.184791,0.0702737206169333,0.0702653,0.228583,1.39964,0.260461,-0.111321,0.18149,-0.196833,0.0753129,0.0891763,0.321994,1.1301,0.237772,1.02787913880183
631,631,"/project/akaring/takeup-data/data/stan_analysis_data/main-core-exponential-cluster-weight-999/exponential-0631/mode-exponential-0631-1.csv","gaussian",-2.14033,-0.118932,0.221182718495704,0.221179,0.241987,1.83914,-0.195914,-0.655244,-0.208066,-0.397592,0.310674,0.311604,0.418,1.66362,0.2258,1.02517590685696
632,632,"/project/akaring/takeup-data/data/stan_analysis_data/main-core-exponential-cluster-weight-999/exponential-0632/mode-exponential-0632-1.csv","gaussian",-1.03383,-0.14985,-0.0253545202976198,-0.0253605,0.177361,1.82797,-0.403794,-0.331672,-0.397713,-0.411805,0.459119,0.186283,0.561211,0.808692,0.246094,1.02983603395686
633,633,"/project/akaring/takeup-data/data/stan_analysis_data/main-core-exponential-cluster-weight-999/exponential-0633/mode-exponential-0633-1.csv","gaussian",-1.78767,-0.291673,0.00590265645458236,0.00589849,0.165845,1.67308,-0.313933,0.194137,-0.141182,-0.333304,0.246665,-0.0720744,0.358092,1.41553,0.232291,1.02662510620041
634,634,"/project/akaring/takeup-data/data/stan_analysis_data/main-core-exponential-cluster-weight-999/exponential-0634/mode-exponential-0634-1.csv","gaussian",-1.52695,-0.0534671,0.138894816837428,0.138887,0.193296,1.82551,-0.341943,-0.751697,-0.45787,-0.295386,0.244384,0.123436,0.735685,1.12628,0.241186,1.02867423735408
635,635,"/project/akaring/takeup-data/data/stan_analysis_data/main-core-exponential-cluster-weight-999/exponential-0635/mode-exponential-0635-1.csv","gaussian",-1.43973,-0.368454,-0.0981789709086767,-0.0981845,0.173263,1.70564,0.379801,0.290044,-0.162073,-0.39405,0.208894,0.0367132,0.583544,1.18345,0.233366,1.02686887671017
636,636,"/project/akaring/takeup-data/data/stan_analysis_data/main-core-exponential-cluster-weight-999/exponential-0636/mode-exponential-0636-1.csv","gaussian",-0.156979,-0.20593,-0.087519117114197,-0.0875237,0.173055,1.67238,-0.219933,-0.131266,-0.359246,-0.454475,0.502804,0.187292,0.544447,0.158909,0.250535,1.03090629361984
637,637,"/project/akaring/takeup-data/data/stan_analysis_data/main-core-exponential-cluster-weight-999/exponential-0637/mode-exponential-0637-1.csv","gaussian",-0.704371,-0.388662,-0.0710260970548898,-0.0710425,0.121515,1.46033,0.248329,0.204283,-0.361117,-0.37383,0.367992,-0.010304,0.865715,0.611059,0.242192,1.02891057184966
638,638,"/project/akaring/takeup-data/data/stan_analysis_data/main-core-exponential-cluster-weight-999/exponential-0638/mode-exponential-0638-1.csv","gaussian",-0.640743,-0.202961,-0.020913296669892,-0.0209196,0.15437,2.04699,-0.433174,-0.0388029,-0.265734,-0.591621,0.566626,0.190528,0.594529,0.474769,0.250531,1.03090532153103
639,639,"/project/akaring/takeup-data/data/stan_analysis_data/main-core-exponential-cluster-weight-999/exponential-0639/mode-exponential-0639-1.csv","gaussian",-1.39117,-0.139994,0.142395622574406,0.142392,0.219224,1.79697,-0.429168,0.0185364,-0.190566,-0.485252,0.513468,0.171477,0.527513,1.06354,0.239544,1.02829048810927
640,640,"/project/akaring/takeup-data/data/stan_analysis_data/main-core-exponential-cluster-weight-999/exponential-0640/mode-exponential-0640-1.csv","gaussian",-0.41123,-0.291597,-0.0295583694225712,-0.029569,0.184287,1.18867,0.659378,0.511417,0.350825,-0.266153,0.202974,-0.156087,0.441522,0.371608,0.246734,1.02998915856236
641,641,"/project/akaring/takeup-data/data/stan_analysis_data/main-core-exponential-cluster-weight-999/exponential-0641/mode-exponential-0641-1.csv","gaussian",-0.6458,-0.154784,0.119764712608346,0.119759,0.203948,2.26844,-0.556138,-1.1143,-0.377522,-0.685398,0.709151,0.616297,0.547286,0.474376,0.249929,1.03075918867648
642,642,"/project/akaring/takeup-data/data/stan_analysis_data/main-core-exponential-cluster-weight-999/exponential-0642/mode-exponential-0642-1.csv","gaussian",-1.00445,-0.254129,-0.0762096456679146,-0.0762131,0.204127,1.81647,0.0250204,-0.55396,-0.190042,-0.552457,0.343049,0.367997,0.643551,0.872284,0.240517,1.02851758725313
643,643,"/project/akaring/takeup-data/data/stan_analysis_data/main-core-exponential-cluster-weight-999/exponential-0643/mode-exponential-0643-1.csv","gaussian",-1.54849,-0.271887,0.005153900888427,0.0051475,0.165833,1.69542,-0.346016,-0.0353739,0.234597,-0.348599,0.346725,0.0333878,0.415492,1.21359,0.236035,1.02747872057041
644,644,"/project/akaring/takeup-data/data/stan_analysis_data/main-core-exponential-cluster-weight-999/exponential-0644/mode-exponential-0644-1.csv","gaussian",-1.55486,-0.273986,-0.0075585591346542,-0.00756489,0.180097,1.40944,0.049644,0.449134,0.208426,-0.306142,0.103122,-0.0507303,0.270128,1.3133,0.234266,1.0270737844751
645,645,"/project/akaring/takeup-data/data/stan_analysis_data/main-core-exponential-cluster-weight-999/exponential-0645/mode-exponential-0645-1.csv","gaussian",-0.537846,-0.337828,0.079231439618364,0.0792232,0.204867,1.30889,0.311553,-0.244408,0.319336,-0.390979,0.421969,0.272625,0.461139,0.423974,0.249715,1.03070732083604
646,646,"/project/akaring/takeup-data/data/stan_analysis_data/main-core-exponential-cluster-weight-999/exponential-0646/mode-exponential-0646-1.csv","gaussian",-1.31864,-0.13683,0.122718506062799,0.122712,0.194421,1.83595,-0.336204,-0.561884,-0.314794,-0.395001,0.41536,0.275119,0.51698,0.97314,0.243941,1.02932366701684
647,647,"/project/akaring/takeup-data/data/stan_analysis_data/main-core-exponential-cluster-weight-999/exponential-0647/mode-exponential-0647-1.csv","gaussian",-0.427738,-0.211815,-0.0434560535151216,-0.0434608,0.197115,1.67539,-0.202919,-0.120033,-0.236359,-0.490241,0.450325,0.265908,0.823635,0.367577,0.254773,1.03194441784866
648,648,"/project/akaring/takeup-data/data/stan_analysis_data/main-core-exponential-cluster-weight-999/exponential-0648/mode-exponential-0648-1.csv","gaussian",-1.08743,-0.00725213,0.211667041136432,0.21166,0.212343,2.33984,-1.26682,-1.12884,-0.935812,-0.695309,0.979951,0.512687,0.868116,0.754997,0.243758,1.02928031291966
649,649,"/project/akaring/takeup-data/data/stan_analysis_data/main-core-exponential-cluster-weight-999/exponential-0649/mode-exponential-0649-1.csv","gaussian",-0.404644,-0.101234,0.101378921188452,0.101363,0.19956,1.65145,-0.124512,-0.150484,0.229507,-0.353436,0.38271,0.248373,0.222355,0.270122,0.25568,1.03216871799139
650,650,"/project/akaring/takeup-data/data/stan_analysis_data/main-core-exponential-cluster-weight-999/exponential-0650/mode-exponential-0650-1.csv","gaussian",-1.57448,-0.390918,-0.0938929579046281,-0.0938987,0.131439,1.6419,0.173348,0.0944555,0.0322951,-0.362743,0.293823,0.109182,0.286704,1.24552,0.230196,1.02615310671264
651,651,"/project/akaring/takeup-data/data/stan_analysis_data/main-core-exponential-cluster-weight-999/exponential-0651/mode-exponential-0651-1.csv","gaussian",-0.980061,-0.152099,0.115920087156348,0.115915,0.196725,1.63901,0.513982,-0.0511656,-0.0689112,-0.493661,0.218876,0.146921,0.650242,0.736979,0.240011,1.0283993777327
652,652,"/project/akaring/takeup-data/data/stan_analysis_data/main-core-exponential-cluster-weight-999/exponential-0652/mode-exponential-0652-1.csv","gaussian",-1.10146,-0.128829,0.11734828668726,0.117335,0.203123,1.28183,0.220847,0.391205,0.0882445,-0.287022,0.235828,0.0265765,0.405977,0.84201,0.24315,1.02913649361977
653,653,"/project/akaring/takeup-data/data/stan_analysis_data/main-core-exponential-cluster-weight-999/exponential-0653/mode-exponential-0653-1.csv","gaussian",-1.63378,-0.332343,0.0759191910455932,0.0759084,0.209241,1.6137,-0.178395,-0.233171,-0.0120787,-0.391689,0.464703,0.15801,0.473301,1.35065,0.226955,1.02543092016235
654,654,"/project/akaring/takeup-data/data/stan_analysis_data/main-core-exponential-cluster-weight-999/exponential-0654/mode-exponential-0654-1.csv","gaussian",-1.75663,-0.0981406,0.0874380832962708,0.0874337,0.203666,1.75033,-0.493661,-0.22383,-0.277828,-0.443934,0.535704,0.204524,0.647101,1.38899,0.232216,1.02660813880273
655,655,"/project/akaring/takeup-data/data/stan_analysis_data/main-core-exponential-cluster-weight-999/exponential-0655/mode-exponential-0655-1.csv","gaussian",-1.35199,-0.323844,-0.0243929072066841,-0.0243975,0.170489,1.62427,0.254683,0.0808031,-0.39995,-0.510805,0.306037,0.183268,1.07153,1.12322,0.237013,1.02770382998654
656,656,"/project/akaring/takeup-data/data/stan_analysis_data/main-core-exponential-cluster-weight-999/exponential-0656/mode-exponential-0656-1.csv","gaussian",-1.12785,-0.179976,-0.0308555714678172,-0.0308667,0.174099,1.62689,0.116029,-0.263103,0.478809,-0.3103,0.116501,0.0885042,0.179307,0.958324,0.241361,1.02871528243776
657,657,"/project/akaring/takeup-data/data/stan_analysis_data/main-core-exponential-cluster-weight-999/exponential-0657/mode-exponential-0657-1.csv","gaussian",-0.940687,-0.200122,0.0650462083153289,0.0650439,0.162153,1.90194,-0.291175,-0.351217,-0.27445,-0.554435,0.546946,0.204307,0.619842,0.688002,0.242757,1.02904371192336
658,658,"/project/akaring/takeup-data/data/stan_analysis_data/main-core-exponential-cluster-weight-999/exponential-0658/mode-exponential-0658-1.csv","gaussian",-1.53312,-0.148001,0.0716585041255336,0.0716488,0.134052,1.38984,0.118786,0.381808,0.517945,-0.121318,0.183373,-0.155735,-0.0229214,1.10445,0.237331,1.02777721494544
659,659,"/project/akaring/takeup-data/data/stan_analysis_data/main-core-exponential-cluster-weight-999/exponential-0659/mode-exponential-0659-1.csv","gaussian",-0.661655,-0.204523,0.098616268796311,0.0986109,0.190992,1.56546,-0.0291789,0.0263735,-0.194136,-0.390837,0.429421,0.0219086,0.650507,0.459805,0.250456,1.03088709756986
660,660,"/project/akaring/takeup-data/data/stan_analysis_data/main-core-exponential-cluster-weight-999/exponential-0660/mode-exponential-0660-1.csv","gaussian",-1.67732,-0.40651,0.0296244223274268,0.0296152,0.213916,1.40824,0.17174,0.237541,-0.0129165,-0.338058,0.283914,0.107553,0.395675,1.40333,0.228618,1.02580026804637
661,661,"/project/akaring/takeup-data/data/stan_analysis_data/main-core-exponential-cluster-weight-999/exponential-0661/mode-exponential-0661-1.csv","gaussian",-0.55247,-0.0387491,0.0545861484833067,0.0545825,0.237858,1.71389,0.166031,-0.00730906,-0.575119,-0.457191,0.333847,0.118427,0.725332,0.456026,0.243118,1.02912893357635
662,662,"/project/akaring/takeup-data/data/stan_analysis_data/main-core-exponential-cluster-weight-999/exponential-0662/mode-exponential-0662-1.csv","gaussian",-0.821147,-0.00200768,0.123300581007448,0.123283,0.199134,1.80433,-0.167585,-0.225996,0.163537,-0.465773,0.440707,0.142395,0.473955,0.576416,0.24861,1.03044016425021
663,663,"/project/akaring/takeup-data/data/stan_analysis_data/main-core-exponential-cluster-weight-999/exponential-0663/mode-exponential-0663-1.csv","gaussian",-1.38647,-0.240203,0.0983856916097966,0.098382,0.206188,2.36558,-0.727327,-0.564745,-0.886989,-0.631261,0.572395,0.313879,0.883984,1.08054,0.236775,1.02764896760762
664,664,"/project/akaring/takeup-data/data/stan_analysis_data/main-core-exponential-cluster-weight-999/exponential-0664/mode-exponential-0664-1.csv","gaussian",-1.30819,-0.214314,0.043705760912888,0.0436931,0.208442,1.31468,0.37031,0.132072,0.0912418,-0.260861,0.145045,0.106078,0.505382,1.04453,0.238207,1.0279798513828
665,665,"/project/akaring/takeup-data/data/stan_analysis_data/main-core-exponential-cluster-weight-999/exponential-0665/mode-exponential-0665-1.csv","gaussian",-0.586032,-0.201204,0.0873076701091779,0.0872982,0.21301,2.07177,-0.483082,-0.70698,-0.450399,-0.612002,0.737295,0.36027,0.727822,0.459375,0.24939,1.03062862957517
666,666,"/project/akaring/takeup-data/data/stan_analysis_data/main-core-exponential-cluster-weight-999/exponential-0666/mode-exponential-0666-1.csv","gaussian",-1.67151,-0.183602,0.21151961941609,0.2115,0.192317,1.87626,-0.250653,-0.239848,-0.476186,-0.531795,0.524328,0.248934,0.623777,1.29843,0.233775,1.02696190320041
667,667,"/project/akaring/takeup-data/data/stan_analysis_data/main-core-exponential-cluster-weight-999/exponential-0667/mode-exponential-0667-1.csv","gaussian",-1.87901,-0.213395,0.102907771284144,0.102902,0.180151,1.41702,-0.207354,-0.0609749,-0.015838,-0.289315,0.447804,0.0923217,0.419487,1.43497,0.230629,1.02625032796146
668,668,"/project/akaring/takeup-data/data/stan_analysis_data/main-core-exponential-cluster-weight-999/exponential-0668/mode-exponential-0668-1.csv","gaussian",-0.866616,-0.251423,-0.0990137408793648,-0.0990252,0.163152,1.42024,0.00850641,0.142738,-0.26165,-0.451514,0.564129,0.186496,0.673182,0.751467,0.243494,1.02921782341543
669,669,"/project/akaring/takeup-data/data/stan_analysis_data/main-core-exponential-cluster-weight-999/exponential-0669/mode-exponential-0669-1.csv","gaussian",-1.83217,-0.231075,0.172628712331595,0.172619,0.154724,1.85363,0.194927,-0.305973,-0.476979,-0.419555,0.241866,0.153539,0.536181,1.35326,0.22706,1.02545416455344
670,670,"/project/akaring/takeup-data/data/stan_analysis_data/main-core-exponential-cluster-weight-999/exponential-0670/mode-exponential-0670-1.csv","gaussian",-1.4292,-0.169901,-0.0286453199583416,-0.0286514,0.120561,1.68511,-0.405983,0.0174769,0.376268,-0.443862,0.598296,0.203288,0.513044,1.04321,0.237737,1.02787104306377
671,671,"/project/akaring/takeup-data/data/stan_analysis_data/main-core-exponential-cluster-weight-999/exponential-0671/mode-exponential-0671-1.csv","gaussian",-1.37696,-0.388248,0.040183175588552,0.0401698,0.241933,2.06777,-0.0158,-0.66222,-0.47237,-0.452465,0.265609,0.308923,0.570417,1.1213,0.235054,1.02725380647433
672,672,"/project/akaring/takeup-data/data/stan_analysis_data/main-core-exponential-cluster-weight-999/exponential-0672/mode-exponential-0672-1.csv","gaussian",-1.5894,-0.054845,0.298258788638773,0.29825,0.275881,2.18804,-0.857353,-0.658101,-0.597439,-0.553187,0.687679,0.345628,0.553576,1.19205,0.235158,1.02727760851875
673,673,"/project/akaring/takeup-data/data/stan_analysis_data/main-core-exponential-cluster-weight-999/exponential-0673/mode-exponential-0673-1.csv","gaussian",-1.30905,-0.0582304,0.216190375331095,0.21618,0.181158,1.92756,0.0225669,-0.0912116,-0.0378247,-0.47361,0.30101,0.121525,0.509088,0.924263,0.24236,1.0289501297925
674,674,"/project/akaring/takeup-data/data/stan_analysis_data/main-core-exponential-cluster-weight-999/exponential-0674/mode-exponential-0674-1.csv","gaussian",-0.793948,-0.241482,0.0809258253415808,0.0809176,0.206947,1.37227,-0.187352,0.106718,0.0520418,-0.22634,0.335183,-0.0160077,0.484122,0.663871,0.246571,1.02995012405504
675,675,"/project/akaring/takeup-data/data/stan_analysis_data/main-core-exponential-cluster-weight-999/exponential-0675/mode-exponential-0675-1.csv","gaussian",-2.08201,-0.148786,0.187476583072142,0.187474,0.147792,2.10755,-0.606892,-0.125601,-0.691978,-0.503217,0.516023,0.0850397,0.560324,1.48763,0.230368,1.02619170500643
676,676,"/project/akaring/takeup-data/data/stan_analysis_data/main-core-exponential-cluster-weight-999/exponential-0676/mode-exponential-0676-1.csv","gaussian",-2.4894,-0.266218,0.096796971384944,0.0967861,0.202021,1.80593,-0.699811,0.0355575,0.0874774,-0.354465,0.536019,-0.0279731,0.179998,1.96317,0.218933,1.02368533177388
677,677,"/project/akaring/takeup-data/data/stan_analysis_data/main-core-exponential-cluster-weight-999/exponential-0677/mode-exponential-0677-1.csv","gaussian",-1.617,-0.357132,0.0832193594951192,0.0832137,0.212385,2.11114,0.270027,-0.620498,-0.455195,-0.576817,0.17964,0.3865,0.432777,1.29368,0.236374,1.02755664947291
678,678,"/project/akaring/takeup-data/data/stan_analysis_data/main-core-exponential-cluster-weight-999/exponential-0678/mode-exponential-0678-1.csv","gaussian",-1.85458,-0.403808,-0.0546622750286422,-0.0546727,0.212213,1.037,0.524041,0.780738,0.55626,-0.108416,0.130847,-0.170115,0.173984,1.59587,0.221473,1.02423156059995
679,679,"/project/akaring/takeup-data/data/stan_analysis_data/main-core-exponential-cluster-weight-999/exponential-0679/mode-exponential-0679-1.csv","gaussian",-1.09233,-0.0878489,0.194391222317643,0.194381,0.237595,1.85348,-0.531866,-0.455999,-0.0771148,-0.422393,0.461737,0.208566,0.506321,0.81598,0.243812,1.02929310273799
680,680,"/project/akaring/takeup-data/data/stan_analysis_data/main-core-exponential-cluster-weight-999/exponential-0680/mode-exponential-0680-1.csv","gaussian",-2.00763,-0.271796,0.244814525997992,0.244802,0.195,2.07236,-0.0968173,-0.610232,-0.666188,-0.33282,0.10682,0.0775993,0.477349,1.46265,0.226463,1.02532213980241
681,681,"/project/akaring/takeup-data/data/stan_analysis_data/main-core-exponential-cluster-weight-999/exponential-0681/mode-exponential-0681-1.csv","gaussian",-1.11007,-0.0277834,0.11699360511168,0.116983,0.213203,1.52176,0.204975,0.0298581,-0.227251,-0.228753,0.204759,-0.00096608,0.544441,0.779057,0.245098,1.0295984797988
682,682,"/project/akaring/takeup-data/data/stan_analysis_data/main-core-exponential-cluster-weight-999/exponential-0682/mode-exponential-0682-1.csv","gaussian",-1.29388,-0.0228551,0.213352398199226,0.213339,0.244582,1.95837,-0.747668,-0.576233,-0.251999,-0.438141,0.470325,0.236139,0.454958,0.996021,0.239878,1.02836834591697
683,683,"/project/akaring/takeup-data/data/stan_analysis_data/main-core-exponential-cluster-weight-999/exponential-0683/mode-exponential-0683-1.csv","gaussian",-2.2431,-0.137085,0.195549167281835,0.195544,0.152355,1.64807,0.331579,0.29994,-0.204665,-0.338624,0.166564,-0.0201047,0.467257,1.53232,0.228245,1.02571720275376
684,684,"/project/akaring/takeup-data/data/stan_analysis_data/main-core-exponential-cluster-weight-999/exponential-0684/mode-exponential-0684-1.csv","gaussian",-1.08147,-0.408199,-0.120957294856388,-0.120965,0.173173,0.718062,0.79212,0.786626,0.634432,-0.0290693,0.185681,-0.190241,0.258865,0.992592,0.23683,1.02766164125163
685,685,"/project/akaring/takeup-data/data/stan_analysis_data/main-core-exponential-cluster-weight-999/exponential-0685/mode-exponential-0685-1.csv","gaussian",-0.770922,-0.0729418,0.17059650073211,0.170584,0.222923,1.6455,-0.0801215,-0.278632,-0.047788,-0.296978,0.25862,0.081138,0.435693,0.559826,0.247476,1.03016715661877
686,686,"/project/akaring/takeup-data/data/stan_analysis_data/main-core-exponential-cluster-weight-999/exponential-0686/mode-exponential-0686-1.csv","gaussian",-1.18641,-0.309549,0.115091338565956,0.115083,0.226955,1.02157,0.568715,0.689493,0.249457,-0.0385848,0.0727016,-0.244363,0.216553,0.926777,0.2393,1.02823367480354
687,687,"/project/akaring/takeup-data/data/stan_analysis_data/main-core-exponential-cluster-weight-999/exponential-0687/mode-exponential-0687-1.csv","gaussian",-1.00075,-0.111012,0.167268113002844,0.167263,0.164926,1.87632,-0.407705,-0.272216,0.206142,-0.453797,0.589806,0.163831,0.370024,0.647869,0.249711,1.03070635174185
688,688,"/project/akaring/takeup-data/data/stan_analysis_data/main-core-exponential-cluster-weight-999/exponential-0688/mode-exponential-0688-1.csv","gaussian",-1.28152,0.00866603,0.0920822055161085,0.0920763,0.169856,2.1156,-0.612992,0.0279544,-0.235554,-0.678332,0.579371,0.137662,0.65865,0.924212,0.244407,1.02943420462359
689,689,"/project/akaring/takeup-data/data/stan_analysis_data/main-core-exponential-cluster-weight-999/exponential-0689/mode-exponential-0689-1.csv","gaussian",-1.79832,0.0743286,0.211696449276019,0.21169,0.306388,1.33072,-0.239948,-0.196459,-0.274466,-0.340035,0.497264,0.224764,0.653964,1.47532,0.226758,1.02538733684594
690,690,"/project/akaring/takeup-data/data/stan_analysis_data/main-core-exponential-cluster-weight-999/exponential-0690/mode-exponential-0690-1.csv","gaussian",-1.57719,-0.257744,0.0726840989675026,0.0726807,0.199118,1.54549,0.240379,-0.0928713,-0.131461,-0.401593,0.299983,0.193391,0.560348,1.26556,0.233959,1.02700380412197
691,691,"/project/akaring/takeup-data/data/stan_analysis_data/main-core-exponential-cluster-weight-999/exponential-0691/mode-exponential-0691-1.csv","gaussian",-1.67881,-0.279003,0.0558382874636912,0.0558268,0.174181,1.93607,-0.285931,-0.303711,-0.0111085,-0.511065,0.594134,0.228087,0.394191,1.28504,0.234034,1.02702089226851
692,692,"/project/akaring/takeup-data/data/stan_analysis_data/main-core-exponential-cluster-weight-999/exponential-0692/mode-exponential-0692-1.csv","gaussian",-1.22769,-0.131792,0.112183482099491,0.112175,0.148347,1.67397,-0.0253972,0.667839,-0.175857,-0.400219,0.436141,-0.104226,0.340139,0.841188,0.243792,1.02928836545644
693,693,"/project/akaring/takeup-data/data/stan_analysis_data/main-core-exponential-cluster-weight-999/exponential-0693/mode-exponential-0693-1.csv","gaussian",-1.06257,-0.374983,-0.0158427330554848,-0.0158527,0.19936,1.18703,0.293444,0.148317,0.29762,-0.19362,0.202528,0.0796807,0.31606,0.93705,0.240287,1.02846382647568
694,694,"/project/akaring/takeup-data/data/stan_analysis_data/main-core-exponential-cluster-weight-999/exponential-0694/mode-exponential-0694-1.csv","gaussian",-1.63435,-0.157563,0.147538672289738,0.147526,0.218978,2.11583,-0.351679,-0.466474,-0.297015,-0.571447,0.492548,0.368653,0.493224,1.24557,0.235388,1.02733028308524
695,695,"/project/akaring/takeup-data/data/stan_analysis_data/main-core-exponential-cluster-weight-999/exponential-0695/mode-exponential-0695-1.csv","gaussian",-1.15549,-0.157409,0.0403786562529616,0.0403681,0.20149,1.35231,0.180669,0.232945,0.119013,-0.308994,0.2938,0.0296237,0.523735,0.896839,0.24271,1.02903262538172
696,696,"/project/akaring/takeup-data/data/stan_analysis_data/main-core-exponential-cluster-weight-999/exponential-0696/mode-exponential-0696-1.csv","gaussian",-1.70116,-0.36277,-0.0441069935549789,-0.044118,0.224305,1.4201,-0.0781001,0.0500257,0.212947,-0.393802,0.53034,0.206951,0.445861,1.46404,0.228048,1.02567338383327
697,697,"/project/akaring/takeup-data/data/stan_analysis_data/main-core-exponential-cluster-weight-999/exponential-0697/mode-exponential-0697-1.csv","gaussian",-1.37437,0.0482918,0.251130149593894,0.251117,0.207064,2.02173,-0.663394,-0.627185,-0.401253,-0.523667,0.572651,0.340729,0.483928,0.943289,0.240774,1.0285777165951
698,698,"/project/akaring/takeup-data/data/stan_analysis_data/main-core-exponential-cluster-weight-999/exponential-0698/mode-exponential-0698-1.csv","gaussian",-1.48833,-0.217137,0.129168014490812,0.129156,0.17443,1.37468,0.0495385,0.0617081,-0.168576,-0.188768,0.344957,-0.0539959,0.385178,1.12079,0.236506,1.02758702212319
699,699,"/project/akaring/takeup-data/data/stan_analysis_data/main-core-exponential-cluster-weight-999/exponential-0699/mode-exponential-0699-1.csv","gaussian",-1.26503,-0.0812913,0.122189706548857,0.122185,0.170393,1.54988,-0.0728023,0.178214,-0.219295,-0.372795,0.366035,0.00577631,0.655342,0.912231,0.242312,1.0289388248793
700,700,"/project/akaring/takeup-data/data/stan_analysis_data/main-core-exponential-cluster-weight-999/exponential-0700/mode-exponential-0700-1.csv","gaussian",-1.13705,-0.0794899,0.092679204724397,0.0926727,0.220238,1.95557,-0.738065,-0.583173,-0.270319,-0.438078,0.613691,0.27322,0.475259,0.873614,0.246889,1.03002629982006
701,701,"/project/akaring/takeup-data/data/stan_analysis_data/main-core-exponential-cluster-weight-999/exponential-0701/mode-exponential-0701-1.csv","gaussian",-1.08891,-0.256202,0.0284382610806422,0.0284222,0.242154,1.75474,0.0176827,-0.16541,-0.171514,-0.388824,0.343166,0.195133,0.51689,0.92475,0.241151,1.0286660317134
702,702,"/project/akaring/takeup-data/data/stan_analysis_data/main-core-exponential-cluster-weight-999/exponential-0702/mode-exponential-0702-1.csv","gaussian",-1.1106,-0.187767,-0.0067867646034606,-0.00679425,0.241504,1.64468,-0.0663933,0.125407,-0.225114,-0.295279,0.149081,0.0575776,0.472691,0.944074,0.244036,1.02934618535068
703,703,"/project/akaring/takeup-data/data/stan_analysis_data/main-core-exponential-cluster-weight-999/exponential-0703/mode-exponential-0703-1.csv","gaussian",-1.40211,-0.246477,0.0655142158627768,0.0655054,0.238607,1.59782,-0.0113561,0.0539749,-0.0903985,-0.324363,0.341694,0.134457,0.363317,1.1057,0.240302,1.02846733113114
704,704,"/project/akaring/takeup-data/data/stan_analysis_data/main-core-exponential-cluster-weight-999/exponential-0704/mode-exponential-0704-1.csv","gaussian",-0.611436,-0.176559,0.123591547095696,0.123582,0.216108,1.59882,-0.149839,-0.592921,-0.0935257,-0.340957,0.373298,0.315429,0.527075,0.454702,0.25221,1.03131463874998
705,705,"/project/akaring/takeup-data/data/stan_analysis_data/main-core-exponential-cluster-weight-999/exponential-0705/mode-exponential-0705-1.csv","gaussian",-1.14975,-0.204601,0.133083543328067,0.133078,0.165668,1.7898,0.0513843,-0.35945,-0.412686,-0.416777,0.302531,0.208792,0.556728,0.838898,0.240864,1.02859878791296
706,706,"/project/akaring/takeup-data/data/stan_analysis_data/main-core-exponential-cluster-weight-999/exponential-0706/mode-exponential-0706-1.csv","gaussian",-1.17284,-0.181163,0.16121028838451,0.161209,0.186823,2.13097,-0.345489,-0.700294,-0.806136,-0.558387,0.481063,0.282115,0.708269,0.872665,0.241831,1.02882565702893
707,707,"/project/akaring/takeup-data/data/stan_analysis_data/main-core-exponential-cluster-weight-999/exponential-0707/mode-exponential-0707-1.csv","gaussian",-1.09797,-0.324659,0.0567199309872712,0.0567148,0.208679,1.06144,1.08788,0.865401,0.204718,-0.134398,-0.154731,-0.352418,0.340703,0.959943,0.239235,1.02821854934882
708,708,"/project/akaring/takeup-data/data/stan_analysis_data/main-core-exponential-cluster-weight-999/exponential-0708/mode-exponential-0708-1.csv","gaussian",-1.76751,-0.0581331,0.264305816678539,0.264299,0.193742,1.66002,-0.242757,-0.258223,-0.0444988,-0.324296,0.327643,0.103229,0.210293,1.2782,0.231952,1.02654845492261
709,709,"/project/akaring/takeup-data/data/stan_analysis_data/main-core-exponential-cluster-weight-999/exponential-0709/mode-exponential-0709-1.csv","gaussian",-0.304008,-0.169388,0.0564111041804161,0.0564014,0.206302,1.89287,-0.629159,-0.0603758,0.263574,-0.512701,0.555418,0.23006,0.361493,0.203605,0.251071,1.03103668559416
710,710,"/project/akaring/takeup-data/data/stan_analysis_data/main-core-exponential-cluster-weight-999/exponential-0710/mode-exponential-0710-1.csv","gaussian",-0.403188,-0.377172,-0.0545644130538407,-0.0545711,0.191729,1.58322,0.192932,-0.425457,0.297661,-0.384238,0.269845,0.317405,0.329213,0.436246,0.247703,1.03022171216151
711,711,"/project/akaring/takeup-data/data/stan_analysis_data/main-core-exponential-cluster-weight-999/exponential-0711/mode-exponential-0711-1.csv","gaussian",-0.0551967,-0.0447474,0.0948833270600372,0.0948764,0.231029,1.97028,-0.406302,-0.261767,0.580226,-0.601136,0.566963,0.350201,0.241209,0.028829,0.254167,1.03179497182774
712,712,"/project/akaring/takeup-data/data/stan_analysis_data/main-core-exponential-cluster-weight-999/exponential-0712/mode-exponential-0712-1.csv","gaussian",-0.827431,-0.286474,-0.086610991251184,-0.0866218,0.215681,1.8585,-0.568545,-0.277571,-0.0933697,-0.647704,0.695702,0.403375,0.797322,0.722627,0.243507,1.02922089905375
713,713,"/project/akaring/takeup-data/data/stan_analysis_data/main-core-exponential-cluster-weight-999/exponential-0713/mode-exponential-0713-1.csv","gaussian",-1.10501,-0.210693,-0.0301185845285728,-0.0301304,0.17981,1.36235,-0.251923,0.314537,-0.158743,-0.23025,0.402444,-0.105432,0.509555,0.912795,0.241658,1.02878500619128
714,714,"/project/akaring/takeup-data/data/stan_analysis_data/main-core-exponential-cluster-weight-999/exponential-0714/mode-exponential-0714-1.csv","gaussian",-1.04069,-0.260545,0.0219220648467448,0.021916,0.173173,1.96692,-0.188423,-0.395093,-0.294609,-0.406953,0.348534,0.205607,0.482279,0.770204,0.243303,1.02917265306119
715,715,"/project/akaring/takeup-data/data/stan_analysis_data/main-core-exponential-cluster-weight-999/exponential-0715/mode-exponential-0715-1.csv","gaussian",-1.28074,-0.33679,0.0437481179570445,0.0437427,0.127944,1.67937,-0.174171,-0.111615,-0.193434,-0.438685,0.358656,0.0762092,0.409894,0.96085,0.236117,1.02749756091633
716,716,"/project/akaring/takeup-data/data/stan_analysis_data/main-core-exponential-cluster-weight-999/exponential-0716/mode-exponential-0716-1.csv","gaussian",-0.585254,-0.17951,0.081865778289808,0.0818539,0.17397,1.58316,0.00115992,-0.107198,-0.0742697,-0.373233,0.379876,0.093864,0.483241,0.396782,0.251464,1.03113245671737
717,717,"/project/akaring/takeup-data/data/stan_analysis_data/main-core-exponential-cluster-weight-999/exponential-0717/mode-exponential-0717-1.csv","gaussian",-1.36545,-0.221742,0.105350079988003,0.105348,0.190911,1.79034,-0.70436,-0.161855,-0.209622,-0.438289,0.665019,0.114172,0.486511,1.03422,0.242696,1.02902932339948
718,718,"/project/akaring/takeup-data/data/stan_analysis_data/main-core-exponential-cluster-weight-999/exponential-0718/mode-exponential-0718-1.csv","gaussian",-1.87927,-0.316785,-0.0189198830998068,-0.0189327,0.186637,1.64352,0.0768022,0.0398806,0.177791,-0.28974,0.256752,0.00413914,0.334087,1.52561,0.226233,1.02527136421974
719,719,"/project/akaring/takeup-data/data/stan_analysis_data/main-core-exponential-cluster-weight-999/exponential-0719/mode-exponential-0719-1.csv","gaussian",-0.652462,-0.239168,0.131673390368041,0.13166,0.186342,2.0581,-0.459588,-0.0228485,-0.380037,-0.519244,0.517259,0.0199893,0.516284,0.470492,0.243583,1.0292388828105
720,720,"/project/akaring/takeup-data/data/stan_analysis_data/main-core-exponential-cluster-weight-999/exponential-0720/mode-exponential-0720-1.csv","gaussian",-1.29405,-0.261357,0.0771968338220848,0.0771937,0.216145,1.56934,-0.263253,-0.443629,-0.11334,-0.371465,0.44756,0.22308,0.483415,1.02866,0.240707,1.02856203500275
721,721,"/project/akaring/takeup-data/data/stan_analysis_data/main-core-exponential-cluster-weight-999/exponential-0721/mode-exponential-0721-1.csv","gaussian",-1.3118,-0.264969,-0.04635766281427,-0.0463696,0.190949,1.20195,0.291735,-0.0173305,0.320239,-0.198533,0.208642,0.111055,0.380329,1.06615,0.236896,1.02767685330361
722,722,"/project/akaring/takeup-data/data/stan_analysis_data/main-core-exponential-cluster-weight-999/exponential-0722/mode-exponential-0722-1.csv","gaussian",-1.35948,-0.1928,0.207134724388934,0.207126,0.231556,1.78889,0.257845,-0.390989,-0.0250266,-0.35643,0.115956,0.13867,0.260632,1.02331,0.23758,1.02783474177516
723,723,"/project/akaring/takeup-data/data/stan_analysis_data/main-core-exponential-cluster-weight-999/exponential-0723/mode-exponential-0723-1.csv","gaussian",-1.17045,-0.213649,-0.0584718080896842,-0.0584753,0.15766,1.32932,0.11656,-0.214769,0.219567,-0.247539,0.239519,0.116733,0.441571,0.938133,0.242105,1.02889009666971
724,724,"/project/akaring/takeup-data/data/stan_analysis_data/main-core-exponential-cluster-weight-999/exponential-0724/mode-exponential-0724-1.csv","gaussian",-0.449752,-0.126327,0.107604347976062,0.107597,0.2205,1.38005,0.0512871,0.666856,-0.417631,-0.182225,0.307024,-0.329528,0.685569,0.311275,0.250432,1.03088126698665
725,725,"/project/akaring/takeup-data/data/stan_analysis_data/main-core-exponential-cluster-weight-999/exponential-0725/mode-exponential-0725-1.csv","gaussian",-0.967962,-0.120811,0.143993867660427,0.143988,0.253016,2.11664,-0.782605,-0.52052,-0.559106,-0.512,0.607075,0.265193,0.653264,0.790802,0.24419,1.02938270633424
726,726,"/project/akaring/takeup-data/data/stan_analysis_data/main-core-exponential-cluster-weight-999/exponential-0726/mode-exponential-0726-1.csv","gaussian",-0.385767,-0.247234,-0.04284279952405,-0.0428548,0.175451,1.86731,-0.2477,-0.265384,-0.536808,-0.505331,0.614527,0.247584,0.678122,0.312425,0.251363,1.03110783033056
727,727,"/project/akaring/takeup-data/data/stan_analysis_data/main-core-exponential-cluster-weight-999/exponential-0727/mode-exponential-0727-1.csv","gaussian",-0.603388,-0.253819,0.0304809722635045,0.0304681,0.179642,2.01127,-0.485139,-0.38768,-1.07155,-0.618115,0.58035,0.350768,1.08035,0.497655,0.246378,1.02990393672614
728,728,"/project/akaring/takeup-data/data/stan_analysis_data/main-core-exponential-cluster-weight-999/exponential-0728/mode-exponential-0728-1.csv","gaussian",-1.15389,-0.259336,0.074964077445036,0.0749565,0.231786,2.44583,-0.9248,-0.488106,-1.01979,-0.731699,0.670317,0.421725,0.784401,0.96976,0.238851,1.02812927212535
729,729,"/project/akaring/takeup-data/data/stan_analysis_data/main-core-exponential-cluster-weight-999/exponential-0729/mode-exponential-0729-1.csv","gaussian",-1.62797,-0.135538,0.01381120223008,0.0137947,0.179689,1.60683,-0.112015,-0.341661,0.162469,-0.383161,0.383856,0.278628,0.567217,1.25128,0.235841,1.02743417175068
730,730,"/project/akaring/takeup-data/data/stan_analysis_data/main-core-exponential-cluster-weight-999/exponential-0730/mode-exponential-0730-1.csv","gaussian",-1.51467,-0.120003,0.137842498217086,0.137835,0.193758,2.01367,-0.879508,-0.820554,-0.793741,-0.46421,0.629873,0.291803,0.789617,1.15511,0.235355,1.02732272243195
731,731,"/project/akaring/takeup-data/data/stan_analysis_data/main-core-exponential-cluster-weight-999/exponential-0731/mode-exponential-0731-1.csv","gaussian",-1.61448,-0.137811,0.157795659024878,0.157785,0.155804,1.95116,0.113388,-0.629191,-0.294956,-0.56028,0.29262,0.487562,0.612581,1.14515,0.239729,1.02833360026841
732,732,"/project/akaring/takeup-data/data/stan_analysis_data/main-core-exponential-cluster-weight-999/exponential-0732/mode-exponential-0732-1.csv","gaussian",-1.15921,-0.392542,0.0727376778560553,0.0727248,0.174338,1.33872,0.920386,-0.142677,0.0503705,-0.201773,-0.104391,0.0337999,0.212639,0.96741,0.241917,1.02884587518685
733,733,"/project/akaring/takeup-data/data/stan_analysis_data/main-core-exponential-cluster-weight-999/exponential-0733/mode-exponential-0733-1.csv","gaussian",-1.31079,-0.250685,0.12044074677301,0.120431,0.236015,1.91843,-0.478934,-0.2841,-0.388207,-0.489602,0.493017,0.166906,0.512394,1.05131,0.234268,1.02707424065839
734,734,"/project/akaring/takeup-data/data/stan_analysis_data/main-core-exponential-cluster-weight-999/exponential-0734/mode-exponential-0734-1.csv","gaussian",-0.390821,-0.241673,-0.0240425006077419,-0.0240491,0.238455,1.38825,0.678535,0.563053,0.342348,-0.368843,0.0208797,-0.0742197,0.378128,0.425828,0.243574,1.02923675287856
735,735,"/project/akaring/takeup-data/data/stan_analysis_data/main-core-exponential-cluster-weight-999/exponential-0735/mode-exponential-0735-1.csv","gaussian",-1.72489,-0.0431251,0.05675355783118,0.0567469,0.206195,2.04849,-0.816184,-0.59551,-0.452759,-0.573365,0.660245,0.380518,0.709735,1.35809,0.236095,1.02749250558094
736,736,"/project/akaring/takeup-data/data/stan_analysis_data/main-core-exponential-cluster-weight-999/exponential-0736/mode-exponential-0736-1.csv","gaussian",-0.938703,-0.121685,0.127979467587413,0.127967,0.191499,1.61168,-0.49525,0.309376,-0.40146,-0.403515,0.535325,-0.115504,0.618548,0.694519,0.243628,1.02924953358454
737,737,"/project/akaring/takeup-data/data/stan_analysis_data/main-core-exponential-cluster-weight-999/exponential-0737/mode-exponential-0737-1.csv","gaussian",-1.50601,-0.00102839,0.306467884790312,0.30646,0.157669,1.96301,-0.428728,0.114525,-0.526331,-0.494303,0.520409,-0.0497991,0.842182,0.992674,0.23654,1.02759484798241
738,738,"/project/akaring/takeup-data/data/stan_analysis_data/main-core-exponential-cluster-weight-999/exponential-0738/mode-exponential-0738-1.csv","gaussian",-1.08994,-0.442911,-0.0823173018036655,-0.0823267,0.161696,1.48304,0.00285812,0.277043,0.11075,-0.31995,0.221207,-0.0679225,0.394013,0.92928,0.237717,1.02786641743419
739,739,"/project/akaring/takeup-data/data/stan_analysis_data/main-core-exponential-cluster-weight-999/exponential-0739/mode-exponential-0739-1.csv","gaussian",-0.890746,-0.205053,-0.0655221717740736,-0.0655275,0.24484,1.30265,0.094897,0.327785,0.254416,-0.225884,0.18895,-0.0308194,0.383342,0.860619,0.244203,1.02938579026962
740,740,"/project/akaring/takeup-data/data/stan_analysis_data/main-core-exponential-cluster-weight-999/exponential-0740/mode-exponential-0740-1.csv","gaussian",-1.83035,-0.217257,0.0170151304384048,0.0169975,0.118562,1.95986,-0.158816,-0.560293,0.105227,-0.574465,0.45849,0.383561,0.489773,1.34115,0.232959,1.02677645847624
741,741,"/project/akaring/takeup-data/data/stan_analysis_data/main-core-exponential-cluster-weight-999/exponential-0741/mode-exponential-0741-1.csv","gaussian",-1.10556,-0.287115,-0.0382036390052357,-0.0382095,0.161784,1.36864,-0.0847299,0.355517,0.100092,-0.394286,0.53266,0.0469595,0.500648,0.916062,0.240924,1.02861283959321
742,742,"/project/akaring/takeup-data/data/stan_analysis_data/main-core-exponential-cluster-weight-999/exponential-0742/mode-exponential-0742-1.csv","gaussian",-0.73533,-0.655459,-0.233972432583291,-0.233984,0.17582,1.20321,0.189173,0.643782,0.277731,-0.367138,0.456504,-0.0355029,0.425348,0.80559,0.226562,1.02534401048819
743,743,"/project/akaring/takeup-data/data/stan_analysis_data/main-core-exponential-cluster-weight-999/exponential-0743/mode-exponential-0743-1.csv","gaussian",-0.848272,-0.29013,-0.0722138450663715,-0.0722241,0.242434,0.576813,0.862531,0.340361,0.960205,0.038249,-0.117546,-0.0862946,0.127219,0.84581,0.241291,1.02869886102834
744,744,"/project/akaring/takeup-data/data/stan_analysis_data/main-core-exponential-cluster-weight-999/exponential-0744/mode-exponential-0744-1.csv","gaussian",-1.16928,-0.19642,0.0624641694159557,0.0624536,0.227109,1.20035,0.179275,0.000280399,0.21865,-0.174933,0.203593,0.104024,0.512021,0.984305,0.240723,1.02856577948569
745,745,"/project/akaring/takeup-data/data/stan_analysis_data/main-core-exponential-cluster-weight-999/exponential-0745/mode-exponential-0745-1.csv","gaussian",-2.50841,-0.218582,0.15534174820773,0.155339,0.263155,1.97352,-0.207885,-0.307506,-0.421627,-0.48731,0.488033,0.20346,0.48854,1.95537,0.216942,1.02326137001452
746,746,"/project/akaring/takeup-data/data/stan_analysis_data/main-core-exponential-cluster-weight-999/exponential-0746/mode-exponential-0746-1.csv","gaussian",-1.02433,-0.121273,0.190048768035246,0.190031,0.161472,1.69554,-0.404687,0.0889391,-0.147884,-0.357828,0.508015,-0.045285,0.367689,0.662172,0.243991,1.02933551773996
747,747,"/project/akaring/takeup-data/data/stan_analysis_data/main-core-exponential-cluster-weight-999/exponential-0747/mode-exponential-0747-1.csv","gaussian",-0.850368,-0.0926103,-0.0294816547416,-0.0294932,0.165595,1.83853,-0.537451,-0.136451,-0.150034,-0.559363,0.690915,0.19412,0.637143,0.663971,0.244021,1.02934262927414
748,748,"/project/akaring/takeup-data/data/stan_analysis_data/main-core-exponential-cluster-weight-999/exponential-0748/mode-exponential-0748-1.csv","gaussian",-1.92931,-0.100203,0.0336965799829263,0.0336912,0.166643,2.02691,-0.0656658,-0.455744,-0.181491,-0.439641,0.171039,0.301394,0.426401,1.38248,0.236239,1.02752560314622
749,749,"/project/akaring/takeup-data/data/stan_analysis_data/main-core-exponential-cluster-weight-999/exponential-0749/mode-exponential-0749-1.csv","gaussian",-0.275135,-0.378903,-0.108315541756529,-0.108322,0.188218,1.24502,0.61126,0.218391,0.233797,-0.304147,0.0853259,0.104306,0.436473,0.324405,0.240986,1.02862736313789
750,750,"/project/akaring/takeup-data/data/stan_analysis_data/main-core-exponential-cluster-weight-999/exponential-0750/mode-exponential-0750-1.csv","gaussian",-0.613927,-0.300057,-0.144858168571497,-0.144867,0.17478,1.07451,0.206062,-0.115697,0.41271,-0.111399,0.292059,-0.00476851,0.388982,0.60257,0.252169,1.03130461288651
751,751,"/project/akaring/takeup-data/data/stan_analysis_data/main-core-exponential-cluster-weight-999/exponential-0751/mode-exponential-0751-1.csv","gaussian",-1.75844,-0.304617,0.0152188017514426,0.0152077,0.199426,1.72624,0.0166606,-0.411137,-0.0925877,-0.345836,0.238228,0.220217,0.343142,1.42806,0.228986,1.02588234617621
752,752,"/project/akaring/takeup-data/data/stan_analysis_data/main-core-exponential-cluster-weight-999/exponential-0752/mode-exponential-0752-1.csv","gaussian",-0.850506,-0.171644,0.088444649061888,0.0884387,0.230885,2.22268,-0.785452,-1.00539,-0.782323,-0.446198,0.498104,0.362525,0.570571,0.669231,0.247006,1.03005435003984
753,753,"/project/akaring/takeup-data/data/stan_analysis_data/main-core-exponential-cluster-weight-999/exponential-0753/mode-exponential-0753-1.csv","gaussian",-2.03375,-0.337349,-0.0738214724612441,-0.0738299,0.139041,1.77439,-0.244728,-0.00985426,0.126132,-0.518458,0.478195,0.287532,0.54282,1.53323,0.225953,1.02520961671699
754,754,"/project/akaring/takeup-data/data/stan_analysis_data/main-core-exponential-cluster-weight-999/exponential-0754/mode-exponential-0754-1.csv","gaussian",-1.35853,-0.164054,0.0280523260403202,0.0280329,0.21872,1.47435,-0.045596,-0.0836982,0.196398,-0.359096,0.423788,0.177098,0.51175,1.12542,0.238042,1.02794162955102
755,755,"/project/akaring/takeup-data/data/stan_analysis_data/main-core-exponential-cluster-weight-999/exponential-0755/mode-exponential-0755-1.csv","gaussian",-1.03563,-0.178779,0.0563115161079046,0.0563029,0.183901,1.88843,0.0726226,-0.369987,-0.623595,-0.410867,0.281574,0.225487,0.744965,0.761679,0.247235,1.03010928800055
756,756,"/project/akaring/takeup-data/data/stan_analysis_data/main-core-exponential-cluster-weight-999/exponential-0756/mode-exponential-0756-1.csv","gaussian",-1.73359,-0.152986,0.0490876833768926,0.0490804,0.174074,1.57056,-0.372655,-0.0930991,-0.267899,-0.294175,0.369848,0.039312,0.456665,1.33613,0.233228,1.02683752365406
757,757,"/project/akaring/takeup-data/data/stan_analysis_data/main-core-exponential-cluster-weight-999/exponential-0757/mode-exponential-0757-1.csv","gaussian",-1.2604,-0.198982,0.00986147513049,0.00985017,0.1884,1.94812,-0.403111,0.100068,-0.283228,-0.546616,0.545436,0.0497891,0.591688,1.04298,0.239094,1.02818575210708
758,758,"/project/akaring/takeup-data/data/stan_analysis_data/main-core-exponential-cluster-weight-999/exponential-0758/mode-exponential-0758-1.csv","gaussian",-1.28133,-0.0982499,0.110564608013144,0.110559,0.283255,1.19409,0.146872,0.143912,0.0680056,-0.153752,0.346586,-0.00521053,0.415831,1.03213,0.238782,1.02811324450374
759,759,"/project/akaring/takeup-data/data/stan_analysis_data/main-core-exponential-cluster-weight-999/exponential-0759/mode-exponential-0759-1.csv","gaussian",-0.950265,-0.272614,-0.0017873902148108,-0.00179412,0.203704,1.96838,-0.879791,0.0301036,-0.3184,-0.584817,0.725301,0.215532,0.6963,0.779721,0.2409,1.02860721852416
760,760,"/project/akaring/takeup-data/data/stan_analysis_data/main-core-exponential-cluster-weight-999/exponential-0760/mode-exponential-0760-1.csv","gaussian",-1.58415,-0.338586,-0.121162337020434,-0.12117,0.170909,1.4088,0.0521943,0.31175,-0.185922,-0.221058,0.285704,-0.182473,0.63221,1.33307,0.233794,1.02696622847881
761,761,"/project/akaring/takeup-data/data/stan_analysis_data/main-core-exponential-cluster-weight-999/exponential-0761/mode-exponential-0761-1.csv","gaussian",-1.45117,-0.185329,0.0947374214084904,0.0947324,0.20526,1.72568,0.0612214,0.0917871,-0.21238,-0.321322,0.160315,-0.0359526,0.542476,1.1378,0.239435,1.02826510162749
762,762,"/project/akaring/takeup-data/data/stan_analysis_data/main-core-exponential-cluster-weight-999/exponential-0762/mode-exponential-0762-1.csv","gaussian",-0.416676,0.0018058,0.0800292339466014,0.0800181,0.196229,2.20053,0.214371,-0.463096,-0.658245,-0.639585,0.239639,0.316771,0.755568,0.283115,0.247124,1.03008265269152
763,763,"/project/akaring/takeup-data/data/stan_analysis_data/main-core-exponential-cluster-weight-999/exponential-0763/mode-exponential-0763-1.csv","gaussian",-1.77846,-0.0551405,0.152638796227489,0.152634,0.172109,1.61965,-0.230877,-0.231542,-0.253714,-0.358518,0.40552,0.182718,0.491284,1.33413,0.238591,1.02806890103777
764,764,"/project/akaring/takeup-data/data/stan_analysis_data/main-core-exponential-cluster-weight-999/exponential-0764/mode-exponential-0764-1.csv","gaussian",-0.907341,-0.32511,-0.0228787304620336,-0.0228841,0.184837,1.74219,0.281535,-0.284774,-0.294085,-0.49636,0.253125,0.294517,0.546609,0.775502,0.240932,1.0286147134005
765,765,"/project/akaring/takeup-data/data/stan_analysis_data/main-core-exponential-cluster-weight-999/exponential-0765/mode-exponential-0765-1.csv","gaussian",-2.25761,-0.189912,0.163333264857416,0.163319,0.182283,2.0965,-0.375155,-0.258946,-0.355168,-0.495153,0.419506,0.182767,0.475056,1.69464,0.222779,1.02451475481859
766,766,"/project/akaring/takeup-data/data/stan_analysis_data/main-core-exponential-cluster-weight-999/exponential-0766/mode-exponential-0766-1.csv","gaussian",-1.65011,-0.0577402,0.0783186925695425,0.0783123,0.153608,1.84661,-0.560209,-0.170707,-0.401674,-0.523857,0.570075,0.207033,0.746609,1.21057,0.233714,1.0269480190331
767,767,"/project/akaring/takeup-data/data/stan_analysis_data/main-core-exponential-cluster-weight-999/exponential-0767/mode-exponential-0767-1.csv","gaussian",-0.860444,-0.00344817,0.182970752972218,0.182956,0.185953,1.92308,-0.151957,-0.401548,-0.159744,-0.454864,0.309639,0.0944767,0.653853,0.546055,0.251087,1.03104058192149
768,768,"/project/akaring/takeup-data/data/stan_analysis_data/main-core-exponential-cluster-weight-999/exponential-0768/mode-exponential-0768-1.csv","gaussian",-0.96558,-0.451712,-0.182176997097314,-0.182183,0.134005,1.19157,0.182189,-0.011713,0.50959,-0.258847,0.264093,0.16634,0.222078,0.876324,0.234811,1.02719823097638
769,769,"/project/akaring/takeup-data/data/stan_analysis_data/main-core-exponential-cluster-weight-999/exponential-0769/mode-exponential-0769-1.csv","gaussian",-1.40898,-0.388702,-0.0472854591274772,-0.0472991,0.173947,1.22136,0.439734,0.347672,0.733172,-0.233985,0.115627,-0.00300133,0.195268,1.14113,0.235401,1.02733326180018
770,770,"/project/akaring/takeup-data/data/stan_analysis_data/main-core-exponential-cluster-weight-999/exponential-0770/mode-exponential-0770-1.csv","gaussian",-3.03659,-0.367991,-0.024587646691299,-0.0245978,0.112115,1.85619,0.407739,0.0773732,-0.0762686,-0.439299,0.152825,0.10148,0.46323,2.30181,0.209119,1.02163141893787
771,771,"/project/akaring/takeup-data/data/stan_analysis_data/main-core-exponential-cluster-weight-999/exponential-0771/mode-exponential-0771-1.csv","gaussian",-1.81373,-0.226001,-0.0086216255420858,-0.00863157,0.135833,1.96916,0.491263,-0.315959,-0.430186,-0.528706,0.150071,0.278782,0.651285,1.37271,0.230315,1.02617980842784
772,772,"/project/akaring/takeup-data/data/stan_analysis_data/main-core-exponential-cluster-weight-999/exponential-0772/mode-exponential-0772-1.csv","gaussian",-1.33536,-0.399353,0.0205955191901268,0.0205808,0.220034,1.46975,-0.0729496,-0.0388103,0.554996,-0.414796,0.514053,0.18812,0.306439,1.1106,0.234786,1.02719251642328
773,773,"/project/akaring/takeup-data/data/stan_analysis_data/main-core-exponential-cluster-weight-999/exponential-0773/mode-exponential-0773-1.csv","gaussian",-1.81607,-0.242146,-0.0001438896872671,-0.000150428,0.223571,1.29291,0.0123721,0.387629,0.12346,-0.213435,0.349082,-0.0600788,0.341189,1.47965,0.230489,1.02621887486101
774,774,"/project/akaring/takeup-data/data/stan_analysis_data/main-core-exponential-cluster-weight-999/exponential-0774/mode-exponential-0774-1.csv","gaussian",-1.22828,-0.261306,0.111092289219949,0.111085,0.242798,1.74523,-0.224552,-0.280994,-0.313621,-0.443821,0.546971,0.242052,0.581123,1.0069,0.238356,1.02801438838958
775,775,"/project/akaring/takeup-data/data/stan_analysis_data/main-core-exponential-cluster-weight-999/exponential-0775/mode-exponential-0775-1.csv","gaussian",-0.926933,-0.181218,0.146096920385144,0.146089,0.23082,1.25497,0.569898,0.496826,0.323375,-0.169095,-0.0157276,-0.216889,0.3108,0.758204,0.245593,1.02971642778437
776,776,"/project/akaring/takeup-data/data/stan_analysis_data/main-core-exponential-cluster-weight-999/exponential-0776/mode-exponential-0776-1.csv","gaussian",-1.1863,-0.162383,0.0785948759121456,0.0785932,0.140056,1.40335,-0.112732,0.171167,0.126,-0.270236,0.258175,0.0485963,0.26657,0.850185,0.244162,1.02937606453813
777,777,"/project/akaring/takeup-data/data/stan_analysis_data/main-core-exponential-cluster-weight-999/exponential-0777/mode-exponential-0777-1.csv","gaussian",-0.676841,-0.396738,-0.0496057693353074,-0.0496162,0.211756,1.22718,0.373272,0.34945,0.00818185,-0.244059,0.205401,-0.0194406,0.814069,0.684092,0.243453,1.02920812434075
778,778,"/project/akaring/takeup-data/data/stan_analysis_data/main-core-exponential-cluster-weight-999/exponential-0778/mode-exponential-0778-1.csv","gaussian",-0.56824,-0.20338,0.0353146585911706,0.0353056,0.18716,1.36291,0.0906454,-0.225459,0.6802,-0.15529,0.196912,0.0936035,0.0735536,0.441367,0.24869,1.03045946844114
779,779,"/project/akaring/takeup-data/data/stan_analysis_data/main-core-exponential-cluster-weight-999/exponential-0779/mode-exponential-0779-1.csv","gaussian",-1.00367,-0.449593,-0.0641430917963408,-0.0641497,0.21792,1.73059,-0.170644,-0.293606,-0.434114,-0.515191,0.580661,0.237811,0.583594,0.96463,0.232978,1.0267807694362
780,780,"/project/akaring/takeup-data/data/stan_analysis_data/main-core-exponential-cluster-weight-999/exponential-0780/mode-exponential-0780-1.csv","gaussian",-1.08705,-0.351916,-0.111103080756864,-0.11111,0.183122,1.32002,0.282229,0.0627993,0.234552,-0.376928,0.338666,0.149102,0.480395,0.965209,0.238501,1.0280480178479
781,781,"/project/akaring/takeup-data/data/stan_analysis_data/main-core-exponential-cluster-weight-999/exponential-0781/mode-exponential-0781-1.csv","gaussian",-2.03427,-0.195918,0.178692407608203,0.178688,0.171909,2.07693,-0.728771,-0.758788,-0.448701,-0.422938,0.473499,0.25381,0.362265,1.51625,0.227607,1.02557542211629
782,782,"/project/akaring/takeup-data/data/stan_analysis_data/main-core-exponential-cluster-weight-999/exponential-0782/mode-exponential-0782-1.csv","gaussian",-0.810621,-0.238696,0.0041719887465184,0.00416254,0.176574,1.55239,-0.248751,-0.366593,0.0619942,-0.351079,0.469221,0.217844,0.359796,0.661645,0.245765,1.02975746427253
783,783,"/project/akaring/takeup-data/data/stan_analysis_data/main-core-exponential-cluster-weight-999/exponential-0783/mode-exponential-0783-1.csv","gaussian",-1.14759,-0.373108,0.0482826640136,0.0482726,0.196143,1.84266,0.13375,-0.127632,-0.312223,-0.45497,0.307918,0.117083,0.552841,0.920683,0.238799,1.02811719293133
784,784,"/project/akaring/takeup-data/data/stan_analysis_data/main-core-exponential-cluster-weight-999/exponential-0784/mode-exponential-0784-1.csv","gaussian",-1.99371,-0.266265,0.137058846844495,0.137052,0.196053,1.80727,-0.415708,-0.309739,-0.282964,-0.475866,0.560623,0.313482,0.67162,1.51781,0.224018,1.02478488685382
785,785,"/project/akaring/takeup-data/data/stan_analysis_data/main-core-exponential-cluster-weight-999/exponential-0785/mode-exponential-0785-1.csv","gaussian",-1.87885,-0.144935,0.102821180341678,0.102813,0.162426,1.95648,-0.692408,-0.0619112,-0.201594,-0.492462,0.601965,0.115027,0.45559,1.37658,0.230176,1.02614862031579
786,786,"/project/akaring/takeup-data/data/stan_analysis_data/main-core-exponential-cluster-weight-999/exponential-0786/mode-exponential-0786-1.csv","gaussian",-1.47147,-0.155903,0.130181005513547,0.130173,0.198861,1.55237,-0.237853,-0.066004,-0.312067,-0.399545,0.57642,0.178118,0.619253,1.12815,0.235226,1.0272931767884
787,787,"/project/akaring/takeup-data/data/stan_analysis_data/main-core-exponential-cluster-weight-999/exponential-0787/mode-exponential-0787-1.csv","gaussian",-1.22991,-0.242513,-0.0254024074308305,-0.0254076,0.241775,1.60541,0.11015,-0.568451,-0.0130597,-0.433164,0.342237,0.417603,0.453923,1.07553,0.244708,1.02950570919447
788,788,"/project/akaring/takeup-data/data/stan_analysis_data/main-core-exponential-cluster-weight-999/exponential-0788/mode-exponential-0788-1.csv","gaussian",-1.7886,-0.188211,0.10513960944486,0.105128,0.16118,1.85752,0.368744,-0.479766,0.153036,-0.555466,0.204019,0.407162,0.507972,1.37076,0.235373,1.02732684630014
789,789,"/project/akaring/takeup-data/data/stan_analysis_data/main-core-exponential-cluster-weight-999/exponential-0789/mode-exponential-0789-1.csv","gaussian",-0.612827,-0.228745,-0.0019003252064608,-0.00190792,0.231539,1.51536,0.113731,-0.415306,0.176021,-0.335709,0.295561,0.253529,0.34797,0.534416,0.253091,1.03153044273109
790,790,"/project/akaring/takeup-data/data/stan_analysis_data/main-core-exponential-cluster-weight-999/exponential-0790/mode-exponential-0790-1.csv","gaussian",-1.2787,-0.105847,0.0984358907504687,0.098428,0.242013,1.71161,0.342918,-0.169977,-0.329836,-0.34516,0.254919,0.128223,0.577381,1.0021,0.242263,1.02892728662865
791,791,"/project/akaring/takeup-data/data/stan_analysis_data/main-core-exponential-cluster-weight-999/exponential-0791/mode-exponential-0791-1.csv","gaussian",-1.13107,-0.17634,0.135955190522262,0.135949,0.176621,1.81642,-0.169098,-0.653651,-0.055648,-0.355159,0.208667,0.204896,0.319103,0.798587,0.244191,1.02938294355454
792,792,"/project/akaring/takeup-data/data/stan_analysis_data/main-core-exponential-cluster-weight-999/exponential-0792/mode-exponential-0792-1.csv","gaussian",-1.09266,-0.407758,-0.055203466188352,-0.0552154,0.151605,1.35713,0.0420708,0.538474,0.255151,-0.384,0.546967,-0.0399033,0.402331,0.874448,0.238114,1.02795830508635
793,793,"/project/akaring/takeup-data/data/stan_analysis_data/main-core-exponential-cluster-weight-999/exponential-0793/mode-exponential-0793-1.csv","gaussian",-1.35389,-0.274094,-0.0047635819658894,-0.00477504,0.213509,1.62556,-0.0746077,0.0132832,-0.0977508,-0.384492,0.315591,0.0915425,0.5312,1.18358,0.235518,1.02736007724848
794,794,"/project/akaring/takeup-data/data/stan_analysis_data/main-core-exponential-cluster-weight-999/exponential-0794/mode-exponential-0794-1.csv","gaussian",-1.28406,-0.384885,-0.0844367673149855,-0.0844452,0.17863,1.10196,0.384019,0.438666,0.662004,-0.131953,0.164878,-0.110169,0.108342,1.12281,0.235892,1.02744587967639
795,795,"/project/akaring/takeup-data/data/stan_analysis_data/main-core-exponential-cluster-weight-999/exponential-0795/mode-exponential-0795-1.csv","gaussian",-0.846386,-0.349441,0.0824339393329749,0.0824233,0.202137,1.94934,-0.403148,-0.0615727,-0.51393,-0.513072,0.523566,0.081715,0.637454,0.656387,0.240076,1.02841454957425
796,796,"/project/akaring/takeup-data/data/stan_analysis_data/main-core-exponential-cluster-weight-999/exponential-0796/mode-exponential-0796-1.csv","gaussian",-1.37973,-0.195901,0.0629285490818936,0.0629163,0.236109,1.94328,-0.301548,-0.521524,-0.655844,-0.550913,0.540342,0.350784,0.686333,1.10521,0.24002,1.02840147821753
797,797,"/project/akaring/takeup-data/data/stan_analysis_data/main-core-exponential-cluster-weight-999/exponential-0797/mode-exponential-0797-1.csv","gaussian",-1.50966,-0.307141,-0.0216573235328166,-0.0216686,0.234556,1.49459,-0.0171073,-0.398091,-0.165294,-0.369894,0.404555,0.353523,0.753742,1.31851,0.232672,1.02671138085832
798,798,"/project/akaring/takeup-data/data/stan_analysis_data/main-core-exponential-cluster-weight-999/exponential-0798/mode-exponential-0798-1.csv","gaussian",-1.49232,-0.140006,0.0831667074960075,0.0831553,0.194153,1.51064,0.161031,0.244498,-0.220457,-0.343503,0.320489,0.0363403,0.39577,1.15855,0.238324,1.02800696932268
799,799,"/project/akaring/takeup-data/data/stan_analysis_data/main-core-exponential-cluster-weight-999/exponential-0799/mode-exponential-0799-1.csv","gaussian",-0.593033,-0.275238,0.04362496796974,0.043613,0.227686,1.39233,-0.24572,0.257816,-0.0579584,-0.243841,0.266656,-0.0567897,0.557483,0.49119,0.243734,1.02927462941433
800,800,"/project/akaring/takeup-data/data/stan_analysis_data/main-core-exponential-cluster-weight-999/exponential-0800/mode-exponential-0800-1.csv","gaussian",-1.4792,-0.277779,0.0463661754580295,0.0463579,0.160904,1.79808,-0.125044,-0.433764,-0.370626,-0.3525,0.374859,0.160089,0.543324,1.11121,0.237703,1.02786317971265
801,801,"/project/akaring/takeup-data/data/stan_analysis_data/main-core-exponential-cluster-weight-999/exponential-0801/mode-exponential-0801-1.csv","gaussian",-1.68352,-0.139793,0.0257105557711674,0.0257014,0.139488,1.88001,-0.095338,0.232178,0.0202902,-0.528017,0.482352,0.0553177,0.481548,1.21124,0.237229,1.02775366622601
802,802,"/project/akaring/takeup-data/data/stan_analysis_data/main-core-exponential-cluster-weight-999/exponential-0802/mode-exponential-0802-1.csv","gaussian",-1.22009,-0.24776,-0.0255680338765,-0.0255799,0.196035,1.73454,-0.753893,-0.272491,0.41501,-0.489324,0.650572,0.294678,0.384219,1.03768,0.242492,1.02898122920877
803,803,"/project/akaring/takeup-data/data/stan_analysis_data/main-core-exponential-cluster-weight-999/exponential-0803/mode-exponential-0803-1.csv","gaussian",-1.12685,-0.200176,0.114579860128799,0.114569,0.197029,2.05342,-0.595972,-0.500673,-0.801011,-0.52915,0.494792,0.277067,0.776648,0.808137,0.239786,1.02834688981686
804,804,"/project/akaring/takeup-data/data/stan_analysis_data/main-core-exponential-cluster-weight-999/exponential-0804/mode-exponential-0804-1.csv","gaussian",-1.40987,-0.12101,0.001267223515313,0.00125744,0.202212,1.43862,-0.247764,0.613129,0.446529,-0.318676,0.399634,-0.0916877,0.311557,1.13936,0.239283,1.02822971854007
805,805,"/project/akaring/takeup-data/data/stan_analysis_data/main-core-exponential-cluster-weight-999/exponential-0805/mode-exponential-0805-1.csv","gaussian",-2.11201,-0.469106,0.0642715364607524,0.064259,0.245731,1.58619,0.219054,-0.419216,-0.255617,-0.34225,0.21501,0.302142,0.588801,1.75238,0.219284,1.02376045667724
806,806,"/project/akaring/takeup-data/data/stan_analysis_data/main-core-exponential-cluster-weight-999/exponential-0806/mode-exponential-0806-1.csv","gaussian",-1.80489,-0.267901,0.040791585541004,0.0407847,0.303759,1.53881,-0.207261,-0.457397,-0.237729,-0.289203,0.367858,0.307862,0.460807,1.56174,0.223914,1.02476215747655
807,807,"/project/akaring/takeup-data/data/stan_analysis_data/main-core-exponential-cluster-weight-999/exponential-0807/mode-exponential-0807-1.csv","gaussian",-1.06522,-0.258066,0.0947002096171404,0.0946935,0.174233,2.05461,-0.44785,-0.566632,0.0431401,-0.501974,0.537304,0.253791,0.512078,0.779278,0.247841,1.03025490111962
808,808,"/project/akaring/takeup-data/data/stan_analysis_data/main-core-exponential-cluster-weight-999/exponential-0808/mode-exponential-0808-1.csv","gaussian",-0.612907,-0.155472,0.183501140298317,0.183485,0.230167,1.60556,-0.285605,0.285601,-0.445739,-0.162331,0.302394,-0.207937,0.424518,0.451866,0.246981,1.03004835535085
809,809,"/project/akaring/takeup-data/data/stan_analysis_data/main-core-exponential-cluster-weight-999/exponential-0809/mode-exponential-0809-1.csv","gaussian",-1.50539,-0.166648,0.137395939662974,0.137382,0.115741,1.58902,0.0794359,-0.156292,0.911101,-0.361939,0.228488,0.066895,-0.0660927,1.01342,0.236905,1.02767892798529
810,810,"/project/akaring/takeup-data/data/stan_analysis_data/main-core-exponential-cluster-weight-999/exponential-0810/mode-exponential-0810-1.csv","gaussian",-1.59775,-0.232549,0.084871545001158,0.0848631,0.187213,2.02477,-0.672267,-0.832481,-0.135976,-0.544251,0.626084,0.414304,0.45687,1.23562,0.236892,1.02767593124681
811,811,"/project/akaring/takeup-data/data/stan_analysis_data/main-core-exponential-cluster-weight-999/exponential-0811/mode-exponential-0811-1.csv","gaussian",-1.28963,-0.441177,0.014378062163032,0.0143686,0.210953,1.42774,0.460507,0.347112,0.170643,-0.344393,0.185444,0.0659508,0.444821,1.07354,0.234233,1.02706625798388
812,812,"/project/akaring/takeup-data/data/stan_analysis_data/main-core-exponential-cluster-weight-999/exponential-0812/mode-exponential-0812-1.csv","gaussian",-0.909539,-0.0835114,0.0922333714412035,0.0922214,0.226623,1.64276,-0.179959,-0.208974,0.350999,-0.371708,0.329756,0.114744,0.355344,0.738506,0.246457,1.02992283829858
813,813,"/project/akaring/takeup-data/data/stan_analysis_data/main-core-exponential-cluster-weight-999/exponential-0813/mode-exponential-0813-1.csv","gaussian",-1.04185,-0.451041,-0.0059877643911208,-0.00600511,0.211036,1.84559,0.192653,-0.1898,-0.667212,-0.550342,0.430204,0.199757,0.742282,0.899869,0.23596,1.02746149397435
814,814,"/project/akaring/takeup-data/data/stan_analysis_data/main-core-exponential-cluster-weight-999/exponential-0814/mode-exponential-0814-1.csv","gaussian",-1.0546,-0.0583735,0.146955650385337,0.14695,0.162713,1.99092,-0.418023,-0.696926,-0.671563,-0.509793,0.598602,0.320066,0.895227,0.692258,0.242016,1.02886915798657
815,815,"/project/akaring/takeup-data/data/stan_analysis_data/main-core-exponential-cluster-weight-999/exponential-0815/mode-exponential-0815-1.csv","gaussian",-1.25309,-0.113648,0.286187905783422,0.286183,0.195995,2.54982,-0.966125,-0.989413,-0.592401,-0.588944,0.594345,0.266872,0.448527,0.847416,0.239735,1.02833499902755
816,816,"/project/akaring/takeup-data/data/stan_analysis_data/main-core-exponential-cluster-weight-999/exponential-0816/mode-exponential-0816-1.csv","gaussian",-0.765308,-0.0364542,0.044107906133534,0.0441031,0.169625,1.86262,-0.0148678,-0.601556,-0.234422,-0.468631,0.262202,0.331285,0.476079,0.519969,0.254415,1.03185609085037
817,817,"/project/akaring/takeup-data/data/stan_analysis_data/main-core-exponential-cluster-weight-999/exponential-0817/mode-exponential-0817-1.csv","gaussian",-1.23225,-0.121891,0.025051126723598,0.0250469,0.151319,1.76938,-0.148005,0.130778,0.021395,-0.475817,0.412621,0.102702,0.498084,0.891277,0.245862,1.02978061889123
818,818,"/project/akaring/takeup-data/data/stan_analysis_data/main-core-exponential-cluster-weight-999/exponential-0818/mode-exponential-0818-1.csv","gaussian",-1.51575,-0.0910178,0.194314246560435,0.194302,0.240196,1.64315,0.186798,-0.482966,-0.219477,-0.334805,0.17788,0.279069,0.46132,1.17184,0.235521,1.02736076499008
819,819,"/project/akaring/takeup-data/data/stan_analysis_data/main-core-exponential-cluster-weight-999/exponential-0819/mode-exponential-0819-1.csv","gaussian",-2.58583,-0.14639,0.19626228984216,0.196253,0.205989,2.06145,-0.675492,-0.65732,-0.108022,-0.522634,0.467456,0.365317,0.377588,1.93024,0.218244,1.02353819837659
820,820,"/project/akaring/takeup-data/data/stan_analysis_data/main-core-exponential-cluster-weight-999/exponential-0820/mode-exponential-0820-1.csv","gaussian",-1.40953,-0.163333,0.0395030952598739,0.0394913,0.189582,1.77699,-0.483258,-0.353088,-0.23638,-0.34596,0.500294,0.194499,0.367328,1.08309,0.238717,1.02809815002703
821,821,"/project/akaring/takeup-data/data/stan_analysis_data/main-core-exponential-cluster-weight-999/exponential-0821/mode-exponential-0821-1.csv","gaussian",-1.07918,-0.15873,0.0582214536462205,0.058213,0.203254,1.63049,-0.222333,-0.14277,-0.259181,-0.351883,0.434988,0.202861,0.621976,0.820171,0.243665,1.02925829227896
822,822,"/project/akaring/takeup-data/data/stan_analysis_data/main-core-exponential-cluster-weight-999/exponential-0822/mode-exponential-0822-1.csv","gaussian",-1.17687,-0.200221,0.0895237877457648,0.0895157,0.205996,1.29367,1.02574,0.251202,0.320282,-0.285872,0.0893112,-0.00713121,0.270162,0.913434,0.240147,1.02843112633224
823,823,"/project/akaring/takeup-data/data/stan_analysis_data/main-core-exponential-cluster-weight-999/exponential-0823/mode-exponential-0823-1.csv","gaussian",-1.34074,-0.0410102,0.0673552410562476,0.0673492,0.18769,1.51713,-0.254853,-0.313869,-0.0992933,-0.382984,0.55889,0.276974,0.49609,1.01979,0.239857,1.02836344764339
824,824,"/project/akaring/takeup-data/data/stan_analysis_data/main-core-exponential-cluster-weight-999/exponential-0824/mode-exponential-0824-1.csv","gaussian",-0.309423,-0.108845,0.0793323058210382,0.0793298,0.25145,2.03703,-0.195615,0.137077,-0.201411,-0.403264,0.289604,-0.062351,0.346075,0.278538,0.254431,1.03186003593559
825,825,"/project/akaring/takeup-data/data/stan_analysis_data/main-core-exponential-cluster-weight-999/exponential-0825/mode-exponential-0825-1.csv","gaussian",-1.05977,-0.240222,0.063413994229408,0.0633988,0.150734,1.33115,0.479442,0.393756,0.203073,-0.355875,0.346887,-0.0114838,0.481385,0.800531,0.242821,1.02905881175033
826,826,"/project/akaring/takeup-data/data/stan_analysis_data/main-core-exponential-cluster-weight-999/exponential-0826/mode-exponential-0826-1.csv","gaussian",-1.08018,-0.127961,0.122169236749627,0.12216,0.240495,1.4014,-0.25562,0.197814,0.0800418,-0.301655,0.431271,0.0749587,0.508056,0.878588,0.242621,1.0290116372719
827,827,"/project/akaring/takeup-data/data/stan_analysis_data/main-core-exponential-cluster-weight-999/exponential-0827/mode-exponential-0827-1.csv","gaussian",-1.36676,-0.391398,0.0107625470902662,0.0107585,0.189669,1.11282,0.603654,0.315228,0.510941,-0.176482,0.0445686,-0.0319375,0.2042,1.14426,0.235056,1.02725426411186
828,828,"/project/akaring/takeup-data/data/stan_analysis_data/main-core-exponential-cluster-weight-999/exponential-0828/mode-exponential-0828-1.csv","gaussian",-2.60325,-0.241265,-0.225104031317363,-0.225111,0.278932,1.07632,-0.373224,0.386524,0.630705,-0.164116,0.529564,0.0318054,0.263287,2.31823,0.209943,1.02180040284245
829,829,"/project/akaring/takeup-data/data/stan_analysis_data/main-core-exponential-cluster-weight-999/exponential-0829/mode-exponential-0829-1.csv","gaussian",-1.06833,-0.288282,-0.0042059106140177,-0.00421516,0.177801,2.01773,-0.19557,-0.384224,-0.355645,-0.741594,0.569489,0.418095,0.662562,0.861235,0.241246,1.02868830678491
830,830,"/project/akaring/takeup-data/data/stan_analysis_data/main-core-exponential-cluster-weight-999/exponential-0830/mode-exponential-0830-1.csv","gaussian",-1.46593,-0.190283,0.126266924573068,0.126252,0.160681,1.99429,0.0996585,-0.773124,-0.49449,-0.482067,0.200172,0.312131,0.539867,1.07593,0.240251,1.02845541614647
831,831,"/project/akaring/takeup-data/data/stan_analysis_data/main-core-exponential-cluster-weight-999/exponential-0831/mode-exponential-0831-1.csv","gaussian",-1.08817,-0.284554,0.0305383864517909,0.0305318,0.226928,1.25796,0.173908,0.0594674,0.157197,-0.228004,0.15513,0.0134752,0.403423,0.983691,0.240925,1.0286130738159
832,832,"/project/akaring/takeup-data/data/stan_analysis_data/main-core-exponential-cluster-weight-999/exponential-0832/mode-exponential-0832-1.csv","gaussian",-0.608041,-0.13357,0.109171363009263,0.109161,0.234044,1.98563,-0.751676,-0.617154,0.089501,-0.586578,0.708957,0.384537,0.498295,0.474069,0.250337,1.03085819275446
833,833,"/project/akaring/takeup-data/data/stan_analysis_data/main-core-exponential-cluster-weight-999/exponential-0833/mode-exponential-0833-1.csv","gaussian",-1.68875,-0.391755,-0.0453050790648381,-0.045313,0.140043,1.8974,-0.394593,-0.171646,-0.265897,-0.565433,0.493385,0.261152,0.604541,1.30023,0.231827,1.02652021798355
834,834,"/project/akaring/takeup-data/data/stan_analysis_data/main-core-exponential-cluster-weight-999/exponential-0834/mode-exponential-0834-1.csv","gaussian",-1.3554,-0.187728,0.0304984633212023,0.0304904,0.197869,1.61962,-0.205775,-0.206814,-0.404855,-0.405034,0.424176,0.182819,0.693979,1.06854,0.240474,1.02850753262968
835,835,"/project/akaring/takeup-data/data/stan_analysis_data/main-core-exponential-cluster-weight-999/exponential-0835/mode-exponential-0835-1.csv","gaussian",-1.92051,-0.139367,0.154549264401503,0.154542,0.239249,2.09574,-0.525927,-0.466734,-0.513545,-0.418279,0.358919,0.188741,0.481587,1.45734,0.230038,1.02611767426743
836,836,"/project/akaring/takeup-data/data/stan_analysis_data/main-core-exponential-cluster-weight-999/exponential-0836/mode-exponential-0836-1.csv","gaussian",-1.13119,-0.237292,0.0961040117064436,0.0961012,0.221903,1.64856,-0.410062,0.130868,-0.0685336,-0.43499,0.46748,0.0985847,0.518761,0.917014,0.236469,1.0275785069575
837,837,"/project/akaring/takeup-data/data/stan_analysis_data/main-core-exponential-cluster-weight-999/exponential-0837/mode-exponential-0837-1.csv","gaussian",-1.14338,-0.355467,0.152194172609239,0.152189,0.213934,2.00838,-0.397914,-0.763428,-0.285826,-0.521013,0.460412,0.335428,0.653072,0.910195,0.23994,1.02838280985244
838,838,"/project/akaring/takeup-data/data/stan_analysis_data/main-core-exponential-cluster-weight-999/exponential-0838/mode-exponential-0838-1.csv","gaussian",-1.55482,-0.316388,-0.0379233681215215,-0.0379264,0.19178,1.55767,0.275466,-0.341376,0.297713,-0.486037,0.397449,0.422686,0.51362,1.31093,0.23714,1.02773312664329
839,839,"/project/akaring/takeup-data/data/stan_analysis_data/main-core-exponential-cluster-weight-999/exponential-0839/mode-exponential-0839-1.csv","gaussian",-1.53728,-0.158007,0.0929759950414092,0.0929706,0.163599,1.90933,-0.145125,-0.634576,-0.217821,-0.466426,0.461791,0.272256,0.390088,1.15492,0.23262,1.02669959793505
840,840,"/project/akaring/takeup-data/data/stan_analysis_data/main-core-exponential-cluster-weight-999/exponential-0840/mode-exponential-0840-1.csv","gaussian",-1.17546,-0.058212,0.0735675492059237,0.0735569,0.247132,1.77446,-0.653807,-0.038273,0.0231866,-0.384391,0.555446,0.0978254,0.419031,0.977337,0.241613,1.02877443677854
841,841,"/project/akaring/takeup-data/data/stan_analysis_data/main-core-exponential-cluster-weight-999/exponential-0841/mode-exponential-0841-1.csv","gaussian",-0.740138,-0.34952,0.0570204111374316,0.0570089,0.201533,1.73075,0.0236776,-0.347327,-0.0915393,-0.319826,0.238939,0.186034,0.364152,0.58905,0.248162,1.0303321688873
842,842,"/project/akaring/takeup-data/data/stan_analysis_data/main-core-exponential-cluster-weight-999/exponential-0842/mode-exponential-0842-1.csv","gaussian",-1.5859,-0.129111,0.116251374540557,0.116243,0.188057,1.73513,0.212702,-0.00659982,0.234322,-0.48388,0.486403,0.242063,0.380916,1.15574,0.238182,1.02797405858514
843,843,"/project/akaring/takeup-data/data/stan_analysis_data/main-core-exponential-cluster-weight-999/exponential-0843/mode-exponential-0843-1.csv","gaussian",-1.84815,-0.259237,-0.017886973933,-0.0178971,0.201414,1.55304,-0.454627,-0.24527,-0.140769,-0.370827,0.455692,0.187887,0.414762,1.53989,0.227518,1.02555567392707
844,844,"/project/akaring/takeup-data/data/stan_analysis_data/main-core-exponential-cluster-weight-999/exponential-0844/mode-exponential-0844-1.csv","gaussian",-0.933464,-0.118294,0.154608943868311,0.154601,0.189346,2.03524,-0.436762,-0.711174,-0.122044,-0.433195,0.441048,0.241655,0.399197,0.664628,0.245222,1.02962800529317
845,845,"/project/akaring/takeup-data/data/stan_analysis_data/main-core-exponential-cluster-weight-999/exponential-0845/mode-exponential-0845-1.csv","gaussian",-2.00955,-0.301871,0.0714918393318925,0.0714838,0.139988,1.9714,-0.406359,-0.59349,0.00198296,-0.506949,0.456774,0.313992,0.390287,1.5065,0.22556,1.02512307241619
846,846,"/project/akaring/takeup-data/data/stan_analysis_data/main-core-exponential-cluster-weight-999/exponential-0846/mode-exponential-0846-1.csv","gaussian",-1.33307,-0.324229,0.0061917498751969,0.00618433,0.168799,2.35946,-0.793724,-0.987989,-0.805994,-0.696209,0.561717,0.474213,0.948665,1.07127,0.238126,1.02796108480623
847,847,"/project/akaring/takeup-data/data/stan_analysis_data/main-core-exponential-cluster-weight-999/exponential-0847/mode-exponential-0847-1.csv","gaussian",-1.24587,-0.295491,0.0961228569363063,0.0961152,0.261371,1.72892,-0.204554,-0.613303,-0.632432,-0.341426,0.319248,0.314364,0.760894,1.04597,0.237131,1.02773105001309
848,848,"/project/akaring/takeup-data/data/stan_analysis_data/main-core-exponential-cluster-weight-999/exponential-0848/mode-exponential-0848-1.csv","gaussian",-2.23633,-0.230275,-0.0023686364809048,-0.00238632,0.254154,1.56743,-0.359649,0.00776694,-0.0979862,-0.29381,0.412559,0.0486936,0.509882,1.87482,0.225489,1.02510745247559
849,849,"/project/akaring/takeup-data/data/stan_analysis_data/main-core-exponential-cluster-weight-999/exponential-0849/mode-exponential-0849-1.csv","gaussian",-1.6143,-0.150153,0.124443377435021,0.124433,0.131354,1.93964,-0.491752,-0.0119097,-0.437675,-0.502996,0.666395,0.0983431,0.636708,1.11245,0.237592,1.02783751559476
850,850,"/project/akaring/takeup-data/data/stan_analysis_data/main-core-exponential-cluster-weight-999/exponential-0850/mode-exponential-0850-1.csv","gaussian",-1.46613,-0.226691,0.0561264074462384,0.0561164,0.152301,1.86755,-0.334214,-0.115024,-0.241012,-0.366169,0.462743,0.03102,0.478726,1.05939,0.239092,1.02818528702953
851,851,"/project/akaring/takeup-data/data/stan_analysis_data/main-core-exponential-cluster-weight-999/exponential-0851/mode-exponential-0851-1.csv","gaussian",-1.99349,-0.361669,0.117537844569385,0.117533,0.278479,1.34971,0.255304,-0.0450414,0.286231,-0.216742,0.14311,0.100522,0.229705,1.6423,0.222134,1.02437469412125
852,852,"/project/akaring/takeup-data/data/stan_analysis_data/main-core-exponential-cluster-weight-999/exponential-0852/mode-exponential-0852-1.csv","gaussian",-1.9971,-0.197575,-0.078252314926246,-0.0782638,0.17747,1.65988,-0.448764,-0.302719,0.00317855,-0.363345,0.537092,0.238007,0.375678,1.67596,0.229644,1.02602941806558
853,853,"/project/akaring/takeup-data/data/stan_analysis_data/main-core-exponential-cluster-weight-999/exponential-0853/mode-exponential-0853-1.csv","gaussian",-1.17802,-0.468215,0.0069256339750846,0.00691953,0.188293,1.54191,-0.0707049,-0.218988,-0.214989,-0.378306,0.449587,0.231278,0.709141,1.00313,0.233903,1.02699104835875
854,854,"/project/akaring/takeup-data/data/stan_analysis_data/main-core-exponential-cluster-weight-999/exponential-0854/mode-exponential-0854-1.csv","gaussian",-1.92715,0.00487738,0.120842603588226,0.120835,0.17593,1.80734,-0.137119,0.00845063,-0.0688413,-0.388572,0.289756,0.0553773,0.595371,1.41123,0.232354,1.02663936283195
855,855,"/project/akaring/takeup-data/data/stan_analysis_data/main-core-exponential-cluster-weight-999/exponential-0855/mode-exponential-0855-1.csv","gaussian",-1.07778,-0.179873,0.105086377868598,0.105076,0.180071,1.95769,-0.268248,-0.175745,-0.395941,-0.44005,0.357568,0.106458,0.637351,0.793189,0.247875,1.03026308078325
856,856,"/project/akaring/takeup-data/data/stan_analysis_data/main-core-exponential-cluster-weight-999/exponential-0856/mode-exponential-0856-1.csv","gaussian",-0.956691,-0.0265931,0.225225089513536,0.225215,0.179247,1.56996,-0.260497,0.332937,-0.555023,-0.199089,0.375466,-0.182822,0.673816,0.627686,0.251174,1.03106177228913
857,857,"/project/akaring/takeup-data/data/stan_analysis_data/main-core-exponential-cluster-weight-999/exponential-0857/mode-exponential-0857-1.csv","gaussian",-1.89746,-0.0886583,0.172536642623443,0.172526,0.21202,1.98654,-0.286895,-0.285177,-0.513733,-0.423696,0.38078,0.153931,0.666972,1.37278,0.232363,1.02664139979303
858,858,"/project/akaring/takeup-data/data/stan_analysis_data/main-core-exponential-cluster-weight-999/exponential-0858/mode-exponential-0858-1.csv","gaussian",-1.08978,-0.167255,0.0860809973191124,0.0860701,0.182377,1.47668,0.0281449,-0.104118,0.0584369,-0.401361,0.400585,0.183878,0.434627,0.885403,0.242877,1.02907202718226
859,859,"/project/akaring/takeup-data/data/stan_analysis_data/main-core-exponential-cluster-weight-999/exponential-0859/mode-exponential-0859-1.csv","gaussian",-1.54586,-0.129392,0.12423865349125,0.124233,0.144684,1.77312,-0.554506,-0.0779911,0.122916,-0.443499,0.611445,0.104898,0.416726,1.05754,0.242061,1.02887974405224
860,860,"/project/akaring/takeup-data/data/stan_analysis_data/main-core-exponential-cluster-weight-999/exponential-0860/mode-exponential-0860-1.csv","gaussian",-0.660484,-0.313453,0.0516931789103845,0.0516859,0.215113,1.55673,0.0692916,0.494877,0.127279,-0.448716,0.314038,0.00516419,0.49435,0.589927,0.238522,1.02805288992542
861,861,"/project/akaring/takeup-data/data/stan_analysis_data/main-core-exponential-cluster-weight-999/exponential-0861/mode-exponential-0861-1.csv","gaussian",-0.598093,-0.178408,0.0292855938627456,0.0292778,0.231288,1.6949,-0.403932,-0.447048,-0.107077,-0.484718,0.665747,0.335738,0.556218,0.551283,0.249981,1.03077179839235
862,862,"/project/akaring/takeup-data/data/stan_analysis_data/main-core-exponential-cluster-weight-999/exponential-0862/mode-exponential-0862-1.csv","gaussian",-1.20948,-0.31776,-0.0153211077413769,-0.0153255,0.172439,1.92151,0.0286296,-0.0541231,-0.365367,-0.580749,0.424638,0.256507,0.711399,0.979841,0.238014,1.02793514590951
863,863,"/project/akaring/takeup-data/data/stan_analysis_data/main-core-exponential-cluster-weight-999/exponential-0863/mode-exponential-0863-1.csv","gaussian",-0.675187,-0.252969,-0.019153035579033,-0.0191583,0.197025,1.32602,-0.216317,0.101151,0.0558719,-0.254272,0.236083,0.128693,0.434913,0.602523,0.246103,1.02983818467223
864,864,"/project/akaring/takeup-data/data/stan_analysis_data/main-core-exponential-cluster-weight-999/exponential-0864/mode-exponential-0864-1.csv","gaussian",-1.25575,-0.413532,-0.061782042211481,-0.0617935,0.152364,1.64807,0.151612,0.265394,0.321999,-0.333942,0.206847,-0.00417579,0.415637,0.925745,0.237222,1.02775205048883
865,865,"/project/akaring/takeup-data/data/stan_analysis_data/main-core-exponential-cluster-weight-999/exponential-0865/mode-exponential-0865-1.csv","gaussian",-1.8305,-0.0932629,0.124560921124914,0.124547,0.187699,1.99624,-0.540057,-0.158705,0.0723624,-0.507127,0.48096,0.175192,0.3758,1.3678,0.232529,1.02667898383136
866,866,"/project/akaring/takeup-data/data/stan_analysis_data/main-core-exponential-cluster-weight-999/exponential-0866/mode-exponential-0866-1.csv","gaussian",-0.53591,-0.16703,0.097232522795488,0.0972257,0.239089,1.78569,-0.0852035,-0.411073,0.546938,-0.423052,0.447924,0.264924,0.425221,0.423114,0.243885,1.02931039692845
867,867,"/project/akaring/takeup-data/data/stan_analysis_data/main-core-exponential-cluster-weight-999/exponential-0867/mode-exponential-0867-1.csv","gaussian",-1.23206,-0.275995,-0.0684119978000496,-0.0684223,0.166187,1.42526,-0.0153083,0.617457,0.321755,-0.287056,0.365832,-0.157941,0.31268,1.00174,0.239176,1.02820482345494
868,868,"/project/akaring/takeup-data/data/stan_analysis_data/main-core-exponential-cluster-weight-999/exponential-0868/mode-exponential-0868-1.csv","gaussian",-0.421301,-0.00398107,0.0869445786257748,0.0869393,0.205071,0.949872,1.0881,0.662511,0.478855,-0.117121,-0.0290074,-0.228903,0.288872,0.326319,0.254106,1.03177994709919
869,869,"/project/akaring/takeup-data/data/stan_analysis_data/main-core-exponential-cluster-weight-999/exponential-0869/mode-exponential-0869-1.csv","gaussian",-1.57681,-0.226993,0.0115505659649906,0.0115442,0.162404,2.1761,-0.672952,0.0678338,-0.29873,-0.591101,0.597555,0.135592,0.682479,1.15082,0.236237,1.02752514332692
870,870,"/project/akaring/takeup-data/data/stan_analysis_data/main-core-exponential-cluster-weight-999/exponential-0870/mode-exponential-0870-1.csv","gaussian",-1.88576,0.0270608,0.209232588390642,0.209221,0.249079,1.82326,-0.707607,-0.789669,-0.0182841,-0.366608,0.486498,0.426879,0.352801,1.38685,0.228424,1.02575704909886
871,871,"/project/akaring/takeup-data/data/stan_analysis_data/main-core-exponential-cluster-weight-999/exponential-0871/mode-exponential-0871-1.csv","gaussian",-1.54368,-0.213952,0.137219146766378,0.137216,0.171546,2.41222,-0.430471,-1.12784,-0.484084,-0.716651,0.562014,0.570832,0.661288,1.15546,0.237652,1.02785138668195
872,872,"/project/akaring/takeup-data/data/stan_analysis_data/main-core-exponential-cluster-weight-999/exponential-0872/mode-exponential-0872-1.csv","gaussian",-1.78094,-0.205202,0.0705859971751208,0.0705721,0.208239,1.55033,-0.181093,-0.313151,-0.124186,-0.270238,0.396824,0.18454,0.314058,1.42747,0.229577,1.02601442432794
873,873,"/project/akaring/takeup-data/data/stan_analysis_data/main-core-exponential-cluster-weight-999/exponential-0873/mode-exponential-0873-1.csv","gaussian",-0.521547,-0.231623,-0.0201935211462848,-0.0202066,0.222463,1.53395,0.0224711,0.221656,-0.00382252,-0.458872,0.420905,0.0782081,0.563113,0.492586,0.24654,1.02994270306653
874,874,"/project/akaring/takeup-data/data/stan_analysis_data/main-core-exponential-cluster-weight-999/exponential-0874/mode-exponential-0874-1.csv","gaussian",-2.16968,-0.0973223,0.129657486169414,0.12965,0.218955,1.72329,0.0254285,-0.260389,0.103761,-0.412548,0.225434,0.200314,0.293626,1.73571,0.229641,1.02602874661532
875,875,"/project/akaring/takeup-data/data/stan_analysis_data/main-core-exponential-cluster-weight-999/exponential-0875/mode-exponential-0875-1.csv","gaussian",-1.33383,-0.10882,0.131297179019773,0.131282,0.241947,1.5003,-0.305774,-0.479394,0.0678562,-0.247305,0.340872,0.167282,0.398606,1.08099,0.236254,1.02752905190851
876,876,"/project/akaring/takeup-data/data/stan_analysis_data/main-core-exponential-cluster-weight-999/exponential-0876/mode-exponential-0876-1.csv","gaussian",-1.0887,-0.148219,0.0557604567588805,0.0557516,0.172888,1.88887,-0.0360159,-0.413239,-0.30559,-0.455234,0.297142,0.195292,0.529338,0.852995,0.244013,1.02934073278434
877,877,"/project/akaring/takeup-data/data/stan_analysis_data/main-core-exponential-cluster-weight-999/exponential-0877/mode-exponential-0877-1.csv","gaussian",-0.760915,-0.17264,0.0811671109495704,0.0811565,0.227852,2.22363,-0.392192,-0.712447,-0.175713,-0.740218,0.655681,0.557645,0.715921,0.615554,0.242505,1.02898429289518
878,878,"/project/akaring/takeup-data/data/stan_analysis_data/main-core-exponential-cluster-weight-999/exponential-0878/mode-exponential-0878-1.csv","gaussian",-1.03032,-0.242338,-0.0056671637652992,-0.00567374,0.224005,1.1137,0.186883,-0.0831493,0.418111,-0.196599,0.275798,0.126062,0.21466,0.911172,0.241313,1.02870402155771
879,879,"/project/akaring/takeup-data/data/stan_analysis_data/main-core-exponential-cluster-weight-999/exponential-0879/mode-exponential-0879-1.csv","gaussian",-1.23324,-0.261163,-0.0440041819238543,-0.0440156,0.193922,1.46722,0.145922,0.120985,0.583784,-0.324344,0.290886,0.0635041,0.204061,1.05278,0.2389,1.02814065671969
880,880,"/project/akaring/takeup-data/data/stan_analysis_data/main-core-exponential-cluster-weight-999/exponential-0880/mode-exponential-0880-1.csv","gaussian",-1.78023,-0.249396,-0.017632937114905,-0.0176437,0.192752,1.5497,0.03948,0.195305,-0.147322,-0.37903,0.321093,0.100748,0.568559,1.43099,0.231305,1.02640245665382
881,881,"/project/akaring/takeup-data/data/stan_analysis_data/main-core-exponential-cluster-weight-999/exponential-0881/mode-exponential-0881-1.csv","gaussian",-0.987782,-0.197582,-0.036116850765252,-0.0361293,0.20738,1.789,-0.108879,-0.6783,-0.478509,-0.442212,0.437284,0.363983,0.796549,0.810875,0.244655,1.02949311266516
882,882,"/project/akaring/takeup-data/data/stan_analysis_data/main-core-exponential-cluster-weight-999/exponential-0882/mode-exponential-0882-1.csv","gaussian",-1.07877,-0.23512,0.125880694642868,0.125875,0.21696,1.84349,0.166867,-0.483253,-0.157642,-0.502197,0.346942,0.35478,0.520137,0.850293,0.235862,1.02743899237084
883,883,"/project/akaring/takeup-data/data/stan_analysis_data/main-core-exponential-cluster-weight-999/exponential-0883/mode-exponential-0883-1.csv","gaussian",-1.01199,-0.27449,0.0558126595345585,0.0558031,0.229342,1.72589,-0.186593,-0.42074,-0.404419,-0.342343,0.363363,0.121965,0.524209,0.851432,0.242537,1.02899183493796
884,884,"/project/akaring/takeup-data/data/stan_analysis_data/main-core-exponential-cluster-weight-999/exponential-0884/mode-exponential-0884-1.csv","gaussian",-0.83816,-0.293185,0.0199500739419088,0.0199378,0.204698,1.36105,0.274208,0.162395,0.0147882,-0.36523,0.323732,0.0997774,0.477102,0.729012,0.2448,1.02952758098071
885,885,"/project/akaring/takeup-data/data/stan_analysis_data/main-core-exponential-cluster-weight-999/exponential-0885/mode-exponential-0885-1.csv","gaussian",-1.33955,-0.0643963,0.113222307647063,0.113214,0.20727,1.29494,-0.0098044,0.877073,0.136575,-0.25406,0.30414,-0.229392,0.375736,1.05501,0.241772,1.02881179036012
886,886,"/project/akaring/takeup-data/data/stan_analysis_data/main-core-exponential-cluster-weight-999/exponential-0886/mode-exponential-0886-1.csv","gaussian",-0.499644,-0.145912,0.0855811704079306,0.0855728,0.22054,1.85933,0.239151,-0.57348,-0.589057,-0.504992,0.353537,0.379959,0.807858,0.393858,0.251002,1.03101988535818
887,887,"/project/akaring/takeup-data/data/stan_analysis_data/main-core-exponential-cluster-weight-999/exponential-0887/mode-exponential-0887-1.csv","gaussian",-1.37621,-0.212546,0.0211474740953208,0.0211336,0.15948,1.59837,-0.215073,0.197389,0.232977,-0.353637,0.476243,-0.0451449,0.300733,1.04281,0.238507,1.02804940982863
888,888,"/project/akaring/takeup-data/data/stan_analysis_data/main-core-exponential-cluster-weight-999/exponential-0888/mode-exponential-0888-1.csv","gaussian",-1.78844,-0.184402,-0.0259800740629432,-0.0259936,0.129106,1.90365,-0.564655,-0.532885,-0.164656,-0.520001,0.548647,0.310937,0.562474,1.34992,0.231986,1.02655613786875
889,889,"/project/akaring/takeup-data/data/stan_analysis_data/main-core-exponential-cluster-weight-999/exponential-0889/mode-exponential-0889-1.csv","gaussian",-2.83639,-0.316096,0.0714503962607768,0.0714355,0.154679,1.91207,-0.162241,-0.142091,-0.450652,-0.481071,0.379382,0.206783,0.680833,2.17185,0.212008,1.02222668330659
890,890,"/project/akaring/takeup-data/data/stan_analysis_data/main-core-exponential-cluster-weight-999/exponential-0890/mode-exponential-0890-1.csv","gaussian",-1.41733,-0.226288,0.169497934723635,0.169485,0.22758,1.93559,-0.635191,-0.31655,0.0822983,-0.442124,0.641684,0.202959,0.300401,1.08942,0.239732,1.02833429964385
891,891,"/project/akaring/takeup-data/data/stan_analysis_data/main-core-exponential-cluster-weight-999/exponential-0891/mode-exponential-0891-1.csv","gaussian",-1.20232,-0.101833,0.0036719908114916,0.00366933,0.172628,1.5602,-0.134221,-0.304861,-0.0805693,-0.332859,0.377219,0.18371,0.657942,0.938049,0.244877,1.02954589267745
892,892,"/project/akaring/takeup-data/data/stan_analysis_data/main-core-exponential-cluster-weight-999/exponential-0892/mode-exponential-0892-1.csv","gaussian",-0.95195,-0.0417278,0.178066325348831,0.178056,0.216576,1.98881,-0.150613,-0.265606,-0.434921,-0.484249,0.33212,0.224645,0.75834,0.677833,0.250318,1.03085357889663
893,893,"/project/akaring/takeup-data/data/stan_analysis_data/main-core-exponential-cluster-weight-999/exponential-0893/mode-exponential-0893-1.csv","gaussian",-1.40868,-0.509639,-0.0463178070545258,-0.04632,0.185802,1.00277,0.584885,0.927595,0.687897,-0.170307,0.10691,-0.19486,0.187794,1.21733,0.231291,1.02639930177344
894,894,"/project/akaring/takeup-data/data/stan_analysis_data/main-core-exponential-cluster-weight-999/exponential-0894/mode-exponential-0894-1.csv","gaussian",-1.15685,-0.359571,-0.0029875774852128,-0.00299237,0.231072,1.63887,-0.273303,0.170398,-0.0223871,-0.37042,0.51102,-0.0198448,0.460828,0.984584,0.238179,1.02797336348808
895,895,"/project/akaring/takeup-data/data/stan_analysis_data/main-core-exponential-cluster-weight-999/exponential-0895/mode-exponential-0895-1.csv","gaussian",-0.733673,-0.0368675,0.182154385886897,0.182144,0.194288,1.93491,-0.550907,0.124671,-0.103718,-0.547199,0.581221,0.035848,0.550906,0.499479,0.245047,1.02958634033722
896,896,"/project/akaring/takeup-data/data/stan_analysis_data/main-core-exponential-cluster-weight-999/exponential-0896/mode-exponential-0896-1.csv","gaussian",-1.29535,-0.228666,-0.0547790125277616,-0.0547962,0.212603,1.48052,0.0767054,-0.360506,-0.0913476,-0.279163,0.18801,0.229618,0.419168,1.09382,0.2412,1.02867751992546
897,897,"/project/akaring/takeup-data/data/stan_analysis_data/main-core-exponential-cluster-weight-999/exponential-0897/mode-exponential-0897-1.csv","gaussian",-1.34367,-0.22093,0.0898965486409696,0.0898801,0.189816,1.75262,0.0793088,-0.179426,-0.115762,-0.553494,0.418814,0.328218,0.588224,1.05279,0.24095,1.02861892968193
898,898,"/project/akaring/takeup-data/data/stan_analysis_data/main-core-exponential-cluster-weight-999/exponential-0898/mode-exponential-0898-1.csv","gaussian",-1.85573,-0.0863443,0.127138752408047,0.127134,0.171651,1.83899,-0.578992,-0.319987,-0.45497,-0.440802,0.649982,0.201771,0.76098,1.35289,0.237408,1.02779499826765
899,899,"/project/akaring/takeup-data/data/stan_analysis_data/main-core-exponential-cluster-weight-999/exponential-0899/mode-exponential-0899-1.csv","gaussian",-1.46722,-0.266166,0.0948229039512525,0.0948182,0.217904,1.45373,0.669894,-0.224809,-0.328492,-0.300063,0.128889,0.231486,0.569914,1.15018,0.234005,1.02701428423611
900,900,"/project/akaring/takeup-data/data/stan_analysis_data/main-core-exponential-cluster-weight-999/exponential-0900/mode-exponential-0900-1.csv","gaussian",-0.694727,-0.224116,-0.0826471868953,-0.0826591,0.199654,1.54463,0.19083,0.342365,-0.382816,-0.416056,0.270658,0.0848424,0.729724,0.60717,0.24721,1.03010328807358
901,901,"/project/akaring/takeup-data/data/stan_analysis_data/main-core-exponential-cluster-weight-999/exponential-0901/mode-exponential-0901-1.csv","gaussian",-2.14171,-0.177781,0.0883674945138599,0.0883604,0.25293,1.49359,0.118668,-0.125571,0.106603,-0.242614,0.289075,0.0986883,0.36208,1.73419,0.224592,1.02491051632033
902,902,"/project/akaring/takeup-data/data/stan_analysis_data/main-core-exponential-cluster-weight-999/exponential-0902/mode-exponential-0902-1.csv","gaussian",-1.35507,-0.365362,-0.0367498718949105,-0.0367534,0.186683,1.82315,-0.0840123,0.129289,-0.0207797,-0.55044,0.516175,0.156297,0.611955,1.12632,0.234812,1.0271984595705
903,903,"/project/akaring/takeup-data/data/stan_analysis_data/main-core-exponential-cluster-weight-999/exponential-0903/mode-exponential-0903-1.csv","gaussian",-1.43333,-0.348354,0.0334446048611589,0.0334367,0.144266,1.82689,-0.28107,0.00196943,-0.163336,-0.52933,0.46672,0.0815174,0.452359,1.10112,0.233511,1.02690183908736
904,904,"/project/akaring/takeup-data/data/stan_analysis_data/main-core-exponential-cluster-weight-999/exponential-0904/mode-exponential-0904-1.csv","gaussian",-1.37584,-0.296209,0.136706793129616,0.1367,0.225202,2.0033,-0.464964,-1.08474,-0.368297,-0.472146,0.582792,0.459562,0.514451,1.07709,0.236755,1.02764435970086
905,905,"/project/akaring/takeup-data/data/stan_analysis_data/main-core-exponential-cluster-weight-999/exponential-0905/mode-exponential-0905-1.csv","gaussian",-1.60633,-0.427341,0.0270549892179124,0.0270492,0.140978,1.57916,-0.00963679,0.184739,0.115274,-0.408937,0.540998,0.00464611,0.370958,1.24794,0.235963,1.02746218293862
906,906,"/project/akaring/takeup-data/data/stan_analysis_data/main-core-exponential-cluster-weight-999/exponential-0906/mode-exponential-0906-1.csv","gaussian",-1.18074,-0.359538,0.0912995644720534,0.0912872,0.213131,1.71281,0.0754091,0.0156107,0.0938535,-0.39804,0.402929,0.12533,0.366455,0.938246,0.237472,1.02780978336655
907,907,"/project/akaring/takeup-data/data/stan_analysis_data/main-core-exponential-cluster-weight-999/exponential-0907/mode-exponential-0907-1.csv","gaussian",-1.29938,-0.191336,0.086900902893225,0.0868894,0.214838,1.67362,-0.339098,-0.285056,0.0529743,-0.416047,0.465896,0.256156,0.575472,1.02577,0.243232,1.02915587051914
908,908,"/project/akaring/takeup-data/data/stan_analysis_data/main-core-exponential-cluster-weight-999/exponential-0908/mode-exponential-0908-1.csv","gaussian",-1.44347,-0.274649,-0.046642876140118,-0.0466534,0.209473,1.25145,0.351513,0.307902,-0.105061,-0.27404,0.268258,0.103917,0.695773,1.21939,0.232343,1.02663687331451
909,909,"/project/akaring/takeup-data/data/stan_analysis_data/main-core-exponential-cluster-weight-999/exponential-0909/mode-exponential-0909-1.csv","gaussian",-0.787859,-0.0672396,0.0840916442599552,0.0840838,0.184625,1.99527,-0.0338645,-1.01587,-0.784172,-0.451517,0.312287,0.486421,0.580723,0.543279,0.247376,1.03014313829487
910,910,"/project/akaring/takeup-data/data/stan_analysis_data/main-core-exponential-cluster-weight-999/exponential-0910/mode-exponential-0910-1.csv","gaussian",-1.2939,-0.272201,0.035204710410114,0.0352031,0.211092,1.95041,0.0950385,-0.162432,-0.358598,-0.596045,0.44021,0.326355,0.635279,1.01899,0.235631,1.0273859879135
911,911,"/project/akaring/takeup-data/data/stan_analysis_data/main-core-exponential-cluster-weight-999/exponential-0911/mode-exponential-0911-1.csv","gaussian",-2.03473,-0.31784,0.0538695573210525,0.0538591,0.200397,1.62547,-0.0404161,0.120846,0.15784,-0.331859,0.426333,0.0412098,0.343537,1.57326,0.224314,1.02484963316381
912,912,"/project/akaring/takeup-data/data/stan_analysis_data/main-core-exponential-cluster-weight-999/exponential-0912/mode-exponential-0912-1.csv","gaussian",-1.73661,-0.209759,0.087880462663169,0.08787,0.202775,2.23651,-0.73186,-0.424501,-0.658187,-0.559229,0.66905,0.255679,0.668947,1.32424,0.235009,1.02724351060545
913,913,"/project/akaring/takeup-data/data/stan_analysis_data/main-core-exponential-cluster-weight-999/exponential-0913/mode-exponential-0913-1.csv","gaussian",-1.60808,-0.196694,-0.0111366215970128,-0.0111394,0.197071,1.55262,0.115369,0.456047,0.0042499,-0.44675,0.377361,-0.00932801,0.490773,1.33995,0.234464,1.02711896452943
914,914,"/project/akaring/takeup-data/data/stan_analysis_data/main-core-exponential-cluster-weight-999/exponential-0914/mode-exponential-0914-1.csv","gaussian",-1.49475,0.0979356,0.227163660239271,0.227158,0.15135,1.99986,-0.723261,-0.17486,-0.50708,-0.4151,0.517461,0.0429548,0.65037,0.959751,0.239527,1.02828652803049
915,915,"/project/akaring/takeup-data/data/stan_analysis_data/main-core-exponential-cluster-weight-999/exponential-0915/mode-exponential-0915-1.csv","gaussian",-1.23505,-0.0917409,0.117828020554935,0.117823,0.225202,1.73131,-0.192572,-0.260963,-0.140231,-0.364004,0.302893,0.188247,0.394901,0.957411,0.238131,1.02796224306197
916,916,"/project/akaring/takeup-data/data/stan_analysis_data/main-core-exponential-cluster-weight-999/exponential-0916/mode-exponential-0916-1.csv","gaussian",-1.16793,-0.213544,0.0830442674509043,0.0830361,0.140122,2.01591,-0.493661,-0.114675,-0.0539242,-0.531985,0.445073,0.189638,0.440751,0.825529,0.24388,1.02930921223897
917,917,"/project/akaring/takeup-data/data/stan_analysis_data/main-core-exponential-cluster-weight-999/exponential-0917/mode-exponential-0917-1.csv","gaussian",-1.24772,-0.188462,0.104101156747319,0.104092,0.182651,1.96199,-0.326188,-0.798882,-0.266003,-0.528332,0.392896,0.425539,0.607385,0.939296,0.241441,1.02873405527425
918,918,"/project/akaring/takeup-data/data/stan_analysis_data/main-core-exponential-cluster-weight-999/exponential-0918/mode-exponential-0918-1.csv","gaussian",-1.8307,-0.243266,0.0524352289162681,0.0524264,0.14114,1.87895,0.0308025,-0.264373,0.118185,-0.515042,0.432698,0.27707,0.358323,1.3628,0.234412,1.02710709555723
919,919,"/project/akaring/takeup-data/data/stan_analysis_data/main-core-exponential-cluster-weight-999/exponential-0919/mode-exponential-0919-1.csv","gaussian",-0.403576,-0.147228,0.0896411121217846,0.0896289,0.191914,1.67639,-0.0821156,0.242116,0.0386511,-0.305714,0.283966,-0.185696,0.347156,0.269595,0.245254,1.02963562706231
920,920,"/project/akaring/takeup-data/data/stan_analysis_data/main-core-exponential-cluster-weight-999/exponential-0920/mode-exponential-0920-1.csv","gaussian",-1.10213,-0.191297,0.008790331907508,0.00876917,0.172775,1.52047,0.758812,-0.0613887,0.576244,-0.401432,0.0695777,0.141159,0.271158,0.880744,0.244355,1.02942186008701
921,921,"/project/akaring/takeup-data/data/stan_analysis_data/main-core-exponential-cluster-weight-999/exponential-0921/mode-exponential-0921-1.csv","gaussian",-1.26118,-0.151286,0.012795112436206,0.0127888,0.208754,1.49305,0.31071,-0.0122353,0.0184035,-0.321507,0.167062,0.170019,0.517492,0.954058,0.240729,1.02856718372744
922,922,"/project/akaring/takeup-data/data/stan_analysis_data/main-core-exponential-cluster-weight-999/exponential-0922/mode-exponential-0922-1.csv","gaussian",-0.876341,-0.0543861,0.167485632583375,0.167481,0.203914,2.08938,-0.547466,-0.0464577,-0.273997,-0.574245,0.580309,0.112514,0.576415,0.59133,0.244246,1.02939599208274
923,923,"/project/akaring/takeup-data/data/stan_analysis_data/main-core-exponential-cluster-weight-999/exponential-0923/mode-exponential-0923-1.csv","gaussian",-0.56382,-0.14936,0.0879453249173516,0.0879311,0.213049,1.10919,0.613464,0.435452,-0.0022528,-0.28306,0.244067,-0.0781212,0.765925,0.44535,0.251758,1.03120419440768
924,924,"/project/akaring/takeup-data/data/stan_analysis_data/main-core-exponential-cluster-weight-999/exponential-0924/mode-exponential-0924-1.csv","gaussian",-0.88362,-0.125575,0.113139947574578,0.113129,0.210171,2.00907,-0.212103,-0.95023,-0.288041,-0.507199,0.377482,0.423018,0.690852,0.713013,0.245739,1.02975125934422
925,925,"/project/akaring/takeup-data/data/stan_analysis_data/main-core-exponential-cluster-weight-999/exponential-0925/mode-exponential-0925-1.csv","gaussian",-0.68968,-0.135331,0.191590731062032,0.19158,0.215085,1.71219,0.0253186,-0.402394,-0.175838,-0.511663,0.430059,0.355613,0.562198,0.493776,0.2499,1.0307521574074
926,926,"/project/akaring/takeup-data/data/stan_analysis_data/main-core-exponential-cluster-weight-999/exponential-0926/mode-exponential-0926-1.csv","gaussian",-1.27655,-0.156472,0.120216551665052,0.120213,0.192987,1.81101,0.0278014,-0.276085,-0.050881,-0.432474,0.405709,0.14557,0.365242,0.964896,0.241264,1.02869252825905
927,927,"/project/akaring/takeup-data/data/stan_analysis_data/main-core-exponential-cluster-weight-999/exponential-0927/mode-exponential-0927-1.csv","gaussian",-0.983528,-0.207091,0.133169155290822,0.133161,0.210029,1.8902,-0.366898,0.0195726,-0.455286,-0.608957,0.655705,0.249778,0.728849,0.750058,0.24456,1.02947054042357
928,928,"/project/akaring/takeup-data/data/stan_analysis_data/main-core-exponential-cluster-weight-999/exponential-0928/mode-exponential-0928-1.csv","gaussian",-1.47721,-0.108935,0.080054080887773,0.080045,0.112163,2.29608,-0.627629,-0.276326,-0.742399,-0.682144,0.632019,0.209561,0.737197,1.01928,0.241009,1.02863275180261
929,929,"/project/akaring/takeup-data/data/stan_analysis_data/main-core-exponential-cluster-weight-999/exponential-0929/mode-exponential-0929-1.csv","gaussian",-2.69723,-0.420221,-0.0251021456751729,-0.0251132,0.183441,1.78965,-0.175695,-0.143747,0.174626,-0.420697,0.449013,0.18266,0.315494,2.15581,0.21228,1.02228313025306
930,930,"/project/akaring/takeup-data/data/stan_analysis_data/main-core-exponential-cluster-weight-999/exponential-0930/mode-exponential-0930-1.csv","gaussian",-0.804365,-0.459894,-0.0758824395123872,-0.0758876,0.124965,1.96973,-0.290298,-0.776784,-0.640822,-0.472512,0.49029,0.312811,0.629433,0.660991,0.238332,1.02800882400104
931,931,"/project/akaring/takeup-data/data/stan_analysis_data/main-core-exponential-cluster-weight-999/exponential-0931/mode-exponential-0931-1.csv","gaussian",-2.06384,-0.0715002,0.092943512688321,0.0929275,0.22152,1.65119,-0.092912,0.247585,0.0122469,-0.352896,0.324129,0.0586151,0.52415,1.59245,0.232155,1.02659434248636
932,932,"/project/akaring/takeup-data/data/stan_analysis_data/main-core-exponential-cluster-weight-999/exponential-0932/mode-exponential-0932-1.csv","gaussian",-2.1988,-0.229621,-0.0237229103809936,-0.0237328,0.21261,1.36822,0.376772,0.447977,0.342388,-0.251211,0.232207,0.0439628,0.299559,1.69372,0.223603,1.02469424786567
933,933,"/project/akaring/takeup-data/data/stan_analysis_data/main-core-exponential-cluster-weight-999/exponential-0933/mode-exponential-0933-1.csv","gaussian",-1.15185,-0.15618,0.19285524549137,0.192846,0.187719,1.93318,-0.388254,0.0911929,-0.508701,-0.570382,0.463537,0.0839461,0.692449,0.818434,0.238526,1.0280538179862
934,934,"/project/akaring/takeup-data/data/stan_analysis_data/main-core-exponential-cluster-weight-999/exponential-0934/mode-exponential-0934-1.csv","gaussian",-0.882555,0.0458614,0.218561489588347,0.218553,0.195134,2.10602,-0.775586,-0.627741,-0.281281,-0.469782,0.470532,0.15024,0.489717,0.560874,0.246409,1.02991135311783
935,935,"/project/akaring/takeup-data/data/stan_analysis_data/main-core-exponential-cluster-weight-999/exponential-0935/mode-exponential-0935-1.csv","gaussian",-1.29103,-0.161455,0.0889662984325729,0.0889549,0.235946,1.47447,0.0293721,-0.00857327,-0.186655,-0.279414,0.292123,0.0868898,0.487597,1.04607,0.242033,1.02887315694842
936,936,"/project/akaring/takeup-data/data/stan_analysis_data/main-core-exponential-cluster-weight-999/exponential-0936/mode-exponential-0936-1.csv","gaussian",-1.23455,-0.0661392,0.20090481500179,0.20089,0.198901,1.90938,-0.462803,-0.409063,-0.520435,-0.569574,0.66773,0.307646,0.777539,0.889749,0.242792,1.02905196917551
937,937,"/project/akaring/takeup-data/data/stan_analysis_data/main-core-exponential-cluster-weight-999/exponential-0937/mode-exponential-0937-1.csv","gaussian",-0.834865,-0.112036,0.0974479676145219,0.0974432,0.225877,1.34222,-0.236763,-0.0567109,0.779423,-0.207084,0.289121,0.0775629,0.167002,0.665492,0.243582,1.02923864614772
938,938,"/project/akaring/takeup-data/data/stan_analysis_data/main-core-exponential-cluster-weight-999/exponential-0938/mode-exponential-0938-1.csv","gaussian",-0.823507,-0.105027,0.148431053747336,0.148419,0.229703,1.85887,-0.150008,-0.455971,-0.1204,-0.547453,0.377422,0.358191,0.62266,0.591047,0.247685,1.03021738445097
939,939,"/project/akaring/takeup-data/data/stan_analysis_data/main-core-exponential-cluster-weight-999/exponential-0939/mode-exponential-0939-1.csv","gaussian",-0.922683,-0.0786091,0.197436453082595,0.197429,0.237733,1.62779,0.143599,-0.411798,-0.367883,-0.422628,0.38121,0.308251,0.687175,0.689279,0.244883,1.02954731979108
940,940,"/project/akaring/takeup-data/data/stan_analysis_data/main-core-exponential-cluster-weight-999/exponential-0940/mode-exponential-0940-1.csv","gaussian",-0.845559,-0.184079,0.046494282150857,0.0464825,0.181184,1.59048,0.263239,0.00488057,-0.0323653,-0.387843,0.282374,0.0709211,0.467008,0.657671,0.24587,1.02978252893511
941,941,"/project/akaring/takeup-data/data/stan_analysis_data/main-core-exponential-cluster-weight-999/exponential-0941/mode-exponential-0941-1.csv","gaussian",-1.17969,-0.182646,0.116978240351276,0.116965,0.223707,1.41504,-0.0231471,0.40641,-0.0893192,-0.294247,0.514609,-0.0734659,0.659984,0.922397,0.242091,1.02888680246225
942,942,"/project/akaring/takeup-data/data/stan_analysis_data/main-core-exponential-cluster-weight-999/exponential-0942/mode-exponential-0942-1.csv","gaussian",-1.79743,-0.437488,-0.202136863668452,-0.202147,0.210598,1.47555,-0.195016,0.273962,-0.065402,-0.354594,0.477471,0.0515421,0.461204,1.6205,0.223583,1.02468988376435
943,943,"/project/akaring/takeup-data/data/stan_analysis_data/main-core-exponential-cluster-weight-999/exponential-0943/mode-exponential-0943-1.csv","gaussian",-1.86889,-0.32454,-0.0370645626286925,-0.0370733,0.198679,2.13956,-0.280873,-0.513643,-0.669209,-0.671983,0.498981,0.471137,0.797152,1.52806,0.229379,1.02597013876672
944,944,"/project/akaring/takeup-data/data/stan_analysis_data/main-core-exponential-cluster-weight-999/exponential-0944/mode-exponential-0944-1.csv","gaussian",-1.04398,-0.281744,-0.13788372203963,-0.137902,0.0956761,1.73062,-0.019473,0.213101,-0.318666,-0.388448,0.22292,0.0294446,0.537834,0.802659,0.243107,1.02912633502841
945,945,"/project/akaring/takeup-data/data/stan_analysis_data/main-core-exponential-cluster-weight-999/exponential-0945/mode-exponential-0945-1.csv","gaussian",-1.97232,-0.129457,0.209929195326438,0.209921,0.184374,1.65491,0.0496721,-0.347062,-0.233815,-0.377343,0.177042,0.128709,0.351969,1.53757,0.22667,1.02536787978754
946,946,"/project/akaring/takeup-data/data/stan_analysis_data/main-core-exponential-cluster-weight-999/exponential-0946/mode-exponential-0946-1.csv","gaussian",-0.531065,-0.206012,0.0673639625071258,0.0673542,0.155938,1.30475,0.523618,-0.199438,0.228626,-0.270207,0.0798764,0.149754,0.423513,0.36431,0.248273,1.03035890956938
947,947,"/project/akaring/takeup-data/data/stan_analysis_data/main-core-exponential-cluster-weight-999/exponential-0947/mode-exponential-0947-1.csv","gaussian",-0.887907,-0.277343,0.0412404724892369,0.0412283,0.195482,1.21591,0.335932,0.543115,0.277087,-0.333467,0.288981,-0.0163283,0.515757,0.739649,0.243512,1.02922208203283
948,948,"/project/akaring/takeup-data/data/stan_analysis_data/main-core-exponential-cluster-weight-999/exponential-0948/mode-exponential-0948-1.csv","gaussian",-1.37474,-0.259183,0.0424995171377727,0.042496,0.236517,1.02245,0.506906,0.477151,0.740182,-0.13836,0.244409,-0.096579,-0.0324626,1.16229,0.238115,1.02795853672461
949,949,"/project/akaring/takeup-data/data/stan_analysis_data/main-core-exponential-cluster-weight-999/exponential-0949/mode-exponential-0949-1.csv","gaussian",-1.50757,-0.318266,7.45781534532e-05,6.68133e-05,0.1887,1.81642,-0.223934,0.134732,-0.210686,-0.449422,0.507821,0.117662,0.724846,1.18872,0.232931,1.02677010609045
950,950,"/project/akaring/takeup-data/data/stan_analysis_data/main-core-exponential-cluster-weight-999/exponential-0950/mode-exponential-0950-1.csv","gaussian",-1.58287,-0.24614,0.0846483188806316,0.0846424,0.150071,1.97604,-0.201771,-0.424854,-0.546401,-0.593913,0.554267,0.288366,0.712602,1.21465,0.230113,1.02613449058542
951,951,"/project/akaring/takeup-data/data/stan_analysis_data/main-core-exponential-cluster-weight-999/exponential-0951/mode-exponential-0951-1.csv","gaussian",-2.34751,-0.400035,-0.03014576474321,-0.0301551,0.164995,2.03759,-0.460177,-0.300785,-0.169337,-0.522372,0.553924,0.213426,0.533157,1.87912,0.220197,1.02395640474046
952,952,"/project/akaring/takeup-data/data/stan_analysis_data/main-core-exponential-cluster-weight-999/exponential-0952/mode-exponential-0952-1.csv","gaussian",-1.27281,-0.166958,0.0557053238720426,0.05569,0.221557,1.81944,-0.0904537,0.0661695,-0.230964,-0.521246,0.417096,0.189358,0.68215,1.00029,0.246137,1.02984631026625
953,953,"/project/akaring/takeup-data/data/stan_analysis_data/main-core-exponential-cluster-weight-999/exponential-0953/mode-exponential-0953-1.csv","gaussian",-1.26943,-0.215067,0.0422561458704447,0.0422512,0.249514,1.49891,-0.0276489,-0.00308214,0.547908,-0.386788,0.482347,0.12958,0.137147,1.0822,0.23912,1.02819179845008
954,954,"/project/akaring/takeup-data/data/stan_analysis_data/main-core-exponential-cluster-weight-999/exponential-0954/mode-exponential-0954-1.csv","gaussian",-0.960028,-0.192036,0.133560804905703,0.133554,0.211584,1.62329,0.116051,-0.125735,-0.0709129,-0.294023,0.322782,0.0963275,0.383177,0.714339,0.242944,1.02908784228364
955,955,"/project/akaring/takeup-data/data/stan_analysis_data/main-core-exponential-cluster-weight-999/exponential-0955/mode-exponential-0955-1.csv","gaussian",-1.9724,-0.425112,0.017637772057415,0.0176228,0.106473,2.07197,-0.134034,-0.248966,-0.352772,-0.534262,0.324478,0.185073,0.506125,1.49515,0.225843,1.025185378675
956,956,"/project/akaring/takeup-data/data/stan_analysis_data/main-core-exponential-cluster-weight-999/exponential-0956/mode-exponential-0956-1.csv","gaussian",-1.38662,-0.116183,0.127833240204286,0.127819,0.224869,1.81263,0.0233148,-0.552746,-0.527949,-0.401388,0.25923,0.285993,0.606485,1.07444,0.240416,1.0284939732716
957,957,"/project/akaring/takeup-data/data/stan_analysis_data/main-core-exponential-cluster-weight-999/exponential-0957/mode-exponential-0957-1.csv","gaussian",-1.41149,-0.0480248,0.152273569419427,0.152267,0.20927,1.4449,0.336215,-0.231874,-0.059448,-0.335022,0.261368,0.22516,0.467983,1.06538,0.240896,1.02860628173077
958,958,"/project/akaring/takeup-data/data/stan_analysis_data/main-core-exponential-cluster-weight-999/exponential-0958/mode-exponential-0958-1.csv","gaussian",-1.4074,-0.174549,-0.0427466957016479,-0.0427607,0.20357,1.77651,-0.0272541,-0.270878,-0.164438,-0.477668,0.414584,0.2556,0.553685,1.14805,0.238529,1.02805451404145
959,959,"/project/akaring/takeup-data/data/stan_analysis_data/main-core-exponential-cluster-weight-999/exponential-0959/mode-exponential-0959-1.csv","gaussian",-1.09997,-0.190971,0.0331932909754694,0.0331734,0.204127,1.31068,-0.0506986,0.0272139,-0.124268,-0.29838,0.487355,0.0765754,0.567767,0.921446,0.244402,1.02943301754121
960,960,"/project/akaring/takeup-data/data/stan_analysis_data/main-core-exponential-cluster-weight-999/exponential-0960/mode-exponential-0960-1.csv","gaussian",-0.647469,-0.0629181,0.183462649452082,0.183451,0.225088,2.04589,-0.61974,-0.271899,-0.349914,-0.565196,0.683234,0.16623,0.657688,0.45602,0.249703,1.03070441359732
961,961,"/project/akaring/takeup-data/data/stan_analysis_data/main-core-exponential-cluster-weight-999/exponential-0961/mode-exponential-0961-1.csv","gaussian",-0.976032,-0.193938,0.0346243534520116,0.0346141,0.209417,1.77202,-0.0869574,0.243075,-0.355917,-0.499108,0.401544,0.114901,0.835528,0.812733,0.244487,1.02945320105821
962,962,"/project/akaring/takeup-data/data/stan_analysis_data/main-core-exponential-cluster-weight-999/exponential-0962/mode-exponential-0962-1.csv","gaussian",-0.530944,-0.080624,0.04983997682682,0.0498287,0.208607,1.82422,-0.104306,-0.653615,-0.573648,-0.516407,0.446045,0.413647,0.803166,0.432169,0.256948,1.03248354694106
963,963,"/project/akaring/takeup-data/data/stan_analysis_data/main-core-exponential-cluster-weight-999/exponential-0963/mode-exponential-0963-1.csv","gaussian",-1.53238,-0.247082,0.175195655934601,0.175186,0.159191,2.24103,-1.05634,-0.88189,-0.751421,-0.607014,0.769827,0.343475,0.699066,1.17245,0.23891,1.02814298037773
964,964,"/project/akaring/takeup-data/data/stan_analysis_data/main-core-exponential-cluster-weight-999/exponential-0964/mode-exponential-0964-1.csv","gaussian",-0.714121,-0.181421,0.0182118455077998,0.0181977,0.205827,1.56518,0.065877,-0.152137,0.26904,-0.428756,0.399126,0.321269,0.573932,0.55761,0.245904,1.02979064727545
965,965,"/project/akaring/takeup-data/data/stan_analysis_data/main-core-exponential-cluster-weight-999/exponential-0965/mode-exponential-0965-1.csv","gaussian",-0.97075,-0.225436,0.033752245295584,0.0337435,0.189735,1.75158,-0.818355,0.294359,-0.405459,-0.366887,0.662824,-0.143696,0.536856,0.786319,0.245482,1.02968995931979
966,966,"/project/akaring/takeup-data/data/stan_analysis_data/main-core-exponential-cluster-weight-999/exponential-0966/mode-exponential-0966-1.csv","gaussian",-1.09592,-0.274386,0.111205420006716,0.1112,0.198819,1.41234,0.507465,-0.347567,-0.0936721,-0.277081,0.149207,0.164508,0.520283,0.842229,0.243513,1.0292223186314
967,967,"/project/akaring/takeup-data/data/stan_analysis_data/main-core-exponential-cluster-weight-999/exponential-0967/mode-exponential-0967-1.csv","gaussian",-0.33712,-0.10138,0.123837900136888,0.12383,0.228972,1.66259,-0.294235,-0.203131,-0.429273,-0.44729,0.492051,0.177432,0.759003,0.243384,0.24637,1.02990202296141
968,968,"/project/akaring/takeup-data/data/stan_analysis_data/main-core-exponential-cluster-weight-999/exponential-0968/mode-exponential-0968-1.csv","gaussian",-0.612713,-0.154346,0.0733979606198066,0.0733805,0.224477,2.17331,-0.0401314,-0.151659,-0.840232,-0.569788,0.349392,0.0198956,0.772297,0.506511,0.247346,1.03013593458145
969,969,"/project/akaring/takeup-data/data/stan_analysis_data/main-core-exponential-cluster-weight-999/exponential-0969/mode-exponential-0969-1.csv","gaussian",-0.823941,-0.337995,0.07220541695683,0.0721958,0.284164,1.71598,0.0910321,-0.335097,-0.126505,-0.412395,0.322598,0.230864,0.468648,0.763172,0.241882,1.02883764604723
970,970,"/project/akaring/takeup-data/data/stan_analysis_data/main-core-exponential-cluster-weight-999/exponential-0970/mode-exponential-0970-1.csv","gaussian",-1.7522,-0.209556,-0.020515456296598,-0.0205248,0.180829,1.75977,-0.208214,-0.165428,-0.183119,-0.459968,0.467805,0.229621,0.516096,1.3653,0.235874,1.02744174719348
971,971,"/project/akaring/takeup-data/data/stan_analysis_data/main-core-exponential-cluster-weight-999/exponential-0971/mode-exponential-0971-1.csv","gaussian",-0.57832,-0.306451,-0.0608928700292297,-0.0609082,0.176228,1.98282,-0.450021,-0.792904,-0.00442543,-0.77523,0.790183,0.607173,0.678937,0.497802,0.246325,1.02989125912642
972,972,"/project/akaring/takeup-data/data/stan_analysis_data/main-core-exponential-cluster-weight-999/exponential-0972/mode-exponential-0972-1.csv","gaussian",-1.44811,-0.0686256,0.110063067687398,0.110057,0.233331,1.83129,-0.618298,-0.40891,-0.265067,-0.401791,0.607091,0.217339,0.401533,1.17081,0.241031,1.02863790663236
973,973,"/project/akaring/takeup-data/data/stan_analysis_data/main-core-exponential-cluster-weight-999/exponential-0973/mode-exponential-0973-1.csv","gaussian",-1.83214,-0.179599,0.0384543885599684,0.0384416,0.166935,1.82626,-0.333257,-0.178257,-0.0097146,-0.478785,0.405242,0.23438,0.386818,1.43201,0.233116,1.02681209062613
974,974,"/project/akaring/takeup-data/data/stan_analysis_data/main-core-exponential-cluster-weight-999/exponential-0974/mode-exponential-0974-1.csv","gaussian",-1.76186,-0.344991,0.0712638806142472,0.0712525,0.124307,2.06939,-0.55052,-0.620325,-0.603159,-0.509094,0.600873,0.221899,0.504817,1.36674,0.234254,1.0270710474529
975,975,"/project/akaring/takeup-data/data/stan_analysis_data/main-core-exponential-cluster-weight-999/exponential-0975/mode-exponential-0975-1.csv","gaussian",-0.974161,-0.126774,0.135230454114186,0.135223,0.212211,1.99111,-0.859387,-0.932738,-0.235906,-0.402262,0.757927,0.302632,0.38752,0.729827,0.244687,1.02950071780888
976,976,"/project/akaring/takeup-data/data/stan_analysis_data/main-core-exponential-cluster-weight-999/exponential-0976/mode-exponential-0976-1.csv","gaussian",-1.58303,-0.208055,0.111781775684833,0.111777,0.196019,1.75867,-0.191135,-0.432321,-0.367822,-0.43971,0.478901,0.318021,0.667239,1.1773,0.23605,1.02748216651191
977,977,"/project/akaring/takeup-data/data/stan_analysis_data/main-core-exponential-cluster-weight-999/exponential-0977/mode-exponential-0977-1.csv","gaussian",-1.55851,-0.229497,0.0828291616434112,0.0828153,0.191216,1.96702,-0.220593,-0.312432,-0.372411,-0.397519,0.364543,0.122408,0.36074,1.2101,0.234951,1.02723024313004
978,978,"/project/akaring/takeup-data/data/stan_analysis_data/main-core-exponential-cluster-weight-999/exponential-0978/mode-exponential-0978-1.csv","gaussian",-2.21498,-0.20801,0.230092305483437,0.230084,0.216547,1.72353,-0.0431948,-0.268102,0.419384,-0.400556,0.294431,0.261771,0.0166361,1.70856,0.226346,1.02529630435109
979,979,"/project/akaring/takeup-data/data/stan_analysis_data/main-core-exponential-cluster-weight-999/exponential-0979/mode-exponential-0979-1.csv","gaussian",-2.28752,-0.138643,0.253060492935394,0.25305,0.21993,2.05522,0.103154,-0.714647,-0.575152,-0.44576,0.281942,0.283709,0.563251,1.66772,0.222948,1.02455151686189
980,980,"/project/akaring/takeup-data/data/stan_analysis_data/main-core-exponential-cluster-weight-999/exponential-0980/mode-exponential-0980-1.csv","gaussian",-1.82545,-0.213173,0.0640134035559392,0.0640049,0.15109,2.11923,-0.567731,-0.568828,-0.423056,-0.577127,0.446626,0.273272,0.607864,1.36993,0.232771,1.02673382063756
981,981,"/project/akaring/takeup-data/data/stan_analysis_data/main-core-exponential-cluster-weight-999/exponential-0981/mode-exponential-0981-1.csv","gaussian",-0.71836,-0.154755,0.119407563976833,0.119398,0.253843,1.48895,-0.296122,0.0766537,0.422997,-0.383361,0.525203,0.0270638,0.300785,0.626032,0.242308,1.02893788289867
982,982,"/project/akaring/takeup-data/data/stan_analysis_data/main-core-exponential-cluster-weight-999/exponential-0982/mode-exponential-0982-1.csv","gaussian",-0.892242,-0.343911,0.0156927256410346,0.0156833,0.208908,1.74994,-0.0220568,-0.35048,-0.299542,-0.48565,0.440822,0.274367,0.691384,0.715922,0.241569,1.02876410403989
983,983,"/project/akaring/takeup-data/data/stan_analysis_data/main-core-exponential-cluster-weight-999/exponential-0983/mode-exponential-0983-1.csv","gaussian",-0.648814,-0.25417,-0.0221346662730882,-0.0221532,0.200418,1.16342,-0.0918861,0.110154,0.525869,-0.261611,0.320148,0.114541,0.426203,0.541462,0.246983,1.03004883490493
984,984,"/project/akaring/takeup-data/data/stan_analysis_data/main-core-exponential-cluster-weight-999/exponential-0984/mode-exponential-0984-1.csv","gaussian",-0.725031,-0.181714,-0.06583719332486,-0.0658496,0.230486,1.37962,0.150826,-0.239615,-0.157933,-0.110798,0.0273082,0.0948177,0.518363,0.67426,0.246353,1.02989795640588
985,985,"/project/akaring/takeup-data/data/stan_analysis_data/main-core-exponential-cluster-weight-999/exponential-0985/mode-exponential-0985-1.csv","gaussian",-2.09708,-0.164486,-0.0310278287647894,-0.0310396,0.202376,1.78982,-0.598667,-0.178649,-0.175756,-0.51095,0.562043,0.279718,0.531325,1.72336,0.227488,1.02554901888891
986,986,"/project/akaring/takeup-data/data/stan_analysis_data/main-core-exponential-cluster-weight-999/exponential-0986/mode-exponential-0986-1.csv","gaussian",-1.48471,-0.0561448,0.112927326478187,0.112917,0.171985,2.0791,-0.273426,-0.424726,-0.544671,-0.632838,0.408412,0.36689,0.663659,1.08983,0.238251,1.02799004810407
987,987,"/project/akaring/takeup-data/data/stan_analysis_data/main-core-exponential-cluster-weight-999/exponential-0987/mode-exponential-0987-1.csv","gaussian",-1.94959,-0.310769,-0.12050292127832,-0.12051,0.213205,0.980124,-0.0411986,0.18409,0.530316,-0.0466843,0.269494,-0.0579616,0.0875451,1.7066,0.221655,1.02427093047933
988,988,"/project/akaring/takeup-data/data/stan_analysis_data/main-core-exponential-cluster-weight-999/exponential-0988/mode-exponential-0988-1.csv","gaussian",-1.01254,-0.232146,0.0045935379520463,0.00458564,0.195868,1.53818,-0.135496,0.0504165,-0.0290252,-0.502944,0.570915,0.239754,0.753303,0.795459,0.243717,1.02927060391765
989,989,"/project/akaring/takeup-data/data/stan_analysis_data/main-core-exponential-cluster-weight-999/exponential-0989/mode-exponential-0989-1.csv","gaussian",-1.31801,-0.402984,-0.079422465031336,-0.0794286,0.168232,1.43777,0.190601,0.1803,-0.143199,-0.335237,0.307151,0.129061,0.543958,1.0924,0.23423,1.02706557380724
990,990,"/project/akaring/takeup-data/data/stan_analysis_data/main-core-exponential-cluster-weight-999/exponential-0990/mode-exponential-0990-1.csv","gaussian",-0.239603,-0.0287101,0.188997027089044,0.188985,0.239058,1.56927,0.00817058,-0.168214,-0.240299,-0.370417,0.320635,0.0741219,0.597219,0.126524,0.248225,1.03034734464888
991,991,"/project/akaring/takeup-data/data/stan_analysis_data/main-core-exponential-cluster-weight-999/exponential-0991/mode-exponential-0991-1.csv","gaussian",-1.28233,-0.349154,0.0398737608191948,0.0398681,0.164676,1.80284,-0.148332,-0.0939868,0.158002,-0.502274,0.539171,0.190817,0.303464,1.0034,0.238726,1.0281002397996
992,992,"/project/akaring/takeup-data/data/stan_analysis_data/main-core-exponential-cluster-weight-999/exponential-0992/mode-exponential-0992-1.csv","gaussian",-1.23945,-0.300073,0.03859334272345,0.0385876,0.195471,2.0412,-0.651089,-0.510383,-0.375474,-0.673249,0.707832,0.369352,0.844476,1.01435,0.242041,1.02887503890463
993,993,"/project/akaring/takeup-data/data/stan_analysis_data/main-core-exponential-cluster-weight-999/exponential-0993/mode-exponential-0993-1.csv","gaussian",-0.973929,-0.181065,0.0810200618495218,0.0810151,0.264607,1.49572,0.052754,-0.423108,0.0594279,-0.391578,0.385861,0.376671,0.424466,0.840643,0.242001,1.02886562971119
994,994,"/project/akaring/takeup-data/data/stan_analysis_data/main-core-exponential-cluster-weight-999/exponential-0994/mode-exponential-0994-1.csv","gaussian",-0.8671,-0.120721,0.0866584005298858,0.0866475,0.172283,1.90124,-0.369945,-0.461941,-0.352695,-0.506381,0.523049,0.258446,0.719028,0.591588,0.245275,1.02964062935813
995,995,"/project/akaring/takeup-data/data/stan_analysis_data/main-core-exponential-cluster-weight-999/exponential-0995/mode-exponential-0995-1.csv","gaussian",-2.60352,-0.220529,0.221929811441674,0.221926,0.16477,2.45109,-1.06517,-0.87149,-0.634319,-0.59761,0.566933,0.388834,0.517268,1.85424,0.217241,1.02332480282704
996,996,"/project/akaring/takeup-data/data/stan_analysis_data/main-core-exponential-cluster-weight-999/exponential-0996/mode-exponential-0996-1.csv","gaussian",-1.84925,-0.127718,0.17097083711118,0.170962,0.193416,1.53793,0.319634,0.0704401,0.100663,-0.346265,0.205901,0.0207703,0.317911,1.44123,0.230538,1.02622988138331
997,997,"/project/akaring/takeup-data/data/stan_analysis_data/main-core-exponential-cluster-weight-999/exponential-0997/mode-exponential-0997-1.csv","gaussian",-0.659225,-0.113905,0.0771128742170605,0.0771024,0.183674,1.93052,-0.0682971,-0.405699,-0.13543,-0.490715,0.328913,0.27483,0.396919,0.482703,0.249149,1.03057033927869
998,998,"/project/akaring/takeup-data/data/stan_analysis_data/main-core-exponential-cluster-weight-999/exponential-0998/mode-exponential-0998-1.csv","gaussian",-1.85753,-0.13344,0.136939161115433,0.136928,0.139514,1.80334,-0.704673,0.0140314,-0.11973,-0.308717,0.497863,-0.00869678,0.311224,1.29882,0.238043,1.02794186112299
999,999,"/project/akaring/takeup-data/data/stan_analysis_data/main-core-exponential-cluster-weight-999/exponential-0999/mode-exponential-0999-1.csv","gaussian",-0.69874,-0.232326,0.159594796456204,0.15959,0.202397,1.35875,0.427272,0.341698,-0.044311,-0.319725,0.231394,-0.0419585,0.57486,0.484391,0.2419,1.02884187803569
