file,arm,group,historical_estimate,corrected_estimate,change_pp,historical_se,corrected_se,historical_p,corrected_p,threshold_changes,saved_500_estimate,saved_500_se,saved_500_p,simulation_change_pp,join_change_pp
attrition-cto-tidy-tes.csv,signal,combined,-0.0010625773592175536,-0.0010625773592175536,0.0,0.0029056478936250055,0.0029056478936250055,0.7145935885738571,0.7145935885738571,,-0.0010625773592175536,0.002905647893624948,0.7145935885738517,0.0,0.0
attrition-cto-tidy-tes.csv,signal,close,0.0008324570501493517,0.0008324570501493517,0.0,0.0037687747421623233,0.0037687747421623233,0.8251837868591347,0.8251837868591347,,0.0008324570501493517,0.0037687747421621893,0.8251837868591286,0.0,0.0
attrition-cto-tidy-tes.csv,signal,far,-0.0034486231957079894,-0.0034486231957079894,0.0,0.0044593985093633005,0.0044593985093633005,0.4393222566364023,0.4393222566364023,,-0.0034486231957079894,0.004459398509363357,0.4393222566364081,0.0,0.0
attrition-cto-tidy-tes.csv,signal,far - close,-0.004281080245857341,-0.004281080245857341,0.0,0.005791927108157004,0.005791927108157004,0.45981829540409497,0.45981829540409497,,-0.004281080245857341,0.005791927108157002,0.45981829540409486,0.0,0.0
attrition-cto-tidy-tes.csv,control,combined,0.09093627492610508,0.09093627492610508,0.0,0.0033563126891897597,0.0033563126891897597,1.155555260818722e-161,1.155555260818722e-161,,0.09093627492610507,0.003356312689189811,1.155555260831796e-161,-1.3877787807814457e-15,1.3877787807814457e-15
attrition-cto-tidy-tes.csv,control,close,0.09718127509902892,0.09718127509902892,0.0,0.005377439616117046,0.005377439616117046,5.292536792000188e-73,5.292536792000188e-73,,0.09718127509902892,0.005377439616117253,5.292536792066948e-73,0.0,0.0
attrition-cto-tidy-tes.csv,control,far,0.08307316880632486,0.08307316880632486,0.0,0.0033237357154142855,0.0033237357154142855,7.119409065912027e-138,7.119409065912027e-138,,0.08307316880632486,0.0033237357154145145,7.11940906621917e-138,0.0,0.0
attrition-cto-tidy-tes.csv,control,far - close,-0.014108106292704065,-0.014108106292704065,0.0,0.006283892732618405,0.006283892732618405,0.02476029681067361,0.02476029681067361,,-0.014108106292704065,0.006283892732618914,0.024760296810685256,0.0,0.0
attrition-cto-tidy-tes.csv,abs(calendar) - abs(bracelet),combined,-0.0038200398507532013,-0.0038200398507532013,0.0,0.003986289567752609,0.003986289567752609,0.33791421540867816,0.33791421540867816,,-0.0038200398507532013,0.003986289567752614,0.3379142154086787,0.0,0.0
attrition-cto-tidy-tes.csv,abs(calendar) - abs(bracelet),close,-0.005177998620952612,-0.005177998620952612,0.0,0.005311858886333886,0.005311858886333886,0.3296596098879589,0.3296596098879589,,-0.005177998620952612,0.005311858886334274,0.32965960988799436,0.0,0.0
attrition-cto-tidy-tes.csv,abs(calendar) - abs(bracelet),far,-0.0021102282221387852,-0.0021102282221387852,0.0,0.0056713976533542074,0.0056713976533542074,0.7098313722753637,0.7098313722753637,,-0.002110228222138799,0.005671397653354218,0.7098313722753624,-1.3877787807814457e-15,1.3877787807814457e-15
attrition-cto-tidy-tes.csv,abs(calendar) - abs(bracelet),far - close,0.0030677703988138266,0.0030677703988138266,0.0,0.008064848746911827,0.008064848746911827,0.7036575393590409,0.7036575393590409,,0.0030677703988138127,0.0080648487469123,0.7036575393590587,-1.3877787807814457e-15,1.3877787807814457e-15
attrition-cto-tidy-tes.csv,bracelet - calendar,combined,0.0038200398507532013,0.0038200398507532013,0.0,0.004062034308734326,0.004062034308734326,0.3469994476118775,0.3469994476118775,,0.0038200398507532013,0.004062034308734304,0.3469994476118748,0.0,0.0
attrition-cto-tidy-tes.csv,bracelet - calendar,close,0.005177998620952612,0.005177998620952612,0.0,0.004990033623783942,0.004990033623783942,0.2994246094615526,0.2994246094615526,,0.005177998620952612,0.004990033623783736,0.29942460946153265,0.0,0.0
attrition-cto-tidy-tes.csv,bracelet - calendar,far,0.0021102282221387852,0.0021102282221387852,0.0,0.006809614216667303,0.006809614216667303,0.7566449568465526,0.7566449568465526,,0.002110228222138799,0.006809614216667314,0.7566449568465515,1.3877787807814457e-15,-1.3877787807814457e-15
attrition-cto-tidy-tes.csv,bracelet - calendar,far - close,-0.0030677703988138266,-0.0030677703988138266,0.0,0.008518902178669121,0.008518902178669121,0.7187623700288068,0.7187623700288068,,-0.0030677703988138127,0.008518902178668906,0.7187623700288012,1.3877787807814457e-15,-1.3877787807814457e-15
attrition-cto-tidy-tes.csv,bracelet - no signal,combined,0.00490514400873622,0.00490514400873622,0.0,0.0036931649953815216,0.0036931649953815216,0.18412257360727025,0.18412257360727025,,0.004905144008736227,0.003693164995381413,0.18412257360725676,6.938893903907228e-16,-6.938893903907228e-16
attrition-cto-tidy-tes.csv,bracelet - no signal,close,0.006280058809151598,0.006280058809151598,0.0,0.004019723211468579,0.004019723211468579,0.11821468221985185,0.11821468221985185,,0.006280058809151598,0.004019723211468386,0.11821468221983425,0.0,0.0
attrition-cto-tidy-tes.csv,bracelet - no signal,far,0.0031739829707917097,0.0031739829707917097,0.0,0.006688761695656747,0.006688761695656747,0.6351257530251215,0.6351257530251215,,0.0031739829707917167,0.006688761695656809,0.635125753025124,6.938893903907228e-16,-6.938893903907228e-16
attrition-cto-tidy-tes.csv,bracelet - no signal,far - close,-0.0031060758383598883,-0.0031060758383598883,0.0,0.007841571183623375,0.007841571183623375,0.6920284838393718,0.6920284838393718,,-0.0031060758383598813,0.007841571183623454,0.6920284838393752,6.938893903907228e-16,-6.938893903907228e-16
attrition-cto-tidy-tes.csv,ink,combined,-0.005945194569188322,-0.005945194569188322,0.0,0.004333247059867359,0.004333247059867359,0.1700649031542769,0.1700649031542769,,-0.0059451945691883085,0.004333247059867371,0.1700649031542791,1.3877787807814457e-15,-1.3877787807814457e-15
attrition-cto-tidy-tes.csv,ink,close,-0.0035130845206539085,-0.0035130845206539085,0.0,0.006157335226031616,0.006157335226031616,0.5683028580153081,0.5683028580153081,,-0.0035130845206539085,0.006157335226031484,0.5683028580152998,0.0,0.0
attrition-cto-tidy-tes.csv,ink,far,-0.009007474613554778,-0.009007474613554778,0.0,0.005809358530989662,0.005809358530989662,0.12101890264203599,0.12101890264203599,,-0.009007474613554778,0.00580935853098979,0.1210189026420442,0.0,0.0
attrition-cto-tidy-tes.csv,ink,far - close,-0.005494390092900869,-0.005494390092900869,0.0,0.008372093654162218,0.008372093654162218,0.5116476356702903,0.5116476356702903,,-0.005494390092900869,0.008372093654162133,0.5116476356702859,0.0,0.0
attrition-cto-tidy-tes.csv,calendar,combined,0.002170208315966038,0.002170208315966038,0.0,0.004426982050277019,0.004426982050277019,0.6239761240282871,0.6239761240282871,,0.002170208315966052,0.0044269820502770545,0.6239761240282876,1.3877787807814457e-15,-1.3877787807814457e-15
attrition-cto-tidy-tes.csv,calendar,close,0.002204120376397972,0.002204120376397972,0.0,0.007174568194763731,0.007174568194763731,0.7586812768336143,0.7586812768336143,,0.002204120376397972,0.007174568194763934,0.758681276833621,0.0,0.0
attrition-cto-tidy-tes.csv,calendar,far,0.002127509497305849,0.002127509497305849,0.0,0.004147837616899693,0.004147837616899693,0.608007176885345,0.608007176885345,,0.002127509497305835,0.004147837616899828,0.6080071768853591,-1.3877787807814457e-15,1.3877787807814457e-15
attrition-cto-tidy-tes.csv,calendar,far - close,-7.661087909212327e-05,-7.661087909212327e-05,0.0,0.008229042053908245,0.008229042053908245,0.9925719477156156,0.9925719477156156,,-7.661087909213715e-05,0.00822904205390869,0.9925719477156147,-1.3877787807814457e-15,1.3877787807814457e-15
attrition-cto-tidy-tes.csv,bracelet,combined,0.005990248166719239,0.005990248166719239,0.0,0.004536286771978321,0.004536286771978321,0.18666214275125562,0.18666214275125562,,0.005990248166719253,0.004536286771978181,0.18666214275124093,1.3877787807814457e-15,-1.3877787807814457e-15
attrition-cto-tidy-tes.csv,bracelet,close,0.007382118997350584,0.007382118997350584,0.0,0.005757875321488117,0.005757875321488117,0.19981079467132476,0.19981079467132476,,0.007382118997350584,0.005757875321488152,0.19981079467132748,0.0,0.0
attrition-cto-tidy-tes.csv,bracelet,far,0.004237737719444634,0.004237737719444634,0.0,0.007191001231457025,0.007191001231457025,0.5556525186073639,0.5556525186073639,,0.004237737719444634,0.00719100123145717,0.5556525186073719,0.0,0.0
attrition-cto-tidy-tes.csv,bracelet,far - close,-0.00314438127790595,-0.00314438127790595,0.0,0.009179724913548702,0.009179724913548702,0.7319479643899611,0.7319479643899611,,-0.00314438127790595,0.009179724913549235,0.7319479643899761,0.0,0.0
discrete-dist-covs-exclude-baseline-tidy-tes.csv,signal,combined,0.013167838330777115,0.013665559963370655,0.04977216325935396,0.02043111821742044,0.02043801012461198,0.5192518084446159,0.5037286193120725,,0.01354837550319038,0.020420201118631534,0.5070237969238026,0.038053717241326446,0.011718446018027517
discrete-dist-covs-exclude-baseline-tidy-tes.csv,signal,close,-0.011398248989676785,-0.0110037975317126,0.039445145796418446,0.026264813742219218,0.026532637154518722,0.66430724666599,0.6783418605703769,,-0.011039066364943506,0.026285230192603447,0.6745057509288381,0.035918262473327855,0.0035268833230905905
discrete-dist-covs-exclude-baseline-tidy-tes.csv,signal,far,0.04339300873409124,0.04401779002356199,0.062478128947074385,0.03150543651569276,0.03147352253207915,0.1684139140215292,0.16194324897111367,,0.04379981972186997,0.031454242864565864,0.16377309532644146,0.04068109877787274,0.021797030169201648
discrete-dist-covs-exclude-baseline-tidy-tes.csv,signal,far - close,0.05479125772376803,0.05502158755527459,0.02303298315065594,0.04062275604299897,0.0409507531511851,0.17740687470250266,0.17907653998339795,,0.054838886086813476,0.04060248239191991,0.17681433869370194,0.004762836304544882,0.018270146846111057
discrete-dist-covs-exclude-baseline-tidy-tes.csv,control,combined,0.32663556866212246,0.3265108996293575,-0.01246690327649791,0.023977395522291133,0.024117999414424503,2.9372992846194064e-42,9.321959968716452e-42,,0.32645734192364734,0.024030591711821647,4.910423461294841e-42,-0.017822673847511794,0.005355770571013885
discrete-dist-covs-exclude-baseline-tidy-tes.csv,control,close,0.40942799485011877,0.40988355542551685,0.0455560575398084,0.029108564343189317,0.029269826659399648,6.183937434620198e-45,1.4812734002896285e-44,,0.4095522200026732,0.029204430057811426,1.1174401151177856e-44,0.012422515255444688,0.033133542284363715
discrete-dist-covs-exclude-baseline-tidy-tes.csv,control,far,0.22477094703992126,0.22393238578040453,-0.08385612595167291,0.03818438199439241,0.03807674513440949,3.945483308305881e-09,4.0759799098517515e-09,,0.2242205951100827,0.03818249089925153,4.296845456190082e-09,-0.05503519298385717,-0.028820932967815738
discrete-dist-covs-exclude-baseline-tidy-tes.csv,control,far - close,-0.1846570478101975,-0.18595116964511232,-0.12941218349148131,0.04699413335163782,0.04676777009076727,8.517089077222192e-05,7.006828235758224e-05,,-0.18533162489259053,0.04701414109198365,8.079149726358864e-05,-0.06745770823930186,-0.06195447525217945
discrete-dist-covs-exclude-baseline-tidy-tes.csv,abs(calendar) - abs(bracelet),combined,-0.04240037031909971,-0.0431415247910914,-0.07411544719916896,0.026806700176002035,0.026697543109697505,0.11371626093803436,0.1061081206316033,,-0.0430933539850048,0.026832318268419645,0.10826858056470474,-0.06929836659050892,-0.00481708060866004
discrete-dist-covs-exclude-baseline-tidy-tes.csv,abs(calendar) - abs(bracelet),close,-0.022967115230259516,-0.02455538372431415,-0.15882684940546343,0.03350909234549913,0.034879825959040635,0.4930918577670522,0.4814330191214483,,-0.023949097703175992,0.033764287838335454,0.4781367051694178,-0.09819824729164761,-0.06062860211381582
discrete-dist-covs-exclude-baseline-tidy-tes.csv,abs(calendar) - abs(bracelet),far,-0.06631030106587421,-0.06600919897767793,0.030110208819628115,0.03764770769933282,0.03727007061727084,0.07818137877921502,0.0765432848437168,,-0.06664771169833972,0.03754525645419962,0.07587642183901698,-0.033741063246550684,0.0638512720661788
discrete-dist-covs-exclude-baseline-tidy-tes.csv,abs(calendar) - abs(bracelet),far - close,-0.043343185835614695,-0.04145381525336378,0.18893705822509155,0.0505654006962458,0.05218709543307136,0.39135048804780254,0.4270029004316912,,-0.042698613995163726,0.05076200357986186,0.40026220033539506,0.06445718404509693,0.12447987417999462
discrete-dist-covs-exclude-baseline-tidy-tes.csv,bracelet - calendar,combined,0.04240037031909971,0.0431415247910914,0.07411544719916896,0.026377279034588433,0.02636870379853468,0.10795391807174695,0.10182113216263453,,0.0430933539850048,0.026408185517445438,0.10271782020057672,0.06929836659050892,0.00481708060866004
discrete-dist-covs-exclude-baseline-tidy-tes.csv,bracelet - calendar,close,0.022967115230259516,0.02455538372431415,0.15882684940546343,0.039116923330522385,0.04003807210687865,0.5571096014892158,0.5396774303232601,,0.023949097703175992,0.039206881520105534,0.5413060803650372,0.09819824729164761,0.06062860211381582
discrete-dist-covs-exclude-baseline-tidy-tes.csv,bracelet - calendar,far,0.06631030106587421,0.06600919897767793,-0.030110208819628115,0.033318788145365,0.033252443209919984,0.04657139066362162,0.04713410295412633,,0.06664771169833972,0.033238821112954266,0.04495058413454592,0.033741063246550684,-0.0638512720661788
discrete-dist-covs-exclude-baseline-tidy-tes.csv,bracelet - calendar,far - close,0.043343185835614695,0.04145381525336378,-0.18893705822509155,0.05110899999038099,0.052617257281664616,0.39640796386843397,0.43079213197236615,,0.042698613995163726,0.05110381969419027,0.4034211302469601,-0.06445718404509693,-0.12447987417999462
discrete-dist-covs-exclude-baseline-tidy-tes.csv,bracelet - no signal,combined,0.057025751537382374,0.05764089834205352,0.06151468046711461,0.02428972008745831,0.02424967226180044,0.01888810950110165,0.017455205520853435,,0.057695687239210786,0.024268995958513246,0.01743794327194335,0.06699357018284113,-0.00547888971572652
discrete-dist-covs-exclude-baseline-tidy-tes.csv,bracelet - no signal,close,0.03014592375323147,0.031073662614178127,0.09277388609466586,0.03333699013589071,0.0342830117720689,0.36584773920458663,0.3647312607273394,,0.030816612372816216,0.03336687315233929,0.3557107179737106,0.06706886195847472,0.025705024136191135
discrete-dist-covs-exclude-baseline-tidy-tes.csv,bracelet - no signal,far,0.09009765935036364,0.09032820489377547,0.02305455434118281,0.03635474034106238,0.03600920233015092,0.013201308596079157,0.012125334709860104,,0.09076666869109967,0.036297591299487106,0.012397433096885803,0.06690093407360348,-0.04384637973242067
discrete-dist-covs-exclude-baseline-tidy-tes.csv,bracelet - no signal,far - close,0.05995173559713217,0.05925454227959734,-0.06971933175348305,0.04989180327103449,0.05093525583723566,0.22950498592471857,0.24469539066625315,,0.05995005631828346,0.04990170293930707,0.22961044718579698,-0.000167927884871244,-0.0695514038686118
discrete-dist-covs-exclude-baseline-tidy-tes.csv,ink,combined,-0.01606469365754548,-0.01581040486434998,0.02542887931955007,0.03303459044691412,0.03318767641913299,0.6267550731668534,0.6337938169274923,,-0.015996602978624153,0.03307614698536018,0.6286487801272095,0.0068090678921328696,0.0186198114274172
discrete-dist-covs-exclude-baseline-tidy-tes.csv,ink,close,-0.045763613209613085,-0.04656297878773935,-0.07993655781262654,0.03983739271571071,0.04000581865619071,0.25065485435303964,0.24446244801493394,,-0.04602723043306295,0.03988349489502896,0.2484829274334694,-0.02636172234498635,-0.05357483546764019
discrete-dist-covs-exclude-baseline-tidy-tes.csv,ink,far,0.020475716402308303,0.022026381069446044,0.1550664667137741,0.052467855601985615,0.05281455674474673,0.6963497790443673,0.6766408640331059,,0.020951927745400223,0.05241403730449357,0.6893488637855454,0.047621134309192015,0.1074453324045821
discrete-dist-covs-exclude-baseline-tidy-tes.csv,ink,far - close,0.06623932961192139,0.0685893598571854,0.23500302452640065,0.06416967852792758,0.06459815485781067,0.3019537114015655,0.2883332446971784,,0.06697915817846317,0.06406718960246713,0.29581421021226717,0.07398285665417836,0.1610201678722223
discrete-dist-covs-exclude-baseline-tidy-tes.csv,calendar,combined,0.029250762436565325,0.028998747101924238,-0.025201533464108694,0.030143359155001933,0.030459988401245128,0.33185298846854144,0.34108302713812105,,0.02920466650841197,0.030222594376547656,0.3338845925569744,-0.0046095928153355725,-0.02059194064877312
discrete-dist-covs-exclude-baseline-tidy-tes.csv,calendar,close,0.014357617045943905,0.013036557779727953,-0.13210592662159515,0.04249406360143078,0.04267783168819329,0.7354585352164271,0.7600124881399202,,0.013735029339280447,0.04266763923587617,0.7475228375742914,-0.062258770666345775,-0.06984715595524937
discrete-dist-covs-exclude-baseline-tidy-tes.csv,calendar,far,0.04757471656897885,0.04863801183219507,0.10632952632162185,0.041484482510170236,0.04094015038928114,0.25146117992254735,0.23482269757392882,,0.04823791398551991,0.04140644095656661,0.24402475798674145,0.06631974165410559,0.04000978466751626
discrete-dist-covs-exclude-baseline-tidy-tes.csv,calendar,far - close,0.03321709952303495,0.03560145405246712,0.238435452943217,0.0589363615346284,0.05787476889875266,0.5730198476871183,0.5384580609079265,,0.03450288464623946,0.05895251039335388,0.5583690471344627,0.12857851232045137,0.10985694062276563
discrete-dist-covs-exclude-baseline-tidy-tes.csv,bracelet,combined,0.07165113275566504,0.07214027189301564,0.048913913735060266,0.03063545666640751,0.030735811625799046,0.01934422052260705,0.01891976563254128,,0.07229802049341677,0.0306150073129097,0.018200080467868505,0.06468877377517335,-0.01577486004011308
discrete-dist-covs-exclude-baseline-tidy-tes.csv,bracelet,close,0.03732473227620342,0.0375919415040421,0.026720922783868284,0.039943070143345326,0.04072224494173783,0.3500727149660666,0.3559392636722831,,0.03768412704245644,0.03999725751071502,0.34610675049420914,0.035939476625301836,-0.009218553841433552
discrete-dist-covs-exclude-baseline-tidy-tes.csv,bracelet,far,0.11388501763485306,0.114647210809873,0.07621931750199373,0.04892518565753974,0.048224975712041755,0.019926015889890087,0.017437960238913627,,0.11488562568385963,0.048861618021255174,0.018710719142172018,0.10006080490065627,-0.023841487398662542
discrete-dist-covs-exclude-baseline-tidy-tes.csv,bracelet,far - close,0.07656028535864964,0.0770552693058309,0.04949839471812545,0.06405467619717288,0.06399194674415232,0.23199587106059863,0.22853543222870185,,0.07720149864140319,0.0640816570165647,0.22830511625753874,0.06412132827535444,-0.01462293355722899
discrete-dist-covs-tidy-tes.csv,signal,combined,0.009239613304455385,0.011112099563723665,0.187248625926828,0.019298433949304777,0.019401627904741245,0.6320984975470614,0.5668203588135108,,0.009667884632967416,0.01930908912684316,0.616588698788336,0.0428271328512031,0.1444214930756249
discrete-dist-covs-tidy-tes.csv,signal,close,-0.02103254405939875,-0.019089090870633707,0.1943453188765043,0.024176056211940296,0.024502614905431146,0.3843145287057421,0.4359423592342454,,-0.02061582517546945,0.024245384863181833,0.3951589028601277,0.04167188839293012,0.15267343048357418
discrete-dist-covs-tidy-tes.csv,signal,far,0.04668785360261113,0.048472550062260145,0.17846964596490156,0.030850647860165187,0.031085319173283298,0.13019056718830607,0.11891616912596763,,0.04713041590865641,0.030820765835779095,0.12622049300695415,0.04425623060452799,0.13421341536037357
discrete-dist-covs-tidy-tes.csv,signal,far - close,0.06772039766200988,0.06756164093289385,-0.015875672911602745,0.0390130990883372,0.039594332746363606,0.08259258375813659,0.08794363301288372,,0.06774624108412586,0.03904529308382171,0.08272875011553728,0.0025843422115978676,-0.018460015123200613
discrete-dist-covs-tidy-tes.csv,control,combined,0.33790680919492455,0.33727661957264876,-0.06301896222757897,0.022676758142390865,0.023304028449431975,3.245899602310132e-50,1.7976007130596008e-47,,0.3376109466309477,0.022769514101141464,9.754568874081785e-50,-0.02958625639768453,-0.03343270582989444
discrete-dist-covs-tidy-tes.csv,control,close,0.4102520709899848,0.41117295385792074,0.09208828679359571,0.026519624454963937,0.027334345657303482,5.551865602744811e-54,3.8751031369241555e-51,,0.41025904242881756,0.0266650988712017,2.0441336113743154e-53,0.0006971438832770183,0.09139114291031869
discrete-dist-covs-tidy-tes.csv,control,far,0.24841194050845028,0.24586299317640306,-0.2548947332047219,0.03776436136303065,0.03839040797920308,4.7699047132912525e-11,1.5107879248763043e-10,,0.24774145646073314,0.03782540981450216,5.768984322696284e-11,-0.06704840477171348,-0.1878463284330084
discrete-dist-covs-tidy-tes.csv,control,far - close,-0.1618401304815345,-0.16530996068151768,-0.3469830199983176,0.04551925769471659,0.046256812956645715,0.0003773741449070939,0.00035191437193591305,,-0.1625175859680844,0.04561362496859295,0.00036675586442785923,-0.0677455486549905,-0.2792374713433271
discrete-dist-covs-tidy-tes.csv,abs(calendar) - abs(bracelet),combined,-0.04817569888728096,-0.05168804595903309,-0.3512347071752131,0.025045674425962106,0.02505132731651764,0.054415562604099584,0.03908548984414571,0.05: gains,-0.048832647182802724,0.025070243499517107,0.0514349507961782,-0.06569482955217643,-0.2855398776230367
discrete-dist-covs-tidy-tes.csv,abs(calendar) - abs(bracelet),close,-0.013283922109233959,-0.019047928217749532,-0.5764006108515574,0.029645399676343324,0.03069361550477363,0.6540854460346324,0.5348741944914854,,-0.014327410741143465,0.029796842017016066,0.6306326704486298,-0.1043488631909506,-0.47205174766060676
discrete-dist-covs-tidy-tes.csv,abs(calendar) - abs(bracelet),far,-0.09133864976352352,-0.0920655769636507,-0.07269272001271809,0.04237826880671213,0.04225273128868013,0.031136950441678864,0.029337162091175074,,-0.09151742746723718,0.04220150595899002,0.03011443067066516,-0.017877770371366175,-0.05481494964135192
discrete-dist-covs-tidy-tes.csv,abs(calendar) - abs(bracelet),far - close,-0.07805472765428956,-0.07301764874590116,0.5037078908388393,0.051868411275662614,0.053870338522529725,0.1323599240056522,0.17527955774028703,,-0.07719001672609371,0.05191496004939372,0.13705311764886724,0.08647109281958443,0.41723679801925484
discrete-dist-covs-tidy-tes.csv,bracelet - calendar,combined,0.04817569888728096,0.05168804595903309,0.3512347071752131,0.02439750379302506,0.02435075138264443,0.04831175340125681,0.03378345509767763,,0.048832647182802724,0.024458129991527883,0.0458706761107711,0.06569482955217643,0.2855398776230367
discrete-dist-covs-tidy-tes.csv,bracelet - calendar,close,0.013283922109233959,0.019047928217749532,0.5764006108515574,0.03552256437936864,0.0361020917217349,0.7084360880046322,0.5977680586452004,,0.014327410741143465,0.03570660293750607,0.6882332614142908,0.1043488631909506,0.47205174766060676
discrete-dist-covs-tidy-tes.csv,bracelet - calendar,far,0.09133864976352352,0.0920655769636507,0.07269272001271809,0.03198975829006987,0.032100367761005895,0.004300341926744109,0.004130054913982262,,0.09151742746723718,0.03187810633523995,0.004093629899049267,0.017877770371366175,0.05481494964135192
discrete-dist-covs-tidy-tes.csv,bracelet - calendar,far - close,0.07805472765428956,0.07301764874590116,-0.5037078908388393,0.04759650698321717,0.04878855887098434,0.101020648741223,0.13449367980933802,,0.07719001672609371,0.047643205904915394,0.10519610727696908,-0.08647109281958443,-0.41723679801925484
discrete-dist-covs-tidy-tes.csv,bracelet - no signal,combined,0.061643123350263146,0.06479144855095434,0.3148325200691193,0.02259558585007985,0.02264202300585304,0.006369939147375817,0.004215651557095715,,0.06236849121736002,0.022600508702173328,0.005787117376545362,0.0725367867096871,0.24229573335943222
discrete-dist-covs-tidy-tes.csv,bracelet - no signal,close,0.027399670550665473,0.0312094497881569,0.38097792374914285,0.030913105404236606,0.03170032588285415,0.3754317491339777,0.3248623063715578,,0.028215783660595406,0.031017262684518262,0.3629912922908508,0.08161131099299335,0.2993666127561495
discrete-dist-covs-tidy-tes.csv,bracelet - no signal,far,0.10400406359197403,0.10633413558994302,0.23300719979689882,0.03434450026042878,0.03441330119231863,0.002459666677464166,0.002002145672824207,,0.10461717485249064,0.034282425324173714,0.0022760473860211437,0.06131112605166078,0.17169607374523804
discrete-dist-covs-tidy-tes.csv,bracelet - no signal,far - close,0.07660439304130856,0.07512468580178612,-0.14797072395224403,0.046961630133974676,0.0481218946022244,0.10284551134441464,0.11849233350938962,,0.07640139119189523,0.047023622083257256,0.10421692124116516,-0.020300184941332566,-0.12767053901091147
discrete-dist-covs-tidy-tes.csv,ink,combined,-0.0296964722783703,-0.029463846831585816,0.02326254467844846,0.031758217631160844,0.0322546715183346,0.3497471030046948,0.3609926006612687,,-0.029496877916867892,0.03183370918789515,0.35413812208697615,0.019959436150240872,0.003303108528207588
discrete-dist-covs-tidy-tes.csv,ink,close,-0.05534901022803135,-0.057226109959016946,-0.18770997309855986,0.03746973634194501,0.03783218606623662,0.1396312191279065,0.13037359988138655,,-0.05555906109208236,0.03753546326682862,0.13882650237121316,-0.02100508640510146,-0.1667048866934584
discrete-dist-covs-tidy-tes.csv,ink,far,0.0020370574416986864,0.004879523160869564,0.2842465719170878,0.052141294060581,0.053191460004666874,0.9688361529059478,0.9269085202718926,,0.0027434043500755845,0.05214518596637933,0.9580419444982097,0.0706346908376898,0.213611881079398
discrete-dist-covs-tidy-tes.csv,ink,far - close,0.057386067669730034,0.06210563311988651,0.47195654501564765,0.0630640698593077,0.06410622700482986,0.3628412079169783,0.3326487200881885,,0.05830246544215795,0.06300332172039477,0.3547645513469385,0.09163977724279126,0.3803167677728564
discrete-dist-covs-tidy-tes.csv,calendar,combined,0.026934848925964372,0.026206805183842496,-0.07280437421218755,0.027865891997536252,0.02857572619362721,0.3337498184587046,0.35909011837218213,,0.027071688069114586,0.028012281231540793,0.3338330024525457,0.013683914315021362,-0.08648828852720891
discrete-dist-covs-tidy-tes.csv,calendar,close,0.028231496882863027,0.024323043140814737,-0.390845374204829,0.03783955000969816,0.03832017659664934,0.4556164496057194,0.5256032057223621,,0.027776745838903882,0.03809787250145516,0.4659471253397554,-0.04547510439591451,-0.3453702698089145
discrete-dist-covs-tidy-tes.csv,calendar,far,0.025330827656901034,0.02853711725258465,0.32062895956836146,0.04135183993588676,0.04156870546279443,0.5401618022675254,0.4923948169281036,,0.026199494770506926,0.04134716082157981,0.5263113728825939,0.08686671136058921,0.23376224820777225
discrete-dist-covs-tidy-tes.csv,calendar,far - close,-0.0029006692259619937,0.004214074111769911,0.7114743337731905,0.056160924621041136,0.05573488991104767,0.9588081816732295,0.9397299644387358,,-0.0015772510683969565,0.05625069817666935,0.9776305107208848,0.13234181575650372,0.5791325180166867
discrete-dist-covs-tidy-tes.csv,bracelet,combined,0.07511054781324533,0.07789485114287559,0.27843033296302555,0.02853308214853704,0.028993954239502642,0.008478343232612371,0.007218562036613201,,0.07590433525191731,0.02856063399872306,0.007868620556064432,0.07937874386719779,0.19905158909582776
discrete-dist-covs-tidy-tes.csv,bracelet,close,0.041515418992096986,0.04337097135856427,0.18555523664672835,0.036950011689426014,0.037956267765323584,0.2612012971797721,0.253181288917901,,0.04210415658004735,0.037079692826568394,0.2561640142642358,0.05887375879503609,0.12668147785169226
discrete-dist-covs-tidy-tes.csv,bracelet,far,0.11666947742042455,0.12060269421623535,0.39332167958107955,0.046805257117782086,0.0469264917124744,0.012679106700767722,0.010168844028657757,,0.1177169222377441,0.046788348578433725,0.011871363071521342,0.10474448173195539,0.28857719784912417
discrete-dist-covs-tidy-tes.csv,bracelet,far - close,0.07515405842832756,0.07723172285767108,0.2077664429343512,0.061011365005400164,0.06167899950717411,0.21802221709188413,0.21051306349475934,,0.07561276565769676,0.06111168072832893,0.2159800814802577,0.045870722936919295,0.1618957199974319
discrete-dist-no-covs-no-mu-d-tidy-tes.csv,signal,combined,0.009115273432765303,0.009115273432765303,0.0,0.019474092362496493,0.019474092362496493,0.6397332460744496,0.6397332460744496,,0.009115273432765358,0.019474092362497065,0.6397332460744574,5.551115123125783e-15,-5.551115123125783e-15
discrete-dist-no-covs-no-mu-d-tidy-tes.csv,signal,close,-0.019782877505330365,-0.019782877505330365,0.0,0.02513132883147086,0.02513132883147086,0.43117654811896583,0.43117654811896583,,-0.019782877505330365,0.025131328831472306,0.4311765481189923,0.0,0.0
discrete-dist-no-covs-no-mu-d-tidy-tes.csv,signal,far,0.04486379599410567,0.04486379599410567,0.0,0.03049937538374466,0.03049937538374466,0.14129807933653568,0.14129807933653568,,0.044863795994105726,0.030499375383744556,0.14129807933653382,5.551115123125783e-15,-5.551115123125783e-15
discrete-dist-no-covs-no-mu-d-tidy-tes.csv,signal,far - close,0.06464667349943604,0.06464667349943604,0.0,0.03950781920003016,0.03950781920003016,0.10177666286704945,0.10177666286704945,,0.06464667349943609,0.03950781920003093,0.10177666286705582,5.551115123125783e-15,-5.551115123125783e-15
discrete-dist-no-covs-no-mu-d-tidy-tes.csv,control,combined,0.34035180503581597,0.34035180503581597,0.0,0.023594895884019668,0.023594895884019668,3.612822497543365e-47,3.612822497543365e-47,,0.340351805035816,0.02359489588401973,3.612822497545338e-47,5.551115123125783e-15,-5.551115123125783e-15
discrete-dist-no-covs-no-mu-d-tidy-tes.csv,control,close,0.4136083246335531,0.4136083246335531,0.0,0.02819519909356347,0.02819519909356347,1.0114789643951915e-48,1.0114789643951915e-48,,0.4136083246335532,0.028195199093563997,1.011478964399273e-48,5.551115123125783e-15,-5.551115123125783e-15
discrete-dist-no-covs-no-mu-d-tidy-tes.csv,control,far,0.24972966283665315,0.24972966283665315,0.0,0.037952107970971566,0.037952107970971566,4.700488929541258e-11,4.700488929541258e-11,,0.24972966283665318,0.037952107970970685,4.700488929536374e-11,2.7755575615628914e-15,-2.7755575615628914e-15
discrete-dist-no-covs-no-mu-d-tidy-tes.csv,control,far - close,-0.16387866179689997,-0.16387866179689997,0.0,0.046162052760895106,0.046162052760895106,0.0003851241942312558,0.0003851241942312558,,-0.1638786617969,0.04616205276089439,0.00038512419423117496,-2.7755575615628914e-15,2.7755575615628914e-15
discrete-dist-no-covs-no-mu-d-tidy-tes.csv,abs(calendar) - abs(bracelet),combined,-0.05238763700517429,-0.05238763700517429,0.0,0.025552576829306985,0.025552576829306985,0.04034589530441591,0.04034589530441591,,-0.05238763700517424,0.025552576829307467,0.04034589530441989,5.551115123125783e-15,-5.551115123125783e-15
discrete-dist-no-covs-no-mu-d-tidy-tes.csv,abs(calendar) - abs(bracelet),close,-0.021139326315172458,-0.021139326315172458,0.0,0.030588484580393708,0.030588484580393708,0.489510411805672,0.489510411805672,,-0.021139326315172458,0.030588484580395037,0.4895104118056909,0.0,0.0
discrete-dist-no-covs-no-mu-d-tidy-tes.csv,abs(calendar) - abs(bracelet),far,-0.0910434299691692,-0.0910434299691692,0.0,0.04214198519713745,0.04214198519713745,0.030741928253140795,0.030741928253140795,,-0.0910434299691692,0.04214198519713707,0.030741928253139265,0.0,0.0
discrete-dist-no-covs-no-mu-d-tidy-tes.csv,abs(calendar) - abs(bracelet),far - close,-0.06990410365399674,-0.06990410365399674,0.0,0.053357851325037994,0.053357851325037994,0.19016211854759524,0.19016211854759524,,-0.06990410365399674,0.053357851325038404,0.19016211854759857,0.0,0.0
discrete-dist-no-covs-no-mu-d-tidy-tes.csv,bracelet - calendar,combined,0.05238763700517429,0.05238763700517429,0.0,0.024416064534926767,0.024416064534926767,0.0319031756310731,0.0319031756310731,,0.05238763700517424,0.02441606453492692,0.03190317563107435,-5.551115123125783e-15,5.551115123125783e-15
discrete-dist-no-covs-no-mu-d-tidy-tes.csv,bracelet - calendar,close,0.021139326315172458,0.021139326315172458,0.0,0.03583636347312714,0.03583636347312714,0.5552678812283165,0.5552678812283165,,0.021139326315172458,0.03583636347312829,0.5552678812283293,0.0,0.0
discrete-dist-no-covs-no-mu-d-tidy-tes.csv,bracelet - calendar,far,0.0910434299691692,0.0910434299691692,0.0,0.03098011595061748,0.03098011595061748,0.0032951769043219523,0.0032951769043219523,,0.0910434299691692,0.03098011595061767,0.0032951769043221457,0.0,0.0
discrete-dist-no-covs-no-mu-d-tidy-tes.csv,bracelet - calendar,far - close,0.06990410365399674,0.06990410365399674,0.0,0.046870930328315207,0.046870930328315207,0.13585203997847253,0.13585203997847253,,0.06990410365399674,0.04687093032831708,0.1358520399784882,0.0,0.0
discrete-dist-no-covs-no-mu-d-tidy-tes.csv,bracelet - no signal,combined,0.06343211702357152,0.06343211702357152,0.0,0.022385787486582463,0.022385787486582463,0.004602851551613366,0.004602851551613366,,0.06343211702357146,0.022385787486582803,0.004602851551614017,-5.551115123125783e-15,5.551115123125783e-15
discrete-dist-no-covs-no-mu-d-tidy-tes.csv,bracelet - no signal,close,0.031215666040479595,0.031215666040479595,0.0,0.031124499146133345,0.031124499146133345,0.3158950690593013,0.3158950690593013,,0.031215666040479567,0.03112449914613514,0.31589506905932957,-2.7755575615628914e-15,2.7755575615628914e-15
discrete-dist-no-covs-no-mu-d-tidy-tes.csv,bracelet - no signal,far,0.10328555011285376,0.10328555011285376,0.0,0.03340278365525075,0.03340278365525075,0.001987297941122822,0.001987297941122822,,0.10328555011285377,0.0334027836552506,0.0019872979411227295,1.3877787807814457e-15,-1.3877787807814457e-15
discrete-dist-no-covs-no-mu-d-tidy-tes.csv,bracelet - no signal,far - close,0.07206988407237416,0.07206988407237416,0.0,0.04644929526390134,0.04644929526390134,0.1207623056896041,0.1207623056896041,,0.0720698840723742,0.04644929526390317,0.12076230568961853,4.163336342344337e-15,-4.163336342344337e-15
discrete-dist-no-covs-no-mu-d-tidy-tes.csv,ink,combined,-0.034157090139643576,-0.034157090139643576,0.0,0.03244456159442871,0.03244456159442871,0.2924403556196749,0.2924403556196749,,-0.034157090139643576,0.032444561594429044,0.29244035561967985,0.0,0.0
discrete-dist-no-covs-no-mu-d-tidy-tes.csv,ink,close,-0.06070508132583319,-0.06070508132583319,0.0,0.039053135960026186,0.039053135960026186,0.12008362028665462,0.12008362028665462,,-0.06070508132583324,0.03905313596002672,0.12008362028665934,-5.551115123125783e-15,5.551115123125783e-15
discrete-dist-no-covs-no-mu-d-tidy-tes.csv,ink,far,-0.0013158379809577736,-0.0013158379809577736,0.0,0.05190832189460107,0.05190832189460107,0.9797763760853361,0.9797763760853361,,-0.0013158379809577458,0.05190832189460056,0.9797763760853363,2.7755575615628914e-15,-2.7755575615628914e-15
discrete-dist-no-covs-no-mu-d-tidy-tes.csv,ink,far - close,0.059389243344875414,0.059389243344875414,0.0,0.06345103313844133,0.06345103313844133,0.3492806828679052,0.3492806828679052,,0.0593892433448755,0.06345103313844065,0.3492806828678994,8.326672684688674e-15,-8.326672684688674e-15
discrete-dist-no-covs-no-mu-d-tidy-tes.csv,calendar,combined,0.022088960036794447,0.022088960036794447,0.0,0.02909560689586096,0.02909560689586096,0.44774165691253315,0.44774165691253315,,0.022088960036794447,0.029095606895860437,0.447741656912525,0.0,0.0
discrete-dist-no-covs-no-mu-d-tidy-tes.csv,calendar,close,0.020152679450614275,0.020152679450614275,0.0,0.039269493273377816,0.039269493273377816,0.6078189868003692,0.6078189868003692,,0.02015267945061422,0.039269493273377296,0.6078189868003654,-5.551115123125783e-15,5.551115123125783e-15
discrete-dist-no-covs-no-mu-d-tidy-tes.csv,calendar,far,0.02448424028736912,0.02448424028736912,0.0,0.0410758930031742,0.0410758930031742,0.5511263056960894,0.5511263056960894,,0.024484240287369147,0.041075893003173346,0.5511263056960807,2.7755575615628914e-15,-2.7755575615628914e-15
discrete-dist-no-covs-no-mu-d-tidy-tes.csv,calendar,far - close,0.004331560836754844,0.004331560836754844,0.0,0.0554635928037826,0.0554635928037826,0.9377505976931176,0.9377505976931176,,0.004331560836754927,0.05546359280378175,0.9377505976931154,8.326672684688674e-15,-8.326672684688674e-15
discrete-dist-no-covs-no-mu-d-tidy-tes.csv,bracelet,combined,0.07447659704196874,0.07447659704196874,0.0,0.028798957025114487,0.028798957025114487,0.00970725360431892,0.00970725360431892,,0.07447659704196868,0.028798957025114626,0.009707253604319337,-5.551115123125783e-15,5.551115123125783e-15
discrete-dist-no-covs-no-mu-d-tidy-tes.csv,bracelet,close,0.04129200576578673,0.04129200576578673,0.0,0.037739508451901736,0.037739508451901736,0.27389706749015014,0.27389706749015014,,0.04129200576578668,0.03773950845190333,0.27389706749017106,-5.551115123125783e-15,5.551115123125783e-15
discrete-dist-no-covs-no-mu-d-tidy-tes.csv,bracelet,far,0.11552767025653832,0.11552767025653832,0.0,0.04599281270513228,0.04599281270513228,0.012009551088891526,0.012009551088891526,,0.11552767025653835,0.04599281270513155,0.012009551088890147,2.7755575615628914e-15,-2.7755575615628914e-15
discrete-dist-no-covs-no-mu-d-tidy-tes.csv,bracelet,far - close,0.07423566449075159,0.07423566449075159,0.0,0.06046730533549763,0.06046730533549763,0.21955989380493873,0.21955989380493873,,0.07423566449075167,0.060467305335498586,0.2195598938049456,8.326672684688674e-15,-8.326672684688674e-15
externality-knowledge-tidy-tes.csv,signal,combined,0.05008069298641987,0.0478080310513197,-0.2272661935100173,0.024996396871186627,0.02555287892970596,0.04512188087426256,0.061352704898643154,0.05: loses,0.04954019518684877,0.024979878578818712,0.04734464697365058,-0.054049779957110466,-0.17321641355290684
externality-knowledge-tidy-tes.csv,signal,close,0.040159512591145974,0.0378292974214009,-0.23302151697450757,0.033672495565284885,0.03400899920840962,0.2330063500270077,0.265995438675062,,0.039698370395726046,0.03370286784945814,0.2388392864888995,-0.046114219541992796,-0.18690729743251477
externality-knowledge-tidy-tes.csv,signal,far,0.06245910571966107,0.06025825153970543,-0.22008541799556358,0.03817109132713383,0.03851889981216396,0.10177819175975887,0.11772801926956838,,0.06181959788481767,0.03809131044881899,0.10460399120393941,-0.06395078348434002,-0.15613463451122356
externality-knowledge-tidy-tes.csv,signal,far - close,0.022299593128515094,0.022428954118304534,0.012936098978943988,0.051413304540004305,0.05127054409640631,0.664483098428601,0.6617757721764288,,0.02212122748909162,0.05138394013072994,0.6668257212305896,-0.017836563942347228,0.030772662921291216
externality-knowledge-tidy-tes.csv,control,combined,0.2987629054573331,0.2999855885843456,0.12226831270125138,0.027363344182023266,0.02720131865036766,9.417862602300965e-28,2.7894400667578547e-28,,0.2990729436100903,0.02743443524244906,1.135341424090675e-27,0.031003815275720825,0.09126449742553056
externality-knowledge-tidy-tes.csv,control,close,0.3006636213112178,0.30083565379712746,0.01720324859096345,0.04264904867121056,0.042023567148309265,1.792851263318502e-12,8.142388292204072e-13,,0.30049037993224453,0.04280078402599808,2.207994480519046e-12,-0.017324137897328784,0.03452738648829223
externality-knowledge-tidy-tes.csv,control,far,0.2963914290411591,0.29892498312866844,0.25335540875093265,0.03217965148315338,0.031642126299647785,3.2453891808475624e-20,3.484897154861648e-21,,0.29730444317771526,0.032067674214415344,1.8413745620939053e-20,0.0913014136556145,0.16205399509531815
externality-knowledge-tidy-tes.csv,control,far - close,-0.004272192270058706,-0.0019106706684590136,0.2361521601599692,0.05405611552602272,0.05269744475459512,0.9370067385086349,0.971077142655706,,-0.0031859367545292727,0.0540598929943708,0.9530051039907849,0.10862555155294329,0.12752660860702592
externality-knowledge-tidy-tes.csv,abs(calendar) - abs(bracelet),combined,-0.005714743181622628,-0.0009072913952877237,0.4807451786334904,0.02765829335173351,0.026840622695619307,0.8363070176979962,0.9730343082401192,,-0.004834169480563755,0.027580220325934313,0.8608622339661628,0.08805737010588732,0.3926878085276031
externality-knowledge-tidy-tes.csv,abs(calendar) - abs(bracelet),close,0.03138861703910961,0.0358970050365493,0.4508387997439689,0.040050079608981395,0.04210888885008664,0.43319609141718446,0.39394747834302984,,0.03268933625063186,0.0405646964593505,0.42032542603389056,0.130071921152225,0.3207668785917439
externality-knowledge-tidy-tes.csv,abs(calendar) - abs(bracelet),far,-0.052007693042823766,-0.0468271067235983,0.5180586319225466,0.0489224610051424,0.04582912552227539,0.28775305895022646,0.3068868672764024,,-0.05165132456022964,0.048670224303796056,0.2885758443937259,0.03563684825941271,0.48242178366313393
externality-knowledge-tidy-tes.csv,abs(calendar) - abs(bracelet),far - close,-0.08339631008193338,-0.0827241117601476,0.06721983217857774,0.06464789193099708,0.06342905275061661,0.19704781437699043,0.1921657160863857,,-0.0843406608108615,0.06481820745425992,0.19319417990753637,-0.09443507289281228,0.16165490507139002
externality-knowledge-tidy-tes.csv,bracelet - calendar,combined,0.005714743181622628,0.0009072913952877237,-0.4807451786334904,0.03169910396043718,0.03247724977215692,0.8569320448726074,0.977713025221395,,0.004834169480563755,0.03171909070141611,0.8788669800749737,-0.08805737010588732,-0.3926878085276031
externality-knowledge-tidy-tes.csv,bracelet - calendar,close,-0.03138861703910961,-0.0358970050365493,-0.4508387997439689,0.04363934110176617,0.044460768096505066,0.4719724849614929,0.41944408716641274,,-0.03268933625063186,0.043609851701797986,0.45350405827598,-0.130071921152225,-0.3207668785917439
externality-knowledge-tidy-tes.csv,bracelet - calendar,far,0.052007693042823766,0.0468271067235983,-0.5180586319225466,0.04978934812924162,0.05016243201743445,0.29622886785235014,0.3505569688681179,,0.05165132456022964,0.04980622579587429,0.2997146318354087,-0.03563684825941271,-0.48242178366313393
externality-knowledge-tidy-tes.csv,bracelet - calendar,far - close,0.08339631008193338,0.0827241117601476,-0.06721983217857774,0.0683928098526408,0.0685944936739973,0.2227028506637062,0.2278222550001355,,0.0843406608108615,0.06833512365038788,0.21712047612781685,0.09443507289281228,-0.16165490507139002
externality-knowledge-tidy-tes.csv,bracelet - no signal,combined,0.021685832674785965,0.017018897953741008,-0.46669347210449574,0.028629827536741,0.028936235704255336,0.4487767582854666,0.5564304336154835,,0.02080176157288588,0.028634786443668528,0.46756250019414525,-0.08840711019000858,-0.37828636191448717
externality-knowledge-tidy-tes.csv,bracelet - no signal,close,-0.013265114973917413,-0.01670200892318699,-0.3436893949269576,0.037704591717677295,0.03868442301307118,0.7249755357440706,0.6659229485763303,,-0.01415477705930615,0.037757831347964815,0.7077473256627613,-0.08896620853887371,-0.2547231863880839
externality-knowledge-tidy-tes.csv,bracelet - no signal,far,0.06529327031594087,0.0590916439810831,-0.6201626334857768,0.04579094688183284,0.0459704942052488,0.15389746693232254,0.19864364658171169,,0.06441617494660981,0.04574083415797965,0.15904640873552897,-0.08770953693310601,-0.5324530965526708
externality-knowledge-tidy-tes.csv,bracelet - no signal,far - close,0.07855838528985828,0.07579365290427009,-0.2764732385588192,0.060446619562350506,0.06148403881756819,0.19372698926105478,0.2176738824265772,,0.07857095200591596,0.060443452479952614,0.19363236348551857,0.0012566716057677008,-0.2777299101645869
externality-knowledge-tidy-tes.csv,ink,combined,0.09444664279121712,0.09470877070735173,0.02621279161346135,0.03839382493588157,0.038652718046722684,0.013895886265678588,0.014275758851267325,,0.09424622089313378,0.03844012159005088,0.014215668542355,-0.02004218980833361,0.04625498142179496
externality-knowledge-tidy-tes.csv,ink,close,0.11170764222140156,0.11155559987935104,-0.015204234205051792,0.05173892010482877,0.050884951374518365,0.03084519845443969,0.02835711297700043,,0.11208607704208384,0.051832933786868166,0.03058358233840691,0.037843482068228296,-0.05304771627328009
externality-knowledge-tidy-tes.csv,ink,far,0.07291051839649842,0.07368939635581245,0.07788779593140283,0.057314389802730334,0.05813921957835881,0.2033321172546388,0.2049892526235452,,0.0719878712094057,0.05719816099699234,0.2081858040883737,-0.09226471870927289,0.1701525146406757
externality-knowledge-tidy-tes.csv,ink,far - close,-0.038797123824903135,-0.03786620352353859,0.09309203013645462,0.0772386361644978,0.07654811091826072,0.6154550807191412,0.6208317025794472,,-0.04009820583267815,0.07713178454308453,0.6031568520769691,-0.13010820077750118,0.2232002309139558
externality-knowledge-tidy-tes.csv,calendar,combined,0.031942178986326675,0.03222321311690657,0.028103413057989357,0.03598288927328028,0.03608974844318109,0.3746996311394756,0.37193036461481827,,0.03193518418464425,0.03605387581458173,0.37574532674975647,-0.0006994801682425056,0.028802893226231863
externality-knowledge-tidy-tes.csv,calendar,close,0.0362470041303844,0.03838999222672462,0.2142988096340226,0.054462723455933414,0.05362496662613407,0.5057065398306112,0.47405449622218826,,0.03706911838265142,0.0545771347943966,0.4970073349078953,0.08221142522670255,0.13208738440732004
externality-knowledge-tidy-tes.csv,calendar,far,0.02657115454623421,0.024529074514969607,-0.20420800312646037,0.04548287471816995,0.04473785139437071,0.5590848868894696,0.5834965067592054,,0.025529700772760344,0.04534202491735925,0.5734027348101929,-0.1041453773473866,-0.10006262577907377
externality-knowledge-tidy-tes.csv,calendar,far - close,-0.009675849584150187,-0.013860917711755016,-0.41850681276048296,0.07177064460720879,0.06924753140893715,0.8927571528874548,0.8413517019351875,,-0.011539417609891078,0.07166110672041857,0.8720716452645684,-0.18635680257408915,-0.2321500101863938
externality-knowledge-tidy-tes.csv,bracelet,combined,0.0376569221679493,0.03313050451219429,-0.45264176557550106,0.03580342187415941,0.03565213446692107,0.2929056354521877,0.35274851692464954,,0.036769353665208004,0.03582934907378286,0.3047805430608111,-0.08875685027412983,-0.36388491530137124
externality-knowledge-tidy-tes.csv,bracelet,close,0.004858387091274785,0.002492987190175322,-0.2365399901099463,0.049213560169082675,0.04953814480583881,0.9213601945562592,0.9598637227599471,,0.004379782132019561,0.049384413653831755,0.9293302356232549,-0.04786049592552244,-0.18867949418442387
externality-knowledge-tidy-tes.csv,bracelet,far,0.07857884758905798,0.0713561812385679,-0.722266635049007,0.05243079621605253,0.05206765562936642,0.13394745081727943,0.17054609825427106,,0.07718102533298998,0.05226602436295682,0.1397571642771125,-0.13978222560679932,-0.5824844094422077
externality-knowledge-tidy-tes.csv,bracelet,far - close,0.07372046049778319,0.06886319404839258,-0.4857266449390607,0.07214931674769152,0.07247744338319527,0.3068867982195712,0.34204479400028803,,0.07280124320097042,0.07214422970187144,0.31292334783707704,-0.09192172968127688,-0.3938049152577838
fob-lee-lower-tidy-tes.csv,signal,combined,0.09123193141960373,0.09323154935913525,0.19996179395315172,0.027568095342620984,0.027558130928858726,0.0009351946092962114,0.000716759711101402,,0.09127125123156443,0.027608416568562093,0.0009466468655981269,0.0039319811960703,0.19602981275708142
fob-lee-lower-tidy-tes.csv,signal,close,0.024063336574037364,0.02570467324600434,0.16413366719669753,0.0378287694483435,0.03773561973390204,0.5247033835736982,0.4957588791453872,,0.02406009049072011,0.03784826908257145,0.5249729093681529,-0.0003246083317254289,0.16445827552842296
fob-lee-lower-tidy-tes.csv,signal,far,0.17734207001161995,0.17980100453616887,0.2458934524548928,0.041208078358472115,0.04109571926618948,1.6806365687750228e-05,1.2133454149119977e-05,,0.17743595930132683,0.041218643774549826,1.6717436637384834e-05,0.009388928970688326,0.23650452348420448
fob-lee-lower-tidy-tes.csv,signal,far - close,0.15327873343758258,0.15409633129016453,0.08175978525819527,0.05657840568909945,0.05631006784556539,0.006745818641932713,0.006208375713932986,,0.15337586881060672,0.0565419889608002,0.006675738770275139,0.009713537302413755,0.07204624795578152
fob-lee-lower-tidy-tes.csv,control,combined,0.6812172726458042,0.679416182554939,-0.1801090090865265,0.03259177826136765,0.032706782755164004,5.188131445417986e-97,7.605036224394147e-96,,0.681080912703956,0.03255652080874368,3.5245498441257694e-97,-0.013635994184824085,-0.1664730149017024
fob-lee-lower-tidy-tes.csv,control,close,0.7447083740415468,0.7440718207133209,-0.06365533282258751,0.04266431312860482,0.04253369355130421,3.1501691668761093e-68,1.6001265976190247e-68,,0.7446157034071877,0.04265355678065185,3.029557133161824e-68,-0.009267063435902667,-0.05438826938668484
fob-lee-lower-tidy-tes.csv,control,far,0.5998216806564622,0.5965276544358934,-0.32940262205688464,0.04947706390421508,0.048919962974026135,7.956341655989424e-34,3.3478546324425295e-34,,0.5996293110224128,0.04937685991125167,6.178281607389629e-34,-0.019236963404944962,-0.3101656586519397
fob-lee-lower-tidy-tes.csv,control,far - close,-0.14488669338508453,-0.1475441662774275,-0.26574728923429713,0.06478031625537718,0.06358469648299608,0.025313466342017234,0.020317347932868823,,-0.14498639238477495,0.06470002547488397,0.025032447814006552,-0.009969899969042295,-0.25577738926525484
fob-lee-lower-tidy-tes.csv,abs(calendar) - abs(bracelet),combined,-0.09783826140386764,-0.10187061946768405,-0.403235806381641,0.042156353604625135,0.0412949403235451,0.020295340283512327,0.013628720390557241,,-0.09776317981761062,0.04203072693918592,0.02001892009051584,0.007508158625701977,-0.410743965007343
fob-lee-lower-tidy-tes.csv,abs(calendar) - abs(bracelet),close,-0.018638602632232493,-0.021086881023511195,-0.2448278391278702,0.04123369022505505,0.041856665212196116,0.6512519541756122,0.6144104389417377,,-0.01859278024284794,0.04127871669383354,0.652407265565986,0.00458223893845533,-0.24941007806632554
fob-lee-lower-tidy-tes.csv,abs(calendar) - abs(bracelet),far,-0.19937222394910392,-0.20543537215311358,-0.6063148204009661,0.0758239939067652,0.07291332554303293,0.00855336462106069,0.004839482067976957,,-0.19925963207245645,0.075685914444531,0.008470476691702282,0.011259187664747206,-0.6175740080657133
fob-lee-lower-tidy-tes.csv,abs(calendar) - abs(bracelet),far - close,-0.18073362131687143,-0.1843484911296024,-0.36148698127309586,0.08392722822132365,0.08340276727490181,0.03128283222357451,0.027081559125710777,,-0.1806668518296085,0.08383918283328494,0.031167983039641946,0.006676948726291876,-0.36816392999938774
fob-lee-lower-tidy-tes.csv,bracelet - calendar,combined,0.09783826140386764,0.10187061946768405,0.403235806381641,0.03558965407791284,0.03517953813084063,0.005976558937696801,0.003782716982219385,,0.09776317981761062,0.03562051784725108,0.006058932318267475,-0.007508158625701977,0.410743965007343
fob-lee-lower-tidy-tes.csv,bracelet - calendar,close,0.018638602632232493,0.021086881023511195,0.2448278391278702,0.04928468471549628,0.04916883983508268,0.7052950646288089,0.6680201916388956,,0.01859278024284794,0.049371640815168226,0.7064796146795197,-0.00458223893845533,0.24941007806632554
fob-lee-lower-tidy-tes.csv,bracelet - calendar,far,0.19937222394910392,0.20543537215311358,0.6063148204009661,0.058900182645991395,0.05814105091966532,0.0007119980484284863,0.00041025705330984826,,0.19925963207245645,0.058884424822282455,0.0007146125541366193,-0.011259187664747206,0.6175740080657133
fob-lee-lower-tidy-tes.csv,bracelet - calendar,far - close,0.18073362131687143,0.1843484911296024,0.36148698127309586,0.0810753288836358,0.08066549061896536,0.025800191899823997,0.02229259502278607,,0.1806668518296085,0.08112061590655606,0.025938014706613822,-0.006676948726291876,0.36816392999938774
fob-lee-lower-tidy-tes.csv,bracelet - no signal,combined,0.109957604622554,0.11453711859626065,0.45795139737066504,0.030367673594224806,0.029813919357654223,0.000293606315688641,0.00012216867697094913,,0.10998718224389448,0.030370219146654696,0.0002928463562936126,0.002957762134048192,0.45499363523661684
fob-lee-lower-tidy-tes.csv,bracelet - no signal,close,0.028399119894392477,0.030618221774606103,0.22191018802136253,0.04004839703364862,0.039604117637525325,0.4782500035851604,0.43945904078196724,,0.028436668101683438,0.04006506306017508,0.47785160090042855,0.0037548207290960534,0.21815536729226648
fob-lee-lower-tidy-tes.csv,bracelet - no signal,far,0.21451558204405713,0.2221211443216216,0.7605562277564482,0.04822666940501359,0.04811886515933023,8.664545727399001e-06,3.910322505161359e-06,,0.2145349413742091,0.04819632113579837,8.536308049123772e-06,0.0019359330151957899,0.7586202947412524
fob-lee-lower-tidy-tes.csv,bracelet - no signal,far - close,0.18611646214966465,0.1915029225470155,0.5386460397350856,0.06367158470944972,0.06395465283293066,0.0034659923298478294,0.0027502591232377977,,0.18609827327252565,0.06364967143792025,0.0034579794152586993,-0.0018188877139002635,0.5404649274489859
fob-lee-lower-tidy-tes.csv,ink,combined,0.08462560143533993,0.08459247925058655,-0.0033122184753375805,0.042247506990792424,0.04238696667074508,0.0451675207968785,0.045964506174539586,,0.08477932264551824,0.04227054290823801,0.04489509793258815,0.015372121017831475,-0.018684339493169055
fob-lee-lower-tidy-tes.csv,ink,close,0.029488070515842124,0.030322465468497706,0.08343949526555816,0.05559219917722917,0.05489235023781731,0.5958100860243917,0.5806751891850028,,0.02952740073859228,0.05551680529077516,0.594820060077648,0.003933022275015574,0.07950647299054259
fob-lee-lower-tidy-tes.csv,ink,far,0.15531191607413597,0.15416663691922428,-0.11452791549116936,0.06457614835360029,0.06541555373310223,0.016168163073184978,0.018436768658068026,,0.1556122865301972,0.06455763971882247,0.015933312508176874,0.030037045606123858,-0.14456496109729322
fob-lee-lower-tidy-tes.csv,ink,far - close,0.12582384555829385,0.12384417145072657,-0.19796741075672752,0.08500147563881663,0.08482385155255454,0.13880525069758312,0.14428570580592975,,0.12608488579160493,0.08481728405513127,0.1371344740595513,0.026104023331108284,-0.2240714340878358
fob-lee-lower-tidy-tes.csv,calendar,combined,0.024238686437372703,0.025332998257153183,0.10943118197804802,0.04738330478059323,0.04799443801009018,0.6089695783431285,0.5976159729252393,,0.024448004852567706,0.04733791464875985,0.6055351539014032,0.020931841519500338,0.08849934045854768
fob-lee-lower-tidy-tes.csv,calendar,close,0.01952103452431997,0.019062681502189815,-0.04583530221301535,0.05707294921769284,0.058026326601256666,0.732323387970272,0.7425201834820337,,0.019687775717670997,0.0571146187048718,0.7303150915165683,0.016674119335102766,-0.06250942154811812
fob-lee-lower-tidy-tes.csv,calendar,far,0.030286716189906415,0.03337154433701606,0.30848281471096417,0.08172120120133874,0.08023957501540477,0.7109278339318379,0.6774840451069137,,0.030550618603505275,0.08166657221094338,0.7083376261007351,0.02639024135988599,0.2820925733510782
fob-lee-lower-tidy-tes.csv,calendar,far - close,0.010765681665586446,0.014308862834826241,0.3543181169239795,0.10099953550552904,0.0989312967503283,0.915113143273533,0.8849995827105407,,0.010862842885834278,0.10106107328346713,0.9144019213866631,0.009716122024783225,0.3446019948991963
fob-lee-lower-tidy-tes.csv,bracelet,combined,0.12207694784124035,0.12720361772483724,0.512666988359689,0.041235379319591,0.041132380332073455,0.003071496160725652,0.001984500847191464,,0.12221118467017833,0.04118638381761583,0.003004554755465749,0.013423682893798361,0.4992433054658907
fob-lee-lower-tidy-tes.csv,bracelet,close,0.03815963715655246,0.04014956252570101,0.19899253691485486,0.049065556438568095,0.04901963633467439,0.43672962115661157,0.4127575451597949,,0.038280555960518936,0.0490295775440812,0.43494098860093927,0.012091880396647436,0.18690065651820742
fob-lee-lower-tidy-tes.csv,bracelet,far,0.22965894013901034,0.23880691649012964,0.9147976351119302,0.06724261395101061,0.06685554027697989,0.0006369356931850074,0.0003542871358704736,,0.22981025067596172,0.067179682670742,0.0006243042265897064,0.015131053695138785,0.8996665814167915
fob-lee-lower-tidy-tes.csv,bracelet,far - close,0.19149930298245788,0.19865735396442863,0.7158050981970754,0.08145787580953646,0.0810381058485065,0.018728076912210897,0.01422990795235533,,0.1915296947154428,0.08141668925874204,0.018649578534479665,0.003039173298491349,0.712765924898584
fob-lee-upper-tidy-tes.csv,signal,combined,0.1460711857454846,0.14785395138687563,0.17827656413910153,0.029648119569987065,0.0299380280639708,8.357526092178193e-07,7.86583981466477e-07,,0.1460715440042385,0.029696494084426366,8.706995925479239e-07,3.582587538852877e-05,0.178240738263713
fob-lee-upper-tidy-tes.csv,signal,close,0.11309657585066557,0.11445874328400218,0.1362167433336614,0.041707184934807975,0.04172241358826781,0.0066943006689125055,0.006081777957620408,,0.1130478396750847,0.041733759541735096,0.006752980293683141,-0.004873617558087684,0.1410903608917491
fob-lee-upper-tidy-tes.csv,signal,far,0.18834463563064263,0.19066660817475922,0.23219725441165906,0.03767919719537883,0.03800302334801396,5.773692727576101e-07,5.24454918475379e-07,,0.18840793295421354,0.03773178065631375,5.934131681904811e-07,0.006329732357091,0.22586752205456806
fob-lee-upper-tidy-tes.csv,signal,far - close,0.07524805977997706,0.07620786489075704,0.09598051107799765,0.054093379662838996,0.05387437391762869,0.1642020590500593,0.15720118952380413,,0.07536009327912885,0.054097608003975645,0.1636079107679235,0.011203349915178684,0.08477716116281897
fob-lee-upper-tidy-tes.csv,control,combined,0.6826794233525476,0.6816619840793903,-0.1017439273157339,0.03164857795732321,0.031777665771867726,3.3912444598872105e-103,4.471593677712648e-102,,0.6824872377870616,0.03157962724324949,1.3962970569192293e-103,-0.019218556548605825,-0.08252537076712807
fob-lee-upper-tidy-tes.csv,control,close,0.74558859178461,0.7470839044357018,0.1495312651091818,0.04252725561610585,0.04268645551743031,8.162122633579717e-69,1.3914957134977341e-68,,0.7453621774197904,0.04252223193338963,8.642750632946381e-69,-0.022641436481962707,0.1721727015911445
fob-lee-upper-tidy-tes.csv,control,far,0.6020298694226436,0.5977910821825989,-0.42387872400446724,0.047278875182292276,0.045869396460880396,3.847278580041159e-37,7.998640894191396e-39,,0.6018815651779031,0.04714230108349395,2.4955227662110186e-37,-0.014830424474043813,-0.40904829953042343
fob-lee-upper-tidy-tes.csv,control,far - close,-0.14355872236196643,-0.14929282225310292,-0.573409989113649,0.06354036611694247,0.06165530364816722,0.023862799595845984,0.015460391990154913,,-0.14348061224188724,0.06349139861877791,0.023830977511596314,0.007811012007918894,-0.5812210011215679
fob-lee-upper-tidy-tes.csv,abs(calendar) - abs(bracelet),combined,-0.12158358349627951,-0.1253886712811474,-0.38050877848678777,0.034781580663493517,0.03443763531355453,0.00047294162957164167,0.0002715431182426658,,-0.12130399886744936,0.03492405282464509,0.0005139749727758154,0.0279584628830154,-0.40846724136980317
fob-lee-upper-tidy-tes.csv,abs(calendar) - abs(bracelet),close,-0.08442273832980152,-0.08954407358388694,-0.5121335254085424,0.051530543918976046,0.05296907932568555,0.10135812332285977,0.09093289767002302,0.1: gains,-0.08416112041316248,0.05165287578525381,0.10323686932828466,0.026161791663903422,-0.5382953170724458
fob-lee-upper-tidy-tes.csv,abs(calendar) - abs(bracelet),far,-0.1692237869997043,-0.17134144552903519,-0.21176585293308792,0.045295319426357145,0.04657374751466705,0.00018696289702248308,0.00023421673309536025,,-0.1689211690458451,0.04536200540552819,0.00019620984015166276,0.030261795385921886,-0.2420276483190098
fob-lee-upper-tidy-tes.csv,abs(calendar) - abs(bracelet),far - close,-0.08480104866990279,-0.08179737194514825,0.3003676724754545,0.06968367572778963,0.07335142710080464,0.223625973126863,0.26478890513815034,,-0.0847600486326826,0.06980876459272002,0.22468094935050378,0.004100003722018464,0.296267668753436
fob-lee-upper-tidy-tes.csv,bracelet - calendar,combined,0.12158358349627951,0.1253886712811474,0.38050877848678777,0.03578191703106912,0.03534274507461407,0.0006790379663524042,0.00038847641712551687,,0.12130399886744936,0.035934100421102656,0.0007361880276125794,-0.0279584628830154,0.40846724136980317
fob-lee-upper-tidy-tes.csv,bracelet - calendar,close,0.08442273832980152,0.08954407358388694,0.5121335254085424,0.054397446897158794,0.0561053937817458,0.12067145774345192,0.11048933012526335,,0.08416112041316248,0.054633927965681846,0.12344942616291754,-0.026161791663903422,0.5382953170724458
fob-lee-upper-tidy-tes.csv,bracelet - calendar,far,0.1692237869997043,0.17134144552903519,0.21176585293308792,0.045955831939698696,0.047178417024590406,0.00023112681069044008,0.0002814773331453825,,0.1689211690458451,0.04601572694945789,0.00024165603492686333,-0.030261795385921886,0.2420276483190098
fob-lee-upper-tidy-tes.csv,bracelet - calendar,far - close,0.08480104866990279,0.08179737194514825,-0.3003676724754545,0.07287755712166814,0.07791913032409299,0.24458212800822313,0.29382265252461126,,0.0847600486326826,0.07304416255688595,0.24588820193591468,-0.004100003722018464,-0.296267668753436
fob-lee-upper-tidy-tes.csv,bracelet - no signal,combined,0.16551645262015574,0.169190403874953,0.36739512547972475,0.029356468493062674,0.0289103145713623,1.718772441382755e-08,4.849653477710149e-09,,0.1654338107487177,0.02937300548125634,1.7795436224168965e-08,-0.008264187143802726,0.3756593126235275
fob-lee-upper-tidy-tes.csv,bracelet - no signal,close,0.11306922394555491,0.11612907442014375,0.30598504745888433,0.04339861777247286,0.043523673532789464,0.009177653052049265,0.0076262975071439585,,0.11304779748984528,0.043438267763830335,0.009254864419572234,-0.0021426455709627756,0.3081276930298471
fob-lee-upper-tidy-tes.csv,bracelet - no signal,far,0.23275379978099403,0.23721502823601837,0.44612284550243353,0.036416788565545276,0.036631386655109816,1.6438742474549862e-10,9.435363723735897e-11,,0.23259267974659215,0.036399829321183436,1.659522175027808e-10,-0.016112003440188483,0.462234848942622
fob-lee-upper-tidy-tes.csv,bracelet - no signal,far - close,0.11968457583543912,0.12108595381587461,0.1401377980435492,0.05619598515827055,0.05758727753863058,0.03319052939953537,0.03549627749201524,,0.11954488225674686,0.056211231919208925,0.033444344055644504,-0.013969357869225707,0.1541071559127749
fob-lee-upper-tidy-tes.csv,ink,combined,0.1705587879946896,0.17031923149260375,-0.0239556502085847,0.048037124590072096,0.04824893680853749,0.0003844096156792037,0.00041554389300082074,,0.17083908914102752,0.048119093117184555,0.00038473549649866795,0.028030114633792458,-0.05198576484237716
fob-lee-upper-tidy-tes.csv,ink,close,0.1417704133715295,0.13937341298411743,-0.2397000387412085,0.06682683683238862,0.06705191648417513,0.033883170912672456,0.03765509219099148,,0.1419345589370068,0.06683287308595894,0.03369325136657205,0.016414556547728054,-0.25611459528893654
fob-lee-upper-tidy-tes.csv,ink,far,0.20746548426158085,0.20999177082048315,0.2526286558902302,0.06436190013965559,0.06669205031034797,0.0012666934478113394,0.0016401097945029919,,0.2078946968625821,0.06455052081067099,0.0012789981289266234,0.04292126010012609,0.2097073957901041
fob-lee-upper-tidy-tes.csv,ink,far - close,0.06569507089005133,0.07061835783636572,0.4923286946314387,0.09050585898118248,0.09338527318232541,0.46792129376366337,0.44952663355216,,0.06596013792557531,0.0905782425238791,0.4664839916218885,0.026506703552398037,0.46582199107904065
fob-lee-upper-tidy-tes.csv,calendar,combined,0.08786573824775246,0.0876034651876112,-0.02622730601412604,0.050455927438490665,0.051029070531205686,0.08160728734489081,0.08602733775884158,,0.08825962376253671,0.05053585103355047,0.08072836736208322,0.03938855147842535,-0.06561585749255139
fob-lee-upper-tidy-tes.csv,calendar,close,0.057292971231506784,0.05317000167251362,-0.41229695589931614,0.07610764213261485,0.0783697170038258,0.451576912030406,0.4974858726475644,,0.0577733541533656,0.0763203277754363,0.44905876407295925,0.04803829218588129,-0.46033524808519743
fob-lee-upper-tidy-tes.csv,calendar,far,0.12706002556257945,0.13174716541396636,0.4687139851386912,0.06338678753438771,0.06452246215845693,0.04501448424482481,0.0411633740243067,,0.12734302140149412,0.06347140569313833,0.04482367859292589,0.028299583891466806,0.4404144012472244
fob-lee-upper-tidy-tes.csv,calendar,far - close,0.06976705433107266,0.07857716374145274,0.8810109410380074,0.10014506709932876,0.10415737362048194,0.4860156478229535,0.4506042242393262,,0.06956966724812852,0.10044568548216715,0.48855445158654975,-0.019738708294414486,0.9007496493324219
fob-lee-upper-tidy-tes.csv,bracelet,combined,0.20944932174403197,0.21299213646875859,0.35428147247266173,0.04142655193458859,0.04152693062893611,4.283214486391096e-07,2.9126637018435736e-07,,0.20956362262998607,0.041366936661693256,4.0632784295315735e-07,0.011430088595409948,0.3428513838772518
fob-lee-upper-tidy-tes.csv,bracelet,close,0.1417157095613083,0.14271407525640056,0.09983656950922626,0.0608603681855957,0.060923816162505674,0.019883528147099382,0.019155003735270088,,0.14193447456652808,0.06083828024821336,0.01964920925629272,0.02187650052197787,0.07796006898724839
fob-lee-upper-tidy-tes.csv,bracelet,far,0.29628381256228375,0.30308861094300155,0.6804798380717791,0.05049127554885331,0.05039333294296883,4.4103017921085875e-09,1.8048896777999533e-09,,0.2962641904473392,0.050465410856020805,4.341195993685296e-09,-0.0019622114944550795,0.6824420495662342
fob-lee-upper-tidy-tes.csv,bracelet,far - close,0.15456810300097545,0.16037453568660098,0.5806432685625529,0.07758451131482143,0.07736651367302184,0.046343125378101084,0.03817979497613914,,0.15432971588081112,0.07764421015184987,0.04685012503171856,-0.02383871201643295,0.6044819805789858
hh-dist-tidy-tes.csv,signal,combined,0.01708121275495561,0.018596067875595257,0.15148551206396466,0.018206686254852663,0.018414184136761814,0.3481501129106149,0.31255404523201724,,0.017443194526785,0.01823237513877917,0.3387109104527825,0.03619817718293894,0.11528733488102572
hh-dist-tidy-tes.csv,signal,close,-0.0034052643521508275,-0.0021406120426440967,0.12646523095067308,0.02030492013763482,0.0204665013415545,0.8668142884054232,0.9167003487077704,,-0.003135615581782436,0.020349191501478337,0.8775384372792663,0.02696487703683914,0.09950035391383394
hh-dist-tidy-tes.csv,signal,far,0.042424055299954744,0.04424842437039189,0.18243690704371485,0.023581506313333448,0.02365489034849104,0.07201247306528383,0.061402969485143795,,0.04290025781874318,0.023556359346205917,0.0685802266191867,0.04762025187884378,0.13481665516487107
hh-dist-tidy-tes.csv,signal,far - close,0.04582931965210557,0.04638903641303599,0.05597167609304177,0.02422676096847989,0.024025023704564667,0.05853340699151326,0.05349996049361643,,0.04603587340052562,0.024187430334266787,0.05700174921403644,0.020655374842004637,0.03531630125103713
hh-dist-tidy-tes.csv,control,combined,0.3272285232177205,0.3265345441371544,-0.06939790805661206,0.021770871970335694,0.022284944796833878,4.6303399228561184e-51,1.2947260988943371e-48,,0.326946917411771,0.021861893978118385,1.442542645742403e-50,-0.02816058059494919,-0.041237327461662865
hh-dist-tidy-tes.csv,control,close,0.4056818154671214,0.4059493759720951,0.0267560504973674,0.023562990240387067,0.02400431522140359,1.983060162405239e-66,3.7006037725243225e-64,,0.4055808155666838,0.023694636718372103,1.1086493062024684e-65,-0.010099990043760387,0.03685604054112779
hh-dist-tidy-tes.csv,control,far,0.23017770173101015,0.22829424794526565,-0.18834537857445044,0.025915419774282158,0.02626857261804755,6.57385203824706e-19,3.599760916658968e-18,,0.229672676983768,0.025925847188975615,8.0858449794941745e-19,-0.050502474724214985,-0.13784290385023545
hh-dist-tidy-tes.csv,control,far - close,-0.17550411373611124,-0.17765512802682942,-0.21510142907181784,0.02321959870204955,0.02297427663961452,4.0790913181130304e-14,1.0521941125373327e-14,,-0.1759081385829158,0.023194355199568896,3.348218697634792e-14,-0.0404024846804546,-0.17469894439136324
hh-dist-tidy-tes.csv,abs(calendar) - abs(bracelet),combined,-0.04448556797298253,-0.047201951662651453,-0.2716383689668922,0.02419778499873511,0.024102851702430567,0.06600129433138686,0.050188315180061026,,-0.0450232263289429,0.02421923583487326,0.06302908782076883,-0.05376583559603687,-0.21787253337085533
hh-dist-tidy-tes.csv,abs(calendar) - abs(bracelet),close,-0.03588909435457477,-0.040031500439662915,-0.4142406085088146,0.02756758790312113,0.02848931128936985,0.1929648144484306,0.15997934300897393,,-0.0366115377771965,0.027671898364487087,0.18581595505404994,-0.07224434226217324,-0.34199626624664137
hh-dist-tidy-tes.csv,abs(calendar) - abs(bracelet),far,-0.05511985498165389,-0.056072174462342084,-0.09523194806881907,0.03312518957481814,0.033027107699607226,0.09611520738214528,0.08955265612006606,,-0.055428924555629866,0.03311051066635754,0.09411914590250517,-0.0309069573975973,-0.06432499067122177
hh-dist-tidy-tes.csv,abs(calendar) - abs(bracelet),far - close,-0.019230760627079124,-0.01604067402267917,0.31900866043999554,0.0383733467963987,0.03957919280996488,0.6162663325714176,0.6852713575810702,,-0.018817386778433365,0.03846054138180227,0.624654280708528,0.04133738486457594,0.2776712755754196
hh-dist-tidy-tes.csv,bracelet - calendar,combined,0.04448556797298253,0.047201951662651453,0.2716383689668922,0.023666929950376732,0.02358446797110148,0.06015566105223462,0.04534931225935686,0.05: gains,0.0450232263289429,0.02368463035076644,0.05730895881011029,0.05376583559603687,0.21787253337085533
hh-dist-tidy-tes.csv,bracelet - calendar,close,0.03588909435457477,0.040031500439662915,0.4142406085088146,0.028203097811957702,0.028580710722498917,0.20318731061981035,0.1613195153630665,,0.0366115377771965,0.028256931887542663,0.19509067912619893,0.07224434226217324,0.34199626624664137
hh-dist-tidy-tes.csv,bracelet - calendar,far,0.05511985498165389,0.056072174462342084,0.09523194806881907,0.03227597487210198,0.032054057623418335,0.08767952588081797,0.08023911420049652,,0.055428924555629866,0.032214563017409555,0.08532034778639731,0.0309069573975973,0.06432499067122177
hh-dist-tidy-tes.csv,bracelet - calendar,far - close,0.019230760627079124,0.01604067402267917,-0.31900866043999554,0.03738045306610989,0.037884196609831465,0.606930181219809,0.6719937174596503,,0.018817386778433365,0.03733021645338865,0.6142057014912615,-0.04133738486457594,-0.2776712755754196
hh-dist-tidy-tes.csv,bracelet - no signal,combined,0.06349904208192217,0.06601873548817896,0.25196934062567955,0.022220884692711024,0.02225493835328737,0.004268192502480308,0.003012340915336486,,0.06411053545844023,0.022227133993419634,0.003922392898943732,0.061149337651805746,0.1908200029738738
hh-dist-tidy-tes.csv,bracelet - no signal,close,0.04616522972188919,0.0492171520598981,0.3051922338008911,0.025342361663749254,0.02574400428451299,0.06850621235406763,0.05590302473911807,,0.046813047097334,0.025381093426562407,0.06512395858830533,0.06478173754448091,0.2404104962564102
hh-dist-tidy-tes.csv,bracelet - no signal,far,0.08494187361651001,0.08680317202665463,0.1861298410144624,0.03137186596010881,0.031228337866506677,0.0067775494358714,0.005442114910391716,,0.08550843230852419,0.0313186940726765,0.0063282832297547305,0.056655869201417686,0.1294739718130447
hh-dist-tidy-tes.csv,bracelet - no signal,far - close,0.03877664389462082,0.037586019966756534,-0.11906239278642872,0.03491423027585899,0.03524952847165604,0.26672946549530036,0.28629512938389867,,0.03869538521119019,0.03487472906498206,0.2671913853951112,-0.008125868343063225,-0.11093652444336549
hh-dist-tidy-tes.csv,ink,combined,-0.0103231424630712,-0.010009815911460884,0.031332655161031564,0.02935865153114839,0.029837926702054086,0.7251218995040005,0.7372683813646981,,-0.0101368372753729,0.029457262370018826,0.7307559366663604,0.018630518769829907,0.012702136391201657
hh-dist-tidy-tes.csv,ink,close,-0.042699623058876424,-0.044312724524951,-0.16131014660745735,0.032199305853846075,0.032305975348666194,0.18480530519631083,0.17017017008551558,,-0.042882768940761484,0.032296717062283,0.18425249482192077,-0.018314588188506065,-0.14299555841895129
hh-dist-tidy-tes.csv,ink,far,0.029728255618255595,0.032424674278441756,0.26964186601861617,0.03445575414921732,0.03510323997361105,0.3882501373748271,0.35564532849921454,,0.030371591081856525,0.03445081931534085,0.37799710003433495,0.06433354636009303,0.20530831965852314
hh-dist-tidy-tes.csv,ink,far - close,0.07242787867713202,0.07673739880339275,0.4309520126260735,0.031295189259731855,0.031007309179472687,0.02064878090981534,0.013330466666157866,,0.07325436002261801,0.03113463540095993,0.01863138174270834,0.0826481345485991,0.3483038780774744
hh-dist-tidy-tes.csv,calendar,combined,0.038026948217879275,0.03763356765105502,-0.03933805668242529,0.026030073054678998,0.026534525356729323,0.14404695163192813,0.15610704238913822,,0.03817461825899465,0.02614448760842335,0.14425153688660367,0.014767004111537751,-0.054105060793963045
hh-dist-tidy-tes.csv,calendar,close,0.02055227073462884,0.01837130324047037,-0.218096749415847,0.030648810153974474,0.030992766704630324,0.5024924594147703,0.5533411145314715,,0.020403018640274995,0.030815554297205467,0.5079063010818873,-0.014925209435384668,-0.20317153998046233
hh-dist-tidy-tes.csv,calendar,far,0.059644037269712236,0.0614619951286251,0.18179578589128664,0.03090214855905339,0.030970229840508293,0.05359524888592321,0.04719446826037283,0.05: gains,0.06015901550578864,0.03089098101602595,0.05147935637207775,0.05149782360764077,0.13029796228364587
hh-dist-tidy-tes.csv,calendar,far - close,0.039091766535083394,0.04309069188815473,0.39989253530713365,0.03297316374265017,0.03217152803676765,0.2357948780597676,0.18043900033532023,,0.03975599686551365,0.03293568697116363,0.22740147855338105,0.06642303304302544,0.3334695022641082
hh-dist-tidy-tes.csv,bracelet,combined,0.0825125161908618,0.08483551931370648,0.2323003122844669,0.027680213355273146,0.028042431254989047,0.0028738336221081438,0.002484231725823049,,0.08319784458793755,0.02772898073178882,0.002696313117709717,0.06853283970757462,0.16376747257689228
hh-dist-tidy-tes.csv,bracelet,close,0.05644136508920361,0.058402803680133286,0.1961438590929676,0.03096337586777105,0.03144719831404227,0.06832721148459775,0.06328692471282299,,0.057014556417471496,0.031060341284032327,0.06641591295320232,0.05731913282678858,0.13882472626617903
hh-dist-tidy-tes.csv,bracelet,far,0.11476389225136613,0.11753416959096719,0.2770277339601057,0.03747159973201588,0.037450408941304254,0.0021935720141642904,0.0016987588696487808,,0.11558794006141851,0.03743086267372675,0.0020148245638840095,0.08240478100523807,0.19462295295486765
hh-dist-tidy-tes.csv,bracelet,far - close,0.05832252716216252,0.0591313659108339,0.0808838748671381,0.03980356069101838,0.039589768505083195,0.14285025685832212,0.13527962029492827,,0.05857338364394701,0.03976591671753839,0.14076332076573828,0.025085648178449493,0.05579822668868861
know-table-A-attrition-tidy-tes.csv,signal,combined,-0.0549408288227313,-0.0549408288227313,0.0,0.022740242431902518,0.022740242431902518,0.015691297413182256,0.015691297413182256,,-0.05494082882273127,0.022740242431902525,0.015691297413182353,2.7755575615628914e-15,-2.7755575615628914e-15
know-table-A-attrition-tidy-tes.csv,signal,close,-0.09460249743606687,-0.09460249743606687,0.0,0.024637250022810902,0.024637250022810902,0.0001231267471126451,0.0001231267471126451,,-0.09460249743606688,0.02463725002281092,0.00012312674711264604,-1.3877787807814457e-15,1.3877787807814457e-15
know-table-A-attrition-tidy-tes.csv,signal,far,-0.006168516576929628,-0.006168516576929628,0.0,0.04133857178083529,0.04133857178083529,0.8813805181319321,0.8813805181319321,,-0.0061685165769296,0.04133857178083531,0.8813805181319326,2.7755575615628914e-15,-2.7755575615628914e-15
know-table-A-attrition-tidy-tes.csv,signal,far - close,0.08843398085913724,0.08843398085913724,0.0,0.04859314711306028,0.04859314711306028,0.06877639014081814,0.06877639014081814,,0.08843398085913728,0.04859314711306033,0.06877639014081834,4.163336342344337e-15,-4.163336342344337e-15
know-table-A-attrition-tidy-tes.csv,control,combined,0.22933928985040697,0.22933928985040697,0.0,0.03207630930290656,0.03207630930290656,8.690257668994379e-13,8.690257668994379e-13,,0.229339289850407,0.03207630930290655,8.690257668994219e-13,2.7755575615628914e-15,-2.7755575615628914e-15
know-table-A-attrition-tidy-tes.csv,control,close,0.22511103698335047,0.22511103698335047,0.0,0.03144048622537199,0.03144048622537199,8.073032047697216e-13,8.073032047697216e-13,,0.22511103698335047,0.03144048622537204,8.073032047697807e-13,0.0,0.0
know-table-A-attrition-tidy-tes.csv,control,far,0.23453881060422993,0.23453881060422993,0.0,0.06346687788941037,0.06346687788941037,0.0002194958141256154,0.0002194958141256154,,0.23453881060422996,0.06346687788941038,0.0002194958141256154,2.7755575615628914e-15,-2.7755575615628914e-15
know-table-A-attrition-tidy-tes.csv,control,far - close,0.00942777362087946,0.00942777362087946,0.0,0.07313016816785528,0.07313016816785528,0.8974227651240088,0.8974227651240088,,0.009427773620879487,0.07313016816785534,0.8974227651240085,2.7755575615628914e-15,-2.7755575615628914e-15
know-table-A-attrition-tidy-tes.csv,abs(calendar) - abs(bracelet),combined,-0.05759659502799534,-0.05759659502799534,0.0,0.02552106658006804,0.02552106658006804,0.0240189777913029,0.0240189777913029,,-0.05759659502799526,0.02552106658006807,0.02401897779130327,8.326672684688674e-15,-8.326672684688674e-15
know-table-A-attrition-tidy-tes.csv,abs(calendar) - abs(bracelet),close,-0.12735862324160446,-0.12735862324160446,0.0,0.03331424299072693,0.03331424299072693,0.00013186552211106976,0.00013186552211106976,,-0.12735862324160444,0.03331424299072698,0.00013186552211107312,2.7755575615628914e-15,-2.7755575615628914e-15
know-table-A-attrition-tidy-tes.csv,abs(calendar) - abs(bracelet),far,0.02819040138169554,0.02819040138169554,0.0,0.042092172643347,0.042092172643347,0.503029763290641,0.503029763290641,,0.028190401381695623,0.04209217264334703,0.5030297632906401,8.326672684688674e-15,-8.326672684688674e-15
know-table-A-attrition-tidy-tes.csv,abs(calendar) - abs(bracelet),far - close,0.1555490246233,0.1555490246233,0.0,0.05416021794609816,0.05416021794609816,0.004078620276578309,0.004078620276578309,,0.15554902462330006,0.05416021794609822,0.004078620276578341,5.551115123125783e-15,-5.551115123125783e-15
know-table-A-attrition-tidy-tes.csv,bracelet - calendar,combined,-0.05759659502799534,-0.05759659502799534,0.0,0.025970720631227736,0.025970720631227736,0.026571805914117303,0.026571805914117303,,-0.05759659502799526,0.025970720631227757,0.026571805914117643,8.326672684688674e-15,-8.326672684688674e-15
know-table-A-attrition-tidy-tes.csv,bracelet - calendar,close,-0.12735862324160446,-0.12735862324160446,0.0,0.03184353513928159,0.03184353513928159,6.34730414699968e-05,6.34730414699968e-05,,-0.12735862324160444,0.03184353513928163,6.347304146999815e-05,2.7755575615628914e-15,-2.7755575615628914e-15
know-table-A-attrition-tidy-tes.csv,bracelet - calendar,far,0.02819040138169554,0.02819040138169554,0.0,0.04232319603913423,0.04232319603913423,0.5053634865848319,0.5053634865848319,,0.028190401381695623,0.04232319603913424,0.5053634865848308,8.326672684688674e-15,-8.326672684688674e-15
know-table-A-attrition-tidy-tes.csv,bracelet - calendar,far - close,0.1555490246233,0.1555490246233,0.0,0.05274461781305761,0.05274461781305761,0.003187033327867621,0.003187033327867621,,0.15554902462330006,0.05274461781305762,0.003187033327867621,5.551115123125783e-15,-5.551115123125783e-15
know-table-A-attrition-tidy-tes.csv,bracelet - no signal,combined,-0.08241798798491265,-0.08241798798491265,0.0,0.02611153024519145,0.02611153024519145,0.001597390041854146,0.001597390041854146,,-0.08241798798491258,0.02611153024519147,0.0015973900418541735,6.938893903907228e-15,-6.938893903907228e-15
know-table-A-attrition-tidy-tes.csv,bracelet - no signal,close,-0.14013100237674597,-0.14013100237674597,0.0,0.028167515977832572,0.028167515977832572,6.527622113412194e-07,6.527622113412194e-07,,-0.14013100237674592,0.028167515977832618,6.527622113412511e-07,5.551115123125783e-15,-5.551115123125783e-15
know-table-A-attrition-tidy-tes.csv,bracelet - no signal,far,-0.011447772737374892,-0.011447772737374892,0.0,0.048338969108909925,0.048338969108909925,0.8127942190789788,0.8127942190789788,,-0.011447772737374823,0.04833896910890996,0.81279421907898,6.938893903907228e-15,-6.938893903907228e-15
know-table-A-attrition-tidy-tes.csv,bracelet - no signal,far - close,0.12868322963937107,0.12868322963937107,0.0,0.05700344323639038,0.05700344323639038,0.02397908705165308,0.02397908705165308,,0.1286832296393711,0.05700344323639045,0.02397908705165322,2.7755575615628914e-15,-2.7755575615628914e-15
know-table-A-attrition-tidy-tes.csv,ink,combined,-0.05228506261746724,-0.05228506261746724,0.0,0.03708995251956532,0.03708995251956532,0.15863340954357852,0.15863340954357852,,-0.05228506261746729,0.0370899525195653,0.1586334095435779,-5.551115123125783e-15,5.551115123125783e-15
know-table-A-attrition-tidy-tes.csv,ink,close,-0.06184637163052928,-0.06184637163052928,0.0,0.037713266638318886,0.037713266638318886,0.10102383424921231,0.10102383424921231,,-0.06184637163052936,0.03771326663831889,0.10102383424921185,-8.326672684688674e-15,8.326672684688674e-15
know-table-A-attrition-tidy-tes.csv,ink,far,-0.04052743453555485,-0.04052743453555485,0.0,0.06882099148780456,0.06882099148780456,0.5559405169010722,0.5559405169010722,,-0.04052743453555485,0.06882099148780457,0.5559405169010723,0.0,0.0
know-table-A-attrition-tidy-tes.csv,ink,far - close,0.021318937094974427,0.021318937094974427,0.0,0.07872433145920811,0.07872433145920811,0.7865410676825036,0.7865410676825036,,0.02131893709497451,0.07872433145920814,0.7865410676825029,8.326672684688674e-15,-8.326672684688674e-15
know-table-A-attrition-tidy-tes.csv,calendar,combined,-0.049642785913834614,-0.049642785913834614,0.0,0.03744160428254025,0.03744160428254025,0.1848820002169265,0.1848820002169265,,-0.04964278591383464,0.037441604282540265,0.18488200021692644,-2.7755575615628914e-15,2.7755575615628914e-15
know-table-A-attrition-tidy-tes.csv,calendar,close,-0.02554475827028302,-0.02554475827028302,0.0,0.04152494917560376,0.04152494917560376,0.5384447589163696,0.5384447589163696,,-0.02554475827028299,0.04152494917560378,0.5384447589163701,2.7755575615628914e-15,-2.7755575615628914e-15
know-table-A-attrition-tidy-tes.csv,calendar,far,-0.07927634823814086,-0.07927634823814086,0.0,0.06873411341605501,0.06873411341605501,0.24875566149277234,0.24875566149277234,,-0.07927634823814089,0.06873411341605501,0.24875566149277217,-2.7755575615628914e-15,2.7755575615628914e-15
know-table-A-attrition-tidy-tes.csv,calendar,far - close,-0.053731589967857846,-0.053731589967857846,0.0,0.0821177904834632,0.0821177904834632,0.5129034881429757,0.5129034881429757,,-0.0537315899678579,0.08211779048346321,0.5129034881429754,-5.551115123125783e-15,5.551115123125783e-15
know-table-A-attrition-tidy-tes.csv,bracelet,combined,-0.10723938094182996,-0.10723938094182996,0.0,0.03728381095074625,0.03728381095074625,0.004023686134453613,0.004023686134453613,,-0.1072393809418299,0.03728381095074627,0.004023686134453636,5.551115123125783e-15,-5.551115123125783e-15
know-table-A-attrition-tidy-tes.csv,bracelet,close,-0.15290338151188748,-0.15290338151188748,0.0,0.037880969952925996,0.037880969952925996,5.427377260092518e-05,5.427377260092518e-05,,-0.15290338151188743,0.03788096995292606,5.427377260092707e-05,5.551115123125783e-15,-5.551115123125783e-15
know-table-A-attrition-tidy-tes.csv,bracelet,far,-0.051085946856445325,-0.051085946856445325,0.0,0.07241718110782044,0.07241718110782044,0.4805367110952203,0.4805367110952203,,-0.05108594685644527,0.07241718110782049,0.48053671109522106,5.551115123125783e-15,-5.551115123125783e-15
know-table-A-attrition-tidy-tes.csv,bracelet,far - close,0.10181743465544216,0.10181743465544216,0.0,0.08419296960142351,0.08419296960142351,0.22653448993954137,0.22653448993954137,,0.10181743465544216,0.08419296960142361,0.2265344899395419,0.0,0.0
know-table-attrition-tidy-tes.csv,signal,combined,-0.031861528829368796,-0.031861528829368796,0.0,0.013755815610334789,0.013755815610334789,0.020546126442621798,0.020546126442621798,,-0.03186152882936881,0.013755815610334786,0.020546126442621715,-1.3877787807814457e-15,1.3877787807814457e-15
know-table-attrition-tidy-tes.csv,signal,close,-0.0538355112085632,-0.0538355112085632,0.0,0.014918958600323553,0.014918958600323553,0.00030793678835655547,0.00030793678835655547,,-0.05383551120856318,0.014918958600323575,0.00030793678835656295,1.3877787807814457e-15,-1.3877787807814457e-15
know-table-attrition-tidy-tes.csv,signal,far,-0.004445131541379849,-0.004445131541379849,0.0,0.025395124477307164,0.025395124477307164,0.861049163928057,0.861049163928057,,-0.004445131541379849,0.02539512447730719,0.8610491639280571,0.0,0.0
know-table-attrition-tidy-tes.csv,signal,far - close,0.04939037966718335,0.04939037966718335,0.0,0.029931378398454368,0.029931378398454368,0.09891830238113919,0.09891830238113919,,0.049390379667183335,0.02993137839845443,0.09891830238113995,-1.3877787807814457e-15,1.3877787807814457e-15
know-table-attrition-tidy-tes.csv,control,combined,0.12701662928999524,0.12701662928999524,0.0,0.019419275611326104,0.019419275611326104,6.121103156512423e-11,6.121103156512423e-11,,0.12701662928999524,0.019419275611326108,6.121103156512525e-11,0.0,0.0
know-table-attrition-tidy-tes.csv,control,close,0.12635023350448868,0.12635023350448868,0.0,0.018783418937807703,0.018783418937807703,1.7356614696162783e-11,1.7356614696162783e-11,,0.12635023350448868,0.01878341893780779,1.7356614696166528e-11,0.0,0.0
know-table-attrition-tidy-tes.csv,control,far,0.12784807491924938,0.12784807491924938,0.0,0.03886429868450467,0.03886429868450467,0.00100329183122412,0.00100329183122412,,0.1278480749192494,0.03886429868450472,0.0010032918312241357,2.7755575615628914e-15,-2.7755575615628914e-15
know-table-attrition-tidy-tes.csv,control,far - close,0.0014978414147606978,0.0014978414147606978,0.0,0.044576628122114895,0.044576628122114895,0.9731949288924272,0.9731949288924272,,0.0014978414147607255,0.044576628122115054,0.9731949288924269,2.7755575615628914e-15,-2.7755575615628914e-15
know-table-attrition-tidy-tes.csv,abs(calendar) - abs(bracelet),combined,-0.03335697579395787,-0.03335697579395787,0.0,0.015330721319970465,0.015330721319970465,0.029568304280717283,0.029568304280717283,,-0.03335697579395788,0.015330721319970484,0.02956830428071742,-1.3877787807814457e-15,1.3877787807814457e-15
know-table-attrition-tidy-tes.csv,abs(calendar) - abs(bracelet),close,-0.0706944379377396,-0.0706944379377396,0.0,0.019463260595294574,0.019463260595294574,0.00028101614724059703,0.00028101614724059703,,-0.0706944379377396,0.01946326059529461,0.00028101614724060386,0.0,0.0
know-table-attrition-tidy-tes.csv,abs(calendar) - abs(bracelet),far,0.013228057278080865,0.013228057278080865,0.0,0.02526237386065328,0.02526237386065328,0.6005381018909643,0.6005381018909643,,0.013228057278080865,0.02526237386065331,0.6005381018909648,0.0,0.0
know-table-attrition-tidy-tes.csv,abs(calendar) - abs(bracelet),far - close,0.08392249521582046,0.08392249521582046,0.0,0.032491883045886134,0.032491883045886134,0.009798061637371746,0.009798061637371746,,0.08392249521582046,0.03249188304588611,0.009798061637371683,0.0,0.0
know-table-attrition-tidy-tes.csv,bracelet - calendar,combined,-0.03335697579395787,-0.03335697579395787,0.0,0.01570073049731329,0.01570073049731329,0.03362423923630948,0.03362423923630948,,-0.03335697579395788,0.015700730497313284,0.03362423923630932,-1.3877787807814457e-15,1.3877787807814457e-15
know-table-attrition-tidy-tes.csv,bracelet - calendar,close,-0.0706944379377396,-0.0706944379377396,0.0,0.019120902232481547,0.019120902232481547,0.00021796194858605023,0.00021796194858605023,,-0.0706944379377396,0.01912090223248155,0.0002179619485860513,0.0,0.0
know-table-attrition-tidy-tes.csv,bracelet - calendar,far,0.013228057278080865,0.013228057278080865,0.0,0.02601978003105836,0.02601978003105836,0.6111836017126211,0.6111836017126211,,0.013228057278080865,0.02601978003105836,0.6111836017126211,0.0,0.0
know-table-attrition-tidy-tes.csv,bracelet - calendar,far - close,0.08392249521582046,0.08392249521582046,0.0,0.032299529188615055,0.032299529188615055,0.009369819002286974,0.009369819002286974,,0.08392249521582046,0.03229952918861507,0.009369819002287,0.0,0.0
know-table-attrition-tidy-tes.csv,bracelet - no signal,combined,-0.04699579116287531,-0.04699579116287531,0.0,0.015573761287281796,0.015573761287281796,0.002547628810987458,0.002547628810987458,,-0.04699579116287532,0.015573761287281792,0.002547628810987442,-6.938893903907228e-16,6.938893903907228e-16
know-table-attrition-tidy-tes.csv,bracelet - no signal,close,-0.07924812576468424,-0.07924812576468424,0.0,0.016377327388563075,0.016377327388563075,1.305646755579658e-06,1.305646755579658e-06,,-0.07924812576468424,0.016377327388563095,1.3056467555796993e-06,0.0,0.0
know-table-attrition-tidy-tes.csv,bracelet - no signal,far,-0.006755346638555801,-0.006755346638555801,0.0,0.029691471269541768,0.029691471269541768,0.8200209093381656,0.8200209093381656,,-0.006755346638555808,0.0296914712695418,0.8200209093381656,-6.938893903907228e-16,6.938893903907228e-16
know-table-attrition-tidy-tes.csv,bracelet - no signal,far - close,0.07249277912612843,0.07249277912612843,0.0,0.0347697527964929,0.0347697527964929,0.03707492805902973,0.03707492805902973,,0.07249277912612842,0.03476975279649297,0.037074928059030156,-1.3877787807814457e-15,1.3877787807814457e-15
know-table-attrition-tidy-tes.csv,ink,combined,-0.030366081864779737,-0.030366081864779737,0.0,0.022707432898345283,0.022707432898345283,0.18113289500127924,0.18113289500127924,,-0.030366081864779737,0.022707432898345287,0.18113289500127933,0.0,0.0
know-table-attrition-tidy-tes.csv,ink,close,-0.03697658447938679,-0.03697658447938679,0.0,0.02275566480735131,0.02275566480735131,0.10417539548245651,0.10417539548245651,,-0.03697658447938679,0.0227556648073514,0.10417539548245791,0.0,0.0
know-table-attrition-tidy-tes.csv,ink,far,-0.022118320360840563,-0.022118320360840563,0.0,0.04277259506889287,0.04277259506889287,0.6050763749984085,0.6050763749984085,,-0.022118320360840577,0.0427725950688929,0.6050763749984086,-1.3877787807814457e-15,1.3877787807814457e-15
know-table-attrition-tidy-tes.csv,ink,far - close,0.014858264118546224,0.014858264118546224,0.0,0.048701624847129824,0.048701624847129824,0.7602993994322474,0.7602993994322474,,0.01485826411854621,0.048701624847129976,0.7602993994322483,-1.3877787807814457e-15,1.3877787807814457e-15
know-table-attrition-tidy-tes.csv,calendar,combined,-0.027277630737834888,-0.027277630737834888,0.0,0.022795760213156838,0.022795760213156838,0.23145866748646984,0.23145866748646984,,-0.027277630737834874,0.02279576021315684,0.2314586674864702,1.3877787807814457e-15,-1.3877787807814457e-15
know-table-attrition-tidy-tes.csv,calendar,close,-0.01710737565388927,-0.01710737565388927,0.0,0.02511221625785253,0.02511221625785253,0.4957214189803648,0.4957214189803648,,-0.01710737565388927,0.02511221625785262,0.49572141898036637,0.0,0.0
know-table-attrition-tidy-tes.csv,calendar,far,-0.03996680783327333,-0.03996680783327333,0.0,0.04174387138849038,0.04174387138849038,0.3383505880650016,0.3383505880650016,,-0.039966807833273346,0.04174387138849043,0.33835058806500207,-1.3877787807814457e-15,1.3877787807814457e-15
know-table-attrition-tidy-tes.csv,calendar,far - close,-0.022859432179384062,-0.022859432179384062,0.0,0.04952261918487376,0.04952261918487376,0.6443712192297885,0.6443712192297885,,-0.022859432179384076,0.049522619184873926,0.6443712192297893,-1.3877787807814457e-15,1.3877787807814457e-15
know-table-attrition-tidy-tes.csv,bracelet,combined,-0.060634606531792756,-0.060634606531792756,0.0,0.02232475050174319,0.02232475050174319,0.006607069581593628,0.006607069581593628,,-0.060634606531792756,0.02232475050174319,0.006607069581593628,0.0,0.0
know-table-attrition-tidy-tes.csv,bracelet,close,-0.08780181359162886,-0.08780181359162886,0.0,0.022048503470549086,0.022048503470549086,6.827685486418327e-05,6.827685486418327e-05,,-0.08780181359162886,0.022048503470549163,6.827685486418725e-05,0.0,0.0
know-table-attrition-tidy-tes.csv,bracelet,far,-0.026738750555192467,-0.026738750555192467,0.0,0.04424266468788694,0.04424266468788694,0.5456005115700143,0.5456005115700143,,-0.02673875055519248,0.044242664687887005,0.5456005115700148,-1.3877787807814457e-15,1.3877787807814457e-15
know-table-attrition-tidy-tes.csv,bracelet,far - close,0.061063063036436396,0.061063063036436396,0.0,0.05099859545827972,0.05099859545827972,0.23117096742526627,0.23117096742526627,,0.06106306303643638,0.05099859545827989,0.23117096742526794,-1.3877787807814457e-15,1.3877787807814457e-15
predicted-endline-deworm-takeup-tidy-tes.csv,control,combined,0.558835364527476,0.5594631117182086,0.06277471907326637,0.019964415751674323,0.01947504127031815,2.0578062464748253e-172,1.7462699256507832e-181,,0.5586553095076722,0.020015504084641145,1.955025513433393e-171,-0.018005501980378202,0.08078022105364457
predicted-endline-deworm-takeup-tidy-tes.csv,control,close,0.614090497434483,0.6170062564167075,0.29157589822245145,0.018909139717575615,0.019105535027191978,2.338039472221961e-231,8.319919738019476e-229,,0.6141325594508383,0.018892508477141967,8.582519636026967e-232,0.004206201635537088,0.28736969658691436
predicted-endline-deworm-takeup-tidy-tes.csv,control,far,0.48989489439159917,0.4876679455516962,-0.2226948839902987,0.03860035086730105,0.03809809228034169,6.5943038728718065e-37,1.6326747553559996e-37,,0.4894377094095205,0.03874536093015958,1.4036627003170376e-36,-0.045718498207864,-0.1769763857824347
predicted-endline-deworm-takeup-tidy-tes.csv,control,far - close,-0.1241956030428838,-0.1293383108650113,-0.5142707822127501,0.043289241385726235,0.04358317458524008,0.0041180880557829275,0.0030011487728462257,,-0.1246948500413178,0.0434106004355687,0.004073004232302428,-0.04992469984340109,-0.46434608236934904
predicted-endline-deworm-takeup-tidy-tes.csv,abs(calendar) - abs(bracelet),combined,-0.04618886839490555,-0.045295745669539644,0.08931227253659024,0.016894842928843665,0.01700414605494983,0.006258840501171716,0.007726211434889933,,-0.04654426689548197,0.016946699171550426,0.006023317810545087,-0.03553985005764204,0.12485212259423228
predicted-endline-deworm-takeup-tidy-tes.csv,abs(calendar) - abs(bracelet),close,-0.03770308640755904,-0.04119398137451791,-0.34908949669588685,0.024153698290329928,0.026026002821826284,0.11853192367189534,0.11346684553730715,,-0.038260956686989145,0.02423827444511847,0.11444282848515855,-0.0557870279430106,-0.29330246875287624
predicted-endline-deworm-takeup-tidy-tes.csv,abs(calendar) - abs(bracelet),far,-0.05677636984319234,-0.05041341608327787,0.6362953759914469,0.02207336705145405,0.021783140422135666,0.010106434607601213,0.02064952495996341,,-0.05687914928579063,0.021971790584119365,0.009632911753642451,-0.010277944259828864,0.6465733202512758
predicted-endline-deworm-takeup-tidy-tes.csv,abs(calendar) - abs(bracelet),far - close,-0.019073283435633304,-0.009219434708759966,0.9853848726873338,0.03340374441738768,0.034807108727856945,0.5680048099911683,0.7911079315728639,,-0.018618192598801486,0.03340777753360737,0.5773216950144895,0.04550908368318174,0.939875789004152
predicted-endline-deworm-takeup-tidy-tes.csv,bracelet - no signal,combined,0.07589160829515446,0.07445395289473716,-0.14376554004172926,0.01666029304631739,0.01686476190592225,5.2326174423730825e-06,1.0111999058593565e-05,,0.07628502561958211,0.016681673689825812,4.808270422943219e-06,0.03934173244276584,-0.1831072724844951
predicted-endline-deworm-takeup-tidy-tes.csv,bracelet - no signal,close,0.05215406012873275,0.05313573169992408,0.09816715711913337,0.021020817979058627,0.022297658443217447,0.013098970835437321,0.017171333205365354,,0.05256215922082447,0.021068709444001625,0.012602910463605106,0.040809909209171824,0.05735724790996155
predicted-endline-deworm-takeup-tidy-tes.csv,bracelet - no signal,far,0.10550836323483181,0.10105217308370099,-0.4456190151130829,0.02760630058319296,0.025523301045259367,0.0001324304476766022,7.519730030117235e-05,,0.10588346247889416,0.027568000256204317,0.00012262879712401537,0.03750992440623435,-0.48312893951931724
predicted-endline-deworm-takeup-tidy-tes.csv,bracelet - no signal,far - close,0.053354303106099066,0.0479164413837769,-0.5437861722322163,0.03524504092922049,0.03375512134253268,0.13007398020689312,0.15574426369944844,,0.05332130325806969,0.035214346174504634,0.12997699174982846,-0.0032999848029374723,-0.5404861874292788
predicted-endline-deworm-takeup-tidy-tes.csv,ink,combined,0.028222111689637286,0.02946647985792772,0.12443681682904328,0.023946279573414272,0.023707825998904024,0.23857368630989192,0.21390432935068943,,0.028364357351075564,0.024008121196154128,0.23742462427268504,0.014224566143827833,0.11021225068521545
predicted-endline-deworm-takeup-tidy-tes.csv,ink,close,0.01323613696890713,0.008685182168171823,-0.45509548007353073,0.02457318637296676,0.024677524878648646,0.5901342744280882,0.7248779703032415,,0.013089123941041003,0.024570850028611042,0.5942347253334166,-0.014701302786612747,-0.440394177286918
predicted-endline-deworm-takeup-tidy-tes.csv,ink,far,0.04691974371651597,0.05539479379713291,0.8475050080616942,0.04394652327835573,0.045498092339658305,0.28567597519725874,0.22340679593740967,,0.04742289032927588,0.044125408783241456,0.28249573231976344,0.050314661275990824,0.7971903467857033
predicted-endline-deworm-takeup-tidy-tes.csv,ink,far - close,0.03368360674760884,0.04670961162896109,1.3026004881352249,0.050145414234441694,0.05312376685258694,0.5017628668126319,0.37926023317628127,,0.034333766388234876,0.05030584943846242,0.4949225393652375,0.06501596406260357,1.2375845240726213
predicted-endline-deworm-takeup-tidy-tes.csv,calendar,combined,0.05940547980049782,0.05831641445039504,-0.10890653501027803,0.023670359023853484,0.023021390544862266,0.012083406084611958,0.0113045663795774,,0.059481517448200294,0.02373615820671939,0.012212446249958864,0.007603764770247601,-0.11651029978052563
predicted-endline-deworm-takeup-tidy-tes.csv,calendar,close,0.02890194744234742,0.02388350065081235,-0.501844679153507,0.028204994831700442,0.02871592981645922,0.30549992288371086,0.4055692207159361,,0.028602405067670644,0.028313262503542654,0.3123936039029694,-0.029954237467677558,-0.4718904416858294
predicted-endline-deworm-takeup-tidy-tes.csv,calendar,far,0.09746398678327894,0.10127751400084622,0.3813527217567281,0.040006679382525584,0.040005209001602295,0.014842768370951264,0.011354079019457784,,0.09800862638620705,0.04016562781386402,0.01468271305925554,0.054463960292810976,0.3268887614639171
predicted-endline-deworm-takeup-tidy-tes.csv,calendar,far - close,0.06856203934093152,0.07739401335003387,0.883197400910235,0.04901766629084763,0.05089778248487702,0.1618966635382275,0.12836594352607816,,0.06940622131853641,0.04926267980730726,0.15886454903594086,0.08441819776048853,0.7987792031497465
predicted-endline-deworm-takeup-tidy-tes.csv,bracelet,combined,0.10559434819540336,0.10361216011993468,-0.19821880754686827,0.02342682366376874,0.023312796381809723,6.562310556207157e-06,8.812398988081997e-06,,0.10602578434368226,0.023454021061545878,6.167036168870918e-06,0.04314361482788964,-0.2413624223747579
predicted-endline-deworm-takeup-tidy-tes.csv,bracelet,close,0.06660503384990646,0.06507748202533026,-0.1527551824576201,0.025137515970432248,0.026256546816946117,0.008058074822499286,0.013192722704306199,0.01: loses,0.06686336175465979,0.025107726262005598,0.007743378673863113,0.025832790475333045,-0.17858797293295314
predicted-endline-deworm-takeup-tidy-tes.csv,bracelet,far,0.1542403566264713,0.1516909300841241,-0.25494265423471885,0.04286314650604971,0.04035568063450715,0.0003201346787711312,0.00017069646998093806,,0.15488777567199769,0.042940290213512644,0.0003096979482049695,0.06474190455263984,-0.3196845587873587
predicted-endline-deworm-takeup-tidy-tes.csv,bracelet,far - close,0.08763532277656483,0.08661344805879384,-0.10218747177709875,0.05007827992243788,0.04777831842520789,0.080124058176006,0.06985972754262167,,0.0880244139173379,0.05011218814355835,0.07899505300596545,0.038909114077306794,-0.14109658585440554
preference-for-bracelet-FLIPPED-tidy-tes.csv,signal,combined,-0.12131857862823339,-0.11911928172807354,0.21992969001598528,0.027535742449641697,0.028050586514759404,1.0536584213689255e-05,2.170506347672216e-05,,-0.1211200093144347,0.02757940610632301,1.1247660198117227e-05,0.019856931379869103,0.20007275863611618
preference-for-bracelet-FLIPPED-tidy-tes.csv,signal,close,-0.13965940109449743,-0.13672982295743383,0.29295781370635987,0.03891848776510465,0.03829007708394848,0.00033257263084824067,0.00035576427715075564,,-0.1395002859336952,0.03898264994789557,0.0003455422612562028,0.01591151608022201,0.27704629762613786
preference-for-bracelet-FLIPPED-tidy-tes.csv,signal,far,-0.10441860637208503,-0.10289222000609341,0.15263863659916166,0.039608734400313754,0.04024957750526442,0.0083827444573336,0.01057750595616165,0.01: loses,-0.10418368241321754,0.03964210712560382,0.008586161056683146,0.02349239588674834,0.12914624071241332
preference-for-bracelet-FLIPPED-tidy-tes.csv,signal,far - close,0.0352407947224124,0.03383760295134042,-0.1403191771071982,0.056069780414486195,0.05516018640249924,0.5296654941881526,0.5395837880184124,,0.03531660352047766,0.05611859864289659,0.5291390319042768,0.0075808798065263305,-0.14790005691372454
preference-for-bracelet-FLIPPED-tidy-tes.csv,control,combined,0.2282895796700386,0.22708709966284354,-0.12024800071950559,0.02131643316373393,0.021256294906318977,9.179893600509026e-27,1.2187819997305987e-26,,0.22806565708588614,0.02139518481521978,1.571503260361654e-26,-0.02239225841524639,-0.0978557423042592
preference-for-bracelet-FLIPPED-tidy-tes.csv,control,close,0.22117740262493898,0.22123845060536973,0.006104798043074511,0.02910220366519495,0.028340221211449447,2.960792695291389e-14,5.87895179725888e-15,,0.22108998512551914,0.02915507675562569,3.3702692328376686e-14,-0.008741749941984511,0.014846547985059022
preference-for-bracelet-FLIPPED-tidy-tes.csv,control,far,0.23484302594891104,0.23247628038192336,-0.23667455669876825,0.03026738162650352,0.030711475725087506,8.563706755622453e-15,3.7412250405177686e-14,,0.2344933220837366,0.030360143775361788,1.1298076822415846e-14,-0.034970386517443885,-0.20170417018132436
preference-for-bracelet-FLIPPED-tidy-tes.csv,control,far - close,0.01366562332397206,0.011237829776553632,-0.24277935474184276,0.04143755549429997,0.041227381523302215,0.7415598858147663,0.7851747800596526,,0.013403336958217466,0.04148782832285273,0.7466447072904532,-0.026228636575459374,-0.21655071816638338
preference-for-bracelet-FLIPPED-tidy-tes.csv,abs(calendar) - abs(bracelet),combined,0.07672616659283027,0.0802249030369949,0.3498736444164624,0.06127978261464228,0.06123260899966576,0.21054680077735413,0.19013957099729545,,0.07728742690723128,0.061394993647954636,0.20808252086679044,0.05612603144010131,0.2937476129763611
preference-for-bracelet-FLIPPED-tidy-tes.csv,abs(calendar) - abs(bracelet),close,0.1184368451700891,0.11843929872245068,0.00024535523615865085,0.08320923476034374,0.08284890379361891,0.1546313037304366,0.15283703465263973,,0.11870059487073413,0.0832638636452532,0.15398511671347864,0.026374970064503567,-0.026129614828344916
preference-for-bracelet-FLIPPED-tidy-tes.csv,abs(calendar) - abs(bracelet),far,0.03829226800200103,0.04501262026954539,0.672035226754436,0.08083219369887237,0.08087286906924028,0.6356956965125681,0.5778110516330786,,0.03912766657424907,0.08113087930151582,0.6296082251468174,0.08353985722480417,0.5884953695296319
preference-for-bracelet-FLIPPED-tidy-tes.csv,abs(calendar) - abs(bracelet),far - close,-0.08014457716808807,-0.07342667845290529,0.6717898715182774,0.1118704331673537,0.11251648988502233,0.47374109053512486,0.5140232571837968,,-0.07957292829648506,0.11225150654357764,0.47839850312301335,0.057164887160300604,0.6146249843579767
preference-for-bracelet-FLIPPED-tidy-tes.csv,bracelet - calendar,combined,0.07672616659283027,0.0802249030369949,0.3498736444164624,0.0613092263745444,0.06130659496592542,0.21076597206506734,0.1906748957937312,,0.07728742690723128,0.061427148376017926,0.2083206779904777,0.05612603144010131,0.2937476129763611
preference-for-bracelet-FLIPPED-tidy-tes.csv,bracelet - calendar,close,0.1184368451700891,0.11843929872245068,0.00024535523615865085,0.08356698866912125,0.08311538693797553,0.1564044953602127,0.1541576451046822,,0.11870059487073413,0.08363455400008193,0.15581828888405294,0.026374970064503567,-0.026129614828344916
preference-for-bracelet-FLIPPED-tidy-tes.csv,bracelet - calendar,far,0.03829226800200103,0.04501262026954539,0.672035226754436,0.08453297442960528,0.08532634290415583,0.6505587029850113,0.597822215733605,,0.03912766657424907,0.08491098947251678,0.6449363334195073,0.08353985722480417,0.5884953695296319
preference-for-bracelet-FLIPPED-tidy-tes.csv,bracelet - calendar,far - close,-0.08014457716808807,-0.07342667845290529,0.6717898715182774,0.11514637627956673,0.11574263519290401,0.4864141491353941,0.5258223424059,,-0.07957292829648506,0.11556803191592127,0.4911143391991469,0.057164887160300604,0.6146249843579767
preference-for-bracelet-FLIPPED-tidy-tes.csv,bracelet - no signal,combined,-0.009962619490364116,-0.006539419762745899,0.34231997276182174,0.04379421704665846,0.04379864583980954,0.820044997997889,0.8813118360907024,,-0.009522943812187448,0.04387129841178149,0.8281573268404134,0.04396756781766681,0.29835240494415494
preference-for-bracelet-FLIPPED-tidy-tes.csv,bracelet - no signal,close,0.006849642047072321,0.00840622102695307,0.1556578979880749,0.05873805711419397,0.057764342571346126,0.9071664522754969,0.8842954893139872,,0.007110311310114678,0.058760089548097916,0.9036864457182312,0.026066926304235682,0.1295909716838392
preference-for-bracelet-FLIPPED-tidy-tes.csv,bracelet - no signal,far,-0.025454114163975694,-0.02031093492575825,0.5143179238217443,0.06221997176557357,0.06287235802174936,0.6824671759943449,0.7466571389636001,,-0.024849494767762118,0.06248329791260142,0.6908526684553417,0.06046193962135765,0.4538559842003867
preference-for-bracelet-FLIPPED-tidy-tes.csv,bracelet - no signal,far - close,-0.032303756211048015,-0.02871715595271132,0.35866002583366946,0.08376995161325963,0.08347488789554076,0.6997746928270185,0.7308301189306349,,-0.031959806077876796,0.08404629146756017,0.7037492164150185,0.03439501331712197,0.3242650125165475
preference-for-bracelet-FLIPPED-tidy-tes.csv,ink,combined,0.027391820483480434,0.028593824705821197,0.12020042223407634,0.03542350402186397,0.03687553978556433,0.43936448507659204,0.4380948264415593,,0.027714037341574266,0.03554616050165794,0.43558907721532786,0.03222168580938323,0.08797873642469312
preference-for-bracelet-FLIPPED-tidy-tes.csv,ink,close,0.04859316513298309,0.04823336614467205,-0.03597989883110386,0.04446550295555808,0.044795968459782884,0.27446914301814357,0.2815988804119637,,0.04865996750435331,0.04450580665348899,0.27424465646530255,0.006680237137021705,-0.04266013596812557
preference-for-bracelet-FLIPPED-tidy-tes.csv,ink,far,0.007856047917735809,0.01049716049948235,0.2641112581746541,0.05329522052504601,0.056339114104974795,0.8828113827378662,0.852193034334937,,0.00841361396736054,0.053415692255698054,0.8748413299357315,0.05575660496247303,0.20835465321218105
preference-for-bracelet-FLIPPED-tidy-tes.csv,ink,far - close,-0.04073711721524728,-0.0377362056451897,0.30009115700575795,0.0685146473762442,0.07089563558512015,0.5521273927511735,0.5945332861090721,,-0.04024635353699277,0.06850603201615177,0.5568771659228896,0.04907636782545133,0.2510147891803066
preference-for-bracelet-FLIPPED-tidy-tes.csv,calendar,combined,-0.17337757216638877,-0.17352864559948158,-0.015107343309281318,0.043172218856192116,0.042907740953402475,5.9206227653927754e-05,5.2496032206000636e-05,,-0.17362074143883746,0.04321786188904256,5.8859372414097736e-05,-0.024316927244869002,0.009209583935587684
preference-for-bracelet-FLIPPED-tidy-tes.csv,calendar,close,-0.22317440624603355,-0.22006615539099522,0.3108250855038325,0.06129414328487327,0.06120302200988318,0.00027153930541917693,0.0003235519575520259,,-0.2231805671212389,0.06135945725766093,0.00027554908131624675,-0.0006160875205357685,0.31144117302436825
preference-for-bracelet-FLIPPED-tidy-tes.csv,calendar,far,-0.12749276433195345,-0.13064711039060728,-0.3154346058653834,0.05651015854704606,0.056851994702709,0.024064152381742542,0.021560561230979956,,-0.12795432268402238,0.0566641632124977,0.023938352357558798,-0.04615583520689304,-0.2692787706584904
preference-for-bracelet-FLIPPED-tidy-tes.csv,calendar,far - close,0.0956816419140801,0.08941904500038794,-0.6262596913692159,0.0800625319140182,0.08099744187250824,0.23205328048696422,0.2696045496616782,,0.09522624443721653,0.08028665869368357,0.23559147378304277,-0.04553974768635727,-0.5807199436828586
preference-for-bracelet-FLIPPED-tidy-tes.csv,bracelet,combined,-0.0966514055735585,-0.09330374256248669,0.3347663011071811,0.03176422351164917,0.03160191901369669,0.002344070280025902,0.003152419014407689,,-0.09633331453160618,0.03178016494910022,0.00243551388343659,0.03180910419523231,0.3029571969119488
preference-for-bracelet-FLIPPED-tidy-tes.csv,bracelet,close,-0.10473756107594445,-0.10162685666854454,0.3110704407399911,0.04237172538838692,0.0404743863587997,0.013440692578692582,0.012042616509276353,,-0.10447997225050477,0.04234677227470485,0.013615617293030912,0.025758882543967798,0.28531155819602333
preference-for-bracelet-FLIPPED-tidy-tes.csv,bracelet,far,-0.08920049632995242,-0.08563449012106189,0.35660062088905264,0.04683508318138642,0.047342968473374186,0.056836539480119866,0.070480344605809,,-0.0888266561097733,0.04694531498620745,0.05847361309488459,0.037384022017911134,0.3192165988711415
preference-for-bracelet-FLIPPED-tidy-tes.csv,bracelet,far - close,0.015537064745992035,0.01599236654748265,0.04553018014906152,0.06309616568779554,0.06180654505708687,0.8054932032306421,0.7958290995928531,,0.01565331614073147,0.06320254741763795,0.8043904649426771,0.011625139473943336,0.03390504067511818
preference-for-bracelet-full-sample-FLIPPED-tidy-tes.csv,signal,combined,-0.11104926713795257,-0.1064718978536773,0.4577369284275268,0.02406612745864742,0.02431129409350696,3.9434858877850926e-06,1.1893877994705086e-05,,-0.11065776461887916,0.024056083947638786,4.225096189736555e-06,0.039150251907341116,0.41858667652018566
preference-for-bracelet-full-sample-FLIPPED-tidy-tes.csv,signal,close,-0.15544695155181357,-0.1498241408021364,0.562281074967716,0.03201887332846647,0.03183068969524973,1.2047554243258086e-06,2.515018442144296e-06,,-0.15510882589374436,0.03207861593043924,1.3296385373275327e-06,0.03381256580692049,0.5284685091607955
preference-for-bracelet-full-sample-FLIPPED-tidy-tes.csv,signal,far,-0.07138401472332498,-0.06774065134853216,0.36433633747928185,0.034786405904178114,0.03507822180479108,0.04016320982571906,0.05346681970727434,0.05: loses,-0.0709448248824287,0.03474413324452942,0.04115922673898116,0.04391898408962758,0.32041735338965427
preference-for-bracelet-full-sample-FLIPPED-tidy-tes.csv,signal,far - close,0.08406293682848859,0.08208348945360425,-0.1979447374884341,0.04670783157763315,0.04641644201281621,0.07189837383084875,0.0769917049491465,,0.08416400101131566,0.04673951545204473,0.07174965283066426,0.010106418282707086,-0.2080511557711412
preference-for-bracelet-full-sample-FLIPPED-tidy-tes.csv,control,combined,0.23857442807845547,0.2357449131360429,-0.282951494241257,0.022382934907147704,0.02159956011188669,1.5869180056099907e-26,9.844320337482097e-28,,0.23811404745908615,0.022445294653368548,2.7167498859463537e-26,-0.04603806193693161,-0.23691343230432538
preference-for-bracelet-full-sample-FLIPPED-tidy-tes.csv,control,close,0.23794637291733356,0.23761329678780932,-0.033307612952424015,0.0316456973982494,0.030414193591878275,5.5165124831981545e-14,5.602940588431703e-15,,0.23779416342593013,0.03177329472943827,7.204515935629406e-14,-0.01522094914034322,-0.018086663812080794
preference-for-bracelet-full-sample-FLIPPED-tidy-tes.csv,control,far,0.23913553766840592,0.234075683982922,-0.5059853685483923,0.031819073156901356,0.030951253392256548,5.6703461941667645e-14,3.947246527217024e-14,,0.23839983445644997,0.03177489125795608,6.248112927127674e-14,-0.0735703211955957,-0.43241504735279657
preference-for-bracelet-full-sample-FLIPPED-tidy-tes.csv,control,far - close,0.0011891647510723635,-0.003537612804887319,-0.47267775559596825,0.04507217908592761,0.04369903080856297,0.9789514030925388,0.9354785084002077,,0.0006056710305198387,0.04505164677854329,0.9892736216781036,-0.05834937205525248,-0.4143283835407158
preference-for-bracelet-full-sample-FLIPPED-tidy-tes.csv,abs(calendar) - abs(bracelet),combined,0.07736571289610325,0.08641809535327882,0.9052382457175573,0.056374637637329396,0.055448199194007106,0.16995462362301184,0.11910589595251284,,0.078560702407733,0.05648454230964523,0.164275338138162,0.1194989511629746,0.7857392945545827
preference-for-bracelet-full-sample-FLIPPED-tidy-tes.csv,abs(calendar) - abs(bracelet),close,0.08962666696826521,0.09054932086671855,0.0922653898453335,0.08455895773539886,0.08228013294905015,0.28917595718954164,0.27111414673526424,,0.09013227259156359,0.084696773307535,0.28724898160198337,0.050560562329837744,0.04170482751549576
preference-for-bracelet-full-sample-FLIPPED-tidy-tes.csv,abs(calendar) - abs(bracelet),far,0.0664116767895574,0.08272722487352974,1.6315548083972342,0.07251098170115468,0.06881401427596177,0.3597275310363357,0.22929158308774641,,0.06822256747491373,0.07232031650348386,0.34550758711306884,0.18108906853563367,1.4504657398616005
preference-for-bracelet-full-sample-FLIPPED-tidy-tes.csv,abs(calendar) - abs(bracelet),far - close,-0.023214990178707817,-0.00782209599318881,1.5392894185519008,0.11626281133803507,0.11177322486024188,0.8417333320272719,0.9442081133859713,,-0.021909705116649858,0.11612262794693534,0.8503457358509514,0.13052850620579592,1.408760912346105
preference-for-bracelet-full-sample-FLIPPED-tidy-tes.csv,bracelet - calendar,combined,0.07736571289610325,0.08641809535327882,0.9052382457175573,0.05641737371183648,0.05577575164064093,0.17027831676298036,0.12128927326347863,,0.078560702407733,0.05652273985359705,0.16456060887169802,0.1194989511629746,0.7857392945545827
preference-for-bracelet-full-sample-FLIPPED-tidy-tes.csv,bracelet - calendar,close,0.08962666696826521,0.09054932086671855,0.0922653898453335,0.08455895773539886,0.08228013294905015,0.28917595718954164,0.27111414673526424,,0.09013227259156359,0.084696773307535,0.28724898160198337,0.050560562329837744,0.04170482751549576
preference-for-bracelet-full-sample-FLIPPED-tidy-tes.csv,bracelet - calendar,far,0.0664116767895574,0.08272722487352974,1.6315548083972342,0.08262018999274556,0.08319543273284223,0.42150152703546834,0.3200417007654618,,0.06822256747491373,0.08268588737596125,0.4093255177429587,0.18108906853563367,1.4504657398616005
preference-for-bracelet-full-sample-FLIPPED-tidy-tes.csv,bracelet - calendar,far - close,-0.023214990178707817,-0.00782209599318881,1.5392894185519008,0.12342094239381689,0.12249027440677795,0.8508013674670002,0.9490825667380888,,-0.021909705116649858,0.12349963271809668,0.8591886725977499,0.13052850620579592,1.408760912346105
preference-for-bracelet-full-sample-FLIPPED-tidy-tes.csv,bracelet - no signal,combined,-0.003545009007869193,0.0050859612002341625,0.8630970208103356,0.041360058789814844,0.04089466241072347,0.9316962150646866,0.9010244156552274,,-0.0026002905262063336,0.04141630204259504,0.9499383257859799,0.09447184816628595,0.7686251726440496
preference-for-bracelet-full-sample-FLIPPED-tidy-tes.csv,bracelet - no signal,close,-0.020600125582725948,-0.017159222626691104,0.3440902956034844,0.06050343513426744,0.058451047535423815,0.7334961272689323,0.7690897896296689,,-0.020070842221154184,0.0606060076992113,0.7405166943942854,0.0529283361571764,0.291161959446308
preference-for-bracelet-full-sample-FLIPPED-tidy-tes.csv,bracelet - no signal,far,0.011692170877381489,0.02495998938782379,1.32678185104423,0.0617442702837741,0.06264458079998518,0.8498071712458856,0.6903072587356345,,0.01300804247474982,0.061771853120312005,0.8332134327304725,0.13158715973683316,1.195194691307397
preference-for-bracelet-full-sample-FLIPPED-tidy-tes.csv,bracelet - no signal,far - close,0.032292296460107436,0.04211921201451489,0.9826915554407456,0.0902569681417659,0.08986106938889539,0.720506645415279,0.6392735158279842,,0.033078884695904004,0.09032375017571465,0.714196616422384,0.07865882357965676,0.9040327318610888
preference-for-bracelet-full-sample-FLIPPED-tidy-tes.csv,ink,combined,0.024178640443881405,0.025966645551545264,0.17880051076638592,0.031478872383222445,0.0324187940162817,0.4424330880459508,0.42314608300941237,,0.024767740090266055,0.03158734393965475,0.43297950910229,0.058909964638464984,0.11989054612792094
preference-for-bracelet-full-sample-FLIPPED-tidy-tes.csv,ink,close,0.04038660013207229,0.04063657150264724,0.024997137057494734,0.04309542661995259,0.04306162367352182,0.3486847338195442,0.3453310786846446,,0.04046253487181878,0.043226868819676134,0.3492471551994229,0.007593473974648601,0.017403663082846133
preference-for-bracelet-full-sample-FLIPPED-tidy-tes.csv,ink,far,0.009698317412496299,0.012860414372229734,0.3162096959733435,0.045855001323001576,0.04742193095475964,0.8324973936909495,0.7862439158139726,,0.010745882760884423,0.04583316844015738,0.8146306253671658,0.10475653483881242,0.21145316113453105
preference-for-bracelet-full-sample-FLIPPED-tidy-tes.csv,ink,far - close,-0.030688282719575993,-0.027776157130417506,0.29121255891584874,0.0632172411808799,0.06371547012149097,0.6273630843436682,0.6628798629906827,,-0.029716652110934355,0.06313643879598696,0.6378738718113314,0.09716306086416382,0.19404949805168492
preference-for-bracelet-full-sample-FLIPPED-tidy-tes.csv,calendar,combined,-0.1618214438079449,-0.16266426830608932,-0.08428244981444344,0.037025703403573855,0.03684650800347137,1.2395304604263622e-05,1.0117567963368778e-05,,-0.16232198586787866,0.03708786065479456,1.2049639410450054e-05,-0.05005420599337729,-0.03422824382106615
preference-for-bracelet-full-sample-FLIPPED-tidy-tes.csv,calendar,close,-0.22045358510198232,-0.2154170869868193,0.5036498115163018,0.05607032316067033,0.0552915024066792,8.433541982121727e-05,9.778421733050332e-05,,-0.22040622962543555,0.05610954707155114,8.560490946001813e-05,0.004735547654677319,0.4989142638616245
preference-for-bracelet-full-sample-FLIPPED-tidy-tes.csv,calendar,far,-0.10943901182435181,-0.1155344709714119,-0.6095459147060084,0.05145806550299065,0.05187668589779405,0.03343993821575943,0.025940715115657844,,-0.11042905000032782,0.05151326641818364,0.03205683760953519,-0.09900381759760102,-0.5105420971084074
preference-for-bracelet-full-sample-FLIPPED-tidy-tes.csv,calendar,far - close,0.11101457327763051,0.0998826160154074,-1.1131957262223102,0.07786779079808828,0.07774298420203522,0.15396065318637162,0.19886924166681977,,0.10997717962510772,0.07787994039339532,0.1579094967115001,-0.10373936525227834,-1.0094563609700318
preference-for-bracelet-full-sample-FLIPPED-tidy-tes.csv,bracelet,combined,-0.08445573091184164,-0.0762461729528105,0.8209557959031138,0.03039474010281339,0.03021001377557711,0.005458869708601492,0.011607056436562683,0.01: loses,-0.08376128346014566,0.030390043323171582,0.005847578090552337,0.06944474516959731,0.7515110507335165
preference-for-bracelet-full-sample-FLIPPED-tidy-tes.csv,bracelet,close,-0.1308269181337171,-0.12486776612010075,0.5959152013616353,0.04174990493961689,0.03989492144443057,0.0017268429972757792,0.001748560992995531,,-0.13027395703387196,0.041794420274159236,0.001826904656060487,0.05529610998451506,0.5406190913771203
preference-for-bracelet-full-sample-FLIPPED-tidy-tes.csv,bracelet,far,-0.04302733503479442,-0.03280724609788216,1.022008893691226,0.046071469305516644,0.0476739158185696,0.3503421557295932,0.4913525030271123,,-0.04220648252541409,0.04605839785772009,0.3594734511213817,0.08208525093803265,0.9399236427531932
preference-for-bracelet-full-sample-FLIPPED-tidy-tes.csv,bracelet,far - close,0.08779958309892269,0.0920605200222186,0.4260936923295905,0.06396567827200024,0.06456114973808112,0.1698753066316809,0.15388479380517145,,0.08806747450845787,0.06400970995047901,0.1688694562244432,0.026789140953517587,0.3993045513760729
preference-for-bracelet-tidy-tes.csv,signal,combined,-0.12131857862823339,-0.11911928172807354,0.21992969001598528,0.027535742449641697,0.028050586514759404,1.0536584213689255e-05,2.170506347672216e-05,,-0.1211200093144347,0.02757940610632301,1.1247660198117227e-05,0.019856931379869103,0.20007275863611618
preference-for-bracelet-tidy-tes.csv,signal,close,-0.13965940109449743,-0.13672982295743383,0.29295781370635987,0.03891848776510465,0.03829007708394848,0.00033257263084824067,0.00035576427715075564,,-0.1395002859336952,0.03898264994789557,0.0003455422612562028,0.01591151608022201,0.27704629762613786
preference-for-bracelet-tidy-tes.csv,signal,far,-0.10441860637208503,-0.10289222000609341,0.15263863659916166,0.039608734400313754,0.04024957750526442,0.0083827444573336,0.01057750595616165,0.01: loses,-0.10418368241321754,0.03964210712560382,0.008586161056683146,0.02349239588674834,0.12914624071241332
preference-for-bracelet-tidy-tes.csv,signal,far - close,0.0352407947224124,0.03383760295134042,-0.1403191771071982,0.056069780414486195,0.05516018640249924,0.5296654941881526,0.5395837880184124,,0.03531660352047766,0.05611859864289659,0.5291390319042768,0.0075808798065263305,-0.14790005691372454
preference-for-bracelet-tidy-tes.csv,control,combined,0.2282895796700386,0.22708709966284354,-0.12024800071950559,0.02131643316373393,0.021256294906318977,9.179893600509026e-27,1.2187819997305987e-26,,0.22806565708588614,0.02139518481521978,1.571503260361654e-26,-0.02239225841524639,-0.0978557423042592
preference-for-bracelet-tidy-tes.csv,control,close,0.22117740262493898,0.22123845060536973,0.006104798043074511,0.02910220366519495,0.028340221211449447,2.960792695291389e-14,5.87895179725888e-15,,0.22108998512551914,0.02915507675562569,3.3702692328376686e-14,-0.008741749941984511,0.014846547985059022
preference-for-bracelet-tidy-tes.csv,control,far,0.23484302594891104,0.23247628038192336,-0.23667455669876825,0.03026738162650352,0.030711475725087506,8.563706755622453e-15,3.7412250405177686e-14,,0.2344933220837366,0.030360143775361788,1.1298076822415846e-14,-0.034970386517443885,-0.20170417018132436
preference-for-bracelet-tidy-tes.csv,control,far - close,0.01366562332397206,0.011237829776553632,-0.24277935474184276,0.04143755549429997,0.041227381523302215,0.7415598858147663,0.7851747800596526,,0.013403336958217466,0.04148782832285273,0.7466447072904532,-0.026228636575459374,-0.21655071816638338
preference-for-bracelet-tidy-tes.csv,abs(calendar) - abs(bracelet),combined,0.07672616659283027,0.0802249030369949,0.3498736444164624,0.06127978261464228,0.06123260899966576,0.21054680077735413,0.19013957099729545,,0.07728742690723128,0.061394993647954636,0.20808252086679044,0.05612603144010131,0.2937476129763611
preference-for-bracelet-tidy-tes.csv,abs(calendar) - abs(bracelet),close,0.1184368451700891,0.11843929872245068,0.00024535523615865085,0.08320923476034374,0.08284890379361891,0.1546313037304366,0.15283703465263973,,0.11870059487073413,0.0832638636452532,0.15398511671347864,0.026374970064503567,-0.026129614828344916
preference-for-bracelet-tidy-tes.csv,abs(calendar) - abs(bracelet),far,0.03829226800200103,0.04501262026954539,0.672035226754436,0.08083219369887237,0.08087286906924028,0.6356956965125681,0.5778110516330786,,0.03912766657424907,0.08113087930151582,0.6296082251468174,0.08353985722480417,0.5884953695296319
preference-for-bracelet-tidy-tes.csv,abs(calendar) - abs(bracelet),far - close,-0.08014457716808807,-0.07342667845290529,0.6717898715182774,0.1118704331673537,0.11251648988502233,0.47374109053512486,0.5140232571837968,,-0.07957292829648506,0.11225150654357764,0.47839850312301335,0.057164887160300604,0.6146249843579767
preference-for-bracelet-tidy-tes.csv,bracelet - calendar,combined,-0.2700289777399473,-0.2668323881619683,0.319658957797897,0.0445734395563634,0.04382935605081417,1.3776520125171178e-09,1.14341787111494e-09,,-0.26995405597044364,0.04452224593723265,1.3331332552866587e-09,0.007492176950363305,0.3121667808475337
preference-for-bracelet-tidy-tes.csv,bracelet - calendar,close,-0.327911967321978,-0.32169301205953976,0.6218955262438264,0.06419679611636281,0.06212732219143105,3.257280248672407e-07,2.2432099929213524e-07,,-0.32766053937174366,0.06420066675111903,3.330872151126081e-07,0.025142795023436193,0.5967527312203902
preference-for-bracelet-tidy-tes.csv,bracelet - calendar,far,-0.21669326066190586,-0.21628160051166917,0.041166015023669233,0.060233066544241584,0.06055102920428292,0.0003211920259438688,0.0003544146174800875,,-0.21678097879379568,0.060162312540757316,0.0003142403617122725,-0.008771813188981903,0.049937828212651136
preference-for-bracelet-tidy-tes.csv,bracelet - calendar,far - close,0.11121870666007216,0.10541141154787059,-0.5807295112201571,0.08673858605980556,0.08581906316297364,0.1997624222146892,0.2193349994960033,,0.11087956057794798,0.08674704103097822,0.20118097749319613,-0.033914608212418096,-0.546814903007739
preference-for-bracelet-tidy-tes.csv,bracelet - no signal,combined,-0.1833401916567529,-0.1800680653622275,0.32721262945253904,0.03212348960417682,0.03161610839678991,1.1474461378807986e-08,1.2304464352581047e-08,,-0.18314368525102492,0.032080504004436,1.1372333362206734e-08,0.01965064057279642,0.3075619888797426
preference-for-bracelet-tidy-tes.csv,bracelet - no signal,close,-0.21632476419896124,-0.21165993436404215,0.46648298349190875,0.04493387220951161,0.04257390728032928,1.4772296025499002e-06,6.640664665617497e-07,,-0.2160702558111242,0.04490257919037943,1.4944326462310529e-06,0.02545083878370269,0.44103214470820606
preference-for-bracelet-tidy-tes.csv,bracelet - no signal,far,-0.15294687849592914,-0.15095804531636553,0.19888331795636094,0.04596111569807829,0.04632336964605662,0.0008755192851254888,0.0011188920933023422,,-0.1528038174517845,0.045923592809795,0.0008767651328701451,0.014306104414463228,0.1845772135418977
preference-for-bracelet-tidy-tes.csv,bracelet - no signal,far - close,0.0633778857030321,0.06070188904767662,-0.2675996655355478,0.06441934464085478,0.06286759029547336,0.32519756514694226,0.33426871039225964,,0.0632664383593397,0.06440744268177,0.32595966464883047,-0.011144734369239462,-0.25645493116630835
preference-for-bracelet-tidy-tes.csv,ink,combined,0.027391820483480434,0.028593824705821197,0.12020042223407634,0.03542350402186397,0.03687553978556433,0.43936448507659204,0.4380948264415593,,0.027714037341574266,0.03554616050165794,0.43558907721532786,0.03222168580938323,0.08797873642469312
preference-for-bracelet-tidy-tes.csv,ink,close,0.04859316513298309,0.04823336614467205,-0.03597989883110386,0.04446550295555808,0.044795968459782884,0.27446914301814357,0.2815988804119637,,0.04865996750435331,0.04450580665348899,0.27424465646530255,0.006680237137021705,-0.04266013596812557
preference-for-bracelet-tidy-tes.csv,ink,far,0.007856047917735809,0.01049716049948235,0.2641112581746541,0.05329522052504601,0.056339114104974795,0.8828113827378662,0.852193034334937,,0.00841361396736054,0.053415692255698054,0.8748413299357315,0.05575660496247303,0.20835465321218105
preference-for-bracelet-tidy-tes.csv,ink,far - close,-0.04073711721524728,-0.0377362056451897,0.30009115700575795,0.0685146473762442,0.07089563558512015,0.5521273927511735,0.5945332861090721,,-0.04024635353699277,0.06850603201615177,0.5568771659228896,0.04907636782545133,0.2510147891803066
preference-for-bracelet-tidy-tes.csv,calendar,combined,0.17337757216638877,0.17352864559948158,0.015107343309281318,0.043172218856192116,0.042907740953402475,5.9206227653927754e-05,5.2496032206000636e-05,,0.17362074143883746,0.04321786188904256,5.8859372414097736e-05,0.024316927244869002,-0.009209583935587684
preference-for-bracelet-tidy-tes.csv,calendar,close,0.22317440624603355,0.22006615539099522,-0.3108250855038325,0.06129414328487327,0.06120302200988318,0.00027153930541917693,0.0003235519575520259,,0.2231805671212389,0.06135945725766093,0.00027554908131624675,0.0006160875205357685,-0.31144117302436825
preference-for-bracelet-tidy-tes.csv,calendar,far,0.12749276433195345,0.13064711039060728,0.3154346058653834,0.05651015854704606,0.056851994702709,0.024064152381742542,0.021560561230979956,,0.12795432268402238,0.0566641632124977,0.023938352357558798,0.04615583520689304,0.2692787706584904
preference-for-bracelet-tidy-tes.csv,calendar,far - close,-0.0956816419140801,-0.08941904500038794,0.6262596913692159,0.0800625319140182,0.08099744187250824,0.23205328048696422,0.2696045496616782,,-0.09522624443721653,0.08028665869368357,0.23559147378304277,0.04553974768635727,0.5807199436828586
preference-for-bracelet-tidy-tes.csv,bracelet,combined,-0.0966514055735585,-0.09330374256248669,0.3347663011071811,0.03176422351164917,0.03160191901369669,0.002344070280025902,0.003152419014407689,,-0.09633331453160618,0.03178016494910022,0.00243551388343659,0.03180910419523231,0.3029571969119488
preference-for-bracelet-tidy-tes.csv,bracelet,close,-0.10473756107594445,-0.10162685666854454,0.3110704407399911,0.04237172538838692,0.0404743863587997,0.013440692578692582,0.012042616509276353,,-0.10447997225050477,0.04234677227470485,0.013615617293030912,0.025758882543967798,0.28531155819602333
preference-for-bracelet-tidy-tes.csv,bracelet,far,-0.08920049632995242,-0.08563449012106189,0.35660062088905264,0.04683508318138642,0.047342968473374186,0.056836539480119866,0.070480344605809,,-0.0888266561097733,0.04694531498620745,0.05847361309488459,0.037384022017911134,0.3192165988711415
preference-for-bracelet-tidy-tes.csv,bracelet,far - close,0.015537064745992035,0.01599236654748265,0.04553018014906152,0.06309616568779554,0.06180654505708687,0.8054932032306421,0.7958290995928531,,0.01565331614073147,0.06320254741763795,0.8043904649426771,0.011625139473943336,0.03390504067511818
reducedform-cts-fob-tidy-tes.csv,signal,combined,0.10707650336902785,0.10929234444227653,0.2215841073248681,0.02546132440347566,0.025528826547055797,2.605551972411669e-05,1.8594278345368434e-05,,0.10708366835238647,0.025496689728817815,2.670272869639372e-05,0.0007164983358620702,0.22086760898900604
reducedform-cts-fob-tidy-tes.csv,signal,close,0.04805678846954298,0.048468598416430364,0.041180994688738704,0.03313348075597396,0.03323041064722489,0.14694710820690238,0.14468582985293274,,0.04803204054448462,0.03316236275349721,0.14750795971271935,-0.002474792505835488,0.04365578719457419
reducedform-cts-fob-tidy-tes.csv,signal,far,0.18273977787016749,0.18726838684741132,0.4528608977243831,0.03421760805005853,0.03440582972836791,9.268098333251338e-08,5.241240982806786e-08,,0.1827878552021167,0.03422486142999775,9.25415502071264e-08,0.004807733194922559,0.44805316452946053
reducedform-cts-fob-tidy-tes.csv,signal,far - close,0.1346829894006245,0.13879978843098095,0.4116799030356444,0.04422728651113517,0.04449429749725635,0.002324896772635239,0.0018116064639852887,,0.1347558146576321,0.044203909863513566,0.0022998352860411184,0.007282525700758047,0.40439737733488634
reducedform-cts-fob-tidy-tes.csv,control,combined,0.6737430030017451,0.6713611483439634,-0.23818546577816235,0.03119141405021031,0.03136393585845208,1.7856405254888385e-103,1.187063388618287e-101,,0.6736428635756554,0.031141593202582137,9.056260337751388e-104,-0.010013942608966264,-0.2281715231691961
reducedform-cts-fob-tidy-tes.csv,control,close,0.7359422893021306,0.7345496880507627,-0.13926012513678643,0.041920809561301946,0.04180234878299974,5.395506665506455e-69,4.0388830303627813e-69,,0.7358422310239634,0.041921990031798625,5.676330324642445e-69,-0.010005827816716995,-0.12925429732006943
reducedform-cts-fob-tidy-tes.csv,control,far,0.5940035179646509,0.5903534404398467,-0.3650077524804174,0.04677846958566746,0.04717045962059785,6.0486263927441345e-37,6.155856831688377e-36,,0.5939032745069247,0.04666725320598248,4.221759673600728e-37,-0.010024345772619014,-0.3549834067077984
reducedform-cts-fob-tidy-tes.csv,control,far - close,-0.14193877133747967,-0.14419624761091598,-0.22574762734363096,0.06287625903497515,0.06286896266690825,0.023981201130691153,0.021813490120221074,,-0.1419389565170387,0.06283124268493458,0.023880237490129224,-1.8517955902019878e-05,-0.22572910938772894
reducedform-cts-fob-tidy-tes.csv,abs(calendar) - abs(bracelet),combined,-0.10260060298787965,-0.10644365485322294,-0.3843051865343283,0.029983542413408816,0.02952215389868291,0.0006218579651791827,0.0003114903587665371,,-0.10249452616199906,0.030026563018633535,0.0006414314766801513,0.010607682588059664,-0.394912869122388
reducedform-cts-fob-tidy-tes.csv,abs(calendar) - abs(bracelet),close,-0.03391726209100887,-0.03378529856975965,0.013196352124922317,0.037997763818285825,0.03802772063699405,0.3720649605880386,0.3743048176573869,,-0.03377632517861329,0.03802302108408479,0.3743726739450921,0.014093691239558392,-0.0008973391146360754
reducedform-cts-fob-tidy-tes.csv,abs(calendar) - abs(bracelet),far,-0.19065264601766785,-0.1995916676086228,-0.8939021590954943,0.044715854192502784,0.04339041548249714,2.0111651144810798e-05,4.226893415114601e-06,,-0.19059125982269987,0.04470688985427585,2.015836361896649e-05,0.006138619496798281,-0.9000407785922926
reducedform-cts-fob-tidy-tes.csv,abs(calendar) - abs(bracelet),far - close,-0.15673538392665898,-0.16580636903886314,-0.9070985112204166,0.05702252059632201,0.057320454440086474,0.005983986197148413,0.003820415944995623,,-0.15681493464408658,0.05701580825306038,0.005952683996425609,-0.007955071742760111,-0.8991434394776565
reducedform-cts-fob-tidy-tes.csv,bracelet - calendar,combined,0.10260060298787965,0.10644365485322294,0.3843051865343283,0.030044780656814988,0.029565591254713156,0.0006380011865752266,0.00031790578657487105,,0.10249452616199906,0.03011086529063237,0.0006642984279950452,-0.010607682588059664,0.394912869122388
reducedform-cts-fob-tidy-tes.csv,bracelet - calendar,close,0.03391726209100887,0.03378529856975965,-0.013196352124922317,0.0392359211360259,0.03921125626954971,0.3873439540737176,0.38889531465607874,,0.03377632517861329,0.03935501422528159,0.3907560562983574,-0.014093691239558392,0.0008973391146360754
reducedform-cts-fob-tidy-tes.csv,bracelet - calendar,far,0.19065264601766785,0.1995916676086228,0.8939021590954943,0.04283697814782802,0.042132206701272816,8.560845208711176e-06,2.1661575218716563e-06,,0.19059125982269987,0.042838629328652775,8.625041254157772e-06,-0.006138619496798281,0.9000407785922926
reducedform-cts-fob-tidy-tes.csv,bracelet - calendar,far - close,0.15673538392665898,0.16580636903886314,0.9070985112204166,0.05579122650098282,0.055836197403576725,0.004964634029237627,0.002982712357261099,,0.15681493464408658,0.055840159460518034,0.004980653595541971,0.007955071742760111,0.8991434394776565
reducedform-cts-fob-tidy-tes.csv,bracelet - no signal,combined,0.1275820999542449,0.13240988521628638,0.4827785262041473,0.026737979704370335,0.026324565622892725,1.8279685024085164e-06,4.907403210795268e-07,,0.12756733389094804,0.026741525642169882,1.838754663176913e-06,-0.0014766063296867138,0.484255132533834
reducedform-cts-fob-tidy-tes.csv,bracelet - no signal,close,0.05202692880006432,0.05242010640345768,0.03931776033933576,0.033872943652295456,0.03364259732143058,0.12455222961384631,0.11919844543496957,,0.05200564829376114,0.033916532473743786,0.12519157820845478,-0.002128050630317846,0.04144581096965361
reducedform-cts-fob-tidy-tes.csv,bracelet - no signal,far,0.22444382937390428,0.23495678165433276,1.0512952280428478,0.03837586887232289,0.03876943836962971,4.958267704014553e-09,1.3581660874784235e-09,,0.22443741482654173,0.03833319175400183,4.7726637109623685e-09,-0.0006414547362554313,1.0519366827791032
reducedform-cts-fob-tidy-tes.csv,bracelet - no signal,far - close,0.17241690057383996,0.18253667525087508,1.011977467703512,0.048329619848199556,0.04943092095700871,0.00036037544909727404,0.00022183074992276485,,0.17243176653278058,0.048331123749671565,0.00036010527568365374,0.0014865958940624147,1.0104908718094496
reducedform-cts-fob-tidy-tes.csv,ink,combined,0.11155240375017617,0.11214103403133013,0.05886302811539679,0.03909282950980752,0.039506343394263906,0.004323699549913649,0.004531792951951742,,0.11167281054277389,0.039134219922563246,0.0043229004799860025,0.012040679259772702,0.046822348855624085
reducedform-cts-fob-tidy-tes.csv,ink,close,0.062196314848077194,0.06315189826310108,0.09555834150238862,0.05182242636916719,0.05147388075887729,0.23006887780257537,0.21987044666959255,,0.06228775591035596,0.051824592436934935,0.22940393238021783,0.009144106227876314,0.08641423527451231
reducedform-cts-fob-tidy-tes.csv,ink,far,0.174826909722667,0.17494510608619973,0.011819636353271878,0.05433916123302218,0.055697862594856824,0.001293905429771925,0.0016839144163804387,,0.17498445058153356,0.05433893652044316,0.0012808304127273876,0.0157540858866545,-0.003934449533382622
reducedform-cts-fob-tidy-tes.csv,ink,far - close,0.11263059487458982,0.11179320782309865,-0.08373870514911674,0.07194885394237803,0.07230893487129479,0.11748309429699595,0.12209256276324343,,0.1126966946711776,0.07186065814800144,0.11681884724577196,0.006609979658778187,-0.09034868480789493
reducedform-cts-fob-tidy-tes.csv,calendar,combined,0.049962993932730515,0.051932460726126894,0.19694667933963794,0.04103071472191196,0.04164160752441897,0.22333899198929444,0.21235016255483458,,0.050145615457897974,0.041019756630848184,0.22152815852798224,0.0182621525167459,0.17868452682289204
reducedform-cts-fob-tidy-tes.csv,calendar,close,0.0362193334181109,0.03726961566739606,0.10502822492851616,0.05452231577484352,0.05510667509422716,0.5064964543626443,0.4988390043681319,,0.03645864623029571,0.05459752470358715,0.5042797507823574,0.023931281218481093,0.08109694371003506
reducedform-cts-fob-tidy-tes.csv,calendar,far,0.06758236671247286,0.07073022809141993,0.314786137894707,0.05929108410575171,0.05915783827044984,0.2543528433746218,0.2318453219587445,,0.06769231000768372,0.059199551660629166,0.2528477186884595,0.0109943295210857,0.3037918083736213
reducedform-cts-fob-tidy-tes.csv,calendar,far - close,0.031363033294361964,0.03346061242402387,0.20975791296619084,0.07875743321106014,0.0782028258501839,0.6904657014266393,0.6687460552999263,,0.03123366377738801,0.07877694878844366,0.6917492821883141,-0.012936951697395394,0.22269486466358623
reducedform-cts-fob-tidy-tes.csv,bracelet,combined,0.15256359692061017,0.15837611557934983,0.5812518658739663,0.03699878441140975,0.0371329107778541,3.7319747649580267e-05,1.9979972622149232e-05,,0.15264014161989703,0.03694407118629532,3.601613331816682e-05,0.007654469928686236,0.57359739594528
reducedform-cts-fob-tidy-tes.csv,bracelet,close,0.07013659550911977,0.07105491423715571,0.09183187280359384,0.04734592458360696,0.04737614284424084,0.13850933645669888,0.13366525913753666,,0.070234971408909,0.0473528252303104,0.13801420809238038,0.0098375899789227,0.08199428282467114
reducedform-cts-fob-tidy-tes.csv,bracelet,far,0.2582350127301407,0.2703218957000427,1.2086882969902013,0.05355487142913899,0.05459707662403368,1.4221350028311244e-06,7.375135315460607e-07,,0.2582835698303836,0.0534416735867262,1.3449127553330475e-06,0.0048557100242874185,1.2038325869659139
reducedform-cts-fob-tidy-tes.csv,bracelet,far - close,0.18809841722102094,0.19926698146288702,1.1168564241866075,0.06826573077215464,0.06947655675335382,0.005862298628759988,0.004129211512162524,,0.1880485984214746,0.06823910511901947,0.005856118647362298,-0.004981879954635282,1.1218383041412427
reducedform-discrete-fob-first-responder-tidy-tes.csv,signal,combined,0.10539278569918542,0.10637666664996259,0.09838809507771717,0.02717451321219426,0.027325503093830306,0.0001051591906999402,9.903482019075704e-05,,0.10544010432695627,0.027224432955886904,0.00010750584585558267,0.004731862777085372,0.0936562323006318
reducedform-discrete-fob-first-responder-tidy-tes.csv,signal,close,0.05083431664072968,0.05149359547425614,0.06592788335264554,0.03653903655249682,0.036558100181368736,0.16415475680800087,0.15897083427911105,,0.05085021851729388,0.03656392214094586,0.16431001257299477,0.001590187656419495,0.06433769569622605
reducedform-discrete-fob-first-responder-tidy-tes.csv,signal,far,0.17590267155863037,0.17730605948297284,0.14033879243424696,0.039412678396146573,0.03955118529163778,8.07828393541361e-06,7.36175430082059e-06,,0.1759905923436812,0.039451721464717635,8.161223054197376e-06,0.008792078505082124,0.13154671392916484
reducedform-discrete-fob-first-responder-tidy-tes.csv,signal,far - close,0.1250683549179007,0.1258124640087167,0.07441090908160142,0.053039532319104375,0.05293700129548717,0.018372631295376213,0.017470889167872965,,0.12514037382638732,0.053026238640216085,0.018276374504394594,0.007201890848662629,0.06720901823293879
reducedform-discrete-fob-first-responder-tidy-tes.csv,control,combined,0.6727315459876729,0.6716585526654758,-0.10729933221971244,0.03515245112708738,0.03530490282987426,1.2293192702967712e-81,1.0687743541762408e-80,,0.6726351483438185,0.035139988416459336,1.1375183283953018e-81,-0.009639764385438454,-0.09765956783427399
reducedform-discrete-fob-first-responder-tidy-tes.csv,control,close,0.7403960948627226,0.7400060481586537,-0.039004670406894704,0.043959412687102926,0.04392790606027687,1.1865404584707399e-63,1.1240469455897295e-63,,0.7403514156899388,0.04395163865599576,1.1478261195175379e-63,-0.004467917278383471,-0.03453675312851123
reducedform-discrete-fob-first-responder-tidy-tes.csv,control,far,0.5852837179923758,0.5833281029814961,-0.19556150108797077,0.05595018948207763,0.05559516613651459,1.3074763123165802e-25,9.359501483462741e-26,,0.5851204807990444,0.05591015671737545,1.2458874123497722e-25,-0.01632371933313337,-0.1792377817548374
reducedform-discrete-fob-first-responder-tidy-tes.csv,control,far - close,-0.15511237687034685,-0.1566779451771576,-0.15655683068107606,0.07041300256993471,0.06955374887355079,0.027602224639476966,0.024283319137872475,,-0.15523093489089435,0.07037075576506797,0.02739091789359949,-0.011855802054749898,-0.14470102862632617
reducedform-discrete-fob-first-responder-tidy-tes.csv,abs(calendar) - abs(bracelet),combined,-0.10378447368171828,-0.10611149553412558,-0.2327021852407296,0.0325561129438908,0.03212758923117221,0.0014332773032956511,0.000957193875207812,,-0.10377717356678828,0.03258607743751882,0.0014489964393129904,0.0007300114929997825,-0.2334321967337294
reducedform-discrete-fob-first-responder-tidy-tes.csv,abs(calendar) - abs(bracelet),close,-0.04851154061503793,-0.04955828192863432,-0.10467413135963888,0.046245000239800924,0.047061584766592286,0.2941727903174957,0.2923172969417091,,-0.04854654703437511,0.046313966991178436,0.29454401558519294,-0.0035006419337180184,-0.10117348942592086
reducedform-discrete-fob-first-responder-tidy-tes.csv,abs(calendar) - abs(bracelet),far,-0.17521771345009762,-0.17919933515139164,-0.39816217012940136,0.04808422928119495,0.04743552304001474,0.0002684598537655924,0.00015825445633541564,,-0.17515573751757663,0.04806926641852304,0.0002686216790210865,0.006197593252099676,-0.40435976338150104
reducedform-discrete-fob-first-responder-tidy-tes.csv,abs(calendar) - abs(bracelet),far - close,-0.1267061728350597,-0.12964105322275732,-0.2934880387697625,0.06663365513562507,0.06806451477208118,0.057232079810774814,0.056821807931738084,,-0.12660919048320152,0.06672220652141946,0.05775446252201136,0.009698235185817694,-0.3031862739555802
reducedform-discrete-fob-first-responder-tidy-tes.csv,bracelet - calendar,combined,0.10378447368171828,0.10611149553412558,0.2327021852407296,0.032186999923214485,0.031510268677492057,0.0012622719660218711,0.0007584721437642895,,0.10377717356678828,0.0322492410312433,0.0012910015611759538,-0.0007300114929997825,0.2334321967337294
reducedform-discrete-fob-first-responder-tidy-tes.csv,bracelet - calendar,close,0.04851154061503793,0.04955828192863432,0.10467413135963888,0.047999978998338085,0.04865806245108987,0.3121803665849312,0.3084399584045758,,0.04854654703437511,0.04810319416763225,0.3128707176759416,0.0035006419337180184,0.10117348942592086
reducedform-discrete-fob-first-responder-tidy-tes.csv,bracelet - calendar,far,0.17521771345009762,0.17919933515139164,0.39816217012940136,0.0463542479874601,0.04647961755886408,0.00015684662160953496,0.00011552208479518598,,0.17515573751757663,0.04635479344582361,0.00015771914425732168,-0.006197593252099676,0.40435976338150104
reducedform-discrete-fob-first-responder-tidy-tes.csv,bracelet - calendar,far - close,0.1267061728350597,0.12964105322275732,0.2934880387697625,0.06985997058171362,0.07226444610014932,0.06972140221397213,0.07281617954897142,,0.12660919048320152,0.06990662578151421,0.07012249432970143,-0.009698235185817694,0.3031862739555802
reducedform-discrete-fob-first-responder-tidy-tes.csv,bracelet - no signal,combined,0.12693595151036086,0.12963087808679752,0.26949265764366626,0.028853700107743425,0.028272830826546764,1.0860288937321202e-05,4.5399037479509195e-06,,0.1269950043913719,0.028868824916464864,1.0873271551678085e-05,0.005905288101104578,0.2635873695425617
reducedform-discrete-fob-first-responder-tidy-tes.csv,bracelet - no signal,close,0.05728280738073854,0.05833787048233818,0.10550631015996403,0.03871405156534748,0.038650097928328034,0.13896970348348847,0.13120047416887934,,0.057351378121653085,0.038736661036284904,0.13872780364610612,0.006857074091454196,0.09864923606850984
reducedform-discrete-fob-first-responder-tidy-tes.csv,bracelet - no signal,far,0.21695378608466082,0.22176802774510285,0.48142416604420313,0.04334931936225916,0.04324880514150146,5.592600302410912e-07,2.932626486727541e-07,,0.21700053834164423,0.04334585179903442,5.549821903824192e-07,0.004675225698341778,0.47674894034586135
reducedform-discrete-fob-first-responder-tidy-tes.csv,bracelet - no signal,far - close,0.15967097870392227,0.16343015726276466,0.3759178558842391,0.058170022559209875,0.05909227553596055,0.006052907328443332,0.005680473913990584,,0.15964916021999115,0.05816943008587035,0.006059312687423312,-0.0021818483931124177,0.3780997042773515
reducedform-discrete-fob-first-responder-tidy-tes.csv,ink,combined,0.10700109771665256,0.10664183776579961,-0.03592599508529526,0.042396768361722736,0.04265341769244738,0.011609291484045518,0.012412515899153096,,0.10710303508712438,0.04246506663344634,0.011664177615591737,0.010193737047181628,-0.04611973213247689
reducedform-discrete-fob-first-responder-tidy-tes.csv,ink,close,0.053157092666421324,0.05342890901987807,0.027181635345674415,0.054498918133071145,0.05409258081960731,0.329372365680598,0.32328449793141595,,0.053153890000212645,0.054445038450559945,0.3289231088608042,-0.0003202666208679261,0.02750190196654234
reducedform-discrete-fob-first-responder-tidy-tes.csv,ink,far,0.17658762966716313,0.17541278381455416,-0.11748458526089633,0.06458138048613893,0.06642640466554472,0.006250494241721975,0.00827328229557588,,0.17682544716978577,0.06467952800666793,0.006259467620660716,0.023781750262263923,-0.14126633552316026
reducedform-discrete-fob-first-responder-tidy-tes.csv,ink,far - close,0.1234305370007418,0.1219838747946761,-0.14466622060657075,0.0830528518408441,0.08447847201699303,0.13723454207345698,0.14874909406039574,,0.12367155716957312,0.08296539298488417,0.13605596130216047,0.02410201688313185,-0.1687682374897026
reducedform-discrete-fob-first-responder-tidy-tes.csv,calendar,combined,0.04630295565728515,0.04703876510534388,0.0735809448058733,0.045269737446173824,0.0459624231819217,0.3063912592691084,0.30611031509343495,,0.04643566164916724,0.04529689137777593,0.3052970671592376,0.01327059918820872,0.060310345617664574
reducedform-discrete-fob-first-responder-tidy-tes.csv,calendar,close,0.017542533531401228,0.01755917710740773,0.0016643576006503125,0.06151924138320477,0.06295455819972914,0.7755252169368732,0.7803075394207853,,0.01760966217455595,0.06161542594896837,0.7750316383206445,0.0067128643154723555,-0.005048506714822043
reducedform-discrete-fob-first-responder-tidy-tes.csv,calendar,far,0.08347214526912639,0.08513738518742242,0.16652399182960353,0.06843390451362169,0.06804482885361493,0.22256026913169713,0.21086315143101783,,0.08368960164813521,0.06842937859223916,0.2213270931198389,0.021745637900882908,0.14477835392872063
reducedform-discrete-fob-first-responder-tidy-tes.csv,calendar,far - close,0.06592961173772516,0.06757820808001469,0.16485963422895322,0.0930039076601506,0.0933173706040466,0.47839226315431665,0.4689576388131982,,0.06607993947357926,0.09309016359873522,0.47779791309484637,0.015032773585410553,0.14982686064354267
reducedform-discrete-fob-first-responder-tidy-tes.csv,bracelet,combined,0.15008742933900343,0.15315026063946946,0.3062831300466029,0.04066624669158604,0.04076862845549695,0.00022362668648434692,0.00017225719207685563,,0.15021283521595552,0.040653520650354436,0.00021992773930550996,0.012540587695208938,0.29374254235139396
reducedform-discrete-fob-first-responder-tidy-tes.csv,bracelet,close,0.06605407414643916,0.06711745903604205,0.10633848896028919,0.050851412208024055,0.05100677697430092,0.19395682168227024,0.18822313274831212,,0.06615620920893106,0.050846542505735226,0.19322575736758454,0.010213506249190374,0.09612498271109882
reducedform-discrete-fob-first-responder-tidy-tes.csv,bracelet,far,0.258689858719224,0.26433672033881406,0.5646861619590049,0.06285865346433274,0.062414844474497674,3.864723870538995e-05,2.283911839222386e-05,,0.25884533916571184,0.06285100467154633,3.8151833921026e-05,0.015548044648783232,0.5491381173102217
reducedform-discrete-fob-first-responder-tidy-tes.csv,bracelet,far - close,0.19263578457278485,0.197219261302772,0.4583476729987157,0.07881593100020445,0.07820300322942124,0.014520498174899733,0.011672667198418035,,0.19268912995678078,0.07882460367355418,0.014504090766433353,0.005334538399592859,0.45301313459912285
reducedform-discrete-fob-no-covs-no-mu-d-tidy-tes.csv,signal,combined,0.10137327262108664,0.10137327262108664,0.0,0.026387209042896816,0.026387209042896816,0.00012215622181729622,0.00012215622181729622,,0.10137327262108653,0.026387209042896837,0.00012215622181729966,-1.1102230246251565e-14,1.1102230246251565e-14
reducedform-discrete-fob-no-covs-no-mu-d-tidy-tes.csv,signal,close,0.04418439036019861,0.04418439036019861,0.0,0.03610574591319538,0.03610574591319538,0.22104672074970558,0.22104672074970558,,0.0441843903601985,0.03610574591319548,0.22104672074970794,-1.1102230246251565e-14,1.1102230246251565e-14
reducedform-discrete-fob-no-covs-no-mu-d-tidy-tes.csv,signal,far,0.174689419679545,0.174689419679545,0.0,0.03704569491164374,0.03704569491164374,2.411036573729289e-06,2.411036573729289e-06,,0.174689419679545,0.0370456949116437,2.411036573729237e-06,0.0,0.0
reducedform-discrete-fob-no-covs-no-mu-d-tidy-tes.csv,signal,far - close,0.13050502931934638,0.13050502931934638,0.0,0.05088641152514925,0.05088641152514925,0.01032846412444775,0.01032846412444775,,0.1305050293193465,0.05088641152514931,0.010328464124447777,1.1102230246251565e-14,-1.1102230246251565e-14
reducedform-discrete-fob-no-covs-no-mu-d-tidy-tes.csv,control,combined,0.6827853488283997,0.6827853488283997,0.0,0.032127398901023785,0.032127398901023785,3.130270666305263e-100,3.130270666305263e-100,,0.6827853488283997,0.03212739890102379,3.1302706663057653e-100,0.0,0.0
reducedform-discrete-fob-no-covs-no-mu-d-tidy-tes.csv,control,close,0.7486811449116718,0.7486811449116718,0.0,0.04086099524759635,0.04086099524759635,5.460282328422313e-75,5.460282328422313e-75,,0.7486811449116718,0.04086099524759646,5.460282328427354e-75,0.0,0.0
reducedform-discrete-fob-no-covs-no-mu-d-tidy-tes.csv,control,far,0.5983069382496448,0.5983069382496448,0.0,0.049672757055009634,0.049672757055009634,2.0614788991327576e-33,2.0614788991327576e-33,,0.5983069382496449,0.0496727570550096,2.0614788991325065e-33,1.1102230246251565e-14,-1.1102230246251565e-14
reducedform-discrete-fob-no-covs-no-mu-d-tidy-tes.csv,control,far - close,-0.15037420666202705,-0.15037420666202705,0.0,0.06331972485180974,0.06331972485180974,0.017556565183918214,0.017556565183918214,,-0.15037420666202694,0.06331972485180982,0.017556565183918436,1.1102230246251565e-14,-1.1102230246251565e-14
reducedform-discrete-fob-no-covs-no-mu-d-tidy-tes.csv,abs(calendar) - abs(bracelet),combined,-0.1030069836800428,-0.1030069836800428,0.0,0.03152481622206535,0.03152481622206535,0.001085061626496063,0.001085061626496063,,-0.10300698368004269,0.03152481622206541,0.0010850616264961015,1.1102230246251565e-14,-1.1102230246251565e-14
reducedform-discrete-fob-no-covs-no-mu-d-tidy-tes.csv,abs(calendar) - abs(bracelet),close,-0.04295561062492681,-0.04295561062492681,0.0,0.042752479259331067,0.042752479259331067,0.3150166022673472,0.3150166022673472,,-0.0429556106249267,0.04275247925933094,0.3150166022673471,1.1102230246251565e-14,-1.1102230246251565e-14
reducedform-discrete-fob-no-covs-no-mu-d-tidy-tes.csv,abs(calendar) - abs(bracelet),far,-0.17999284393670156,-0.17999284393670156,0.0,0.04840377814472373,0.04840377814472373,0.00020035366554298036,0.00020035366554298036,,-0.17999284393670156,0.04840377814472366,0.00020035366554297637,0.0,0.0
reducedform-discrete-fob-no-covs-no-mu-d-tidy-tes.csv,abs(calendar) - abs(bracelet),far - close,-0.13703723331177475,-0.13703723331177475,0.0,0.06531884253428138,0.06531884253428138,0.035907442250814284,0.035907442250814284,,-0.13703723331177486,0.06531884253428118,0.035907442250813534,-1.1102230246251565e-14,1.1102230246251565e-14
reducedform-discrete-fob-no-covs-no-mu-d-tidy-tes.csv,bracelet - calendar,combined,0.1030069836800428,0.1030069836800428,0.0,0.03123350855213255,0.03123350855213255,0.0009738865436271518,0.0009738865436271518,,0.10300698368004269,0.031233508552132472,0.0009738865436271344,-1.1102230246251565e-14,1.1102230246251565e-14
reducedform-discrete-fob-no-covs-no-mu-d-tidy-tes.csv,bracelet - calendar,close,0.04295561062492681,0.04295561062492681,0.0,0.04615506695593019,0.04615506695593019,0.35201897354229084,0.35201897354229084,,0.0429556106249267,0.04615506695593008,0.35201897354229084,-1.1102230246251565e-14,1.1102230246251565e-14
reducedform-discrete-fob-no-covs-no-mu-d-tidy-tes.csv,bracelet - calendar,far,0.17999284393670156,0.17999284393670156,0.0,0.04564078754741967,0.04564078754741967,8.023937174225689e-05,8.023937174225689e-05,,0.17999284393670156,0.045640787547419695,8.023937174225773e-05,0.0,0.0
reducedform-discrete-fob-no-covs-no-mu-d-tidy-tes.csv,bracelet - calendar,far - close,0.13703723331177475,0.13703723331177475,0.0,0.06787216396645354,0.06787216396645354,0.04348211379565551,0.04348211379565551,,0.13703723331177486,0.06787216396645356,0.04348211379565541,1.1102230246251565e-14,-1.1102230246251565e-14
reducedform-discrete-fob-no-covs-no-mu-d-tidy-tes.csv,bracelet - no signal,combined,0.1232217536099644,0.1232217536099644,0.0,0.02725251369072815,0.02725251369072815,6.1408145218053905e-06,6.1408145218053905e-06,,0.12322175360996435,0.02725251369072812,6.140814521805318e-06,-5.551115123125783e-15,5.551115123125783e-15
reducedform-discrete-fob-no-covs-no-mu-d-tidy-tes.csv,bracelet - no signal,close,0.05308689559479418,0.05308689559479418,0.0,0.0369689054833461,0.0369689054833461,0.15100582559535317,0.15100582559535317,,0.053086895594794126,0.03696890548334616,0.15100582559535417,-5.551115123125783e-15,5.551115123125783e-15
reducedform-discrete-fob-no-covs-no-mu-d-tidy-tes.csv,bracelet - no signal,far,0.21313464158541273,0.21313464158541273,0.0,0.041070778975568475,0.041070778975568475,2.1091922604631927e-07,2.1091922604631927e-07,,0.21313464158541268,0.04107077897556857,2.109192260463349e-07,-5.551115123125783e-15,5.551115123125783e-15
reducedform-discrete-fob-no-covs-no-mu-d-tidy-tes.csv,bracelet - no signal,far - close,0.16004774599061855,0.16004774599061855,0.0,0.05571815891086576,0.05571815891086576,0.004072997400977118,0.004072997400977118,,0.16004774599061855,0.05571815891086603,0.004072997400977296,0.0,0.0
reducedform-discrete-fob-no-covs-no-mu-d-tidy-tes.csv,ink,combined,0.09973956156213026,0.09973956156213026,0.0,0.040114956121639796,0.040114956121639796,0.01290633118671652,0.01290633118671652,,0.09973956156213037,0.040114956121639886,0.012906331186716613,1.1102230246251565e-14,-1.1102230246251565e-14
reducedform-discrete-fob-no-covs-no-mu-d-tidy-tes.csv,ink,close,0.0454131700954703,0.0454131700954703,0.0,0.05320231535756397,0.05320231535756397,0.3933300579115809,0.3933300579115809,,0.0454131700954703,0.05320231535756412,0.39333005791158215,0.0,0.0
reducedform-discrete-fob-no-covs-no-mu-d-tidy-tes.csv,ink,far,0.1693859954223884,0.1693859954223884,0.0,0.05888799128253993,0.05888799128253993,0.00402227131420289,0.00402227131420289,,0.1693859954223884,0.058887991282539784,0.004022271314202794,0.0,0.0
reducedform-discrete-fob-no-covs-no-mu-d-tidy-tes.csv,ink,far - close,0.12397282532691811,0.12397282532691811,0.0,0.07807236427116382,0.07807236427116382,0.11230397656213292,0.11230397656213292,,0.12397282532691811,0.07807236427116365,0.11230397656213215,0.0,0.0
reducedform-discrete-fob-no-covs-no-mu-d-tidy-tes.csv,calendar,combined,0.04042953985984321,0.04042953985984321,0.0,0.04265213569096432,0.04265213569096432,0.3431853732203501,0.3431853732203501,,0.04042953985984332,0.04265213569096428,0.34318537322034826,1.1102230246251565e-14,-1.1102230246251565e-14
reducedform-discrete-fob-no-covs-no-mu-d-tidy-tes.csv,calendar,close,0.020262569939734743,0.020262569939734743,0.0,0.05829442594457688,0.05829442594457688,0.7281479830527209,0.7281479830527209,,0.020262569939734854,0.05829442594457674,0.7281479830527189,1.1102230246251565e-14,-1.1102230246251565e-14
reducedform-discrete-fob-no-covs-no-mu-d-tidy-tes.csv,calendar,far,0.06628359529742234,0.06628359529742234,0.0,0.06340913815932712,0.06340913815932712,0.295869595924004,0.295869595924004,,0.06628359529742223,0.06340913815932728,0.295869595924006,-1.1102230246251565e-14,1.1102230246251565e-14
reducedform-discrete-fob-no-covs-no-mu-d-tidy-tes.csv,calendar,far - close,0.046021025357687595,0.046021025357687595,0.0,0.0867301715159607,0.0867301715159607,0.5956800416957126,0.5956800416957126,,0.04602102535768737,0.08673017151596077,0.5956800416957146,-2.220446049250313e-14,2.220446049250313e-14
reducedform-discrete-fob-no-covs-no-mu-d-tidy-tes.csv,bracelet,combined,0.143436523539886,0.143436523539886,0.0,0.03767584488701918,0.03767584488701918,0.0001405936151222206,0.0001405936151222206,,0.143436523539886,0.03767584488701917,0.00014059361512222025,0.0,0.0
reducedform-discrete-fob-no-covs-no-mu-d-tidy-tes.csv,bracelet,close,0.06321818056466155,0.06321818056466155,0.0,0.04798155674496853,0.04798155674496853,0.18765377100062913,0.18765377100062913,,0.06321818056466155,0.04798155674496864,0.18765377100063008,0.0,0.0
reducedform-discrete-fob-no-covs-no-mu-d-tidy-tes.csv,bracelet,far,0.2462764392341239,0.2462764392341239,0.0,0.05745342186872436,0.05745342186872436,1.8147685168541265e-05,1.8147685168541265e-05,,0.2462764392341238,0.05745342186872456,1.814768516854265e-05,-1.1102230246251565e-14,1.1102230246251565e-14
reducedform-discrete-fob-no-covs-no-mu-d-tidy-tes.csv,bracelet,far - close,0.18305825866946235,0.18305825866946235,0.0,0.07323562759298104,0.07323562759298104,0.012434086762113467,0.012434086762113467,,0.18305825866946224,0.07323562759298148,0.012434086762114062,-1.1102230246251565e-14,1.1102230246251565e-14
reducedform-discrete-fob-tidy-tes.csv,signal,combined,0.10243441787612284,0.10392836555470353,0.1493947678580687,0.025952028306722396,0.02598106742481023,7.911412544463178e-05,6.330030091389822e-05,,0.10248183166850433,0.025995159176877815,8.068949678537887e-05,0.0047413792381489905,0.14465338861991972
reducedform-discrete-fob-tidy-tes.csv,signal,close,0.04447538786375438,0.045607074437834405,0.11316865740800264,0.03573572396885898,0.035609979081783275,0.2132921395551454,0.20028549999197143,,0.04449432288452071,0.03576122165310751,0.21342379377216078,0.0018935020766330801,0.11127515533136956
reducedform-discrete-fob-tidy-tes.csv,signal,far,0.17673789435197917,0.17869626076652956,0.19583664145503832,0.03649166562882543,0.036548082215561974,1.2773884424929694e-06,1.0117095533250034e-06,,0.1768218179295713,0.03651568673785064,1.2831103709494146e-06,0.008392357759212654,0.18744428369582566
reducedform-discrete-fob-tidy-tes.csv,signal,far - close,0.1322625064882248,0.13308918632869515,0.08266798404703568,0.05048528384779187,0.05029413708516882,0.008797542230340051,0.00813976498895698,,0.1323274950450506,0.05046726231846878,0.008740357324459627,0.006498855682579574,0.0761691283644561
reducedform-discrete-fob-tidy-tes.csv,control,combined,0.681041357865014,0.679367153843708,-0.1674204021305914,0.03254737746765728,0.032606691112103806,3.1963170645639465e-97,2.076161555035805e-96,,0.6809395961762652,0.03252113989637616,2.395239597282695e-97,-0.010176168874875824,-0.15724423325571557
reducedform-discrete-fob-tidy-tes.csv,control,close,0.7450546115306862,0.7440965888169907,-0.09580227136954944,0.042772168013276345,0.042547086488716204,5.905261563346231e-68,1.744553143590118e-68,,0.7450000746838499,0.042765672318312235,5.765493658905902e-68,-0.005453684683631721,-0.09034858668591772
reducedform-discrete-fob-tidy-tes.csv,control,far,0.5989763666656222,0.5963840182079598,-0.2592348457662319,0.04904385133065236,0.04856281828485494,2.64683793982322e-34,1.1503944240886834e-34,,0.5988140627295416,0.04895641471136171,2.108107584585053e-34,-0.01623039360805212,-0.24300445215817978
reducedform-discrete-fob-tidy-tes.csv,control,far - close,-0.14607824486506404,-0.14771257060903087,-0.16343257439668246,0.06444604816456566,0.06332610972727389,0.02341008800096082,0.01967073592526036,,-0.14618601195430825,0.0643716342074072,0.023148830008823434,-0.010776708924420397,-0.15265586547226206
reducedform-discrete-fob-tidy-tes.csv,abs(calendar) - abs(bracelet),combined,-0.10185697314374131,-0.10493923228572,-0.30822591419786827,0.03110167010739288,0.03038929637272885,0.0010567395752640967,0.0005540515048922799,,-0.10184161431067451,0.031107115202295154,0.0010607378238978104,0.001535883306680308,-0.3097617975045486
reducedform-discrete-fob-tidy-tes.csv,abs(calendar) - abs(bracelet),close,-0.03716120257540134,-0.038110828301062716,-0.09496257256613738,0.04235512043445199,0.04257103813149898,0.38028454143513957,0.3706646802775292,,-0.03718913513850908,0.04240124537491526,0.38044509752859207,-0.0027932563107735398,-0.09216931625536384
reducedform-discrete-fob-tidy-tes.csv,abs(calendar) - abs(bracelet),far,-0.18479695101235327,-0.19061324619405062,-0.5816295181697351,0.048106450740227485,0.04722932534928177,0.00012232596171909523,5.439136055002102e-05,,-0.18472609260939055,0.04807140369331674,0.00012166641405834377,0.007085840296272572,-0.5887153584660076
reducedform-discrete-fob-tidy-tes.csv,abs(calendar) - abs(bracelet),far - close,-0.14763574843695193,-0.1525024178929879,-0.4866669456035977,0.06413943578302557,0.0653453461661012,0.021346809689847528,0.01960663854177419,,-0.14753695747088147,0.0641991187586107,0.02155524504445564,0.009879096607046112,-0.4965460422106438
reducedform-discrete-fob-tidy-tes.csv,bracelet - calendar,combined,0.10185697314374131,0.10493923228572,0.30822591419786827,0.030688401907978318,0.029985779244606495,0.0009031758531340193,0.000465898552779279,,0.10184161431067451,0.030743811066218436,0.0009243666750151889,-0.001535883306680308,0.3097617975045486
reducedform-discrete-fob-tidy-tes.csv,bracelet - calendar,close,0.03716120257540134,0.038110828301062716,0.09496257256613738,0.04547961474472733,0.04561153474182666,0.4138736781581603,0.4034067444974788,,0.03718913513850908,0.045571146937918444,0.41446149078722716,0.0027932563107735398,0.09216931625536384
reducedform-discrete-fob-tidy-tes.csv,bracelet - calendar,far,0.18479695101235327,0.19061324619405062,0.5816295181697351,0.04533928486528972,0.04539527338691937,4.5842973446849786e-05,2.6813561666597854e-05,,0.18472609260939055,0.045348753726707755,4.6320870605677384e-05,-0.007085840296272572,0.5887153584660076
reducedform-discrete-fob-tidy-tes.csv,bracelet - calendar,far - close,0.14763574843695193,0.1525024178929879,0.4866669456035977,0.06748087888423669,0.06901668367287771,0.028683005860583137,0.02712976142252199,,0.14753695747088147,0.06753065329099962,0.02890787426795343,-0.009879096607046112,0.4965460422106438
reducedform-discrete-fob-tidy-tes.csv,bracelet - no signal,combined,0.12317610400787088,0.1268910585005537,0.37149544926828315,0.02736393082091629,0.02672276382944208,6.750609635848605e-06,2.0500617589385392e-06,,0.12323236329098786,0.02736831399095937,6.70833806310878e-06,0.0056259283116977254,0.3658695209565854
reducedform-discrete-fob-tidy-tes.csv,bracelet - no signal,close,0.05057398073199526,0.05181823780178585,0.12442570697905886,0.03738006056612871,0.03702221561756827,0.1760662386544858,0.16161739500698677,,0.050643482974247145,0.0374012977670016,0.1757182451570601,0.006950224225188428,0.11747548275387043
reducedform-discrete-fob-tidy-tes.csv,bracelet - no signal,far,0.21625202604754346,0.223134414636374,0.6882388588830557,0.04021747942135192,0.04036268682768506,7.570958481531996e-08,3.2346872449766836e-08,,0.21629130785704936,0.04020177646690405,7.442667791055675e-08,0.003928180950590887,0.6843106779324648
reducedform-discrete-fob-tidy-tes.csv,bracelet - no signal,far - close,0.1656780453155482,0.17131617683458816,0.5638131519039968,0.05500985878660594,0.055919772234451146,0.0025971371013134184,0.002186863615379916,,0.16564782488280222,0.055013510808142846,0.0026035543661429646,-0.003022043274597541,0.5668351951785944
reducedform-discrete-fob-tidy-tes.csv,ink,combined,0.10301186260850426,0.10291749882368706,-0.009436378481719743,0.04008341385372457,0.040369244737029346,0.010171690661963759,0.010790733170927491,,0.10312204902633415,0.04013795575945165,0.01019364442193648,0.011018641782989391,-0.020455020264709134
reducedform-discrete-fob-tidy-tes.csv,ink,close,0.051789573152107415,0.053103320574606094,0.1313747422498679,0.05440291617269642,0.05386162457495654,0.34111565490396445,0.32417175509945084,,0.05179951063053234,0.05435996779101735,0.3406416972051379,0.0009937478424926205,0.13038099440737527
reducedform-discrete-fob-tidy-tes.csv,ink,far,0.16867883769160508,0.1667792753390086,-0.18995623525964733,0.05795747207914987,0.05959644063991882,0.003609781970810297,0.0051344207507783455,,0.16891754324975206,0.057991404146325504,0.003582003557136579,0.02387055581469788,-0.2138267910743452
reducedform-discrete-fob-tidy-tes.csv,ink,far - close,0.11688926453949766,0.11367595476440251,-0.3213309775095152,0.07878353808768025,0.07951514468470132,0.13789482929142138,0.15282786871166418,,0.11711803261921971,0.07864741844497163,0.13644710577761407,0.02287680797220526,-0.3442077854817205
reducedform-discrete-fob-tidy-tes.csv,calendar,combined,0.04263826172825913,0.04390365242966743,0.12653907014082977,0.042433621574790664,0.04294827908814048,0.3149822820457612,0.3066650798859395,,0.04278149796062669,0.042439587474286805,0.3134273848614671,0.014323623236756067,0.1122154469040737
reducedform-discrete-fob-tidy-tes.csv,calendar,close,0.026825556313187837,0.027414819001446267,0.05892626882584295,0.05882432180394035,0.05973958128860281,0.6483696176120628,0.6463020700973913,,0.026908695671476135,0.05890308951530542,0.6477932739992328,0.008313935828829777,0.050612332997013176
reducedform-discrete-fob-tidy-tes.csv,calendar,far,0.06291015007038037,0.06504233688464678,0.21321868142664124,0.06312840054644615,0.06233057629438324,0.31898650516932103,0.29671395485115587,,0.06313043049531764,0.06306720744912721,0.3168256137650525,0.022028042493726918,0.19119063893291433
reducedform-discrete-fob-tidy-tes.csv,calendar,far - close,0.03608459375719253,0.03762751788320051,0.1542924126007983,0.08761298289041497,0.08698852562809822,0.6804394418769888,0.6653364485856842,,0.0362217348238415,0.08764355825422393,0.6793980954927339,0.013714106664897141,0.14057830593590115
reducedform-discrete-fob-tidy-tes.csv,bracelet,combined,0.14449523487200044,0.14884288471538742,0.43476498433869804,0.03815884600265641,0.03809649058349607,0.00015267518619824287,9.345020896596085e-05,,0.1446231122713012,0.038123832376008186,0.00014853307151325876,0.012787739930075759,0.4219772444086223
reducedform-discrete-fob-tidy-tes.csv,bracelet,close,0.06398675888858918,0.06552564730250898,0.15388884139198034,0.04956100197103412,0.04944982895047629,0.19667915327053537,0.18514013917455627,,0.06409783080998521,0.04955574329276604,0.19585578288068567,0.011107192139603317,0.14278164925237702
reducedform-discrete-fob-tidy-tes.csv,bracelet,far,0.24770710108273364,0.2556555830786974,0.7948481995963763,0.056319073391650466,0.05603670672533653,1.0911173453820386e-05,5.059922458972848e-06,,0.24785652310470818,0.05625471113906704,1.053119408825612e-05,0.014942202197454346,0.779905997398922
reducedform-discrete-fob-tidy-tes.csv,bracelet,far - close,0.18372034219414446,0.19012993577618842,0.640959358204396,0.07305147156583298,0.07262397003592458,0.011905137492947937,0.008844544096908564,0.01: gains,0.18375869229472297,0.07302931096961598,0.011861705908479373,0.0038350100578510293,0.637124348146545
reducedform-discrete-pct-yesno-tidy-tes.csv,signal,combined,-0.040817531365397786,-0.04148974498496172,-0.06722136195639328,0.023731476674901834,0.02357548870428368,0.08543710267895595,0.0784302129383975,,-0.04076736813162429,0.023755148560898297,0.08613482347435218,0.005016323377349252,-0.07223768533374253
reducedform-discrete-pct-yesno-tidy-tes.csv,signal,close,-0.04263075122687576,-0.0430749529095088,-0.04442016826330386,0.03352866935295469,0.03350874681329393,0.203560920852209,0.19862325624559685,,-0.04258587981138573,0.0335366766393732,0.20414517377861433,0.004487141549003315,-0.048907309812307176
reducedform-discrete-pct-yesno-tidy-tes.csv,signal,far,-0.038511663088726,-0.03947383905827373,-0.09621759695477294,0.031610451923284454,0.031653635256540344,0.22310218479913463,0.21237715837985835,,-0.03845477025962574,0.03167321290048576,0.22470565260652875,0.00568928291002635,-0.1019068798647993
reducedform-discrete-pct-yesno-tidy-tes.csv,signal,far - close,0.004119088138149762,0.0036011138512350716,-0.05179742869146908,0.045313495981175095,0.045662947696295544,0.9275704482651163,0.9371416488862397,,0.004131109551759993,0.04535489090147415,0.9274257641465006,0.0012021413610230347,-0.05299957005249212
reducedform-discrete-pct-yesno-tidy-tes.csv,control,combined,0.6561252837949642,0.6560607349100681,-0.0064548884896042935,0.018571700183040735,0.018649426475171316,2.084409763711425e-273,4.2483743108869165e-271,,0.6562375755643286,0.018571745643376786,1.6883311179470448e-273,0.011229176936444762,-0.017684065426049056
reducedform-discrete-pct-yesno-tidy-tes.csv,control,close,0.6519014343370131,0.6501588476046665,-0.17425867323466182,0.02378063187369681,0.02390722102780311,1.9130319638898897e-165,7.425645600605608e-163,,0.6521427782350229,0.02383744440411755,8.694185004008284e-165,0.024134389800978262,-0.19839306303564008
reducedform-discrete-pct-yesno-tidy-tes.csv,control,far,0.6614967451811132,0.6635661538607112,0.20694086795979283,0.031112729594270343,0.030916031127704982,2.591970127550113e-100,3.4161527227547984e-102,,0.6614449216019739,0.031029996877714624,8.013937748814317e-101,-0.005182357913935398,0.21212322587372823
reducedform-discrete-pct-yesno-tidy-tes.csv,control,far - close,0.009595310844100147,0.013407306256044693,0.38119954119445465,0.04017740797920409,0.03992996933682161,0.8112424152283624,0.7370439283314658,,0.00930214336695101,0.04013949231894159,0.8167357541720016,-0.02931674771491366,0.4105162889093683
reducedform-discrete-pct-yesno-tidy-tes.csv,abs(calendar) - abs(bracelet),combined,0.006729542570447222,0.005119502085274452,-0.161004048517277,0.029019661732958016,0.027472973668432987,0.8166188156647313,0.8521727703511532,,0.007045108820078472,0.029075234650869038,0.808542931375812,0.031556624963124946,-0.19256067348040196
reducedform-discrete-pct-yesno-tidy-tes.csv,abs(calendar) - abs(bracelet),close,0.019710900608817528,0.016167868937686514,-0.3543031671131014,0.03529651734719529,0.034172056106770786,0.5765456388295245,0.6361195154930149,,0.020056463430143445,0.035417713303047875,0.571201136944856,0.034556282132591765,-0.38885944924569316
reducedform-discrete-pct-yesno-tidy-tes.csv,abs(calendar) - abs(bracelet),far,-0.009778825953819847,-0.008930685194962762,0.08481407588570855,0.03912678006628576,0.03903991009104233,0.8026440558437301,0.8190571428944908,,-0.009501406287815373,0.039170264846855866,0.8083409932513035,0.027741966600447476,0.057072109285261075
reducedform-discrete-pct-yesno-tidy-tes.csv,abs(calendar) - abs(bracelet),far - close,-0.029489726562637375,-0.025098554132649276,0.43911724299880994,0.051318813322027194,0.05089312843675314,0.5655363270748149,0.6218981655003982,,-0.029557869717958818,0.05142830030954669,0.56546756636017,-0.006814315532144288,0.44593155853095423
reducedform-discrete-pct-yesno-tidy-tes.csv,bracelet - calendar,combined,0.006729542570447222,0.005119502085274452,-0.161004048517277,0.030819307913232043,0.02945823301572101,0.8271527116346011,0.8620316836862016,,0.007045108820078472,0.030849396032029557,0.8193577972017446,0.031556624963124946,-0.19256067348040196
reducedform-discrete-pct-yesno-tidy-tes.csv,bracelet - calendar,close,0.019710900608817528,0.016167868937686514,-0.3543031671131014,0.04486360146573993,0.04405970999640818,0.6604067016109649,0.7136536334335066,,0.020056463430143445,0.04484533284747926,0.6547044110676506,0.034556282132591765,-0.38885944924569316
reducedform-discrete-pct-yesno-tidy-tes.csv,bracelet - calendar,far,-0.009778825953819847,-0.008930685194962762,0.08481407588570855,0.04123084256213559,0.041272390402868946,0.8125228952965488,0.8286884319033244,,-0.009501406287815373,0.04134041309371203,0.8182212564417174,0.027741966600447476,0.057072109285261075
reducedform-discrete-pct-yesno-tidy-tes.csv,bracelet - calendar,far - close,-0.029489726562637375,-0.025098554132649276,0.43911724299880994,0.06127522112941081,0.06270020569031412,0.6303269250041448,0.6889395403845608,,-0.029557869717958818,0.06131526584708227,0.6297606285101442,-0.006814315532144288,0.44593155853095423
reducedform-discrete-pct-yesno-tidy-tes.csv,bracelet - no signal,combined,-0.01784995450834187,-0.019004576129259765,-0.1154621620917895,0.024691139918856075,0.023544925875889206,0.46972317179673917,0.4195729924469517,,-0.0176787906758461,0.024652043299561117,0.47329211281290134,0.017116383249576872,-0.13257854534136637
reducedform-discrete-pct-yesno-tidy-tes.csv,bracelet - no signal,close,0.006481136389681119,0.004825856310823051,-0.1655280078858068,0.03689213138181175,0.03628018515081231,0.8605469085901124,0.8941804825673725,,0.006573671971387696,0.036876756494924376,0.8585183361680797,0.00925355817065765,-0.17478156605646444
reducedform-discrete-pct-yesno-tidy-tes.csv,bracelet - no signal,far,-0.04879175689563897,-0.049309692100233116,-0.05179352045941443,0.03171772544164394,0.031131738015270184,0.12397235294026991,0.11321551047943754,,-0.04852060166496969,0.03168963486563247,0.12573998780281878,0.027115523066928438,-0.07890904352634287
reducedform-discrete-pct-yesno-tidy-tes.csv,bracelet - no signal,far - close,-0.05527289328532009,-0.05413554841105617,0.11373448742639236,0.04914206396340654,0.04971716806098002,0.26069190957955135,0.27621107876040485,,-0.05509427363635738,0.04916312389761284,0.26244017445448137,0.017861964896270788,0.09587252253012157
reducedform-discrete-pct-yesno-tidy-tes.csv,ink,combined,-0.0883646053012429,-0.08809899205519789,0.026561324604501557,0.03512241420959213,0.035254958679780096,0.011872768130341582,0.012457571256886997,,-0.08857984508332706,0.035115087839674,0.011650474205111234,-0.02152397820841534,0.0480853028129169
reducedform-discrete-pct-yesno-tidy-tes.csv,ink,close,-0.10497240306256883,-0.10231777475670412,0.26546283058647147,0.048479152193623046,0.04905570090668429,0.03036393724226921,0.03700155812745159,,-0.1052282230529148,0.048399825803688186,0.029694272517211844,-0.025581999034596237,0.2910448296210677
reducedform-discrete-pct-yesno-tidy-tes.csv,ink,far,-0.06724450022363226,-0.07001699292158448,-0.27724926979522113,0.04857960234961368,0.04932561030567294,0.16629335030468742,0.15575749578474687,,-0.06740813423143599,0.04868485711097851,0.16618058625206422,-0.016363400780372572,-0.26088586901484856
reducedform-discrete-pct-yesno-tidy-tes.csv,ink,far - close,0.03772790283893657,0.03230078183511964,-0.5427121003816926,0.06744488317249502,0.0690592178513543,0.5758964987491946,0.6399806479182254,,0.0378200888214788,0.06746651161680516,0.5750868022399626,0.009218598254223664,-0.5519306986359163
reducedform-discrete-pct-yesno-tidy-tes.csv,calendar,combined,-0.049158994157578184,-0.048248156429068434,0.09108377285097502,0.031043604462871424,0.03087494048429539,0.1132969351626724,0.11812403617549523,,-0.049447798991849146,0.031075535053468065,0.11156162190011228,-0.02888048342709615,0.11996425627807117
reducedform-discrete-pct-yesno-tidy-tes.csv,calendar,close,-0.026459528438272817,-0.022684025253726925,0.3775503184545892,0.04017320965354398,0.04028904697120075,0.5101294385184694,0.5734130506853108,,-0.0269655829175115,0.04020377862351516,0.502397262976711,-0.05060544792386823,0.4281557663784574
reducedform-discrete-pct-yesno-tidy-tes.csv,calendar,far,-0.07802586188363825,-0.08075801381054071,-0.27321519269024597,0.04851042737432414,0.048827265029890723,0.1077399746116561,0.09813701134444555,0.1: gains,-0.07803839075430863,0.048506546169424056,0.10765530436373157,-0.0012528870670380776,-0.2719623056232079
reducedform-discrete-pct-yesno-tidy-tes.csv,calendar,far - close,-0.05156633344536543,-0.05807398855681378,-0.6507655111448352,0.06292256947344804,0.0638583948900816,0.4124895302689078,0.3631294017102598,,-0.05107280783679713,0.06289761225199829,0.4167921178499314,0.04935256085683015,-0.7001180720016653
reducedform-discrete-pct-yesno-tidy-tes.csv,bracelet,combined,-0.04242945158713096,-0.04312865434379398,-0.06992027566630199,0.027410358074240002,0.026787507378405143,0.12163795599908547,0.1073916018522308,,-0.042402690171770674,0.027324086106867918,0.12069980817964772,0.0026761415360287977,-0.07259641720233079
reducedform-discrete-pct-yesno-tidy-tes.csv,bracelet,close,-0.006748627829455289,-0.006516156316040411,0.023247151341487804,0.03893917521266696,0.03876660001999998,0.8624061616129526,0.8665149414894976,,-0.006909119487368054,0.03894686596858596,0.8591953071143787,-0.016049165791276465,0.03929631713276427
reducedform-discrete-pct-yesno-tidy-tes.csv,bracelet,far,-0.0878046878374581,-0.08968869900550347,-0.18840111680453742,0.03858337229972506,0.037775798062855054,0.022863183592564406,0.01758525705482489,,-0.087539797042124,0.038417166367636944,0.022687072542913224,0.0264890795334094,-0.21489019633794681
reducedform-discrete-pct-yesno-tidy-tes.csv,bracelet,far - close,-0.0810560600080028,-0.08317254268946306,-0.21164826814602522,0.05527076126922203,0.0552378955552125,0.14250478933720453,0.13214028290444257,,-0.08063067755475595,0.05524960172116221,0.14445798946112956,0.042538245324685864,-0.2541865134707111
reducedform-discrete-pct-yesnodk-tidy-tes.csv,signal,combined,0.02884478102509752,0.02951268031777249,0.06678992926749672,0.021689389685713493,0.021478698397547555,0.18355028431120782,0.16942797014044103,,0.02899527708778249,0.02170918054895756,0.1816725852932015,0.015049606268496829,0.05174032299899989
reducedform-discrete-pct-yesnodk-tidy-tes.csv,signal,close,-0.015329622287510114,-0.014775729738070786,0.055389254943932764,0.03071328555973348,0.030470341096657142,0.6176946835719018,0.6277318856876388,,-0.015223386902085967,0.030722633557326295,0.6202398261717371,0.010623538542414712,0.04476571640151805
reducedform-discrete-pct-yesnodk-tidy-tes.csv,signal,far,0.08502128636980993,0.0858341678227505,0.08128814529405615,0.029004397740219016,0.02875925767229206,0.003375205887379494,0.002839723705094349,,0.08522806865225685,0.029020496392028042,0.0033159303186451904,0.020678228244691566,0.06060991704936458
reducedform-discrete-pct-yesnodk-tidy-tes.csv,signal,far - close,0.10035090865732005,0.10060989756082128,0.025898890350123382,0.041673208248380535,0.04140655411820368,0.016038258935569313,0.015106902604639268,,0.10045145555434282,0.04166706325498794,0.01591705133017823,0.010054689702276853,0.01584420064784653
reducedform-discrete-pct-yesnodk-tidy-tes.csv,control,combined,0.4378885312546653,0.4366595678573504,-0.12289633973149305,0.023523949264368352,0.023447806385314428,2.4475314252856816e-77,2.1065450159765816e-77,,0.43783531364878564,0.023512491692366994,2.1553975425130116e-77,-0.005321760587967406,-0.11757457914352565
reducedform-discrete-pct-yesnodk-tidy-tes.csv,control,close,0.4845850079258349,0.4828890181410564,-0.16959897847785288,0.032682176297489235,0.03232487269307336,9.7731938140626e-50,1.8475946853081237e-50,,0.4847296233758046,0.03270216776488787,1.0472680623075606e-49,0.014461544996968723,-0.1840605234748216
reducedform-discrete-pct-yesnodk-tidy-tes.csv,control,far,0.37850470997849867,0.37786966315693943,-0.06350468215592375,0.03319134314226323,0.032221417021376306,4.006368595971733e-30,9.237687177281479e-32,,0.3781999084487653,0.03308693053840181,2.9443439215089775e-30,-0.030480152973338948,-0.033024529182584805
reducedform-discrete-pct-yesnodk-tidy-tes.csv,control,far - close,-0.10608029794733626,-0.10501935498411696,0.10609429632192913,0.046355036022688624,0.04469006569711661,0.022112438455383784,0.018776006294514456,,-0.10652971492703933,0.04627724806383744,0.02133579381789927,-0.04494169797030767,0.1510359942922368
reducedform-discrete-pct-yesnodk-tidy-tes.csv,abs(calendar) - abs(bracelet),combined,-0.06093445895900951,-0.065733313470557,-0.479885451154749,0.03875534772578923,0.037739858828134645,0.11588442795162134,0.08155259649701917,0.1: gains,-0.061107491343032005,0.03873198241585353,0.11463429300178125,-0.017303238402249788,-0.4625822127524992
reducedform-discrete-pct-yesnodk-tidy-tes.csv,abs(calendar) - abs(bracelet),close,-0.018318236434878843,-0.02270546563770509,-0.43872292028262483,0.04171432801965287,0.0403058376132337,0.6605634592887396,0.573210562769675,,-0.017948306022217364,0.041870150429211564,0.6681663746354422,0.036993041266147886,-0.4757159615487727
reducedform-discrete-pct-yesnodk-tidy-tes.csv,abs(calendar) - abs(bracelet),far,-0.11281717588133472,-0.1182579978236879,-0.544082194235318,0.049096526514873,0.04800856893923727,0.021569490123612246,0.01376767537011927,,-0.11300940892686262,0.04892556799621565,0.020897947838882835,-0.019223304552790088,-0.5248588896825279
reducedform-discrete-pct-yesnodk-tidy-tes.csv,abs(calendar) - abs(bracelet),far - close,-0.09449893944645588,-0.09555253218598281,-0.10535927395269318,0.06256689924781063,0.060046884854526514,0.13094996919331098,0.11154236034108471,,-0.09506110290464526,0.06257332469000333,0.12871333545348268,-0.056216345818937974,-0.049142928133755204
reducedform-discrete-pct-yesnodk-tidy-tes.csv,bracelet - calendar,combined,0.07002944619406848,0.07149192618351463,0.14624799894461527,0.02878740498434038,0.02812632168513238,0.014989118916696052,0.011027830361529715,,0.07035157290442634,0.02881794076535979,0.014636834911107297,0.03221267103578618,0.11403532790882909
reducedform-discrete-pct-yesnodk-tidy-tes.csv,bracelet - calendar,close,0.036383308606158904,0.03471741881067808,-0.16658897954808238,0.042429471877868254,0.04132233388331637,0.39116813997018335,0.400818047939132,,0.03680757721912792,0.04242551071790834,0.38562361976941023,0.04242686129690143,-0.2090158408449838
reducedform-discrete-pct-yesnodk-tidy-tes.csv,bracelet - calendar,far,0.11281717588133472,0.1182579978236879,0.544082194235318,0.0397556513780332,0.04027183100718756,0.004543068935937674,0.003319450369685363,,0.11300940892686262,0.03981762015040219,0.004537217458205292,0.019223304552790088,0.5248588896825279
reducedform-discrete-pct-yesnodk-tidy-tes.csv,bracelet - calendar,far - close,0.07643386727517582,0.08354057901300982,0.7106711737834004,0.05958213460290865,0.059714842777037466,0.19955094997986716,0.16181542382116362,,0.0762018317077347,0.05958974393407979,0.20097655467228914,-0.023203556744111342,0.7338747305275117
reducedform-discrete-pct-yesnodk-tidy-tes.csv,bracelet - no signal,combined,0.06775569938530374,0.07005227300527522,0.2296573619971487,0.025864243121155366,0.025358506836609163,0.008801571387198386,0.005736473414148779,,0.06804055251407776,0.025841005683841296,0.008462292532991354,0.02848531287740208,0.20117204911974662
reducedform-discrete-pct-yesnodk-tidy-tes.csv,bracelet - no signal,close,0.03186704056333889,0.03171443051743483,-0.01526100459040558,0.03617900018766913,0.03572212519063621,0.37841744320359144,0.37464340641071975,,0.03209275941990028,0.03616404475181274,0.374851884689717,0.0225718856561391,-0.03783289024654468
reducedform-discrete-pct-yesnodk-tidy-tes.csv,bracelet - no signal,far,0.11339523909474591,0.11880643496150994,0.5411195866764029,0.03553838015494147,0.0353904223828633,0.0014188808393319381,0.0007878677545152674,,0.1137552931659187,0.035532693208829846,0.0013674912436409952,0.03600540711727884,0.5051141795591241
reducedform-discrete-pct-yesnodk-tidy-tes.csv,bracelet - no signal,far - close,0.08152819853140703,0.08709200444407511,0.5563805912668085,0.05014899014054398,0.05026603320948188,0.10400930865184246,0.08316298444762643,0.1: gains,0.08166253374601842,0.05016589623373269,0.10355678196625323,0.013433521461139741,0.5429470698056688
reducedform-discrete-pct-yesnodk-tidy-tes.csv,ink,combined,-0.012339884143873492,-0.012466565547969655,-0.01266814040961628,0.030615682503205666,0.030703367205618844,0.6869058361525902,0.6847187063914719,,-0.012361018728861362,0.03061519832516123,0.686393387076451,-0.0021134584987869687,-0.010554681910829311
reducedform-discrete-pct-yesnodk-tidy-tes.csv,ink,close,-0.06704255318117919,-0.0642688782868196,0.277367489435959,0.04368232630555741,0.04343655143021612,0.12483904482375949,0.1389790626338732,,-0.06725435102329985,0.04363948092270307,0.12328382388175066,-0.021179784212066455,0.29854727364802547
reducedform-discrete-pct-yesnodk-tidy-tes.csv,ink,far,0.057225396858285094,0.053410337821813036,-0.3815059036472057,0.043164292783292105,0.043573253080371514,0.18491994273506118,0.22028911507894636,,0.05744672837765108,0.04309237785618869,0.18249686150311045,0.022133151936598594,-0.4036390555838043
reducedform-discrete-pct-yesnodk-tidy-tes.csv,ink,far - close,0.12426795003946428,0.11767921610863263,-0.6588733930831647,0.062123186300420984,0.062066063389717846,0.04546277122197195,0.057955869038350705,0.05: loses,0.12470107940095093,0.06196636517629707,0.04417784609051875,0.04331293614866505,-0.7021863292318298
reducedform-discrete-pct-yesnodk-tidy-tes.csv,calendar,combined,-0.0045474936175294856,-0.002879306356478817,0.16681872610506687,0.032235897945852764,0.03184473176620001,0.8878152436876667,0.9279558169266688,,-0.0046220407806971675,0.03222728611887068,0.8859584050874394,-0.007454716316768195,0.17427344242183507
reducedform-discrete-pct-yesnodk-tidy-tes.csv,calendar,close,-0.00903253608564003,-0.0060059765864864945,0.3026559499153536,0.04709384191514932,0.04623800710293025,0.8478999154525331,0.8966513712256377,,-0.009429635598455277,0.04712434358090096,0.8414014697544582,-0.03970995128152466,0.34236590119687826
reducedform-discrete-pct-yesnodk-tidy-tes.csv,calendar,far,0.0011561264268223903,0.0010968742756440886,-0.005925215117830174,0.043902815057733816,0.042815174332191855,0.9789911234451648,0.9795613742264849,,0.0014917684781121654,0.043775543531645165,0.9728152157818166,0.03356420512897751,-0.03948942024680768
reducedform-discrete-pct-yesnodk-tidy-tes.csv,calendar,far - close,0.01018866251246242,0.007102850862130583,-0.3085811650331838,0.06530252681683736,0.0633734891631255,0.8760152977737024,0.9107605982914283,,0.010921404076567442,0.06521707937557279,0.8670062851405835,0.07327415641050217,-0.38185532144368595
reducedform-discrete-pct-yesnodk-tidy-tes.csv,bracelet,combined,0.065481952576539,0.06861261982703581,0.31306672504968214,0.03207460080680284,0.031655350844048045,0.04119603054501644,0.030197599381416595,,0.06572953212372917,0.032005318696157796,0.04000410378971463,0.024757954719017983,0.28830877033066415
reducedform-discrete-pct-yesnodk-tidy-tes.csv,bracelet,close,0.027350772520518873,0.028711442224191586,0.13606697036727122,0.043891855719352425,0.0437445062737255,0.5331925028691836,0.5116028425413258,,0.02737794162067264,0.04388740348792891,0.5327442832883891,0.0027169100153767722,0.13335006035189445
reducedform-discrete-pct-yesnodk-tidy-tes.csv,bracelet,far,0.11397330230815711,0.11935487209933199,0.5381569791174878,0.04369404646607306,0.042423026727845106,0.009095593292265194,0.004901369938668686,,0.11450117740497479,0.04356432949844874,0.008580671809989981,0.0527875096817676,0.48536946943572024
reducedform-discrete-pct-yesnodk-tidy-tes.csv,bracelet,far - close,0.08662252978763824,0.0906434298751404,0.4020900087502166,0.06010009704422707,0.05912347508140535,0.14949872604047673,0.12524609172656342,,0.08712323578430214,0.0600743741447046,0.1469870779661494,0.050070599666390825,0.3520194090838258
reducedform-discrete-sob-tidy-tes.csv,signal,combined,0.057634347300816624,0.05967607796871377,0.20417306678971459,0.03483204726451064,0.03449776188126665,0.09799842667205327,0.08365643312989147,,0.05759592987993667,0.03484793044595424,0.09837583636775582,-0.003841742087995481,0.20801480887771007
reducedform-discrete-sob-tidy-tes.csv,signal,close,0.02028133569686663,0.02153744015779091,0.12561044609242789,0.045646485359623096,0.0454239912106665,0.65681616353627,0.6353983656023277,,0.020203145854969518,0.04568640173929168,0.6583346824805709,-0.007818984189711387,0.13342943028213927
reducedform-discrete-sob-tidy-tes.csv,signal,far,0.1055209081770806,0.10856981164231683,0.304890346523623,0.05280633907717669,0.05206892192131855,0.04568824768761602,0.0370586512205772,,0.1055334789999447,0.05276919403852677,0.04551031030622983,0.0012570822864099718,0.30363326423721304
reducedform-discrete-sob-tidy-tes.csv,signal,far - close,0.08523957248021397,0.08703237148452592,0.17927990043119513,0.0692103025120659,0.06855877815972204,0.21809765585937452,0.20427837426086837,,0.08533033314497518,0.06918749321134311,0.21745632339463394,0.009076066476121358,0.17020383395507377
reducedform-discrete-sob-tidy-tes.csv,control,combined,0.6332020295143095,0.6338056511127754,0.06036215984659421,0.042376956466160354,0.04195265523131701,1.7527940735402428e-50,1.4421084300369616e-51,,0.6329169828401363,0.04237597377167049,1.9288933801891466e-50,-0.028504667417317275,0.08886682726391149
reducedform-discrete-sob-tidy-tes.csv,control,close,0.666915832852985,0.6721517508611772,0.5235918008192231,0.05565247886858334,0.055006911521356824,4.332132644556931e-33,2.448691569490324e-34,,0.6665202807306687,0.055671966182640836,4.9646278239712325e-33,-0.03955521223162339,0.5631470130508465
reducedform-discrete-sob-tidy-tes.csv,control,far,0.5899809336341276,0.5846459512353244,-0.5334982398803256,0.061071654994706286,0.059322401685732495,4.438200074225794e-22,6.495803177441043e-23,,0.5898375549444738,0.06105867098724892,4.450952801289545e-22,-0.014337868965386136,-0.5191603709149395
reducedform-discrete-sob-tidy-tes.csv,control,far - close,-0.07693489921885732,-0.08750579962585281,-1.0570900406995487,0.08007653264945121,0.07758672246584704,0.33666927701310057,0.25938537072821044,,-0.07668272578619495,0.08009193047740587,0.3383483171558243,0.025217343266237258,-1.082307383965786
reducedform-discrete-sob-tidy-tes.csv,abs(calendar) - abs(bracelet),combined,-0.05555188558669111,-0.05945458968401951,-0.3902704097328402,0.04454539882684405,0.04605953724313626,0.21236644025653156,0.19676596678829072,,-0.05506353046990409,0.04440707587620842,0.21498575263643496,0.04883551167870204,-0.43910592141154225
reducedform-discrete-sob-tidy-tes.csv,abs(calendar) - abs(bracelet),close,-0.0017533604577361084,-0.011990019829595355,-1.0236659371859247,0.04912696373846689,0.049825424633249335,0.9715292339510707,0.8098336842847436,,-0.001270475221347045,0.04940481081613328,0.9794841669525164,0.048288523638906344,-1.071954460824831
reducedform-discrete-sob-tidy-tes.csv,abs(calendar) - abs(bracelet),far,-0.10210412181680661,-0.11240209192012418,-1.0297970103317566,0.08846537029378924,0.08524441873246753,0.2484302690462832,0.18730757703777198,,-0.10220685684372133,0.08832590242627633,0.24720858955829794,-0.010273502691471315,-1.0195235076402853
reducedform-discrete-sob-tidy-tes.csv,abs(calendar) - abs(bracelet),far - close,-0.1003507613590705,-0.10041207209052883,-0.0061310731458319445,0.10005774980624872,0.0984435081612365,0.3158953969884147,0.30772993606805277,,-0.10093638162237428,0.10004368114771092,0.3130115124152561,-0.05856202633037766,0.052430953184545714
reducedform-discrete-sob-tidy-tes.csv,bracelet - calendar,combined,0.05555188558669111,0.05945458968401951,0.3902704097328402,0.0400775697443304,0.04046254249794045,0.16571358097338873,0.14173149759537584,,0.05506353046990409,0.04009808474818014,0.16968366530018655,-0.04883551167870204,0.43910592141154225
reducedform-discrete-sob-tidy-tes.csv,bracelet - calendar,close,0.0017533604577361084,0.011990019829595355,1.0236659371859247,0.05530956846318857,0.056852441463148815,0.9747106152342399,0.8329675012579328,,0.001270475221347045,0.05552911824819264,0.9817464392826245,-0.048288523638906344,1.071954460824831
reducedform-discrete-sob-tidy-tes.csv,bracelet - calendar,far,0.12452159480201153,0.1203041682373912,-0.4217426564620319,0.06693763132536189,0.06862166653215152,0.06284833419207836,0.07957602895619588,,0.12402622729855417,0.06693110989234788,0.06387619001762951,-0.04953675034573557,-0.37220590611629634
reducedform-discrete-sob-tidy-tes.csv,bracelet - calendar,far - close,0.12276823434427542,0.10831414840779585,-1.4454085936479566,0.09182693229047552,0.09543322567486219,0.18123818609318085,0.25638657002087323,,0.12275575207720713,0.09208410195662169,0.1825045632984612,-0.0012482267068292252,-1.4441603669411274
reducedform-discrete-sob-tidy-tes.csv,bracelet - no signal,combined,0.07154005525579227,0.07385875223734761,0.2318696981555346,0.03885191495730737,0.03915978296422609,0.06556997717364206,0.0592832501994242,,0.07135214134933165,0.038830776038119144,0.06613387407879251,-0.01879139064606128,0.2506610888015959
reducedform-discrete-sob-tidy-tes.csv,bracelet - no signal,close,0.0345843834149826,0.03917084512289609,0.4586461707913492,0.050038848131041494,0.05055722935249807,0.48947086050379396,0.4384683253526733,,0.034519658248306384,0.050125129586790815,0.4910311443525681,-0.006472516667621608,0.4651186874589708
reducedform-discrete-sob-tidy-tes.csv,bracelet - no signal,far,0.1189172265557103,0.11832864915807445,-0.05885773976358477,0.0634727585014068,0.064070874407861,0.06099716989916281,0.06477034297174883,,0.11857138468484596,0.0634140149503156,0.06151190409868159,-0.03458418708643385,-0.024273552677150922
reducedform-discrete-sob-tidy-tes.csv,bracelet - no signal,far - close,0.0843328431407277,0.07915780403517836,-0.5175039105549339,0.08218103733459498,0.08313215269803438,0.3048049905702463,0.34099941441188153,,0.08405172643653958,0.08226084747433737,0.30688942428930494,-0.02811167041881224,-0.4893922401361217
reducedform-discrete-sob-tidy-tes.csv,ink,combined,0.05971680901494225,0.05989756625340803,0.01807572384657785,0.052546299417761434,0.052450699947932874,0.2557637660979858,0.25346299938187733,,0.06012832928996925,0.05249831331574077,0.2520690434247252,0.04115202750269997,-0.02307630365612212
reducedform-discrete-sob-tidy-tes.csv,ink,close,0.038809310935997265,0.031084860485986576,-0.7724450450010689,0.07147037290497907,0.07153834217370048,0.5871211471732811,0.6639106711805779,,0.03913581648859188,0.07138993759816017,0.5835559987447427,0.03265055525946137,-0.8050956002605303
reducedform-discrete-sob-tidy-tes.csv,ink,far,0.08652022155214967,0.09683545504724234,1.0315233495092668,0.07461203511101576,0.07413889460484986,0.24621112428865707,0.19150642338246132,,0.08704073070133511,0.07454570071682587,0.2429618134538896,0.05205091491854441,0.9794724345907224
reducedform-discrete-sob-tidy-tes.csv,ink,far - close,0.0477109106161524,0.06575059456125576,1.8039683945103357,0.10173550943389396,0.10142874293067485,0.6390910182279514,0.5168270166482317,,0.04790491421274323,0.10162064087786017,0.6373484827938322,0.019400359659083044,1.7845680348512527
reducedform-discrete-sob-tidy-tes.csv,calendar,combined,0.03197633933820232,0.028808325106656207,-0.31680142315461124,0.05212926108375501,0.05233768051045586,0.5396087083238239,0.5820232238929092,,0.032577221758855135,0.05217786111374812,0.5323980789979169,0.060088242065281516,-0.37688966521989276
reducedform-discrete-sob-tidy-tes.csv,calendar,close,0.06566204591449298,0.05436165058660147,-1.130039532789151,0.07091408942028064,0.07163097646542993,0.3544782326355722,0.44790484113953033,,0.06649836605391868,0.07109356174585248,0.34960068671442396,0.08363201394256947,-1.2136715467317205
reducedform-discrete-sob-tidy-tes.csv,calendar,far,-0.011208736492602456,-0.003951038158633513,0.7257698333968943,0.07562924302152153,0.07493714796813135,0.8821798952200476,0.9579512638159624,,-0.010909685227416421,0.0756432008242884,0.8853223347256984,0.029905126518603442,0.6958647068782908
reducedform-discrete-sob-tidy-tes.csv,calendar,far - close,-0.07687078240709544,-0.058312688745234986,1.8558093661860453,0.10304719514367794,0.1028493379634629,0.4556816319076563,0.5707332454318177,,-0.0774080512813351,0.10324752360283306,0.45341567020698353,-0.05372688742396603,1.9095362536100113
reducedform-discrete-sob-tidy-tes.csv,bracelet,combined,0.08752822492489343,0.08826291479067572,0.07346898657822898,0.05264466664019411,0.052909132092864866,0.09638795712342926,0.09527640360547233,,0.08764075222875922,0.05262192062416282,0.09581704617738657,0.01125273038657948,0.0622162561916495
reducedform-discrete-sob-tidy-tes.csv,bracelet,close,0.06741540637222909,0.06635167041619683,-0.10637359560322635,0.06680590033921036,0.06667357178055566,0.3129153917577968,0.31965262731146676,,0.06776884127526572,0.06684849676409374,0.31069365071299143,0.03534349030366313,-0.14171708590688947
reducedform-discrete-sob-tidy-tes.csv,bracelet,far,0.11331285830940907,0.1163531300787577,0.30402717693486236,0.08022983769215745,0.07942926947873055,0.1578460247174166,0.14295784546296184,,0.11311654207113775,0.08014891158517352,0.15814741098849022,-0.019631623827132128,0.3236588007619945
reducedform-discrete-sob-tidy-tes.csv,bracelet,far - close,0.04589745193717998,0.050001459662560865,0.4104007725380887,0.10190496805548899,0.1000170096607109,0.6524259053385129,0.6171246770748285,,0.045347700795872026,0.10190308035723787,0.6563138677385925,-0.054975114130795255,0.46537588666888396
reducedform-dist-cts-exclude-baseline-tidy-tes.csv,signal,combined,0.02066901939818311,0.02114009790718857,0.047107850900546255,0.019592166759633683,0.019622756772847125,0.29144205151223185,0.28133483633897627,,0.021036495715080372,0.019602886631927496,0.2832116485336383,0.03674763168972639,0.010360219210819865
reducedform-dist-cts-exclude-baseline-tidy-tes.csv,signal,close,-0.002266949772401994,-0.001880826778177247,0.03861229942247468,0.022644900742797826,0.023033301017668414,0.9202580916273824,0.9349195933955681,,-0.0019738383350997313,0.02265495239578104,0.930571255357004,0.029311143730226252,0.00930115569224843
reducedform-dist-cts-exclude-baseline-tidy-tes.csv,signal,far,0.048888555032939734,0.04946415954470068,0.05756045117609465,0.02862203475549105,0.02836726152854142,0.08762260191029768,0.08121039681099182,,0.04934752704178269,0.028565729662035286,0.08407646638166456,0.04589720088429561,0.011663250291799043
reducedform-dist-cts-exclude-baseline-tidy-tes.csv,signal,far - close,0.05115550480534173,0.05134498632287793,0.01894815175361997,0.032814646421372363,0.03294238168829487,0.11901462202064851,0.11908396425038639,,0.05132136537688242,0.0327151456426291,0.11670990357902145,0.016586057154069356,0.0023620945995506126
reducedform-dist-cts-exclude-baseline-tidy-tes.csv,control,combined,0.3164679630332824,0.31621825898138156,-0.024970405190083422,0.02387507681149443,0.02395921573237922,4.212176354948788e-40,8.986962019460414e-40,,0.3162622632777497,0.02393545861142752,7.369766875998384e-40,-0.02056997555326956,-0.004400429636813863
reducedform-dist-cts-exclude-baseline-tidy-tes.csv,control,close,0.3995061015185626,0.3996209911762578,0.011488965769523851,0.02548818922456526,0.025396215532340942,2.2718848953166327e-55,8.643402507325655e-56,,0.3995788948268273,0.02558836549371085,5.69639032392303e-55,0.007279330826470698,0.004209634943053153
reducedform-dist-cts-exclude-baseline-tidy-tes.csv,control,far,0.2143010264368357,0.21360274028650103,-0.06982861503346816,0.03391356641649371,0.0336856650193961,2.632009998562151e-10,2.2819328171890274e-10,,0.21375267951085156,0.03387710843546401,2.796681437052239e-10,-0.05483469259841556,-0.014993922435052598
reducedform-dist-cts-exclude-baseline-tidy-tes.csv,control,far - close,-0.18520507508172687,-0.1860182508897568,-0.081317580802992,0.035060050436333874,0.034271986287047015,1.2742571789701e-07,5.7083102873878355e-08,,-0.18582621531597573,0.03499238199929213,1.0933910261520778e-07,-0.062114023424886255,-0.01920355737810575
reducedform-dist-cts-exclude-baseline-tidy-tes.csv,abs(calendar) - abs(bracelet),combined,-0.04036311100690265,-0.04118453093980484,-0.08214199329021898,0.026343020049029303,0.026175124710224314,0.12546994498450095,0.1156210135913035,,-0.04099870974115982,0.026367199160122676,0.11996670958436599,-0.063559873425717,-0.018582119864501978
reducedform-dist-cts-exclude-baseline-tidy-tes.csv,abs(calendar) - abs(bracelet),close,-0.028319038898530602,-0.029566321332831658,-0.12472824343010558,0.031157481603863082,0.03198447025752535,0.3634028482539096,0.35528009576746866,,-0.029255716203532955,0.0312447312615413,0.3490977553487097,-0.09366773050023536,-0.03106051292987022
reducedform-dist-cts-exclude-baseline-tidy-tes.csv,abs(calendar) - abs(bracelet),far,-0.05518167478861857,-0.05547912985461878,-0.029745506600020732,0.03939504178961237,0.03893707551919181,0.16129590708345262,0.15420325500293597,,-0.055446838012049304,0.0393822951570091,0.1591568881292047,-0.026516322343073107,-0.003229184256947626
reducedform-dist-cts-exclude-baseline-tidy-tes.csv,abs(calendar) - abs(bracelet),far - close,-0.02686263589008797,-0.025912808521787123,0.09498273683008485,0.048877204002262226,0.05005591882975006,0.5825976247593605,0.6046834999576911,,-0.02619112180851635,0.04891247560079896,0.5923254835368169,0.06715140815716225,0.027831328672922595
reducedform-dist-cts-exclude-baseline-tidy-tes.csv,bracelet - calendar,combined,0.04036311100690265,0.04118453093980484,0.08214199329021898,0.02563813997873634,0.02554859738596419,0.11540921202912342,0.10696030479252198,,0.04099870974115982,0.025657350839578322,0.11005804380887504,0.063559873425717,0.018582119864501978
reducedform-dist-cts-exclude-baseline-tidy-tes.csv,bracelet - calendar,close,0.028319038898530602,0.029566321332831658,0.12472824343010558,0.034658196678528014,0.035970854119976844,0.4138741453184022,0.41110412352133363,,0.029255716203532955,0.03462913783095659,0.3982060573387249,0.09366773050023536,0.03106051292987022
reducedform-dist-cts-exclude-baseline-tidy-tes.csv,bracelet - calendar,far,0.05518167478861857,0.05547912985461878,0.029745506600020732,0.03712947624376062,0.036521880115916734,0.1372273157996231,0.12874599746128,,0.055446838012049304,0.03704871502901671,0.13449925983808397,0.026516322343073107,0.003229184256947626
reducedform-dist-cts-exclude-baseline-tidy-tes.csv,bracelet - calendar,far - close,0.02686263589008797,0.025912808521787123,-0.09498273683008485,0.050205198973370176,0.051621236519238625,0.5926105427977942,0.6156818591809414,,0.02619112180851635,0.05001227202101834,0.6004914586862485,-0.06715140815716225,-0.027831328672922595
reducedform-dist-cts-exclude-baseline-tidy-tes.csv,bracelet - no signal,combined,0.06038402455316033,0.06118925476912235,0.08052302159620162,0.02434883958149027,0.024157013883002273,0.01313989935401196,0.011309711521756208,,0.061018256993184694,0.024345416501336488,0.01219830696903886,0.06342324400243626,0.017099777593765353
reducedform-dist-cts-exclude-baseline-tidy-tes.csv,bracelet - no signal,close,0.04158417177383908,0.04250024298450181,0.09160712106627278,0.0312757094511934,0.0324104093601948,0.18365021947683538,0.18975149778303863,,0.042282262013729144,0.03124443798889814,0.1759683529896683,0.06980902398900646,0.02179809707726632
reducedform-dist-cts-exclude-baseline-tidy-tes.csv,bracelet - no signal,far,0.08351464142347863,0.08418349713629732,0.0668855712818689,0.03860034384148032,0.03824166948254998,0.030497175974551174,0.027710889456822138,,0.08407030567894257,0.03850058101094441,0.028990818829333645,0.055566425546393905,0.01131914573547499
reducedform-dist-cts-exclude-baseline-tidy-tes.csv,bracelet - no signal,far - close,0.04193046964963955,0.04168325415179551,-0.024721549784403885,0.049856190964223036,0.05132712569362467,0.40033205667091565,0.41672871565675773,,0.04178804366521342,0.049679066639784594,0.40025830612904867,-0.014242598442612553,-0.010478951341791332
reducedform-dist-cts-exclude-baseline-tidy-tes.csv,ink,combined,0.0009749277894635644,0.0010956648745722997,0.012073708510873526,0.031086789276888002,0.03123396830124889,0.9749812587589702,0.9720165296611134,,0.0010742816890009221,0.0311469855991365,0.9724858492303347,0.009935389953735774,0.0021383185571377528
reducedform-dist-cts-exclude-baseline-tidy-tes.csv,ink,close,-0.032852938443334534,-0.03332797488918621,-0.047503644585167315,0.03307803470342,0.03298463236585451,0.32061493796911655,0.3122992980802358,,-0.033203392873732474,0.03313384272325579,0.31629574855766485,-0.035045443039793955,-0.01245820154537336
reducedform-dist-cts-exclude-baseline-tidy-tes.csv,ink,far,0.04259543527726098,0.04344918923478261,0.08537539575216302,0.042236314140195706,0.041967870892933155,0.31321321003618796,0.3005304706944527,,0.04324821607151605,0.04217134980967492,0.30511058648671535,0.06527807942550701,0.020097316326656012
reducedform-dist-cts-exclude-baseline-tidy-tes.csv,ink,far - close,0.07544837372059551,0.07677716412396882,0.13287904033733033,0.04203498141073371,0.04092818911217206,0.0726704467951705,0.0606690993427658,,0.07645160894524852,0.0418341288702611,0.06762556543712807,0.10032352246530096,0.03255551787202937
reducedform-dist-cts-exclude-baseline-tidy-tes.csv,calendar,combined,0.04004182709251536,0.04000944765863501,-0.0032379433880347364,0.02877262309512504,0.029081904364351905,0.16402413336930854,0.16889885737016624,,0.040039094504049744,0.028841581162147627,0.16506336496539736,-0.000273258846561486,-0.0029646845414732503
reducedform-dist-cts-exclude-baseline-tidy-tes.csv,calendar,close,0.026530265750616955,0.0258678433033403,-0.0662422447276656,0.034600331439909475,0.034456533547118355,0.44322223568475977,0.4528101004918098,,0.026053091620392377,0.03471824886462053,0.4530048533696902,-0.0477174130224578,-0.0185248317052078
reducedform-dist-cts-exclude-baseline-tidy-tes.csv,calendar,far,0.05666593326972011,0.05740873456335707,0.07428012936369632,0.038021438612317326,0.03752575317866337,0.13612751656859692,0.12605411891920226,,0.057246935333786525,0.037960042006658284,0.1315330071122749,0.0581002064066416,0.016179922957054726
reducedform-dist-cts-exclude-baseline-tidy-tes.csv,calendar,far - close,0.030135667519103154,0.03154089126001677,0.14052237409136192,0.04408607737338114,0.04220432724678471,0.4942503500406451,0.4548596495150182,,0.031193843713394148,0.044014691972679106,0.4785017593431171,0.1058176194290994,0.03470475466226253
reducedform-dist-cts-exclude-baseline-tidy-tes.csv,bracelet,combined,0.08040493809941801,0.08119397859843985,0.07890404990218425,0.030697714511801647,0.030614872069399345,0.008812376510450397,0.007999070768835813,,0.08103780424520957,0.03070858770943818,0.00831682247332888,0.06328661457915552,0.015617435323028728
reducedform-dist-cts-exclude-baseline-tidy-tes.csv,bracelet,close,0.05484930464914756,0.055434164636171956,0.05848599870243998,0.03679321777473669,0.03742450100818977,0.13602846225900925,0.13854621265422493,,0.05530880782392533,0.036822968724448,0.1330921377169226,0.04595031747777756,0.01253568122466242
reducedform-dist-cts-exclude-baseline-tidy-tes.csv,bracelet,far,0.11184760805833868,0.11288786441797585,0.10402563596371706,0.048209853560243654,0.04790713848933973,0.020340038248961564,0.018453571189080867,,0.11269377334583583,0.0480880919317135,0.01910447587946177,0.0846165287497147,0.019409107214002352
reducedform-dist-cts-exclude-baseline-tidy-tes.csv,bracelet,far - close,0.056998303409191126,0.057453699781803896,0.04553963726127708,0.058502210727906116,0.05911681844737557,0.32991100283943275,0.33111659431178275,,0.0573849655219105,0.0583389966182218,0.32528922113260855,0.038666211271937145,0.006873425989339932
reducedform-dist-cts-no-covs-tidy-tes.csv,signal,combined,0.014647194075788683,0.016617020566726537,0.19698264909378538,0.0186678709889888,0.01875013627028962,0.4326761130766517,0.3754910923576435,,0.015041801429936441,0.01868625916283822,0.4208393577417811,0.039460735414775794,0.15752191367900958
reducedform-dist-cts-no-covs-tidy-tes.csv,signal,close,-0.011039899399221564,-0.009265766892132321,0.17741325070892433,0.020601785630258298,0.02080656790766048,0.5920477105194275,0.6560820546458882,,-0.010741126045935967,0.020634985100445757,0.6026943167533293,0.02987733532855974,0.1475359153803646
reducedform-dist-cts-no-covs-tidy-tes.csv,signal,far,0.04642347078614811,0.048635380959592744,0.22119101734446311,0.02682729586726067,0.026902785192824824,0.08354873160173179,0.07063459037100872,,0.046936629806431984,0.02679467582541724,0.07982286327046763,0.051315902028387095,0.16987511531607602
reducedform-dist-cts-no-covs-tidy-tes.csv,signal,far - close,0.05746337018536968,0.057901147851725066,0.043777766635538784,0.02900319401548465,0.029241015641046232,0.047560183621149825,0.04768840219435915,,0.05767775585236795,0.028953515473315077,0.046362141745324936,0.021438566699827355,0.02233919993571143
reducedform-dist-cts-no-covs-tidy-tes.csv,control,combined,0.33084897542562824,0.32990116334050174,-0.09478120851265093,0.022724089390655105,0.023329976574987015,5.090691683169494e-48,2.1328811986194637e-45,,0.33052244339913867,0.02281268109830543,1.4315324654281357e-47,-0.03265320264895788,-0.06212800586369305
reducedform-dist-cts-no-covs-tidy-tes.csv,control,close,0.40694743830149066,0.4074034019083463,0.0455963606855625,0.022821069548634814,0.023285220337735568,3.982288487295486e-71,1.5309128123121385e-68,,0.40687155187257606,0.02295379126465089,2.6568270151488118e-70,-0.007588642891459552,0.05318500357702205
reducedform-dist-cts-no-covs-tidy-tes.csv,control,far,0.2367112009075068,0.23402684494788176,-0.26843559596250455,0.033174524941887946,0.03350965056925844,9.655484918095674e-13,2.871699051466528e-12,,0.2360746071812565,0.03318973015625216,1.1364511060864076e-12,-0.06365937262503008,-0.20477622333747447
reducedform-dist-cts-no-covs-tidy-tes.csv,control,far - close,-0.17023623739398386,-0.17337655696046453,-0.31403195664806705,0.03265377698692149,0.03227496905122671,1.8544000811962546e-07,7.79293836877374e-08,,-0.17079694469131956,0.03263992613143119,1.6699626924636106e-07,-0.056070729733570523,-0.2579612269144965
reducedform-dist-cts-no-covs-tidy-tes.csv,abs(calendar) - abs(bracelet),combined,-0.04686773104987546,-0.050528860634224626,-0.36611295843491654,0.024271791454889023,0.024127654961505738,0.05348864829247413,0.036239489972127274,0.05: gains,-0.047419255700201335,0.02430914446251788,0.0510956440765511,-0.05515246503258742,-0.3109604934023291
reducedform-dist-cts-no-covs-tidy-tes.csv,abs(calendar) - abs(bracelet),close,-0.02884063374226048,-0.03449301095000851,-0.5652377207748027,0.027797254874302013,0.028821644950256034,0.2994864436992561,0.23139444339830792,,-0.029666864232409773,0.027870128610642926,0.2871166755269622,-0.08262304901492934,-0.4826146717598734
reducedform-dist-cts-no-covs-tidy-tes.csv,abs(calendar) - abs(bracelet),far,-0.0691681922869023,-0.07036604452375689,-0.11978522368545907,0.03758916263717865,0.03736705537715523,0.06575209637884168,0.05968630036911377,,-0.06937989146072282,0.037532100168560636,0.06452309662264366,-0.021169917382052317,-0.09861530630340676
reducedform-dist-cts-no-covs-tidy-tes.csv,abs(calendar) - abs(bracelet),far - close,-0.04032755854464182,-0.03587303357374838,0.44545249708934365,0.0444948247586236,0.04602975503830153,0.3647545038474932,0.43577684417622525,,-0.03971302722831305,0.04446058810700135,0.371740083585103,0.06145313163287702,0.3839993654564666
reducedform-dist-cts-no-covs-tidy-tes.csv,bracelet - calendar,combined,0.04686773104987546,0.050528860634224626,0.36611295843491654,0.023391180589160742,0.023164687647259638,0.045107602182284046,0.029162104057622405,,0.047419255700201335,0.023409596268272735,0.04280238539160448,0.05515246503258742,0.3109604934023291
reducedform-dist-cts-no-covs-tidy-tes.csv,bracelet - calendar,close,0.02884063374226048,0.03449301095000851,0.5652377207748027,0.029679248514741383,0.030315570289383184,0.33117788662884234,0.25520462392195625,,0.029666864232409773,0.02970375697220986,0.3179119473866141,0.08262304901492934,0.4826146717598734
reducedform-dist-cts-no-covs-tidy-tes.csv,bracelet - calendar,far,0.0691681922869023,0.07036604452375689,0.11978522368545907,0.032828408157078166,0.032460960162645436,0.03512091643008205,0.030180531652339724,,0.06937989146072282,0.032775822139411666,0.03427674465633099,0.021169917382052317,0.09861530630340676
reducedform-dist-cts-no-covs-tidy-tes.csv,bracelet - calendar,far - close,0.04032755854464182,0.03587303357374838,-0.44545249708934365,0.041303425360134656,0.04231605233598222,0.32887954588571644,0.3965824769033324,,0.03971302722831305,0.04122503430440478,0.3353854117898625,-0.06145313163287702,-0.3839993654564666
reducedform-dist-cts-no-covs-tidy-tes.csv,bracelet - no signal,combined,0.06362677364176633,0.06710617542777633,0.347940178601,0.022098774329712873,0.021928131185189548,0.003986864063629579,0.0022113169740971914,,0.06428075183761248,0.02209524008989579,0.0036228785967408806,0.06539781958461444,0.2825423590163856
reducedform-dist-cts-no-covs-tidy-tes.csv,bracelet - no signal,close,0.04290656686502323,0.04709107409621471,0.41845072311914866,0.026788546043446337,0.027451768222037546,0.10922731141099198,0.08626984053501358,0.1: gains,0.04364881915485763,0.026812848364271454,0.10354464162422301,0.07422522898344053,0.34422549413570813
reducedform-dist-cts-no-covs-tidy-tes.csv,bracelet - no signal,far,0.08925875199985472,0.09186590151030595,0.2607149510451226,0.034082818990419116,0.03412675641425678,0.008821943746059293,0.0071045708118445995,,0.0898035305293525,0.03401231075711392,0.00828267279375101,0.05447785294977747,0.20623709809534513
reducedform-dist-cts-no-covs-tidy-tes.csv,bracelet - no signal,far - close,0.0463521851348315,0.04477482741409124,-0.15773577207402606,0.04159851316912645,0.04297351594171254,0.2651612093470293,0.29745026308533035,,0.04615471137449487,0.04153672770364597,0.26649160050406046,-0.019747376033663055,-0.137988396040363
reducedform-dist-cts-no-covs-tidy-tes.csv,ink,combined,-0.01757334289829815,-0.017294819500771552,0.02785233975265977,0.030473580408131588,0.030914601957390046,0.564159225162887,0.5758624712719491,,-0.017335652840328453,0.030560804692464413,0.5705435334364721,0.023769005796969722,0.004083333955690049
reducedform-dist-cts-no-covs-tidy-tes.csv,ink,close,-0.05092043254070355,-0.05302454473427315,-0.2104112193569596,0.03228822104881663,0.03231209832592698,0.11478192904474346,0.1007949008834894,,-0.05114911632428165,0.0323599556788119,0.11396266519070107,-0.02286837835780986,-0.18754284099914975
reducedform-dist-cts-no-covs-tidy-tes.csv,ink,far,0.02367874928539393,0.026904717395428684,0.3225968110034755,0.04162791088175123,0.04197505978986274,0.5694789360699294,0.5215427421268071,,0.024493368152141093,0.04161097899946627,0.5561111561332139,0.08146188667471632,0.24113492432875916
reducedform-dist-cts-no-covs-tidy-tes.csv,ink,far - close,0.07459918182609748,0.07992926212970183,0.5330080303604351,0.04134188263774696,0.04068859586048464,0.07116146631897904,0.04948205849966,0.05: gains,0.07564248447642274,0.0411757253789794,0.06620029838405744,0.10433026503252618,0.4286777653279089
reducedform-dist-cts-no-covs-tidy-tes.csv,calendar,combined,0.03351808518378174,0.03315462958710341,-0.03634555966783304,0.026991296583014735,0.0277111634305655,0.21430635542573453,0.2315265153108584,,0.03372299227482228,0.027110856613411175,0.21353911558716726,0.02049070910405404,-0.05683626877188708
reducedform-dist-cts-no-covs-tidy-tes.csv,calendar,close,0.028131866245525494,0.025196126292412413,-0.2935739953113081,0.030318849626011543,0.03041282054098702,0.35347645808543565,0.4074040641149687,,0.027963909844895718,0.03047938073901568,0.35889653700059876,-0.016795640062977624,-0.2767783552483305
reducedform-dist-cts-no-covs-tidy-tes.csv,calendar,far,0.040181119425904854,0.042999713973098125,0.28185945471932705,0.03692378313697969,0.03706902951079594,0.27649895209382275,0.24605276298667797,,0.04084727813725936,0.03693692684736934,0.26878468008005,0.06661587113545031,0.21524358358387674
reducedform-dist-cts-no-covs-tidy-tes.csv,calendar,far - close,0.01204925318037936,0.017803587680685712,0.5754334500306352,0.03968162600940909,0.03804642574614104,0.7613959476924258,0.6398248055938863,,0.01288336829236364,0.0396491237216828,0.7452306433021154,0.08341151119842793,0.49202193883220724
reducedform-dist-cts-no-covs-tidy-tes.csv,bracelet,combined,0.0803858162336572,0.08368349022132804,0.3297673987670835,0.028174977728696687,0.028443582933456484,0.004329602373781177,0.0032600852122862205,,0.08114224797502362,0.028211510859456244,0.0040248101493898375,0.07564317413664146,0.25412422463044204
reducedform-dist-cts-no-covs-tidy-tes.csv,bracelet,close,0.056972499987785974,0.05968913724242092,0.2716637254634946,0.03184353823252467,0.032413503076519655,0.0735925143633309,0.06554980518734044,,0.05763077407730549,0.031938077926883184,0.07116025440170207,0.06582740895195172,0.20583631651154288
reducedform-dist-cts-no-covs-tidy-tes.csv,bracelet,far,0.10934931171280715,0.11336575849685501,0.4016446784047861,0.04390051934901209,0.04430139440775322,0.012744033487745839,0.010498403279921518,,0.11022716959798218,0.04383592512570692,0.01191879167299874,0.08778578851750263,0.3138588898872835
reducedform-dist-cts-no-covs-tidy-tes.csv,bracelet,far - close,0.05237681172502118,0.05367662125443409,0.12998095294129153,0.05042038645884287,0.05125000600499446,0.2988967071143737,0.2949388358289534,,0.052596395520676686,0.05036985754598643,0.29639111964303755,0.021958379565550912,0.10802257337574062
reducedform-dist-cts-tidy-tes.csv,signal,combined,0.01694546925705387,0.01864616031785815,0.17006910608042825,0.018499241904699853,0.01862688437925697,0.35966225444632965,0.3168099625901878,,0.017329593873698645,0.018520744804823866,0.3494350963943724,0.03841246166447765,0.1316566444159506
reducedform-dist-cts-tidy-tes.csv,signal,close,-0.009234881995131894,-0.007622692599482339,0.16121893956495548,0.020397215967100726,0.020650606451347864,0.6507272718548431,0.7120332021914322,,-0.008938943970483226,0.020429651385613385,0.6617142975105548,0.02959380246486676,0.13162513710008872
reducedform-dist-cts-tidy-tes.csv,signal,far,0.04933193160917598,0.05114210385375145,0.18101722445754698,0.027171424220971074,0.027267780351223493,0.06943461357017543,0.060717004814824276,,0.04982514764763285,0.027145804081557694,0.06643696023988917,0.049321603845686735,0.13169562061186024
reducedform-dist-cts-tidy-tes.csv,signal,far - close,0.05856681360430788,0.05876479645323379,0.0197982848925915,0.029688067859878313,0.02991595569825661,0.048525289657568624,0.0494918844064416,,0.05876409161811608,0.02964130380907236,0.04742252725011955,0.019727801380819976,7.048351177152412e-05
reducedform-dist-cts-tidy-tes.csv,control,combined,0.3275292199608077,0.3267354725782105,-0.07937473825971875,0.022444944466485626,0.02299592841633062,3.1321561051952623e-48,8.125475034452995e-46,,0.3272248925953599,0.022532418583028842,8.739041455653895e-48,-0.030432736544777628,-0.04894200171494112
reducedform-dist-cts-tidy-tes.csv,control,close,0.4049808394003386,0.40546762862748936,0.048678922715078565,0.022533745067470506,0.022845720301349126,3.21734793141029e-72,1.7835389871287322e-70,,0.4049232228354008,0.022657730401307516,1.973218819116914e-71,-0.005761656493780132,0.0544405792088587
reducedform-dist-cts-tidy-tes.csv,control,far,0.23171752007462554,0.22933968200116503,-0.23778380734605087,0.03293992211963618,0.03334563187086183,1.9990550384315255e-12,6.084669859270688e-12,,0.2311079985589689,0.032960788740625434,2.3560124199481325e-12,-0.060952151565663026,-0.17683165578038784
reducedform-dist-cts-tidy-tes.csv,control,far - close,-0.17326331932571304,-0.17612794662632433,-0.28646273006112943,0.03255880004296935,0.03223494919288038,1.0288618133121423e-07,4.658342325476893e-08,,-0.17381522427643187,0.03254505250172549,9.255914265917024e-08,-0.055190495071882895,-0.23127223498924654
reducedform-dist-cts-tidy-tes.csv,abs(calendar) - abs(bracelet),combined,-0.04700931715619644,-0.050050477442172836,-0.30411602859763964,0.02418923994381354,0.024006315157294966,0.05196810556936153,0.03707947179632217,0.05: gains,-0.04756530116884378,0.024212783407917514,0.0494755423989878,-0.0555984012647337,-0.24851762733290594
reducedform-dist-cts-tidy-tes.csv,abs(calendar) - abs(bracelet),close,-0.02862165328583549,-0.033829600087033396,-0.5207946801197905,0.028473188298896324,0.0293269852354052,0.31479371750445373,0.24869231254400198,,-0.029453847496077656,0.028549466204763323,0.30222312965740666,-0.08321942102421653,-0.43757525909557393
reducedform-dist-cts-tidy-tes.csv,abs(calendar) - abs(bracelet),far,-0.06975581806997622,-0.07011655022783708,-0.036073215786086577,0.03766643000419141,0.03734327969271628,0.0640350123231125,0.060432942610134564,,-0.06997011563695643,0.03760664133792548,0.06280369589094248,-0.021429756698021496,-0.01464345908806508
reducedform-dist-cts-tidy-tes.csv,abs(calendar) - abs(bracelet),far - close,-0.041134164784140725,-0.036286950140803687,0.4847214643337039,0.045523540145130235,0.04681611829413316,0.36621809926487525,0.43828338792725646,,-0.040516268140878775,0.04548316203255026,0.37303803944514263,0.06178966432619504,0.42293180000750885
reducedform-dist-cts-tidy-tes.csv,bracelet - calendar,combined,0.04700931715619644,0.050050477442172836,0.30411602859763964,0.02353121489506806,0.02337733346454581,0.04574454216810548,0.032275395518825134,,0.04756530116884378,0.023553116069551305,0.04343623277077504,0.0555984012647337,0.24851762733290594
reducedform-dist-cts-tidy-tes.csv,bracelet - calendar,close,0.02862165328583549,0.033829600087033396,0.5207946801197905,0.03025995783658043,0.03101472744518849,0.34422051079473,0.2753788424474427,,0.029453847496077656,0.030284538767672186,0.330766835089567,0.08321942102421653,0.43757525909557393
reducedform-dist-cts-tidy-tes.csv,bracelet - calendar,far,0.06975581806997622,0.07011655022783708,0.036073215786086577,0.03343813206765432,0.03304892574264949,0.03696812821257379,0.033871471147181045,,0.06997011563695643,0.033389806116697555,0.03612184292741845,0.021429756698021496,0.01464345908806508
reducedform-dist-cts-tidy-tes.csv,bracelet - calendar,far - close,0.041134164784140725,0.036286950140803687,-0.4847214643337039,0.04278227650303458,0.043774292546570226,0.3363125030079374,0.4071294645922165,,0.040516268140878775,0.04270410539734977,0.34273886500154865,-0.06178966432619504,-0.42293180000750885
reducedform-dist-cts-tidy-tes.csv,bracelet - no signal,combined,0.06587252030307364,0.06872645997967808,0.2853939676604439,0.022256036639047416,0.02215791685737308,0.003078790874699389,0.0019243486782820195,,0.06651453556129913,0.022261221711182125,0.0028089190202257855,0.06420152582254923,0.22119244183789466
reducedform-dist-cts-tidy-tes.csv,bracelet - no signal,close,0.044247578573456486,0.04808542284360531,0.3837844270148827,0.027599801670515654,0.028324168730020204,0.10889389185962937,0.08956785401712578,0.1: gains,0.044977577128172797,0.027623840270128517,0.10347910545254092,0.07299985547163101,0.3107845715432517
reducedform-dist-cts-tidy-tes.csv,bracelet - no signal,far,0.09262370306784296,0.09426050135585583,0.16367982880128723,0.034641357745430056,0.034664627273765694,0.00749994826754601,0.006543747617953927,,0.09315687839141801,0.03457935063639302,0.007059950451775511,0.05331753235750525,0.11036229644378198
reducedform-dist-cts-tidy-tes.csv,bracelet - no signal,far - close,0.04837612449438647,0.046175078512250514,-0.22010459821359546,0.04324740253347682,0.04451410515903736,0.26331496825634026,0.2995898150298278,,0.04817930126324521,0.043181151767146604,0.2645298440002194,-0.019682323114125766,-0.2004222750994697
reducedform-dist-cts-tidy-tes.csv,ink,combined,-0.013118378642088702,-0.012758156806456533,0.03602218356321685,0.030137234365785633,0.030625651849540844,0.6633533418081128,0.6769827083034321,,-0.012906113421446597,0.03022746322656153,0.6694037462492055,0.021226522064210496,0.014795661499006352
reducedform-dist-cts-tidy-tes.csv,ink,close,-0.04709141727609928,-0.04907498528599796,-0.1983568009898684,0.03140568950396052,0.031406784303787925,0.13375564168713325,0.11815611985629164,,-0.04733173543704411,0.031479839224817355,0.13269544695177282,-0.024031816094483016,-0.1743249848953854
reducedform-dist-cts-tidy-tes.csv,ink,far,0.028908045148375694,0.032167657479665795,0.32596123312901015,0.0419818209441724,0.042459527026832276,0.4910845685357889,0.44868596979030506,,0.029680179658309325,0.04197435919801328,0.47950270353293906,0.07721345099336308,0.24874778213564708
reducedform-dist-cts-tidy-tes.csv,ink,far - close,0.07599946242447497,0.08124264276566376,0.5243180341188786,0.0414654503796339,0.040895294207834006,0.06682663289829474,0.04696660212987841,0.05: gains,0.07701191509535343,0.0413115962458952,0.06229757414006255,0.10124526708784609,0.42307276703103247
reducedform-dist-cts-tidy-tes.csv,calendar,combined,0.0377264062937544,0.037351965075010485,-0.0374441218743915,0.026604664009183893,0.027214227249888794,0.15617987100141398,0.16990283008224344,,0.03789846878491071,0.026717477282663972,0.1560478169724664,0.017206249115631067,-0.05465037099002257
reducedform-dist-cts-tidy-tes.csv,calendar,close,0.03125185057524199,0.028511645513143835,-0.27402050620981555,0.029762453971767387,0.029755592353187067,0.29369843417274083,0.3379646803546327,,0.03104745926419028,0.029912478212731047,0.29929640773872956,-0.020439131105171038,-0.2535813751046445
reducedform-dist-cts-tidy-tes.csv,calendar,far,0.04573576999573348,0.04828790225603749,0.2552132260304013,0.03686436388657059,0.037029656512497615,0.21473510324229797,0.19222225567664888,,0.04637352550892315,0.03687940108662489,0.20859541826738556,0.0637755513189675,0.1914376747114338
reducedform-dist-cts-tidy-tes.csv,calendar,far - close,0.014483919420491487,0.019776256742893655,0.5292337322402169,0.03969571086391392,0.03826498774743429,0.7152057149701052,0.605279157645109,,0.015326066244732872,0.03966670337739637,0.6992218797465882,0.08421468242413854,0.4450190498160783
reducedform-dist-cts-tidy-tes.csv,bracelet,combined,0.08473572344995084,0.08740244251718332,0.26667190672324814,0.028122025759894174,0.02838580492796069,0.0025855588843501872,0.002076340830892521,,0.08546376995375449,0.028165342244288273,0.0024104711216701522,0.07280465038036477,0.19386725634288338
reducedform-dist-cts-tidy-tes.csv,bracelet,close,0.05987350386107748,0.06234124560017723,0.24677417390997491,0.03241504109889047,0.03294391276303565,0.06473407253752904,0.05844504104297941,,0.06050130676026794,0.03250196902623075,0.06267841298454242,0.0627802899190455,0.18399388399092942
reducedform-dist-cts-tidy-tes.csv,bracelet,far,0.1154915880657097,0.11840445248387457,0.2912864418164879,0.0442880268142597,0.04468376669476086,0.009114257980146808,0.008053192430696483,,0.11634364114587958,0.044233798622915606,0.0085335193711255,0.085205308016989,0.20608113379949888
reducedform-dist-cts-tidy-tes.csv,bracelet,far - close,0.05561808420463221,0.05606320688369734,0.04451226790651297,0.051944462645201916,0.05271552970351913,0.2842944020430041,0.2875531926782486,,0.05584233438561165,0.051887443534075886,0.28182861945782556,0.022425018097943505,0.022087249808569465
reducedform-hh-fob-tidy-tes.csv,signal,combined,0.10640308367319784,0.1083524648874209,0.1949381214223056,0.02573331774721314,0.025780582854852827,3.552060991533687e-05,2.6355075964340393e-05,,0.10645513324414202,0.02576993926200073,3.6121820914262527e-05,0.005204957094417928,0.18973316432788767
reducedform-hh-fob-tidy-tes.csv,signal,close,0.0676420750249237,0.06864833809341164,0.10062630684879448,0.03208427635154952,0.032004884306301336,0.0350082941843277,0.031958190341336803,,0.06767304586170075,0.032114028109271206,0.03509386433773398,0.003097083677705559,0.09752922317108892
reducedform-hh-fob-tidy-tes.csv,signal,far,0.1560946967602853,0.1592531554373411,0.31584586770557754,0.02998826235439113,0.030109371681752425,1.9379496424700068e-07,1.22882243300912e-07,,0.15617376926843185,0.030018541865776197,1.9654410157181337e-07,0.007907250814653821,0.3079386168909237
reducedform-hh-fob-tidy-tes.csv,signal,far - close,0.08845262173536161,0.09060481734392944,0.21521956085678307,0.035496133139032125,0.035375552874580635,0.012706374485556806,0.01043032126007339,,0.0885007234067311,0.03549516704378493,0.012655560155340778,0.004810167136948262,0.2104093937198348
reducedform-hh-fob-tidy-tes.csv,control,combined,0.6791633412424074,0.6774399898130831,-0.1723351429324338,0.03209300561794254,0.03221485751303758,2.1238069379689624e-99,3.575354656499954e-98,,0.6790370906324331,0.03206550227884994,1.5708791297296895e-99,-0.012625060997428772,-0.15971008193500502
reducedform-hh-fob-tidy-tes.csv,control,close,0.7233665205471651,0.7219370166303914,-0.14295039167736556,0.0408803095757697,0.040849229195275304,4.6033584865337474e-70,6.74470890568404e-70,,0.7232757740816368,0.040874441729850754,4.577276558014829e-70,-0.0090746465528313,-0.13387574512453426
reducedform-hh-fob-tidy-tes.csv,control,far,0.6224948653737081,0.6203948014332936,-0.21000639404145094,0.03931158579118185,0.039533290987224204,1.787549824140785e-56,1.6895822696052075e-55,,0.6223230984505539,0.03927604015461345,1.525763951488332e-56,-0.017176692315423736,-0.1928297017260272
reducedform-hh-fob-tidy-tes.csv,control,far - close,-0.10087165517345698,-0.10154221519709783,-0.06705600236408538,0.0487934994207808,0.04872672960026154,0.03870424644770314,0.03716817510481759,,-0.1009526756310829,0.048804776232868254,0.03859303832204151,-0.008102045762592436,-0.05895395660149294
reducedform-hh-fob-tidy-tes.csv,abs(calendar) - abs(bracelet),combined,-0.10632281167997926,-0.10984976774817068,-0.35269560681914225,0.030628132357105754,0.030198626822809493,0.0005177324243996848,0.00027521714377650835,,-0.10629976256208684,0.030636853681103287,0.0005210987846042096,0.002304911789241526,-0.3550005186083838
reducedform-hh-fob-tidy-tes.csv,abs(calendar) - abs(bracelet),close,-0.06324039232311285,-0.06471582166859902,-0.14754293454861678,0.03995054814633479,0.03991763117313285,0.1134290262099379,0.10496745920512766,,-0.06325571889429737,0.03994990660609074,0.11333581509940084,-0.0015326571184526294,-0.14601027743016415
reducedform-hh-fob-tidy-tes.csv,abs(calendar) - abs(bracelet),far,-0.161554473295482,-0.1677114866221815,-0.615701332669949,0.03971711972827343,0.039183717311175384,4.7494095386045006e-05,1.8678240603656786e-05,,-0.1614822265441932,0.03970706659679958,4.765524772157792e-05,0.007224675128880698,-0.6229260077988297
reducedform-hh-fob-tidy-tes.csv,abs(calendar) - abs(bracelet),far - close,-0.09831408097236916,-0.10299566495358248,-0.4681583981213322,0.05026529072981552,0.05075642396530139,0.05047646927300222,0.04243646040683136,0.05: gains,-0.09822650764989582,0.05025502453223,0.05063491621932858,0.008757332247333327,-0.4769157303686655
reducedform-hh-fob-tidy-tes.csv,bracelet - calendar,combined,0.10632281167997926,0.10984976774817068,0.35269560681914225,0.02993260097306374,0.029419675577778324,0.00038220745107976037,0.00018854651438043074,,0.10629976256208684,0.029994699404054834,0.00039417761930442177,-0.002304911789241526,0.3550005186083838
reducedform-hh-fob-tidy-tes.csv,bracelet - calendar,close,0.06324039232311285,0.06471582166859902,0.14754293454861678,0.03683767342279186,0.03673840396488135,0.08602825194293064,0.07814864362867366,,0.06325571889429737,0.03692297588667293,0.08667935483675872,0.0015326571184526294,0.14601027743016415
reducedform-hh-fob-tidy-tes.csv,bracelet - calendar,far,0.161554473295482,0.1677114866221815,0.615701332669949,0.03906656625056648,0.03864814070644506,3.543923825719486e-05,1.4284291507441091e-05,,0.1614822265441932,0.0390656990612729,3.5711473872789516e-05,-0.007224675128880698,0.6229260077988297
reducedform-hh-fob-tidy-tes.csv,bracelet - calendar,far - close,0.09831408097236916,0.10299566495358248,0.4681583981213322,0.046625787011417154,0.04714950131142755,0.03498107492885931,0.028929295933633643,,0.09822650764989582,0.046616362624340164,0.035106737354778775,-0.008757332247333327,0.4769157303686655
reducedform-hh-fob-tidy-tes.csv,bracelet - no signal,combined,0.1269875711552924,0.131083216961085,0.40956458057925804,0.02710588590813216,0.026644872610088452,2.8013669852146872e-06,8.670293745096251e-07,,0.12705294958711078,0.02711515856829607,2.7903227403929785e-06,0.006537843181836367,0.4030267373974217
reducedform-hh-fob-tidy-tes.csv,bracelet - no signal,close,0.0771703483561757,0.07892188542296058,0.17515370667848806,0.033530912301210726,0.033110924684573155,0.021365147203330763,0.017146075389473273,,0.0772563088280861,0.03356464425636116,0.02135114267522183,0.008596047191039569,0.1665576594874485
reducedform-hh-fob-tidy-tes.csv,bracelet - no signal,far,0.19085325078376003,0.19795404399296052,0.7100793209200484,0.03438680661352643,0.03441555470646498,2.8536211466067878e-08,8.825790751913574e-09,,0.19089224304018065,0.03435834020021079,2.7615087306797445e-08,0.003899225642062243,0.7061800952779862
reducedform-hh-fob-tidy-tes.csv,bracelet - no signal,far - close,0.11368290242758433,0.11903215856999994,0.5349256142415604,0.04106108797712736,0.04154900474536476,0.005629276528403991,0.004171912063421315,,0.11363593421209456,0.041056693018590634,0.0056439369979868455,-0.004696821548977326,0.5396224357905377
reducedform-hh-fob-tidy-tes.csv,ink,combined,0.10648335566641642,0.10685516202667134,0.037180636025491154,0.04002071246638211,0.040290423939578685,0.007797697726660662,0.007998738563242748,,0.1066105039261972,0.04006528232576021,0.00779275111251162,0.012714825978077382,0.024465810047413772
reducedform-hh-fob-tidy-tes.csv,ink,close,0.07204375772673444,0.07258085451822405,0.053709679148961076,0.05019381477824488,0.04985196884961937,0.15119836268114936,0.14541265073734058,,0.07209037282910424,0.05019495722095444,0.15094331229100705,0.004661510236980693,0.04904816891198038
reducedform-hh-fob-tidy-tes.csv,ink,far,0.15063492022508873,0.15079482425250068,0.01599040274119501,0.04647812810707265,0.04778629402585625,0.0011911741383918665,0.0016016381396332187,,0.15086531199267061,0.04656695440362095,0.0011963434720083845,0.02303917675818834,-0.007048774016993331
reducedform-hh-fob-tidy-tes.csv,ink,far - close,0.0785911624983543,0.07821396973427663,-0.03771927640776607,0.05557503391115485,0.05605403050569057,0.1573193002384778,0.16291581519418313,,0.07877493916356637,0.055579301026814625,0.1563826379362393,0.018377666521207647,-0.056096942928973714
reducedform-hh-fob-tidy-tes.csv,calendar,combined,0.04132951895062631,0.042466898425828625,0.11373794752023159,0.04126991502472783,0.04170537171305467,0.31661208188478784,0.3085545646185283,,0.04150637405004787,0.041277282030628124,0.3146320498942087,0.017685509942155786,0.0960524375780758
reducedform-hh-fob-tidy-tes.csv,calendar,close,0.027859912066125703,0.02841212750872313,0.05522154425974257,0.05137407871918715,0.052026119081623134,0.5876152184425308,0.5849884288502554,,0.02800117986757744,0.05141677748298376,0.5860339683278603,0.014126780145173878,0.041094764114568694
reducedform-hh-fob-tidy-tes.csv,calendar,far,0.058597554976556054,0.060485114741558044,0.18875597650019893,0.050545940400578755,0.05057037525295815,0.24633677335013013,0.2316738268625418,,0.05882003299197491,0.05051361431625054,0.2442460665781184,0.02224780154188588,0.16650817495831305
reducedform-hh-fob-tidy-tes.csv,calendar,far - close,0.03073764291043035,0.032072987232834915,0.13353443224045636,0.06043331512078686,0.060528246890153,0.6110180253154768,0.5961919287876967,,0.03081885312439747,0.06044763050572447,0.6101608569264164,0.008121021396712003,0.12541341084374436
reducedform-hh-fob-tidy-tes.csv,bracelet,combined,0.14765233063060557,0.1523166661739993,0.46643355433937383,0.03775050256342062,0.037736589360672056,9.181284430904327e-05,5.429788931305504e-05,,0.1478061366121347,0.03771854533178712,8.904279193823219e-05,0.01538059815291426,0.4510529561864596
reducedform-hh-fob-tidy-tes.csv,bracelet,close,0.09110030438923855,0.09312794917732214,0.20276447880835935,0.047024227355920725,0.04686485756295177,0.052707984114059456,0.04690471901816734,0.05: gains,0.09125689876187482,0.047028789513995126,0.05232532421219754,0.015659437263626508,0.18710504154473284
reducedform-hh-fob-tidy-tes.csv,bracelet,far,0.22015202827203806,0.22819660136373954,0.8044573091701479,0.04600167806756249,0.046409734518252664,1.7035926124566668e-06,8.788116331660153e-07,,0.2203022595361681,0.045942081528010444,1.624986663109852e-06,0.015023126413005183,0.7894341827571427
reducedform-hh-fob-tidy-tes.csv,bracelet,far - close,0.1290517238827995,0.1350686521864174,0.6016928303617886,0.05499231460432368,0.055329905589491454,0.01893933422604575,0.014640533288783677,,0.1290453607742933,0.05500160757468725,0.018965382361700773,-0.0006363108506213244,0.6023291412124099
temp.csv,signal,combined,-0.11104926713795257,-0.1064718978536773,0.4577369284275268,0.02406612745864742,0.02431129409350696,3.9434858877850926e-06,1.1893877994705086e-05,,-0.11065776461887916,0.024056083947638786,4.225096189736555e-06,0.039150251907341116,0.41858667652018566
temp.csv,signal,close,-0.15544695155181357,-0.1498241408021364,0.562281074967716,0.03201887332846647,0.03183068969524973,1.2047554243258086e-06,2.515018442144296e-06,,-0.15510882589374436,0.03207861593043924,1.3296385373275327e-06,0.03381256580692049,0.5284685091607955
temp.csv,signal,far,-0.07138401472332498,-0.06774065134853216,0.36433633747928185,0.034786405904178114,0.03507822180479108,0.04016320982571906,0.05346681970727434,0.05: loses,-0.0709448248824287,0.03474413324452942,0.04115922673898116,0.04391898408962758,0.32041735338965427
temp.csv,signal,far - close,0.08406293682848859,0.08208348945360425,-0.1979447374884341,0.04670783157763315,0.04641644201281621,0.07189837383084875,0.0769917049491465,,0.08416400101131566,0.04673951545204473,0.07174965283066426,0.010106418282707086,-0.2080511557711412
temp.csv,control,combined,0.23857442807845547,0.2357449131360429,-0.282951494241257,0.022382934907147704,0.02159956011188669,1.5869180056099907e-26,9.844320337482097e-28,,0.23811404745908615,0.022445294653368548,2.7167498859463537e-26,-0.04603806193693161,-0.23691343230432538
temp.csv,control,close,0.23794637291733356,0.23761329678780932,-0.033307612952424015,0.0316456973982494,0.030414193591878275,5.5165124831981545e-14,5.602940588431703e-15,,0.23779416342593013,0.03177329472943827,7.204515935629406e-14,-0.01522094914034322,-0.018086663812080794
temp.csv,control,far,0.23913553766840592,0.234075683982922,-0.5059853685483923,0.031819073156901356,0.030951253392256548,5.6703461941667645e-14,3.947246527217024e-14,,0.23839983445644997,0.03177489125795608,6.248112927127674e-14,-0.0735703211955957,-0.43241504735279657
temp.csv,control,far - close,0.0011891647510723635,-0.003537612804887319,-0.47267775559596825,0.04507217908592761,0.04369903080856297,0.9789514030925388,0.9354785084002077,,0.0006056710305198387,0.04505164677854329,0.9892736216781036,-0.05834937205525248,-0.4143283835407158
temp.csv,abs(calendar) - abs(bracelet),combined,0.07736571289610325,0.08641809535327882,0.9052382457175573,0.056374637637329396,0.055448199194007106,0.16995462362301184,0.11910589595251284,,0.078560702407733,0.05648454230964523,0.164275338138162,0.1194989511629746,0.7857392945545827
temp.csv,abs(calendar) - abs(bracelet),close,0.08962666696826521,0.09054932086671855,0.0922653898453335,0.08455895773539886,0.08228013294905015,0.28917595718954164,0.27111414673526424,,0.09013227259156359,0.084696773307535,0.28724898160198337,0.050560562329837744,0.04170482751549576
temp.csv,abs(calendar) - abs(bracelet),far,0.0664116767895574,0.08272722487352974,1.6315548083972342,0.07251098170115468,0.06881401427596177,0.3597275310363357,0.22929158308774641,,0.06822256747491373,0.07232031650348386,0.34550758711306884,0.18108906853563367,1.4504657398616005
temp.csv,abs(calendar) - abs(bracelet),far - close,-0.023214990178707817,-0.00782209599318881,1.5392894185519008,0.11626281133803507,0.11177322486024188,0.8417333320272719,0.9442081133859713,,-0.021909705116649858,0.11612262794693534,0.8503457358509514,0.13052850620579592,1.408760912346105
temp.csv,bracelet - calendar,combined,-0.24627717471978652,-0.23891044125889982,0.7366733460886704,0.03750421070163946,0.03781118482225091,5.1458430706506355e-11,2.640930591034473e-10,,-0.24608326932802432,0.037460754953818,5.0621879273164986e-11,0.019390539176220023,0.7172828069124504
temp.csv,bracelet - calendar,close,-0.3512805032356994,-0.34028485310692,1.09956501287794,0.05122161721696347,0.050274145569833666,6.980595838587313e-12,1.3004752197399046e-11,,-0.3506801866593075,0.05115238282374887,7.10146895523447e-12,0.06003165763919238,1.0395333552387476
temp.csv,bracelet - calendar,far,-0.15246634685914623,-0.14834171706929405,0.41246297898521744,0.052104988092514744,0.05483161087205093,0.003431994828572064,0.006822114769806894,,-0.1526355325257419,0.05208674773329059,0.003385149089752269,-0.016918566659568368,0.4293815456447858
temp.csv,bracelet - calendar,far - close,0.1988141563765532,0.19194313603762597,-0.6871020338927225,0.07125498340302877,0.0736230940129108,0.005267891279207583,0.009131135676204738,,0.1980446541335656,0.0712242717459557,0.0054262196614815435,-0.07695022429876075,-0.6101518095939618
temp.csv,bracelet - no signal,combined,-0.16536645281581408,-0.15757830710585516,0.7788145709958921,0.028678865824905194,0.028840059413583363,8.110605722692958e-09,4.65867338488741e-08,,-0.164922276394085,0.02862785523681015,8.36654725784532e-09,0.04441764217290867,0.7343969288229835
temp.csv,bracelet - no signal,close,-0.24105371068470827,-0.2325763096135104,0.8477401071197876,0.03738160017386344,0.0359897162439509,1.129932282677604e-10,1.0312403274005553e-10,,-0.24047707184658973,0.03734433824767219,1.199056645001176e-10,0.05766388381185372,0.7900762233079339
temp.csv,bracelet - no signal,far,-0.09774684094697032,-0.0905744815835881,0.7172359363382217,0.04191386295389168,0.04434925326558996,0.01969603194002889,0.04112177844864363,,-0.097421007525578,0.04187837744060832,0.02000339465119195,0.03258334213923214,0.6846525941989895
temp.csv,bracelet - no signal,far - close,0.14330686973773793,0.14200182802992228,-0.13050417078156462,0.055394874468110894,0.057299721776016874,0.009681392094685505,0.013203639808204434,0.01: loses,0.14305606432101173,0.05539628731172691,0.009811224041512419,-0.025080541672620194,-0.10542362910894443
temp.csv,ink,combined,0.024178640443881405,0.025966645551545264,0.17880051076638592,0.031478872383222445,0.0324187940162817,0.4424330880459508,0.42314608300941237,,0.024767740090266055,0.03158734393965475,0.43297950910229,0.058909964638464984,0.11989054612792094
temp.csv,ink,close,0.04038660013207229,0.04063657150264724,0.024997137057494734,0.04309542661995259,0.04306162367352182,0.3486847338195442,0.3453310786846446,,0.04046253487181878,0.043226868819676134,0.3492471551994229,0.007593473974648601,0.017403663082846133
temp.csv,ink,far,0.009698317412496299,0.012860414372229734,0.3162096959733435,0.045855001323001576,0.04742193095475964,0.8324973936909495,0.7862439158139726,,0.010745882760884423,0.04583316844015738,0.8146306253671658,0.10475653483881242,0.21145316113453105
temp.csv,ink,far - close,-0.030688282719575993,-0.027776157130417506,0.29121255891584874,0.0632172411808799,0.06371547012149097,0.6273630843436682,0.6628798629906827,,-0.029716652110934355,0.06313643879598696,0.6378738718113314,0.09716306086416382,0.19404949805168492
temp.csv,calendar,combined,0.1618214438079449,0.16266426830608932,0.08428244981444344,0.037025703403573855,0.03684650800347137,1.2395304604263622e-05,1.0117567963368778e-05,,0.16232198586787866,0.03708786065479456,1.2049639410450054e-05,0.05005420599337729,0.03422824382106615
temp.csv,calendar,close,0.22045358510198232,0.2154170869868193,-0.5036498115163018,0.05607032316067033,0.0552915024066792,8.433541982121727e-05,9.778421733050332e-05,,0.22040622962543555,0.05610954707155114,8.560490946001813e-05,-0.004735547654677319,-0.4989142638616245
temp.csv,calendar,far,0.10943901182435181,0.1155344709714119,0.6095459147060084,0.05145806550299065,0.05187668589779405,0.03343993821575943,0.025940715115657844,,0.11042905000032782,0.05151326641818364,0.03205683760953519,0.09900381759760102,0.5105420971084074
temp.csv,calendar,far - close,-0.11101457327763051,-0.0998826160154074,1.1131957262223102,0.07786779079808828,0.07774298420203522,0.15396065318637162,0.19886924166681977,,-0.10997717962510772,0.07787994039339532,0.1579094967115001,0.10373936525227834,1.0094563609700318
temp.csv,bracelet,combined,-0.08445573091184164,-0.0762461729528105,0.8209557959031138,0.03039474010281339,0.03021001377557711,0.005458869708601492,0.011607056436562683,0.01: loses,-0.08376128346014566,0.030390043323171582,0.005847578090552337,0.06944474516959731,0.7515110507335165
temp.csv,bracelet,close,-0.1308269181337171,-0.12486776612010075,0.5959152013616353,0.04174990493961689,0.03989492144443057,0.0017268429972757792,0.001748560992995531,,-0.13027395703387196,0.041794420274159236,0.001826904656060487,0.05529610998451506,0.5406190913771203
temp.csv,bracelet,far,-0.04302733503479442,-0.03280724609788216,1.022008893691226,0.046071469305516644,0.0476739158185696,0.3503421557295932,0.4913525030271123,,-0.04220648252541409,0.04605839785772009,0.3594734511213817,0.08208525093803265,0.9399236427531932
temp.csv,bracelet,far - close,0.08779958309892269,0.0920605200222186,0.4260936923295905,0.06396567827200024,0.06456114973808112,0.1698753066316809,0.15388479380517145,,0.08806747450845787,0.06400970995047901,0.1688694562244432,0.026789140953517587,0.3993045513760729
