specification,treatment,draw,multiplier
Tight multinomial,Control,1,0.986439
Tight multinomial,Control,2,0.995884
Tight multinomial,Control,3,0.966378
Tight multinomial,Control,4,1.06496
Tight multinomial,Control,5,0.890988
Tight multinomial,Control,6,0.914068
Tight multinomial,Control,7,1.08804
Tight multinomial,Control,8,0.904828
Tight multinomial,Control,9,1.06577
Tight multinomial,Control,10,1.12052
Tight multinomial,Control,11,1.0263
Tight multinomial,Control,12,1.02454
Tight multinomial,Control,13,1.08248
Tight multinomial,Control,14,0.913609
Tight multinomial,Control,15,1.1095
Tight multinomial,Control,16,0.9865
Tight multinomial,Control,17,1.07366
Tight multinomial,Control,18,1.14318
Tight multinomial,Control,19,0.954248
Tight multinomial,Control,20,1.09122
Tight multinomial,Control,21,1.0800399999999999
Tight multinomial,Control,22,0.970122
Tight multinomial,Control,23,0.985944
Tight multinomial,Control,24,1.03806
Tight multinomial,Control,25,0.991069
Tight multinomial,Control,26,1.21545
Tight multinomial,Control,27,0.948721
Tight multinomial,Control,28,1.19886
Tight multinomial,Control,29,0.809471
Tight multinomial,Control,30,0.989065
Tight multinomial,Control,31,1.0083
Tight multinomial,Control,32,1.0019
Tight multinomial,Control,33,1.12592
Tight multinomial,Control,34,0.846493
Tight multinomial,Control,35,0.986912
Tight multinomial,Control,36,0.878605
Tight multinomial,Control,37,0.934621
Tight multinomial,Control,38,1.02498
Tight multinomial,Control,39,1.05786
Tight multinomial,Control,40,1.20836
Tight multinomial,Control,41,1.32465
Tight multinomial,Control,42,1.00104
Tight multinomial,Control,43,1.08742
Tight multinomial,Control,44,0.911509
Tight multinomial,Control,45,0.976852
Tight multinomial,Control,46,1.02395
Tight multinomial,Control,47,1.37178
Tight multinomial,Control,48,0.95714
Tight multinomial,Control,49,1.12202
Tight multinomial,Control,50,1.00997
Tight multinomial,Control,51,0.931978
Tight multinomial,Control,52,0.979919
Tight multinomial,Control,53,1.03532
Tight multinomial,Control,54,1.08289
Tight multinomial,Control,55,1.0931
Tight multinomial,Control,56,1.1353
Tight multinomial,Control,57,1.0473
Tight multinomial,Control,58,0.932513
Tight multinomial,Control,59,1.1582
Tight multinomial,Control,60,0.919588
Tight multinomial,Control,61,1.11204
Tight multinomial,Control,62,1.13099
Tight multinomial,Control,63,1.06742
Tight multinomial,Control,64,1.03695
Tight multinomial,Control,65,1.07776
Tight multinomial,Control,66,0.975414
Tight multinomial,Control,67,1.08058
Tight multinomial,Control,68,0.975142
Tight multinomial,Control,69,1.1919
Tight multinomial,Control,70,0.973431
Tight multinomial,Control,71,1.20829
Tight multinomial,Control,72,0.966519
Tight multinomial,Control,73,1.21572
Tight multinomial,Control,74,1.14368
Tight multinomial,Control,75,0.780865
Tight multinomial,Control,76,1.26164
Tight multinomial,Control,77,0.835628
Tight multinomial,Control,78,1.25686
Tight multinomial,Control,79,0.998114
Tight multinomial,Control,80,1.21951
Tight multinomial,Control,81,0.799346
Tight multinomial,Control,82,1.28216
Tight multinomial,Control,83,0.958266
Tight multinomial,Control,84,1.03053
Tight multinomial,Control,85,0.971167
Tight multinomial,Control,86,1.0593
Tight multinomial,Control,87,0.978879
Tight multinomial,Control,88,1.05484
Tight multinomial,Control,89,1.02281
Tight multinomial,Control,90,0.976558
Tight multinomial,Control,91,0.830381
Tight multinomial,Control,92,1.15414
Tight multinomial,Control,93,0.906714
Tight multinomial,Control,94,1.15103
Tight multinomial,Control,95,1.07687
Tight multinomial,Control,96,1.03998
Tight multinomial,Control,97,1.11509
Tight multinomial,Control,98,1.04478
Tight multinomial,Control,99,0.994826
Tight multinomial,Control,100,0.930258
Tight multinomial,Control,101,0.895957
Tight multinomial,Control,102,1.00238
Tight multinomial,Control,103,1.14249
Tight multinomial,Control,104,0.93171
Tight multinomial,Control,105,0.897566
Tight multinomial,Control,106,0.935044
Tight multinomial,Control,107,1.12823
Tight multinomial,Control,108,1.04214
Tight multinomial,Control,109,0.944483
Tight multinomial,Control,110,0.983428
Tight multinomial,Control,111,0.964078
Tight multinomial,Control,112,1.13787
Tight multinomial,Control,113,1.18718
Tight multinomial,Control,114,1.22169
Tight multinomial,Control,115,0.978885
Tight multinomial,Control,116,1.19949
Tight multinomial,Control,117,1.17904
Tight multinomial,Control,118,1.063
Tight multinomial,Control,119,1.03847
Tight multinomial,Control,120,1.0442
Tight multinomial,Control,121,0.971612
Tight multinomial,Control,122,1.07251
Tight multinomial,Control,123,1.0379
Tight multinomial,Control,124,0.858561
Tight multinomial,Control,125,1.15038
Tight multinomial,Control,126,0.913031
Tight multinomial,Control,127,0.994469
Tight multinomial,Control,128,1.07186
Tight multinomial,Control,129,1.18886
Tight multinomial,Control,130,1.26416
Tight multinomial,Control,131,0.986182
Tight multinomial,Control,132,1.18588
Tight multinomial,Control,133,0.923144
Tight multinomial,Control,134,0.810203
Tight multinomial,Control,135,0.796486
Tight multinomial,Control,136,0.832412
Tight multinomial,Control,137,1.13701
Tight multinomial,Control,138,0.87572
Tight multinomial,Control,139,0.973456
Tight multinomial,Control,140,0.933279
Tight multinomial,Control,141,1.06712
Tight multinomial,Control,142,1.13129
Tight multinomial,Control,143,0.874459
Tight multinomial,Control,144,1.10635
Tight multinomial,Control,145,1.1005
Tight multinomial,Control,146,1.15353
Tight multinomial,Control,147,1.08408
Tight multinomial,Control,148,0.911004
Tight multinomial,Control,149,1.11536
Tight multinomial,Control,150,1.07667
Tight multinomial,Control,151,1.15034
Tight multinomial,Control,152,0.9796
Tight multinomial,Control,153,1.06157
Tight multinomial,Control,154,0.967455
Tight multinomial,Control,155,0.991195
Tight multinomial,Control,156,1.0174
Tight multinomial,Control,157,0.927892
Tight multinomial,Control,158,0.994429
Tight multinomial,Control,159,1.1426
Tight multinomial,Control,160,1.07018
Tight multinomial,Control,161,0.986212
Tight multinomial,Control,162,1.08787
Tight multinomial,Control,163,0.868886
Tight multinomial,Control,164,1.10665
Tight multinomial,Control,165,0.959267
Tight multinomial,Control,166,0.907938
Tight multinomial,Control,167,0.791085
Tight multinomial,Control,168,1.18742
Tight multinomial,Control,169,0.90521
Tight multinomial,Control,170,1.22836
Tight multinomial,Control,171,0.944186
Tight multinomial,Control,172,1.10553
Tight multinomial,Control,173,0.868247
Tight multinomial,Control,174,1.01829
Tight multinomial,Control,175,0.963118
Tight multinomial,Control,176,1.26412
Tight multinomial,Control,177,0.936532
Tight multinomial,Control,178,1.27048
Tight multinomial,Control,179,1.11651
Tight multinomial,Control,180,0.913974
Tight multinomial,Control,181,1.18457
Tight multinomial,Control,182,1.17811
Tight multinomial,Control,183,1.15677
Tight multinomial,Control,184,1.0221
Tight multinomial,Control,185,1.05647
Tight multinomial,Control,186,1.02821
Tight multinomial,Control,187,1.24375
Tight multinomial,Control,188,1.22625
Tight multinomial,Control,189,1.23715
Tight multinomial,Control,190,1.43856
Tight multinomial,Control,191,0.880933
Tight multinomial,Control,192,1.03276
Tight multinomial,Control,193,1.06306
Tight multinomial,Control,194,1.00065
Tight multinomial,Control,195,1.05602
Tight multinomial,Control,196,0.943388
Tight multinomial,Control,197,1.14029
Tight multinomial,Control,198,0.947257
Tight multinomial,Control,199,1.06925
Tight multinomial,Control,200,0.950742
Tight multinomial,Control,201,1.07368
Tight multinomial,Control,202,0.907599
Tight multinomial,Control,203,1.30783
Tight multinomial,Control,204,0.957018
Tight multinomial,Control,205,1.26757
Tight multinomial,Control,206,0.796306
Tight multinomial,Control,207,1.04632
Tight multinomial,Control,208,0.982252
Tight multinomial,Control,209,1.05725
Tight multinomial,Control,210,1.03903
Tight multinomial,Control,211,0.960773
Tight multinomial,Control,212,0.920979
Tight multinomial,Control,213,1.2541
Tight multinomial,Control,214,0.999656
Tight multinomial,Control,215,0.837286
Tight multinomial,Control,216,1.01293
Tight multinomial,Control,217,0.984115
Tight multinomial,Control,218,0.987689
Tight multinomial,Control,219,1.14045
Tight multinomial,Control,220,0.947709
Tight multinomial,Control,221,0.939511
Tight multinomial,Control,222,1.00031
Tight multinomial,Control,223,1.1164
Tight multinomial,Control,224,1.07056
Tight multinomial,Control,225,0.998179
Tight multinomial,Control,226,1.05599
Tight multinomial,Control,227,0.963937
Tight multinomial,Control,228,0.992443
Tight multinomial,Control,229,1.13454
Tight multinomial,Control,230,1.08051
Tight multinomial,Control,231,0.957745
Tight multinomial,Control,232,1.08984
Tight multinomial,Control,233,0.97108
Tight multinomial,Control,234,0.960251
Tight multinomial,Control,235,1.02116
Tight multinomial,Control,236,1.04322
Tight multinomial,Control,237,0.951026
Tight multinomial,Control,238,1.01818
Tight multinomial,Control,239,1.00151
Tight multinomial,Control,240,1.01601
Tight multinomial,Control,241,0.981144
Tight multinomial,Control,242,0.85215
Tight multinomial,Control,243,1.10935
Tight multinomial,Control,244,1.11941
Tight multinomial,Control,245,1.10475
Tight multinomial,Control,246,0.99713
Tight multinomial,Control,247,0.816212
Tight multinomial,Control,248,0.806302
Tight multinomial,Control,249,1.08839
Tight multinomial,Control,250,1.01083
Tight multinomial,Control,251,0.975625
Tight multinomial,Control,252,0.967119
Tight multinomial,Control,253,1.19419
Tight multinomial,Control,254,1.06064
Tight multinomial,Control,255,0.901462
Tight multinomial,Control,256,0.984717
Tight multinomial,Control,257,0.97042
Tight multinomial,Control,258,0.929571
Tight multinomial,Control,259,1.24195
Tight multinomial,Control,260,0.987358
Tight multinomial,Control,261,1.14812
Tight multinomial,Control,262,0.917146
Tight multinomial,Control,263,0.963465
Tight multinomial,Control,264,0.894334
Tight multinomial,Control,265,1.25703
Tight multinomial,Control,266,0.976554
Tight multinomial,Control,267,1.12776
Tight multinomial,Control,268,0.95423
Tight multinomial,Control,269,0.956126
Tight multinomial,Control,270,0.870277
Tight multinomial,Control,271,1.19665
Tight multinomial,Control,272,1.03171
Tight multinomial,Control,273,0.894636
Tight multinomial,Control,274,1.16834
Tight multinomial,Control,275,1.05989
Tight multinomial,Control,276,0.973815
Tight multinomial,Control,277,1.12944
Tight multinomial,Control,278,1.19369
Tight multinomial,Control,279,1.1508100000000001
Tight multinomial,Control,280,0.981231
Tight multinomial,Control,281,1.05033
Tight multinomial,Control,282,1.06911
Tight multinomial,Control,283,0.892021
Tight multinomial,Control,284,1.05649
Tight multinomial,Control,285,1.29298
Tight multinomial,Control,286,0.87797
Tight multinomial,Control,287,1.10869
Tight multinomial,Control,288,1.05301
Tight multinomial,Control,289,0.993041
Tight multinomial,Control,290,0.893133
Tight multinomial,Control,291,1.07216
Tight multinomial,Control,292,0.900647
Tight multinomial,Control,293,0.795485
Tight multinomial,Control,294,0.953058
Tight multinomial,Control,295,1.18039
Tight multinomial,Control,296,0.908763
Tight multinomial,Control,297,0.968905
Tight multinomial,Control,298,1.11309
Tight multinomial,Control,299,0.85827
Tight multinomial,Control,300,1.05753
Tight multinomial,Control,301,0.940471
Tight multinomial,Control,302,0.995553
Tight multinomial,Control,303,1.08339
Tight multinomial,Control,304,1.05273
Tight multinomial,Control,305,1.01635
Tight multinomial,Control,306,1.01421
Tight multinomial,Control,307,1.01211
Tight multinomial,Control,308,1.07507
Tight multinomial,Control,309,0.942641
Tight multinomial,Control,310,0.939021
Tight multinomial,Control,311,1.15882
Tight multinomial,Control,312,0.999407
Tight multinomial,Control,313,1.06433
Tight multinomial,Control,314,0.968294
Tight multinomial,Control,315,1.08455
Tight multinomial,Control,316,1.02779
Tight multinomial,Control,317,0.874234
Tight multinomial,Control,318,0.93584
Tight multinomial,Control,319,1.12864
Tight multinomial,Control,320,0.884119
Tight multinomial,Control,321,1.03421
Tight multinomial,Control,322,1.06605
Tight multinomial,Control,323,0.913766
Tight multinomial,Control,324,1.1021
Tight multinomial,Control,325,1.01539
Tight multinomial,Control,326,1.12048
Tight multinomial,Control,327,1.0618
Tight multinomial,Control,328,1.14576
Tight multinomial,Control,329,1.10518
Tight multinomial,Control,330,0.964633
Tight multinomial,Control,331,0.883619
Tight multinomial,Control,332,1.04607
Tight multinomial,Control,333,1.01895
Tight multinomial,Control,334,1.06417
Tight multinomial,Control,335,0.988167
Tight multinomial,Control,336,1.02659
Tight multinomial,Control,337,1.04882
Tight multinomial,Control,338,1.09331
Tight multinomial,Control,339,0.936852
Tight multinomial,Control,340,0.995609
Tight multinomial,Control,341,1.01566
Tight multinomial,Control,342,1.03494
Tight multinomial,Control,343,0.950207
Tight multinomial,Control,344,1.06065
Tight multinomial,Control,345,0.960843
Tight multinomial,Control,346,0.864634
Tight multinomial,Control,347,1.22109
Tight multinomial,Control,348,1.1112
Tight multinomial,Control,349,0.91396
Tight multinomial,Control,350,1.08902
Tight multinomial,Control,351,1.07096
Tight multinomial,Control,352,1.05038
Tight multinomial,Control,353,1.08627
Tight multinomial,Control,354,1.14772
Tight multinomial,Control,355,1.05918
Tight multinomial,Control,356,1.00458
Tight multinomial,Control,357,1.02398
Tight multinomial,Control,358,1.01752
Tight multinomial,Control,359,0.956149
Tight multinomial,Control,360,1.12994
Tight multinomial,Control,361,1.12586
Tight multinomial,Control,362,1.23734
Tight multinomial,Control,363,1.00335
Tight multinomial,Control,364,1.03261
Tight multinomial,Control,365,1.06086
Tight multinomial,Control,366,1.01436
Tight multinomial,Control,367,0.933499
Tight multinomial,Control,368,0.992066
Tight multinomial,Control,369,1.03526
Tight multinomial,Control,370,0.875479
Tight multinomial,Control,371,1.14777
Tight multinomial,Control,372,1.10652
Tight multinomial,Control,373,0.977676
Tight multinomial,Control,374,1.05492
Tight multinomial,Control,375,1.05232
Tight multinomial,Control,376,1.13741
Tight multinomial,Control,377,1.09487
Tight multinomial,Control,378,0.992837
Tight multinomial,Control,379,1.08473
Tight multinomial,Control,380,1.01601
Tight multinomial,Control,381,0.925071
Tight multinomial,Control,382,0.873423
Tight multinomial,Control,383,1.06008
Tight multinomial,Control,384,0.925799
Tight multinomial,Control,385,1.07705
Tight multinomial,Control,386,0.933333
Tight multinomial,Control,387,1.13647
Tight multinomial,Control,388,0.941082
Tight multinomial,Control,389,1.00905
Tight multinomial,Control,390,1.00761
Tight multinomial,Control,391,0.848116
Tight multinomial,Control,392,1.13377
Tight multinomial,Control,393,1.01196
Tight multinomial,Control,394,1.02725
Tight multinomial,Control,395,1.00612
Tight multinomial,Control,396,1.27125
Tight multinomial,Control,397,1.01313
Tight multinomial,Control,398,1.06531
Tight multinomial,Control,399,1.13162
Tight multinomial,Control,400,1.15889
Tight multinomial,Control,401,1.01024
Tight multinomial,Control,402,1.0534
Tight multinomial,Control,403,1.05871
Tight multinomial,Control,404,1.10074
Tight multinomial,Control,405,1.22426
Tight multinomial,Control,406,0.841345
Tight multinomial,Control,407,1.04312
Tight multinomial,Control,408,1.12986
Tight multinomial,Control,409,0.927028
Tight multinomial,Control,410,1.23579
Tight multinomial,Control,411,1.05937
Tight multinomial,Control,412,1.12137
Tight multinomial,Control,413,0.940156
Tight multinomial,Control,414,0.875292
Tight multinomial,Control,415,0.894197
Tight multinomial,Control,416,0.957952
Tight multinomial,Control,417,0.934971
Tight multinomial,Control,418,1.02704
Tight multinomial,Control,419,1.02482
Tight multinomial,Control,420,1.01154
Tight multinomial,Control,421,1.17725
Tight multinomial,Control,422,1.03439
Tight multinomial,Control,423,0.862224
Tight multinomial,Control,424,0.979496
Tight multinomial,Control,425,1.0141
Tight multinomial,Control,426,0.894452
Tight multinomial,Control,427,1.12252
Tight multinomial,Control,428,0.919749
Tight multinomial,Control,429,1.24008
Tight multinomial,Control,430,0.968189
Tight multinomial,Control,431,0.918583
Tight multinomial,Control,432,0.942649
Tight multinomial,Control,433,1.16579
Tight multinomial,Control,434,1.00997
Tight multinomial,Control,435,1.02008
Tight multinomial,Control,436,1.04215
Tight multinomial,Control,437,0.912642
Tight multinomial,Control,438,1.13476
Tight multinomial,Control,439,1.11933
Tight multinomial,Control,440,0.997619
Tight multinomial,Control,441,0.934364
Tight multinomial,Control,442,1.31288
Tight multinomial,Control,443,0.950655
Tight multinomial,Control,444,1.06481
Tight multinomial,Control,445,1.02488
Tight multinomial,Control,446,1.17077
Tight multinomial,Control,447,0.888519
Tight multinomial,Control,448,1.09022
Tight multinomial,Control,449,1.08293
Tight multinomial,Control,450,0.946848
Tight multinomial,Control,451,1.01578
Tight multinomial,Control,452,0.904799
Tight multinomial,Control,453,1.20096
Tight multinomial,Control,454,1.10622
Tight multinomial,Control,455,1.06984
Tight multinomial,Control,456,1.05757
Tight multinomial,Control,457,1.04983
Tight multinomial,Control,458,1.10558
Tight multinomial,Control,459,1.15137
Tight multinomial,Control,460,0.999969
Tight multinomial,Control,461,1.10711
Tight multinomial,Control,462,0.992721
Tight multinomial,Control,463,0.942593
Tight multinomial,Control,464,0.924805
Tight multinomial,Control,465,1.07077
Tight multinomial,Control,466,1.13174
Tight multinomial,Control,467,1.03777
Tight multinomial,Control,468,0.952885
Tight multinomial,Control,469,0.945323
Tight multinomial,Control,470,1.06974
Tight multinomial,Control,471,0.835708
Tight multinomial,Control,472,0.934246
Tight multinomial,Control,473,0.966995
Tight multinomial,Control,474,0.974763
Tight multinomial,Control,475,0.907463
Tight multinomial,Control,476,1.18019
Tight multinomial,Control,477,0.947954
Tight multinomial,Control,478,1.02538
Tight multinomial,Control,479,1.15666
Tight multinomial,Control,480,0.973714
Tight multinomial,Control,481,1.05875
Tight multinomial,Control,482,0.976927
Tight multinomial,Control,483,0.944119
Tight multinomial,Control,484,0.979228
Tight multinomial,Control,485,1.11477
Tight multinomial,Control,486,0.951176
Tight multinomial,Control,487,1.05065
Tight multinomial,Control,488,1.22934
Tight multinomial,Control,489,0.862281
Tight multinomial,Control,490,0.872041
Tight multinomial,Control,491,1.0799
Tight multinomial,Control,492,1.03365
Tight multinomial,Control,493,1.16852
Tight multinomial,Control,494,0.99869
Tight multinomial,Control,495,1.09247
Tight multinomial,Control,496,1.27566
Tight multinomial,Control,497,0.98556
Tight multinomial,Control,498,1.05946
Tight multinomial,Control,499,1.00625
Tight multinomial,Control,500,0.941033
Tight multinomial,Control,501,1.0514
Tight multinomial,Control,502,1.05042
Tight multinomial,Control,503,1.02914
Tight multinomial,Control,504,0.937215
Tight multinomial,Control,505,0.92553
Tight multinomial,Control,506,1.06403
Tight multinomial,Control,507,1.00094
Tight multinomial,Control,508,0.948637
Tight multinomial,Control,509,1.05673
Tight multinomial,Control,510,0.939904
Tight multinomial,Control,511,1.01033
Tight multinomial,Control,512,1.02652
Tight multinomial,Control,513,0.884025
Tight multinomial,Control,514,1.05444
Tight multinomial,Control,515,1.09038
Tight multinomial,Control,516,1.06429
Tight multinomial,Control,517,1.16414
Tight multinomial,Control,518,1.10034
Tight multinomial,Control,519,0.847542
Tight multinomial,Control,520,1.07841
Tight multinomial,Control,521,1.03921
Tight multinomial,Control,522,1.28048
Tight multinomial,Control,523,1.29743
Tight multinomial,Control,524,0.688336
Tight multinomial,Control,525,1.31645
Tight multinomial,Control,526,1.15626
Tight multinomial,Control,527,0.835202
Tight multinomial,Control,528,1.03774
Tight multinomial,Control,529,0.848676
Tight multinomial,Control,530,0.997603
Tight multinomial,Control,531,0.987603
Tight multinomial,Control,532,1.18969
Tight multinomial,Control,533,1.02353
Tight multinomial,Control,534,0.915512
Tight multinomial,Control,535,0.981314
Tight multinomial,Control,536,1.0096
Tight multinomial,Control,537,1.04286
Tight multinomial,Control,538,1.23184
Tight multinomial,Control,539,1.03277
Tight multinomial,Control,540,0.82125
Tight multinomial,Control,541,1.05511
Tight multinomial,Control,542,0.998161
Tight multinomial,Control,543,1.04254
Tight multinomial,Control,544,0.939004
Tight multinomial,Control,545,0.961684
Tight multinomial,Control,546,0.996079
Tight multinomial,Control,547,1.2043
Tight multinomial,Control,548,1.30919
Tight multinomial,Control,549,1.19644
Tight multinomial,Control,550,0.989465
Tight multinomial,Control,551,0.94771
Tight multinomial,Control,552,1.06133
Tight multinomial,Control,553,1.11857
Tight multinomial,Control,554,1.15437
Tight multinomial,Control,555,1.29319
Tight multinomial,Control,556,1.17285
Tight multinomial,Control,557,1.15621
Tight multinomial,Control,558,1.09988
Tight multinomial,Control,559,1.1132
Tight multinomial,Control,560,1.01629
Tight multinomial,Control,561,1.00191
Tight multinomial,Control,562,1.06729
Tight multinomial,Control,563,0.908145
Tight multinomial,Control,564,0.950947
Tight multinomial,Control,565,1.05757
Tight multinomial,Control,566,1.03723
Tight multinomial,Control,567,0.961037
Tight multinomial,Control,568,0.856857
Tight multinomial,Control,569,1.17512
Tight multinomial,Control,570,1.05914
Tight multinomial,Control,571,1.01147
Tight multinomial,Control,572,1.08346
Tight multinomial,Control,573,1.04395
Tight multinomial,Control,574,1.00173
Tight multinomial,Control,575,0.754005
Tight multinomial,Control,576,1.12135
Tight multinomial,Control,577,1.0313
Tight multinomial,Control,578,0.938619
Tight multinomial,Control,579,1.06432
Tight multinomial,Control,580,0.941965
Tight multinomial,Control,581,1.00986
Tight multinomial,Control,582,1.27852
Tight multinomial,Control,583,0.963135
Tight multinomial,Control,584,1.19944
Tight multinomial,Control,585,1.12958
Tight multinomial,Control,586,1.06757
Tight multinomial,Control,587,0.913024
Tight multinomial,Control,588,0.944659
Tight multinomial,Control,589,1.00532
Tight multinomial,Control,590,1.21598
Tight multinomial,Control,591,0.803582
Tight multinomial,Control,592,1.14014
Tight multinomial,Control,593,1.11017
Tight multinomial,Control,594,1.00436
Tight multinomial,Control,595,1.0251
Tight multinomial,Control,596,0.99328
Tight multinomial,Control,597,1.05396
Tight multinomial,Control,598,0.888765
Tight multinomial,Control,599,0.995485
Tight multinomial,Control,600,0.932132
Tight multinomial,Control,601,0.933442
Tight multinomial,Control,602,1.05387
Tight multinomial,Control,603,0.939941
Tight multinomial,Control,604,1.10711
Tight multinomial,Control,605,1.25423
Tight multinomial,Control,606,0.839884
Tight multinomial,Control,607,1.28093
Tight multinomial,Control,608,0.821931
Tight multinomial,Control,609,0.913763
Tight multinomial,Control,610,0.843959
Tight multinomial,Control,611,0.83408
Tight multinomial,Control,612,0.79239
Tight multinomial,Control,613,0.956324
Tight multinomial,Control,614,1.07701
Tight multinomial,Control,615,0.99432
Tight multinomial,Control,616,1.23508
Tight multinomial,Control,617,1.09978
Tight multinomial,Control,618,0.993559
Tight multinomial,Control,619,1.2672
Tight multinomial,Control,620,0.792372
Tight multinomial,Control,621,1.33607
Tight multinomial,Control,622,0.949402
Tight multinomial,Control,623,1.05522
Tight multinomial,Control,624,1.15297
Tight multinomial,Control,625,1.06243
Tight multinomial,Control,626,1.18172
Tight multinomial,Control,627,0.940084
Tight multinomial,Control,628,0.935156
Tight multinomial,Control,629,1.03803
Tight multinomial,Control,630,1.02804
Tight multinomial,Control,631,0.98443
Tight multinomial,Control,632,1.1193
Tight multinomial,Control,633,1.13326
Tight multinomial,Control,634,1.03189
Tight multinomial,Control,635,0.831596
Tight multinomial,Control,636,0.88115
Tight multinomial,Control,637,1.06405
Tight multinomial,Control,638,0.935714
Tight multinomial,Control,639,1.07761
Tight multinomial,Control,640,1.05591
Tight multinomial,Control,641,1.07542
Tight multinomial,Control,642,1.08455
Tight multinomial,Control,643,1.07679
Tight multinomial,Control,644,0.926132
Tight multinomial,Control,645,1.01437
Tight multinomial,Control,646,0.879952
Tight multinomial,Control,647,1.12152
Tight multinomial,Control,648,1.01419
Tight multinomial,Control,649,1.07092
Tight multinomial,Control,650,1.0393
Tight multinomial,Control,651,1.13062
Tight multinomial,Control,652,0.929316
Tight multinomial,Control,653,1.14624
Tight multinomial,Control,654,1.15022
Tight multinomial,Control,655,1.06401
Tight multinomial,Control,656,1.09933
Tight multinomial,Control,657,1.02696
Tight multinomial,Control,658,1.08843
Tight multinomial,Control,659,0.854322
Tight multinomial,Control,660,1.10344
Tight multinomial,Control,661,0.899581
Tight multinomial,Control,662,1.04209
Tight multinomial,Control,663,1.01618
Tight multinomial,Control,664,1.04231
Tight multinomial,Control,665,1.04417
Tight multinomial,Control,666,0.988382
Tight multinomial,Control,667,0.95953599999999994
Tight multinomial,Control,668,0.894756
Tight multinomial,Control,669,1.08792
Tight multinomial,Control,670,1.05612
Tight multinomial,Control,671,1.13656
Tight multinomial,Control,672,0.937422
Tight multinomial,Control,673,1.09258
Tight multinomial,Control,674,0.903027
Tight multinomial,Control,675,0.992778
Tight multinomial,Control,676,0.962191
Tight multinomial,Control,677,1.07934
Tight multinomial,Control,678,1.08012
Tight multinomial,Control,679,0.942944
Tight multinomial,Control,680,1.10439
Tight multinomial,Control,681,0.982704
Tight multinomial,Control,682,0.806895
Tight multinomial,Control,683,0.981938
Tight multinomial,Control,684,0.996174
Tight multinomial,Control,685,0.934798
Tight multinomial,Control,686,1.03536
Tight multinomial,Control,687,1.29221
Tight multinomial,Control,688,0.893899
Tight multinomial,Control,689,1.11575
Tight multinomial,Control,690,0.894256
Tight multinomial,Control,691,1.07642
Tight multinomial,Control,692,0.97353
Tight multinomial,Control,693,0.964469
Tight multinomial,Control,694,0.960503
Tight multinomial,Control,695,1.02044
Tight multinomial,Control,696,0.96627
Tight multinomial,Control,697,1.01134
Tight multinomial,Control,698,1.20515
Tight multinomial,Control,699,0.919251
Tight multinomial,Control,700,1.0789
Tight multinomial,Control,701,0.867501
Tight multinomial,Control,702,1.13486
Tight multinomial,Control,703,0.934705
Tight multinomial,Control,704,1.13372
Tight multinomial,Control,705,1.04469
Tight multinomial,Control,706,0.916768
Tight multinomial,Control,707,0.86012
Tight multinomial,Control,708,1.01049
Tight multinomial,Control,709,1.17756
Tight multinomial,Control,710,1.03567
Tight multinomial,Control,711,1.24331
Tight multinomial,Control,712,0.940806
Tight multinomial,Control,713,1.04874
Tight multinomial,Control,714,0.692492
Tight multinomial,Control,715,1.10223
Tight multinomial,Control,716,1.08006
Tight multinomial,Control,717,1.3485
Tight multinomial,Control,718,0.986913
Tight multinomial,Control,719,1.24611
Tight multinomial,Control,720,0.92987
Tight multinomial,Control,721,1.14763
Tight multinomial,Control,722,0.867036
Tight multinomial,Control,723,1.11084
Tight multinomial,Control,724,1.168
Tight multinomial,Control,725,1.3174
Tight multinomial,Control,726,0.813136
Tight multinomial,Control,727,1.05248
Tight multinomial,Control,728,1.12892
Tight multinomial,Control,729,1.29371
Tight multinomial,Control,730,1.07777
Tight multinomial,Control,731,1.019
Tight multinomial,Control,732,0.835326
Tight multinomial,Control,733,1.0966
Tight multinomial,Control,734,0.92975
Tight multinomial,Control,735,1.09336
Tight multinomial,Control,736,0.898862
Tight multinomial,Control,737,0.967484
Tight multinomial,Control,738,1.01766
Tight multinomial,Control,739,1.03249
Tight multinomial,Control,740,0.850028
Tight multinomial,Control,741,1.17037
Tight multinomial,Control,742,1.28027
Tight multinomial,Control,743,0.874183
Tight multinomial,Control,744,0.975414
Tight multinomial,Control,745,0.955105
Tight multinomial,Control,746,1.03797
Tight multinomial,Control,747,0.995221
Tight multinomial,Control,748,1.01433
Tight multinomial,Control,749,1.2598800000000001
Tight multinomial,Control,750,0.985703
Tight multinomial,Control,751,1.27434
Tight multinomial,Control,752,1.12448
Tight multinomial,Control,753,1.04417
Tight multinomial,Control,754,1.13557
Tight multinomial,Control,755,1.06049
Tight multinomial,Control,756,0.984208
Tight multinomial,Control,757,1.02655
Tight multinomial,Control,758,0.98137
Tight multinomial,Control,759,1.22154
Tight multinomial,Control,760,0.913849
Tight multinomial,Control,761,1.15186
Tight multinomial,Control,762,0.913005
Tight multinomial,Control,763,1.15536
Tight multinomial,Control,764,0.923789
Tight multinomial,Control,765,0.99085
Tight multinomial,Control,766,1.03523
Tight multinomial,Control,767,0.975582
Tight multinomial,Control,768,1.08596
Tight multinomial,Control,769,0.8952
Tight multinomial,Control,770,1.30218
Tight multinomial,Control,771,0.909307
Tight multinomial,Control,772,1.06805
Tight multinomial,Control,773,0.967873
Tight multinomial,Control,774,1.14048
Tight multinomial,Control,775,0.958099
Tight multinomial,Control,776,0.939958
Tight multinomial,Control,777,0.946861
Tight multinomial,Control,778,1.05277
Tight multinomial,Control,779,0.883018
Tight multinomial,Control,780,1.17808
Tight multinomial,Control,781,1.02313
Tight multinomial,Control,782,0.950316
Tight multinomial,Control,783,1.07759
Tight multinomial,Control,784,1.07879
Tight multinomial,Control,785,1.0434
Tight multinomial,Control,786,1.09969
Tight multinomial,Control,787,1.02594
Tight multinomial,Control,788,1.01955
Tight multinomial,Control,789,0.877248
Tight multinomial,Control,790,1.06769
Tight multinomial,Control,791,1.08843
Tight multinomial,Control,792,0.791417
Tight multinomial,Control,793,1.11291
Tight multinomial,Control,794,1.06947
Tight multinomial,Control,795,0.859112
Tight multinomial,Control,796,0.92187
Tight multinomial,Control,797,0.993508
Tight multinomial,Control,798,0.936425
Tight multinomial,Control,799,1.40828
Tight multinomial,Control,800,0.78696
Tight multinomial,Control,801,0.954913
Tight multinomial,Control,802,1.08525
Tight multinomial,Control,803,0.928965
Tight multinomial,Control,804,0.935149
Tight multinomial,Control,805,0.743141
Tight multinomial,Control,806,1.00261
Tight multinomial,Control,807,0.725778
Tight multinomial,Control,808,1.00451
Tight multinomial,Control,809,0.880165
Tight multinomial,Control,810,1.22091
Tight multinomial,Control,811,1.08672
Tight multinomial,Control,812,0.989982
Tight multinomial,Control,813,0.863772
Tight multinomial,Control,814,1.34567
Tight multinomial,Control,815,0.89045
Tight multinomial,Control,816,1.01465
Tight multinomial,Control,817,1.20511
Tight multinomial,Control,818,1.07568
Tight multinomial,Control,819,1.12395
Tight multinomial,Control,820,1.19771
Tight multinomial,Control,821,1.14566
Tight multinomial,Control,822,0.982082
Tight multinomial,Control,823,1.05619
Tight multinomial,Control,824,1.05064
Tight multinomial,Control,825,0.978782
Tight multinomial,Control,826,1.23636
Tight multinomial,Control,827,1.16229
Tight multinomial,Control,828,0.786312
Tight multinomial,Control,829,1.19202
Tight multinomial,Control,830,0.904678
Tight multinomial,Control,831,0.967841
Tight multinomial,Control,832,1.05464
Tight multinomial,Control,833,1.06352
Tight multinomial,Control,834,0.894455
Tight multinomial,Control,835,1.50168
Tight multinomial,Control,836,1.0841
Tight multinomial,Control,837,1.02291
Tight multinomial,Control,838,1.00168
Tight multinomial,Control,839,0.94923
Tight multinomial,Control,840,1.04293
Tight multinomial,Control,841,0.790056
Tight multinomial,Control,842,1.01078
Tight multinomial,Control,843,0.943967
Tight multinomial,Control,844,1.29649
Tight multinomial,Control,845,0.970949
Tight multinomial,Control,846,0.956407
Tight multinomial,Control,847,0.947735
Tight multinomial,Control,848,1.0236
Tight multinomial,Control,849,1.07968
Tight multinomial,Control,850,1.21507
Tight multinomial,Control,851,1.03227
Tight multinomial,Control,852,1.18483
Tight multinomial,Control,853,1.08887
Tight multinomial,Control,854,1.10995
Tight multinomial,Control,855,1.11035
Tight multinomial,Control,856,1.17483
Tight multinomial,Control,857,1.16888
Tight multinomial,Control,858,1.04819
Tight multinomial,Control,859,0.844848
Tight multinomial,Control,860,0.962889
Tight multinomial,Control,861,0.958601
Tight multinomial,Control,862,1.04868
Tight multinomial,Control,863,0.935185
Tight multinomial,Control,864,0.807037
Tight multinomial,Control,865,1.06299
Tight multinomial,Control,866,1.07493
Tight multinomial,Control,867,0.933703
Tight multinomial,Control,868,1.01451
Tight multinomial,Control,869,0.99067
Tight multinomial,Control,870,0.949752
Tight multinomial,Control,871,0.984265
Tight multinomial,Control,872,1.01403
Tight multinomial,Control,873,0.941609
Tight multinomial,Control,874,1.01366
Tight multinomial,Control,875,1.09004
Tight multinomial,Control,876,0.969116
Tight multinomial,Control,877,0.949321
Tight multinomial,Control,878,1.11882
Tight multinomial,Control,879,0.905123
Tight multinomial,Control,880,1.03783
Tight multinomial,Control,881,0.99223
Tight multinomial,Control,882,1.17014
Tight multinomial,Control,883,0.952474
Tight multinomial,Control,884,1.0223
Tight multinomial,Control,885,0.850891
Tight multinomial,Control,886,1.20364
Tight multinomial,Control,887,0.957668
Tight multinomial,Control,888,1.18301
Tight multinomial,Control,889,0.996265
Tight multinomial,Control,890,0.986496
Tight multinomial,Control,891,0.974331
Tight multinomial,Control,892,1.02413
Tight multinomial,Control,893,0.984642
Tight multinomial,Control,894,0.987634
Tight multinomial,Control,895,1.11992
Tight multinomial,Control,896,1.02253
Tight multinomial,Control,897,1.03461
Tight multinomial,Control,898,0.981894
Tight multinomial,Control,899,1.00607
Tight multinomial,Control,900,0.95376
Tight multinomial,Control,901,1.00614
Tight multinomial,Control,902,1.24455
Tight multinomial,Control,903,1.07459
Tight multinomial,Control,904,1.18832
Tight multinomial,Control,905,1.05523
Tight multinomial,Control,906,1.25919
Tight multinomial,Control,907,0.892557
Tight multinomial,Control,908,0.977159
Tight multinomial,Control,909,1.02057
Tight multinomial,Control,910,1.11919
Tight multinomial,Control,911,0.736254
Tight multinomial,Control,912,1.10946
Tight multinomial,Control,913,1.14661
Tight multinomial,Control,914,0.766667
Tight multinomial,Control,915,1.12322
Tight multinomial,Control,916,0.903106
Tight multinomial,Control,917,1.21262
Tight multinomial,Control,918,0.901702
Tight multinomial,Control,919,1.52762
Tight multinomial,Control,920,1.12104
Tight multinomial,Control,921,0.891224
Tight multinomial,Control,922,1.15888
Tight multinomial,Control,923,0.982951
Tight multinomial,Control,924,0.979551
Tight multinomial,Control,925,0.899946
Tight multinomial,Control,926,1.24581
Tight multinomial,Control,927,1.06162
Tight multinomial,Control,928,0.926249
Tight multinomial,Control,929,0.891022
Tight multinomial,Control,930,0.999224
Tight multinomial,Control,931,1.12444
Tight multinomial,Control,932,1.19962
Tight multinomial,Control,933,0.953004
Tight multinomial,Control,934,0.939827
Tight multinomial,Control,935,1.01926
Tight multinomial,Control,936,1.03971
Tight multinomial,Control,937,1.05821
Tight multinomial,Control,938,1.04667
Tight multinomial,Control,939,0.935643
Tight multinomial,Control,940,0.92173
Tight multinomial,Control,941,1.12664
Tight multinomial,Control,942,0.993424
Tight multinomial,Control,943,1.08893
Tight multinomial,Control,944,1.06096
Tight multinomial,Control,945,1.18036
Tight multinomial,Control,946,0.902839
Tight multinomial,Control,947,1.05932
Tight multinomial,Control,948,0.928038
Tight multinomial,Control,949,1.00706
Tight multinomial,Control,950,1.09337
Tight multinomial,Control,951,1.01003
Tight multinomial,Control,952,1.16599
Tight multinomial,Control,953,1.12507
Tight multinomial,Control,954,1.07149
Tight multinomial,Control,955,1.00296
Tight multinomial,Control,956,1.13342
Tight multinomial,Control,957,1.13685
Tight multinomial,Control,958,0.947837
Tight multinomial,Control,959,1.04258
Tight multinomial,Control,960,1.08931
Tight multinomial,Control,961,1.02998
Tight multinomial,Control,962,1.06828
Tight multinomial,Control,963,1.02514
Tight multinomial,Control,964,0.995522
Tight multinomial,Control,965,1.10858
Tight multinomial,Control,966,1.04757
Tight multinomial,Control,967,0.974496
Tight multinomial,Control,968,0.881289
Tight multinomial,Control,969,1.02502
Tight multinomial,Control,970,0.971526
Tight multinomial,Control,971,0.847954
Tight multinomial,Control,972,1.04937
Tight multinomial,Control,973,0.83576
Tight multinomial,Control,974,1.07481
Tight multinomial,Control,975,1.05006
Tight multinomial,Control,976,1.01291
Tight multinomial,Control,977,1.02117
Tight multinomial,Control,978,1.30758
Tight multinomial,Control,979,1.08741
Tight multinomial,Control,980,0.93433
Tight multinomial,Control,981,0.963306
Tight multinomial,Control,982,1.00857
Tight multinomial,Control,983,1.16313
Tight multinomial,Control,984,1.0642
Tight multinomial,Control,985,0.891496
Tight multinomial,Control,986,1.16393
Tight multinomial,Control,987,0.851235
Tight multinomial,Control,988,1.05133
Tight multinomial,Control,989,1.02337
Tight multinomial,Control,990,1.07747
Tight multinomial,Control,991,0.885778
Tight multinomial,Control,992,0.989952
Tight multinomial,Control,993,1.09017
Tight multinomial,Control,994,1.08759
Tight multinomial,Control,995,1.01823
Tight multinomial,Control,996,0.991962
Tight multinomial,Control,997,0.968546
Tight multinomial,Control,998,0.917221
Tight multinomial,Control,999,1.03301
Tight multinomial,Control,1000,0.99422
Tight multinomial,Control,1001,1.02593
Tight multinomial,Control,1002,0.823228
Tight multinomial,Control,1003,1.01232
Tight multinomial,Control,1004,1.05531
Tight multinomial,Control,1005,1.09651
Tight multinomial,Control,1006,1.04105
Tight multinomial,Control,1007,1.13072
Tight multinomial,Control,1008,0.890572
Tight multinomial,Control,1009,0.874282
Tight multinomial,Control,1010,1.13606
Tight multinomial,Control,1011,0.934309
Tight multinomial,Control,1012,1.14279
Tight multinomial,Control,1013,1.04756
Tight multinomial,Control,1014,0.942683
Tight multinomial,Control,1015,1.06167
Tight multinomial,Control,1016,1.05698
Tight multinomial,Control,1017,1.08975
Tight multinomial,Control,1018,0.85444
Tight multinomial,Control,1019,1.18912
Tight multinomial,Control,1020,0.947521
Tight multinomial,Control,1021,1.17038
Tight multinomial,Control,1022,0.937017
Tight multinomial,Control,1023,0.965517
Tight multinomial,Control,1024,1.09638
Tight multinomial,Control,1025,1.09154
Tight multinomial,Control,1026,1.066
Tight multinomial,Control,1027,1.2227
Tight multinomial,Control,1028,1.12884
Tight multinomial,Control,1029,0.952911
Tight multinomial,Control,1030,1.09272
Tight multinomial,Control,1031,1.00027
Tight multinomial,Control,1032,0.899692
Tight multinomial,Control,1033,1.16712
Tight multinomial,Control,1034,1.139
Tight multinomial,Control,1035,0.998013
Tight multinomial,Control,1036,0.880824
Tight multinomial,Control,1037,0.999093
Tight multinomial,Control,1038,0.954591
Tight multinomial,Control,1039,1.02327
Tight multinomial,Control,1040,1.23361
Tight multinomial,Control,1041,1.22254
Tight multinomial,Control,1042,0.868442
Tight multinomial,Control,1043,1.00997
Tight multinomial,Control,1044,1.2069
Tight multinomial,Control,1045,1.06747
Tight multinomial,Control,1046,1.04792
Tight multinomial,Control,1047,1.0563
Tight multinomial,Control,1048,1.19171
Tight multinomial,Control,1049,0.987099
Tight multinomial,Control,1050,0.915427
Tight multinomial,Control,1051,1.11319
Tight multinomial,Control,1052,0.929538
Tight multinomial,Control,1053,0.888926
Tight multinomial,Control,1054,1.18151
Tight multinomial,Control,1055,0.977265
Tight multinomial,Control,1056,1.05899
Tight multinomial,Control,1057,1.08914
Tight multinomial,Control,1058,0.973669
Tight multinomial,Control,1059,1.13416
Tight multinomial,Control,1060,1.11525
Tight multinomial,Control,1061,1.18618
Tight multinomial,Control,1062,0.962276
Tight multinomial,Control,1063,1.04782
Tight multinomial,Control,1064,1.11162
Tight multinomial,Control,1065,0.961882
Tight multinomial,Control,1066,1.09033
Tight multinomial,Control,1067,1.07164
Tight multinomial,Control,1068,1.24269
Tight multinomial,Control,1069,1.12994
Tight multinomial,Control,1070,1.2174
Tight multinomial,Control,1071,1.03125
Tight multinomial,Control,1072,1.07011
Tight multinomial,Control,1073,0.951286
Tight multinomial,Control,1074,0.825675
Tight multinomial,Control,1075,1.10123
Tight multinomial,Control,1076,1.1293
Tight multinomial,Control,1077,0.922949
Tight multinomial,Control,1078,1.11578
Tight multinomial,Control,1079,1.12073
Tight multinomial,Control,1080,1.17162
Tight multinomial,Control,1081,1.18939
Tight multinomial,Control,1082,1.12023
Tight multinomial,Control,1083,0.92206
Tight multinomial,Control,1084,1.3202
Tight multinomial,Control,1085,0.935701
Tight multinomial,Control,1086,1.08592
Tight multinomial,Control,1087,1.09657
Tight multinomial,Control,1088,0.905415
Tight multinomial,Control,1089,0.877506
Tight multinomial,Control,1090,1.10802
Tight multinomial,Control,1091,1.15207
Tight multinomial,Control,1092,0.942895
Tight multinomial,Control,1093,0.968807
Tight multinomial,Control,1094,1.11037
Tight multinomial,Control,1095,1.18202
Tight multinomial,Control,1096,0.940007
Tight multinomial,Control,1097,1.0852
Tight multinomial,Control,1098,1.16405
Tight multinomial,Control,1099,0.976644
Tight multinomial,Control,1100,1.08298
Tight multinomial,Control,1101,1.0355
Tight multinomial,Control,1102,0.935959
Tight multinomial,Control,1103,0.989333
Tight multinomial,Control,1104,1.07759
Tight multinomial,Control,1105,1.15905
Tight multinomial,Control,1106,0.971631
Tight multinomial,Control,1107,0.962663
Tight multinomial,Control,1108,0.966114
Tight multinomial,Control,1109,0.96742
Tight multinomial,Control,1110,1.11841
Tight multinomial,Control,1111,0.965818
Tight multinomial,Control,1112,0.99751
Tight multinomial,Control,1113,1.28966
Tight multinomial,Control,1114,1.11004
Tight multinomial,Control,1115,1.0465
Tight multinomial,Control,1116,1.04701
Tight multinomial,Control,1117,1.08533
Tight multinomial,Control,1118,1.08359
Tight multinomial,Control,1119,1.02245
Tight multinomial,Control,1120,0.889189
Tight multinomial,Control,1121,0.952741
Tight multinomial,Control,1122,1.15962
Tight multinomial,Control,1123,0.956827
Tight multinomial,Control,1124,1.06736
Tight multinomial,Control,1125,1.3311
Tight multinomial,Control,1126,0.871504
Tight multinomial,Control,1127,1.28737
Tight multinomial,Control,1128,1.15246
Tight multinomial,Control,1129,1.16905
Tight multinomial,Control,1130,0.936293
Tight multinomial,Control,1131,1.10154
Tight multinomial,Control,1132,1.13766
Tight multinomial,Control,1133,1.06575
Tight multinomial,Control,1134,1.09377
Tight multinomial,Control,1135,1.03067
Tight multinomial,Control,1136,1.19448
Tight multinomial,Control,1137,1.11098
Tight multinomial,Control,1138,0.927293
Tight multinomial,Control,1139,1.06314
Tight multinomial,Control,1140,0.971818
Tight multinomial,Control,1141,0.982187
Tight multinomial,Control,1142,1.05033
Tight multinomial,Control,1143,0.793646
Tight multinomial,Control,1144,1.08384
Tight multinomial,Control,1145,1.00427
Tight multinomial,Control,1146,1.2785
Tight multinomial,Control,1147,1.2116
Tight multinomial,Control,1148,0.973452
Tight multinomial,Control,1149,1.10004
Tight multinomial,Control,1150,0.857386
Tight multinomial,Control,1151,1.22632
Tight multinomial,Control,1152,1.17521
Tight multinomial,Control,1153,0.834613
Tight multinomial,Control,1154,1.09044
Tight multinomial,Control,1155,1.04174
Tight multinomial,Control,1156,1.10151
Tight multinomial,Control,1157,0.971802
Tight multinomial,Control,1158,1.10611
Tight multinomial,Control,1159,0.959563
Tight multinomial,Control,1160,1.01762
Tight multinomial,Control,1161,1.23118
Tight multinomial,Control,1162,1.12602
Tight multinomial,Control,1163,0.990752
Tight multinomial,Control,1164,0.891443
Tight multinomial,Control,1165,0.975246
Tight multinomial,Control,1166,0.999326
Tight multinomial,Control,1167,1.10554
Tight multinomial,Control,1168,1.02268
Tight multinomial,Control,1169,0.981514
Tight multinomial,Control,1170,1.04498
Tight multinomial,Control,1171,1.27159
Tight multinomial,Control,1172,1.01828
Tight multinomial,Control,1173,0.914269
Tight multinomial,Control,1174,1.04512
Tight multinomial,Control,1175,1.16191
Tight multinomial,Control,1176,1.06056
Tight multinomial,Control,1177,0.953236
Tight multinomial,Control,1178,1.11599
Tight multinomial,Control,1179,1.09166
Tight multinomial,Control,1180,0.910893
Tight multinomial,Control,1181,1.11217
Tight multinomial,Control,1182,1.09166
Tight multinomial,Control,1183,1.04958
Tight multinomial,Control,1184,0.975308
Tight multinomial,Control,1185,1.20427
Tight multinomial,Control,1186,1.05941
Tight multinomial,Control,1187,0.939752
Tight multinomial,Control,1188,0.961763
Tight multinomial,Control,1189,1.05124
Tight multinomial,Control,1190,1.07647
Tight multinomial,Control,1191,0.914297
Tight multinomial,Control,1192,1.02236
Tight multinomial,Control,1193,0.9672
Tight multinomial,Control,1194,0.983311
Tight multinomial,Control,1195,0.901604
Tight multinomial,Control,1196,1.00466
Tight multinomial,Control,1197,1.08347
Tight multinomial,Control,1198,0.941394
Tight multinomial,Control,1199,0.894089
Tight multinomial,Control,1200,0.945668
Tight multinomial,Control,1201,0.910476
Tight multinomial,Control,1202,1.03157
Tight multinomial,Control,1203,0.899418
Tight multinomial,Control,1204,1.06941
Tight multinomial,Control,1205,1.06413
Tight multinomial,Control,1206,0.99893
Tight multinomial,Control,1207,0.979565
Tight multinomial,Control,1208,0.883935
Tight multinomial,Control,1209,0.965306
Tight multinomial,Control,1210,0.954832
Tight multinomial,Control,1211,0.965384
Tight multinomial,Control,1212,0.98741
Tight multinomial,Control,1213,1.07137
Tight multinomial,Control,1214,1.09854
Tight multinomial,Control,1215,0.904408
Tight multinomial,Control,1216,0.978836
Tight multinomial,Control,1217,0.97251
Tight multinomial,Control,1218,1.06372
Tight multinomial,Control,1219,1.00981
Tight multinomial,Control,1220,1.23949
Tight multinomial,Control,1221,0.897474
Tight multinomial,Control,1222,0.993286
Tight multinomial,Control,1223,1.11275
Tight multinomial,Control,1224,1.16647
Tight multinomial,Control,1225,1.10451
Tight multinomial,Control,1226,0.906487
Tight multinomial,Control,1227,1.12424
Tight multinomial,Control,1228,1.08364
Tight multinomial,Control,1229,1.08537
Tight multinomial,Control,1230,0.939843
Tight multinomial,Control,1231,0.796927
Tight multinomial,Control,1232,0.958646
Tight multinomial,Control,1233,0.991158
Tight multinomial,Control,1234,1.12141
Tight multinomial,Control,1235,0.802789
Tight multinomial,Control,1236,1.0579
Tight multinomial,Control,1237,1.15527
Tight multinomial,Control,1238,0.933962
Tight multinomial,Control,1239,1.02622
Tight multinomial,Control,1240,1.13041
Tight multinomial,Control,1241,0.951013
Tight multinomial,Control,1242,1.11909
Tight multinomial,Control,1243,1.07574
Tight multinomial,Control,1244,1.14287
Tight multinomial,Control,1245,1.0965
Tight multinomial,Control,1246,0.900218
Tight multinomial,Control,1247,0.99267
Tight multinomial,Control,1248,1.08486
Tight multinomial,Control,1249,0.923265
Tight multinomial,Control,1250,0.821974
Tight multinomial,Control,1251,0.916494
Tight multinomial,Control,1252,1.00163
Tight multinomial,Control,1253,1.0333
Tight multinomial,Control,1254,0.771904
Tight multinomial,Control,1255,1.11839
Tight multinomial,Control,1256,0.937571
Tight multinomial,Control,1257,1.13736
Tight multinomial,Control,1258,1.05148
Tight multinomial,Control,1259,1.10621
Tight multinomial,Control,1260,1.10178
Tight multinomial,Control,1261,0.928723
Tight multinomial,Control,1262,1.27905
Tight multinomial,Control,1263,1.14347
Tight multinomial,Control,1264,1.10458
Tight multinomial,Control,1265,0.881076
Tight multinomial,Control,1266,1.06652
Tight multinomial,Control,1267,1.01368
Tight multinomial,Control,1268,0.925319
Tight multinomial,Control,1269,1.09005
Tight multinomial,Control,1270,0.994576
Tight multinomial,Control,1271,0.974307
Tight multinomial,Control,1272,0.853155
Tight multinomial,Control,1273,1.09324
Tight multinomial,Control,1274,0.923269
Tight multinomial,Control,1275,1.06739
Tight multinomial,Control,1276,0.947087
Tight multinomial,Control,1277,1.07758
Tight multinomial,Control,1278,1.09136
Tight multinomial,Control,1279,1.1199
Tight multinomial,Control,1280,0.940421
Tight multinomial,Control,1281,0.972224
Tight multinomial,Control,1282,1.17077
Tight multinomial,Control,1283,1.18636
Tight multinomial,Control,1284,1.15207
Tight multinomial,Control,1285,0.819243
Tight multinomial,Control,1286,1.12051
Tight multinomial,Control,1287,0.888317
Tight multinomial,Control,1288,1.28904
Tight multinomial,Control,1289,0.982423
Tight multinomial,Control,1290,0.948612
Tight multinomial,Control,1291,0.916707
Tight multinomial,Control,1292,0.848702
Tight multinomial,Control,1293,1.23757
Tight multinomial,Control,1294,1.15746
Tight multinomial,Control,1295,0.911699
Tight multinomial,Control,1296,0.974517
Tight multinomial,Control,1297,0.925922
Tight multinomial,Control,1298,0.807667
Tight multinomial,Control,1299,1.23083
Tight multinomial,Control,1300,0.851858
Tight multinomial,Control,1301,1.03764
Tight multinomial,Control,1302,1.09817
Tight multinomial,Control,1303,1.02867
Tight multinomial,Control,1304,1.03243
Tight multinomial,Control,1305,1.0964
Tight multinomial,Control,1306,0.956626
Tight multinomial,Control,1307,1.01937
Tight multinomial,Control,1308,1.21169
Tight multinomial,Control,1309,1.25048
Tight multinomial,Control,1310,1.25213
Tight multinomial,Control,1311,1.10297
Tight multinomial,Control,1312,1.05004
Tight multinomial,Control,1313,1.07924
Tight multinomial,Control,1314,1.14295
Tight multinomial,Control,1315,0.998042
Tight multinomial,Control,1316,0.906182
Tight multinomial,Control,1317,1.03169
Tight multinomial,Control,1318,0.919498
Tight multinomial,Control,1319,0.954943
Tight multinomial,Control,1320,0.944327
Tight multinomial,Control,1321,1.10563
Tight multinomial,Control,1322,0.962559
Tight multinomial,Control,1323,0.958989
Tight multinomial,Control,1324,1.02477
Tight multinomial,Control,1325,1.14582
Tight multinomial,Control,1326,0.966223
Tight multinomial,Control,1327,1.0819
Tight multinomial,Control,1328,1.20794
Tight multinomial,Control,1329,1.26051
Tight multinomial,Control,1330,1.04602
Tight multinomial,Control,1331,1.04422
Tight multinomial,Control,1332,0.987447
Tight multinomial,Control,1333,1.08801
Tight multinomial,Control,1334,1.07146
Tight multinomial,Control,1335,0.991709
Tight multinomial,Control,1336,0.977632
Tight multinomial,Control,1337,0.96956
Tight multinomial,Control,1338,0.995603
Tight multinomial,Control,1339,1.01535
Tight multinomial,Control,1340,1.04026
Tight multinomial,Control,1341,0.917185
Tight multinomial,Control,1342,0.92542
Tight multinomial,Control,1343,1.18481
Tight multinomial,Control,1344,0.959123
Tight multinomial,Control,1345,1.31099
Tight multinomial,Control,1346,0.953081
Tight multinomial,Control,1347,1.14391
Tight multinomial,Control,1348,1.09109
Tight multinomial,Control,1349,1.2097
Tight multinomial,Control,1350,0.970054
Tight multinomial,Control,1351,1.03416
Tight multinomial,Control,1352,0.968618
Tight multinomial,Control,1353,1.04721
Tight multinomial,Control,1354,1.08136
Tight multinomial,Control,1355,0.905121
Tight multinomial,Control,1356,0.990209
Tight multinomial,Control,1357,1.07156
Tight multinomial,Control,1358,1.08479
Tight multinomial,Control,1359,0.984457
Tight multinomial,Control,1360,1.00252
Tight multinomial,Control,1361,1.1605
Tight multinomial,Control,1362,0.942295
Tight multinomial,Control,1363,1.04428
Tight multinomial,Control,1364,1.0838699999999999
Tight multinomial,Control,1365,1.03195
Tight multinomial,Control,1366,0.995039
Tight multinomial,Control,1367,0.950155
Tight multinomial,Control,1368,1.05792
Tight multinomial,Control,1369,0.866414
Tight multinomial,Control,1370,1.11895
Tight multinomial,Control,1371,0.93674
Tight multinomial,Control,1372,0.99724
Tight multinomial,Control,1373,0.945372
Tight multinomial,Control,1374,1.01584
Tight multinomial,Control,1375,1.12129
Tight multinomial,Control,1376,1.15737
Tight multinomial,Control,1377,1.08597
Tight multinomial,Control,1378,1.10893
Tight multinomial,Control,1379,1.15419
Tight multinomial,Control,1380,0.922462
Tight multinomial,Control,1381,1.14283
Tight multinomial,Control,1382,0.887491
Tight multinomial,Control,1383,1.1452
Tight multinomial,Control,1384,1.16912
Tight multinomial,Control,1385,1.01468
Tight multinomial,Control,1386,1.16265
Tight multinomial,Control,1387,0.872371
Tight multinomial,Control,1388,1.02647
Tight multinomial,Control,1389,1.01913
Tight multinomial,Control,1390,0.849266
Tight multinomial,Control,1391,1.0532
Tight multinomial,Control,1392,0.98385
Tight multinomial,Control,1393,1.11355
Tight multinomial,Control,1394,1.04194
Tight multinomial,Control,1395,1.20449
Tight multinomial,Control,1396,0.949072
Tight multinomial,Control,1397,0.954953
Tight multinomial,Control,1398,0.805755
Tight multinomial,Control,1399,1.07177
Tight multinomial,Control,1400,0.838296
Tight multinomial,Control,1401,1.0645
Tight multinomial,Control,1402,0.772999
Tight multinomial,Control,1403,1.07009
Tight multinomial,Control,1404,0.914719
Tight multinomial,Control,1405,1.16872
Tight multinomial,Control,1406,1.02741
Tight multinomial,Control,1407,0.924375
Tight multinomial,Control,1408,0.711143
Tight multinomial,Control,1409,0.988169
Tight multinomial,Control,1410,0.929396
Tight multinomial,Control,1411,1.01682
Tight multinomial,Control,1412,0.891021
Tight multinomial,Control,1413,1.14785
Tight multinomial,Control,1414,0.947556
Tight multinomial,Control,1415,0.961463
Tight multinomial,Control,1416,0.97701
Tight multinomial,Control,1417,0.921746
Tight multinomial,Control,1418,0.82017
Tight multinomial,Control,1419,1.02035
Tight multinomial,Control,1420,0.992686
Tight multinomial,Control,1421,0.958217
Tight multinomial,Control,1422,0.993484
Tight multinomial,Control,1423,0.954527
Tight multinomial,Control,1424,1.03117
Tight multinomial,Control,1425,0.783704
Tight multinomial,Control,1426,1.03734
Tight multinomial,Control,1427,0.906783
Tight multinomial,Control,1428,1.28335
Tight multinomial,Control,1429,1.29399
Tight multinomial,Control,1430,1.14066
Tight multinomial,Control,1431,1.01556
Tight multinomial,Control,1432,0.907263
Tight multinomial,Control,1433,1.05004
Tight multinomial,Control,1434,0.890326
Tight multinomial,Control,1435,0.891784
Tight multinomial,Control,1436,1.07737
Tight multinomial,Control,1437,1.0109
Tight multinomial,Control,1438,1.14501
Tight multinomial,Control,1439,1.00914
Tight multinomial,Control,1440,0.965815
Tight multinomial,Control,1441,1.05501
Tight multinomial,Control,1442,1.10488
Tight multinomial,Control,1443,1.03984
Tight multinomial,Control,1444,0.902626
Tight multinomial,Control,1445,0.960003
Tight multinomial,Control,1446,1.08228
Tight multinomial,Control,1447,0.972453
Tight multinomial,Control,1448,0.887425
Tight multinomial,Control,1449,1.01328
Tight multinomial,Control,1450,1.0401
Tight multinomial,Control,1451,1.00668
Tight multinomial,Control,1452,1.1366
Tight multinomial,Control,1453,1.04172
Tight multinomial,Control,1454,1.15667
Tight multinomial,Control,1455,0.9057
Tight multinomial,Control,1456,1.09276
Tight multinomial,Control,1457,1.151
Tight multinomial,Control,1458,1.02848
Tight multinomial,Control,1459,0.985905
Tight multinomial,Control,1460,1.23055
Tight multinomial,Control,1461,0.997479
Tight multinomial,Control,1462,1.09781
Tight multinomial,Control,1463,1.04323
Tight multinomial,Control,1464,0.991575
Tight multinomial,Control,1465,1.06287
Tight multinomial,Control,1466,0.983838
Tight multinomial,Control,1467,0.907793
Tight multinomial,Control,1468,1.02701
Tight multinomial,Control,1469,0.920993
Tight multinomial,Control,1470,0.996578
Tight multinomial,Control,1471,0.948384
Tight multinomial,Control,1472,1.00838
Tight multinomial,Control,1473,1.0751
Tight multinomial,Control,1474,0.883406
Tight multinomial,Control,1475,0.953992
Tight multinomial,Control,1476,0.907349
Tight multinomial,Control,1477,0.994716
Tight multinomial,Control,1478,1.03895
Tight multinomial,Control,1479,0.890369
Tight multinomial,Control,1480,1.05042
Tight multinomial,Control,1481,1.05757
Tight multinomial,Control,1482,0.987241
Tight multinomial,Control,1483,1.10012
Tight multinomial,Control,1484,1.12622
Tight multinomial,Control,1485,1.05572
Tight multinomial,Control,1486,0.990341
Tight multinomial,Control,1487,0.975791
Tight multinomial,Control,1488,0.867045
Tight multinomial,Control,1489,1.16083
Tight multinomial,Control,1490,1.10065
Tight multinomial,Control,1491,0.921463
Tight multinomial,Control,1492,0.954768
Tight multinomial,Control,1493,1.03015
Tight multinomial,Control,1494,0.992933
Tight multinomial,Control,1495,0.961656
Tight multinomial,Control,1496,1.07564
Tight multinomial,Control,1497,0.935508
Tight multinomial,Control,1498,1.20266
Tight multinomial,Control,1499,0.929891
Tight multinomial,Control,1500,0.942578
Tight multinomial,Control,1501,1.00258
Tight multinomial,Control,1502,0.965353
Tight multinomial,Control,1503,0.97982
Tight multinomial,Control,1504,0.976131
Tight multinomial,Control,1505,0.984482
Tight multinomial,Control,1506,0.98974
Tight multinomial,Control,1507,1.07592
Tight multinomial,Control,1508,1.19075
Tight multinomial,Control,1509,1.02547
Tight multinomial,Control,1510,1.00499
Tight multinomial,Control,1511,1.07364
Tight multinomial,Control,1512,1.03435
Tight multinomial,Control,1513,1.07576
Tight multinomial,Control,1514,1.06175
Tight multinomial,Control,1515,0.98296
Tight multinomial,Control,1516,0.799568
Tight multinomial,Control,1517,1.12725
Tight multinomial,Control,1518,0.960455
Tight multinomial,Control,1519,1.07028
Tight multinomial,Control,1520,1.09458
Tight multinomial,Control,1521,0.996889
Tight multinomial,Control,1522,0.792218
Tight multinomial,Control,1523,1.13807
Tight multinomial,Control,1524,1.0136
Tight multinomial,Control,1525,1.19159
Tight multinomial,Control,1526,1.02712
Tight multinomial,Control,1527,1.0532300000000001
Tight multinomial,Control,1528,1.32617
Tight multinomial,Control,1529,1.05949
Tight multinomial,Control,1530,1.11133
Tight multinomial,Control,1531,1.1182
Tight multinomial,Control,1532,1.05779
Tight multinomial,Control,1533,1.16539
Tight multinomial,Control,1534,0.811064
Tight multinomial,Control,1535,1.12015
Tight multinomial,Control,1536,0.949754
Tight multinomial,Control,1537,0.951017
Tight multinomial,Control,1538,1.15116
Tight multinomial,Control,1539,0.987958
Tight multinomial,Control,1540,1.04533
Tight multinomial,Control,1541,0.816015
Tight multinomial,Control,1542,1.40149
Tight multinomial,Control,1543,0.825018
Tight multinomial,Control,1544,1.0538
Tight multinomial,Control,1545,1.19061
Tight multinomial,Control,1546,1.03916
Tight multinomial,Control,1547,1.14362
Tight multinomial,Control,1548,1.11444
Tight multinomial,Control,1549,1.06066
Tight multinomial,Control,1550,1.20369
Tight multinomial,Control,1551,0.965346
Tight multinomial,Control,1552,0.928848
Tight multinomial,Control,1553,0.898871
Tight multinomial,Control,1554,1.10121
Tight multinomial,Control,1555,1.08095
Tight multinomial,Control,1556,1.12306
Tight multinomial,Control,1557,1.01926
Tight multinomial,Control,1558,1.04035
Tight multinomial,Control,1559,1.17011
Tight multinomial,Control,1560,1.03145
Tight multinomial,Control,1561,0.962969
Tight multinomial,Control,1562,0.965279
Tight multinomial,Control,1563,0.886543
Tight multinomial,Control,1564,1.23698
Tight multinomial,Control,1565,1.04054
Tight multinomial,Control,1566,1.09639
Tight multinomial,Control,1567,1.06006
Tight multinomial,Control,1568,1.19763
Tight multinomial,Control,1569,0.994022
Tight multinomial,Control,1570,1.16224
Tight multinomial,Control,1571,0.953345
Tight multinomial,Control,1572,1.24439
Tight multinomial,Control,1573,1.07252
Tight multinomial,Control,1574,0.948798
Tight multinomial,Control,1575,1.06049
Tight multinomial,Control,1576,1.0688
Tight multinomial,Control,1577,1.0909
Tight multinomial,Control,1578,1.01247
Tight multinomial,Control,1579,1.06723
Tight multinomial,Control,1580,1.04358
Tight multinomial,Control,1581,1.03467
Tight multinomial,Control,1582,1.07527
Tight multinomial,Control,1583,1.02519
Tight multinomial,Control,1584,0.828157
Tight multinomial,Control,1585,1.23646
Tight multinomial,Control,1586,0.977936
Tight multinomial,Control,1587,0.714873
Tight multinomial,Control,1588,0.977623
Tight multinomial,Control,1589,1.1771
Tight multinomial,Control,1590,0.9986
Tight multinomial,Control,1591,1.28106
Tight multinomial,Control,1592,0.80074
Tight multinomial,Control,1593,1.12019
Tight multinomial,Control,1594,1.15744
Tight multinomial,Control,1595,0.976727
Tight multinomial,Control,1596,0.828604
Tight multinomial,Control,1597,1.17314
Tight multinomial,Control,1598,1.01862
Tight multinomial,Control,1599,0.968454
Tight multinomial,Control,1600,0.922364
Tight multinomial,Ink,1,0.908559
Tight multinomial,Ink,2,0.817318
Tight multinomial,Ink,3,0.906955
Tight multinomial,Ink,4,0.93435
Tight multinomial,Ink,5,0.905608
Tight multinomial,Ink,6,0.701928
Tight multinomial,Ink,7,0.971515
Tight multinomial,Ink,8,0.818122
Tight multinomial,Ink,9,0.860368
Tight multinomial,Ink,10,0.902695
Tight multinomial,Ink,11,0.82198
Tight multinomial,Ink,12,0.847984
Tight multinomial,Ink,13,0.74612
Tight multinomial,Ink,14,0.824075
Tight multinomial,Ink,15,0.80223
Tight multinomial,Ink,16,0.857871
Tight multinomial,Ink,17,0.819976
Tight multinomial,Ink,18,0.891509
Tight multinomial,Ink,19,0.79114
Tight multinomial,Ink,20,0.840044
Tight multinomial,Ink,21,0.664941
Tight multinomial,Ink,22,0.842507
Tight multinomial,Ink,23,0.708714
Tight multinomial,Ink,24,0.803401
Tight multinomial,Ink,25,0.865021
Tight multinomial,Ink,26,0.761865
Tight multinomial,Ink,27,0.98759
Tight multinomial,Ink,28,0.887684
Tight multinomial,Ink,29,0.74885
Tight multinomial,Ink,30,0.868144
Tight multinomial,Ink,31,1.00422
Tight multinomial,Ink,32,0.946883
Tight multinomial,Ink,33,0.902359
Tight multinomial,Ink,34,0.773298
Tight multinomial,Ink,35,0.779874
Tight multinomial,Ink,36,0.887763
Tight multinomial,Ink,37,0.80917
Tight multinomial,Ink,38,0.777195
Tight multinomial,Ink,39,0.900313
Tight multinomial,Ink,40,0.825805
Tight multinomial,Ink,41,0.69996100000000006
Tight multinomial,Ink,42,0.846019
Tight multinomial,Ink,43,0.841127
Tight multinomial,Ink,44,0.785081
Tight multinomial,Ink,45,0.802208
Tight multinomial,Ink,46,0.788829
Tight multinomial,Ink,47,0.895158
Tight multinomial,Ink,48,0.934135
Tight multinomial,Ink,49,0.699246
Tight multinomial,Ink,50,0.951914
Tight multinomial,Ink,51,0.953939
Tight multinomial,Ink,52,0.911403
Tight multinomial,Ink,53,0.9109
Tight multinomial,Ink,54,0.93669500000000006
Tight multinomial,Ink,55,0.938018
Tight multinomial,Ink,56,0.725406
Tight multinomial,Ink,57,0.826933
Tight multinomial,Ink,58,0.934434
Tight multinomial,Ink,59,0.7722
Tight multinomial,Ink,60,0.88633
Tight multinomial,Ink,61,0.812711
Tight multinomial,Ink,62,0.79144
Tight multinomial,Ink,63,0.927947
Tight multinomial,Ink,64,0.882261
Tight multinomial,Ink,65,0.925054
Tight multinomial,Ink,66,0.79671
Tight multinomial,Ink,67,0.817369
Tight multinomial,Ink,68,0.81495
Tight multinomial,Ink,69,0.945693
Tight multinomial,Ink,70,0.990801
Tight multinomial,Ink,71,0.771657
Tight multinomial,Ink,72,0.954466
Tight multinomial,Ink,73,0.851628
Tight multinomial,Ink,74,0.965824
Tight multinomial,Ink,75,0.827106
Tight multinomial,Ink,76,0.79825
Tight multinomial,Ink,77,0.844402
Tight multinomial,Ink,78,0.821027
Tight multinomial,Ink,79,1.05685
Tight multinomial,Ink,80,0.750282
Tight multinomial,Ink,81,0.903185
Tight multinomial,Ink,82,0.830026
Tight multinomial,Ink,83,0.962244
Tight multinomial,Ink,84,0.986215
Tight multinomial,Ink,85,0.953531
Tight multinomial,Ink,86,0.856859
Tight multinomial,Ink,87,0.80164
Tight multinomial,Ink,88,0.879074
Tight multinomial,Ink,89,0.619076
Tight multinomial,Ink,90,0.876359
Tight multinomial,Ink,91,0.728864
Tight multinomial,Ink,92,0.966019
Tight multinomial,Ink,93,0.732992
Tight multinomial,Ink,94,0.934491
Tight multinomial,Ink,95,0.797034
Tight multinomial,Ink,96,0.885337
Tight multinomial,Ink,97,0.953424
Tight multinomial,Ink,98,0.941604
Tight multinomial,Ink,99,0.775637
Tight multinomial,Ink,100,0.789475
Tight multinomial,Ink,101,0.841182
Tight multinomial,Ink,102,0.761016
Tight multinomial,Ink,103,0.913977
Tight multinomial,Ink,104,0.893174
Tight multinomial,Ink,105,0.664886
Tight multinomial,Ink,106,0.778419
Tight multinomial,Ink,107,0.842606
Tight multinomial,Ink,108,0.922101
Tight multinomial,Ink,109,0.796646
Tight multinomial,Ink,110,0.826302
Tight multinomial,Ink,111,0.958441
Tight multinomial,Ink,112,0.881671
Tight multinomial,Ink,113,0.739605
Tight multinomial,Ink,114,0.921411
Tight multinomial,Ink,115,0.724817
Tight multinomial,Ink,116,0.998571
Tight multinomial,Ink,117,0.732369
Tight multinomial,Ink,118,0.944866
Tight multinomial,Ink,119,0.945655
Tight multinomial,Ink,120,0.843199
Tight multinomial,Ink,121,0.872914
Tight multinomial,Ink,122,0.792381
Tight multinomial,Ink,123,0.848025
Tight multinomial,Ink,124,0.645708
Tight multinomial,Ink,125,0.931739
Tight multinomial,Ink,126,0.946154
Tight multinomial,Ink,127,0.691418
Tight multinomial,Ink,128,0.892351
Tight multinomial,Ink,129,0.949586
Tight multinomial,Ink,130,0.811739
Tight multinomial,Ink,131,0.975074
Tight multinomial,Ink,132,0.99916
Tight multinomial,Ink,133,0.907259
Tight multinomial,Ink,134,0.901013
Tight multinomial,Ink,135,0.837347
Tight multinomial,Ink,136,0.743609
Tight multinomial,Ink,137,0.874741
Tight multinomial,Ink,138,0.790252
Tight multinomial,Ink,139,0.795302
Tight multinomial,Ink,140,0.885241
Tight multinomial,Ink,141,0.833258
Tight multinomial,Ink,142,0.888732
Tight multinomial,Ink,143,0.760161
Tight multinomial,Ink,144,0.881419
Tight multinomial,Ink,145,0.791362
Tight multinomial,Ink,146,0.867378
Tight multinomial,Ink,147,0.72054
Tight multinomial,Ink,148,0.863828
Tight multinomial,Ink,149,0.882384
Tight multinomial,Ink,150,0.807901
Tight multinomial,Ink,151,0.847522
Tight multinomial,Ink,152,0.698332
Tight multinomial,Ink,153,0.864539
Tight multinomial,Ink,154,0.725527
Tight multinomial,Ink,155,0.787129
Tight multinomial,Ink,156,0.784617
Tight multinomial,Ink,157,0.848785
Tight multinomial,Ink,158,0.74504
Tight multinomial,Ink,159,0.948743
Tight multinomial,Ink,160,0.846918
Tight multinomial,Ink,161,0.875343
Tight multinomial,Ink,162,0.892357
Tight multinomial,Ink,163,0.728447
Tight multinomial,Ink,164,0.967916
Tight multinomial,Ink,165,0.994572
Tight multinomial,Ink,166,0.882523
Tight multinomial,Ink,167,0.782773
Tight multinomial,Ink,168,0.792459
Tight multinomial,Ink,169,0.920234
Tight multinomial,Ink,170,0.903954
Tight multinomial,Ink,171,0.831539
Tight multinomial,Ink,172,0.82597
Tight multinomial,Ink,173,0.758977
Tight multinomial,Ink,174,0.899959
Tight multinomial,Ink,175,0.745801
Tight multinomial,Ink,176,0.999775
Tight multinomial,Ink,177,0.976253
Tight multinomial,Ink,178,0.763712
Tight multinomial,Ink,179,0.875297
Tight multinomial,Ink,180,0.850686
Tight multinomial,Ink,181,0.881348
Tight multinomial,Ink,182,0.851003
Tight multinomial,Ink,183,0.900147
Tight multinomial,Ink,184,0.815738
Tight multinomial,Ink,185,0.807192
Tight multinomial,Ink,186,0.904274
Tight multinomial,Ink,187,0.871168
Tight multinomial,Ink,188,0.866528
Tight multinomial,Ink,189,0.905209
Tight multinomial,Ink,190,0.793466
Tight multinomial,Ink,191,0.734613
Tight multinomial,Ink,192,0.878892
Tight multinomial,Ink,193,0.880243
Tight multinomial,Ink,194,0.895492
Tight multinomial,Ink,195,0.740304
Tight multinomial,Ink,196,0.817949
Tight multinomial,Ink,197,0.878252
Tight multinomial,Ink,198,0.922671
Tight multinomial,Ink,199,0.944773
Tight multinomial,Ink,200,0.918195
Tight multinomial,Ink,201,0.993889
Tight multinomial,Ink,202,0.807031
Tight multinomial,Ink,203,0.936554
Tight multinomial,Ink,204,0.936225
Tight multinomial,Ink,205,0.864613
Tight multinomial,Ink,206,0.910043
Tight multinomial,Ink,207,0.892201
Tight multinomial,Ink,208,0.810835
Tight multinomial,Ink,209,0.934007
Tight multinomial,Ink,210,0.931246
Tight multinomial,Ink,211,0.932166
Tight multinomial,Ink,212,0.896621
Tight multinomial,Ink,213,0.889727
Tight multinomial,Ink,214,0.826871
Tight multinomial,Ink,215,0.767129
Tight multinomial,Ink,216,0.777962
Tight multinomial,Ink,217,0.790544
Tight multinomial,Ink,218,0.937215
Tight multinomial,Ink,219,0.777646
Tight multinomial,Ink,220,0.966726
Tight multinomial,Ink,221,0.902481
Tight multinomial,Ink,222,0.923259
Tight multinomial,Ink,223,0.913841
Tight multinomial,Ink,224,0.906206
Tight multinomial,Ink,225,0.909344
Tight multinomial,Ink,226,0.886755
Tight multinomial,Ink,227,0.882136
Tight multinomial,Ink,228,0.987885
Tight multinomial,Ink,229,0.705591
Tight multinomial,Ink,230,1.08077
Tight multinomial,Ink,231,0.723328
Tight multinomial,Ink,232,1.01534
Tight multinomial,Ink,233,0.921972
Tight multinomial,Ink,234,0.982064
Tight multinomial,Ink,235,1.00271
Tight multinomial,Ink,236,0.986616
Tight multinomial,Ink,237,1.00623
Tight multinomial,Ink,238,0.990732
Tight multinomial,Ink,239,0.985013
Tight multinomial,Ink,240,1.01305
Tight multinomial,Ink,241,0.99767
Tight multinomial,Ink,242,0.965737
Tight multinomial,Ink,243,0.945069
Tight multinomial,Ink,244,0.99296
Tight multinomial,Ink,245,0.953379
Tight multinomial,Ink,246,0.939593
Tight multinomial,Ink,247,0.745837
Tight multinomial,Ink,248,0.958947
Tight multinomial,Ink,249,0.823578
Tight multinomial,Ink,250,0.845486
Tight multinomial,Ink,251,0.834475
Tight multinomial,Ink,252,0.928866
Tight multinomial,Ink,253,0.904222
Tight multinomial,Ink,254,0.965323
Tight multinomial,Ink,255,0.70205
Tight multinomial,Ink,256,0.730345
Tight multinomial,Ink,257,0.73842699999999994
Tight multinomial,Ink,258,0.835213
Tight multinomial,Ink,259,0.933688
Tight multinomial,Ink,260,0.758653
Tight multinomial,Ink,261,0.794152
Tight multinomial,Ink,262,0.937447
Tight multinomial,Ink,263,0.885873
Tight multinomial,Ink,264,0.801891
Tight multinomial,Ink,265,0.95993
Tight multinomial,Ink,266,0.655578
Tight multinomial,Ink,267,0.801211
Tight multinomial,Ink,268,0.701113
Tight multinomial,Ink,269,0.765771
Tight multinomial,Ink,270,0.661541
Tight multinomial,Ink,271,0.897502
Tight multinomial,Ink,272,0.999617
Tight multinomial,Ink,273,0.758723
Tight multinomial,Ink,274,0.933337
Tight multinomial,Ink,275,1.03592
Tight multinomial,Ink,276,0.794339
Tight multinomial,Ink,277,0.999058
Tight multinomial,Ink,278,0.961868
Tight multinomial,Ink,279,0.854881
Tight multinomial,Ink,280,0.960956
Tight multinomial,Ink,281,0.697087
Tight multinomial,Ink,282,0.958688
Tight multinomial,Ink,283,0.828587
Tight multinomial,Ink,284,0.815893
Tight multinomial,Ink,285,0.936892
Tight multinomial,Ink,286,0.691225
Tight multinomial,Ink,287,0.912007
Tight multinomial,Ink,288,0.835438
Tight multinomial,Ink,289,0.923802
Tight multinomial,Ink,290,0.799682
Tight multinomial,Ink,291,0.829889
Tight multinomial,Ink,292,0.776924
Tight multinomial,Ink,293,0.736735
Tight multinomial,Ink,294,0.973995
Tight multinomial,Ink,295,0.748173
Tight multinomial,Ink,296,0.930429
Tight multinomial,Ink,297,0.965014
Tight multinomial,Ink,298,0.875785
Tight multinomial,Ink,299,0.957861
Tight multinomial,Ink,300,0.708886
Tight multinomial,Ink,301,0.790838
Tight multinomial,Ink,302,0.724662
Tight multinomial,Ink,303,0.967996
Tight multinomial,Ink,304,0.97349
Tight multinomial,Ink,305,0.914953
Tight multinomial,Ink,306,0.755023
Tight multinomial,Ink,307,0.873706
Tight multinomial,Ink,308,0.924866
Tight multinomial,Ink,309,0.833203
Tight multinomial,Ink,310,0.73597
Tight multinomial,Ink,311,0.963082
Tight multinomial,Ink,312,0.85193
Tight multinomial,Ink,313,0.858248
Tight multinomial,Ink,314,0.859692
Tight multinomial,Ink,315,0.824866
Tight multinomial,Ink,316,0.751943
Tight multinomial,Ink,317,0.882669
Tight multinomial,Ink,318,0.863129
Tight multinomial,Ink,319,0.879608
Tight multinomial,Ink,320,0.953924
Tight multinomial,Ink,321,0.782875
Tight multinomial,Ink,322,0.813606
Tight multinomial,Ink,323,0.784602
Tight multinomial,Ink,324,0.859432
Tight multinomial,Ink,325,0.9791
Tight multinomial,Ink,326,0.884318
Tight multinomial,Ink,327,0.87433
Tight multinomial,Ink,328,0.948674
Tight multinomial,Ink,329,0.933789
Tight multinomial,Ink,330,0.801875
Tight multinomial,Ink,331,0.892248
Tight multinomial,Ink,332,0.917314
Tight multinomial,Ink,333,0.706685
Tight multinomial,Ink,334,0.636549
Tight multinomial,Ink,335,0.899203
Tight multinomial,Ink,336,0.83075
Tight multinomial,Ink,337,0.913854
Tight multinomial,Ink,338,0.861074
Tight multinomial,Ink,339,0.797221
Tight multinomial,Ink,340,0.750608
Tight multinomial,Ink,341,0.955609
Tight multinomial,Ink,342,0.767025
Tight multinomial,Ink,343,0.805721
Tight multinomial,Ink,344,0.808277
Tight multinomial,Ink,345,0.763206
Tight multinomial,Ink,346,0.776543
Tight multinomial,Ink,347,0.918311
Tight multinomial,Ink,348,0.8675
Tight multinomial,Ink,349,0.865098
Tight multinomial,Ink,350,0.87678
Tight multinomial,Ink,351,0.96748
Tight multinomial,Ink,352,0.946368
Tight multinomial,Ink,353,0.828732
Tight multinomial,Ink,354,0.826958
Tight multinomial,Ink,355,0.827944
Tight multinomial,Ink,356,0.858387
Tight multinomial,Ink,357,0.907801
Tight multinomial,Ink,358,0.873703
Tight multinomial,Ink,359,1.00255
Tight multinomial,Ink,360,0.761972
Tight multinomial,Ink,361,0.76526
Tight multinomial,Ink,362,0.931511
Tight multinomial,Ink,363,0.869859
Tight multinomial,Ink,364,0.797006
Tight multinomial,Ink,365,0.924905
Tight multinomial,Ink,366,0.892668
Tight multinomial,Ink,367,0.806464
Tight multinomial,Ink,368,0.978232
Tight multinomial,Ink,369,0.993392
Tight multinomial,Ink,370,0.849748
Tight multinomial,Ink,371,0.871735
Tight multinomial,Ink,372,0.888317
Tight multinomial,Ink,373,0.80376
Tight multinomial,Ink,374,0.892454
Tight multinomial,Ink,375,0.868562
Tight multinomial,Ink,376,0.792742
Tight multinomial,Ink,377,0.940874
Tight multinomial,Ink,378,0.668358
Tight multinomial,Ink,379,0.894722
Tight multinomial,Ink,380,0.775206
Tight multinomial,Ink,381,0.74209
Tight multinomial,Ink,382,0.825921
Tight multinomial,Ink,383,0.7837
Tight multinomial,Ink,384,0.845509
Tight multinomial,Ink,385,0.856445
Tight multinomial,Ink,386,0.898983
Tight multinomial,Ink,387,0.953855
Tight multinomial,Ink,388,0.850602
Tight multinomial,Ink,389,0.789198
Tight multinomial,Ink,390,0.778643
Tight multinomial,Ink,391,0.674727
Tight multinomial,Ink,392,0.919597
Tight multinomial,Ink,393,0.706147
Tight multinomial,Ink,394,0.834682
Tight multinomial,Ink,395,0.876692
Tight multinomial,Ink,396,0.845723
Tight multinomial,Ink,397,0.863342
Tight multinomial,Ink,398,0.925555
Tight multinomial,Ink,399,0.816756
Tight multinomial,Ink,400,0.918182
Tight multinomial,Ink,401,0.813113
Tight multinomial,Ink,402,1.00372
Tight multinomial,Ink,403,0.977871
Tight multinomial,Ink,404,0.968842
Tight multinomial,Ink,405,0.894959
Tight multinomial,Ink,406,0.700136
Tight multinomial,Ink,407,0.876646
Tight multinomial,Ink,408,0.946493
Tight multinomial,Ink,409,0.785002
Tight multinomial,Ink,410,0.889168
Tight multinomial,Ink,411,0.785369
Tight multinomial,Ink,412,0.806112
Tight multinomial,Ink,413,0.869465
Tight multinomial,Ink,414,0.911426
Tight multinomial,Ink,415,0.8306
Tight multinomial,Ink,416,1.00573
Tight multinomial,Ink,417,0.805275
Tight multinomial,Ink,418,0.902605
Tight multinomial,Ink,419,0.933079
Tight multinomial,Ink,420,0.906887
Tight multinomial,Ink,421,0.675082
Tight multinomial,Ink,422,0.862319
Tight multinomial,Ink,423,0.883681
Tight multinomial,Ink,424,0.900435
Tight multinomial,Ink,425,0.784667
Tight multinomial,Ink,426,0.85706
Tight multinomial,Ink,427,0.886021
Tight multinomial,Ink,428,0.899531
Tight multinomial,Ink,429,0.823672
Tight multinomial,Ink,430,0.734072
Tight multinomial,Ink,431,0.751673
Tight multinomial,Ink,432,0.888474
Tight multinomial,Ink,433,0.82011
Tight multinomial,Ink,434,0.849526
Tight multinomial,Ink,435,0.82233
Tight multinomial,Ink,436,0.726426
Tight multinomial,Ink,437,0.855363
Tight multinomial,Ink,438,0.868359
Tight multinomial,Ink,439,0.868479
Tight multinomial,Ink,440,0.877065
Tight multinomial,Ink,441,0.655897
Tight multinomial,Ink,442,0.880593
Tight multinomial,Ink,443,0.788783
Tight multinomial,Ink,444,0.818389
Tight multinomial,Ink,445,0.816443
Tight multinomial,Ink,446,0.869814
Tight multinomial,Ink,447,0.816137
Tight multinomial,Ink,448,0.766455
Tight multinomial,Ink,449,0.945268
Tight multinomial,Ink,450,0.861282
Tight multinomial,Ink,451,0.859499
Tight multinomial,Ink,452,0.771185
Tight multinomial,Ink,453,1.13229
Tight multinomial,Ink,454,0.644862
Tight multinomial,Ink,455,0.871168
Tight multinomial,Ink,456,0.828992
Tight multinomial,Ink,457,0.879688
Tight multinomial,Ink,458,0.934611
Tight multinomial,Ink,459,0.968446
Tight multinomial,Ink,460,0.913121
Tight multinomial,Ink,461,0.850169
Tight multinomial,Ink,462,0.810482
Tight multinomial,Ink,463,0.832965
Tight multinomial,Ink,464,0.887597
Tight multinomial,Ink,465,0.825195
Tight multinomial,Ink,466,0.904498
Tight multinomial,Ink,467,0.904641
Tight multinomial,Ink,468,0.945937
Tight multinomial,Ink,469,0.804102
Tight multinomial,Ink,470,0.974885
Tight multinomial,Ink,471,0.787521
Tight multinomial,Ink,472,0.976841
Tight multinomial,Ink,473,0.965176
Tight multinomial,Ink,474,0.566559
Tight multinomial,Ink,475,0.887562
Tight multinomial,Ink,476,0.810271
Tight multinomial,Ink,477,0.880092
Tight multinomial,Ink,478,0.757925
Tight multinomial,Ink,479,0.855052
Tight multinomial,Ink,480,0.889208
Tight multinomial,Ink,481,0.831029
Tight multinomial,Ink,482,0.966224
Tight multinomial,Ink,483,0.858183
Tight multinomial,Ink,484,0.800016
Tight multinomial,Ink,485,0.786293
Tight multinomial,Ink,486,0.786266
Tight multinomial,Ink,487,0.958506
Tight multinomial,Ink,488,0.916623
Tight multinomial,Ink,489,0.71417
Tight multinomial,Ink,490,0.707276
Tight multinomial,Ink,491,0.783512
Tight multinomial,Ink,492,0.617828
Tight multinomial,Ink,493,0.902345
Tight multinomial,Ink,494,0.784157
Tight multinomial,Ink,495,0.80096
Tight multinomial,Ink,496,0.977252
Tight multinomial,Ink,497,0.761984
Tight multinomial,Ink,498,0.719735
Tight multinomial,Ink,499,0.931412
Tight multinomial,Ink,500,0.700783
Tight multinomial,Ink,501,0.944732
Tight multinomial,Ink,502,0.949683
Tight multinomial,Ink,503,0.959117
Tight multinomial,Ink,504,0.909991
Tight multinomial,Ink,505,0.812146
Tight multinomial,Ink,506,1.00725
Tight multinomial,Ink,507,0.797587
Tight multinomial,Ink,508,0.936442
Tight multinomial,Ink,509,0.79795
Tight multinomial,Ink,510,0.849402
Tight multinomial,Ink,511,0.848536
Tight multinomial,Ink,512,0.862275
Tight multinomial,Ink,513,0.724162
Tight multinomial,Ink,514,0.851082
Tight multinomial,Ink,515,0.70985
Tight multinomial,Ink,516,0.877091
Tight multinomial,Ink,517,0.994966
Tight multinomial,Ink,518,0.828553
Tight multinomial,Ink,519,0.72716
Tight multinomial,Ink,520,0.807603
Tight multinomial,Ink,521,1.05587
Tight multinomial,Ink,522,0.942525
Tight multinomial,Ink,523,0.983024
Tight multinomial,Ink,524,0.630332
Tight multinomial,Ink,525,0.930809
Tight multinomial,Ink,526,0.876095
Tight multinomial,Ink,527,0.883547
Tight multinomial,Ink,528,0.909831
Tight multinomial,Ink,529,0.870902
Tight multinomial,Ink,530,0.86302
Tight multinomial,Ink,531,0.899103
Tight multinomial,Ink,532,0.755172
Tight multinomial,Ink,533,0.849239
Tight multinomial,Ink,534,0.765644
Tight multinomial,Ink,535,0.790894
Tight multinomial,Ink,536,0.828723
Tight multinomial,Ink,537,0.876473
Tight multinomial,Ink,538,0.828199
Tight multinomial,Ink,539,0.823747
Tight multinomial,Ink,540,0.71897
Tight multinomial,Ink,541,0.881132
Tight multinomial,Ink,542,0.946944
Tight multinomial,Ink,543,0.837643
Tight multinomial,Ink,544,0.798681
Tight multinomial,Ink,545,0.788752
Tight multinomial,Ink,546,0.95829
Tight multinomial,Ink,547,0.909443
Tight multinomial,Ink,548,0.891514
Tight multinomial,Ink,549,0.783585
Tight multinomial,Ink,550,0.835743
Tight multinomial,Ink,551,0.907456
Tight multinomial,Ink,552,0.93706
Tight multinomial,Ink,553,0.951542
Tight multinomial,Ink,554,1.05272
Tight multinomial,Ink,555,0.761955
Tight multinomial,Ink,556,0.677038
Tight multinomial,Ink,557,0.721583
Tight multinomial,Ink,558,0.871458
Tight multinomial,Ink,559,0.94231
Tight multinomial,Ink,560,0.935858
Tight multinomial,Ink,561,0.766295
Tight multinomial,Ink,562,0.925991
Tight multinomial,Ink,563,0.701982
Tight multinomial,Ink,564,0.753979
Tight multinomial,Ink,565,0.926328
Tight multinomial,Ink,566,0.92784199999999994
Tight multinomial,Ink,567,0.870421
Tight multinomial,Ink,568,0.780237
Tight multinomial,Ink,569,0.926011
Tight multinomial,Ink,570,0.83232
Tight multinomial,Ink,571,0.844734
Tight multinomial,Ink,572,0.944422
Tight multinomial,Ink,573,0.87166
Tight multinomial,Ink,574,0.725375
Tight multinomial,Ink,575,0.779378
Tight multinomial,Ink,576,0.930156
Tight multinomial,Ink,577,0.93506
Tight multinomial,Ink,578,0.839582
Tight multinomial,Ink,579,0.972294
Tight multinomial,Ink,580,0.866467
Tight multinomial,Ink,581,0.910075
Tight multinomial,Ink,582,0.84994
Tight multinomial,Ink,583,0.753676
Tight multinomial,Ink,584,0.816815
Tight multinomial,Ink,585,0.915709
Tight multinomial,Ink,586,0.834544
Tight multinomial,Ink,587,0.935066
Tight multinomial,Ink,588,1.00973
Tight multinomial,Ink,589,0.902385
Tight multinomial,Ink,590,0.898988
Tight multinomial,Ink,591,0.874547
Tight multinomial,Ink,592,0.930537
Tight multinomial,Ink,593,0.874785
Tight multinomial,Ink,594,0.954122
Tight multinomial,Ink,595,0.76005
Tight multinomial,Ink,596,0.871908
Tight multinomial,Ink,597,0.915245
Tight multinomial,Ink,598,0.808185
Tight multinomial,Ink,599,0.905837
Tight multinomial,Ink,600,0.791882
Tight multinomial,Ink,601,0.843692
Tight multinomial,Ink,602,0.803112
Tight multinomial,Ink,603,0.721612
Tight multinomial,Ink,604,0.94579
Tight multinomial,Ink,605,0.842944
Tight multinomial,Ink,606,0.872159
Tight multinomial,Ink,607,1.03162
Tight multinomial,Ink,608,0.784501
Tight multinomial,Ink,609,0.892408
Tight multinomial,Ink,610,0.781852
Tight multinomial,Ink,611,0.818233
Tight multinomial,Ink,612,0.816729
Tight multinomial,Ink,613,0.980179
Tight multinomial,Ink,614,0.857039
Tight multinomial,Ink,615,0.817433
Tight multinomial,Ink,616,0.892759
Tight multinomial,Ink,617,0.914453
Tight multinomial,Ink,618,0.900408
Tight multinomial,Ink,619,0.90724
Tight multinomial,Ink,620,0.73165500000000006
Tight multinomial,Ink,621,0.940169
Tight multinomial,Ink,622,0.92022
Tight multinomial,Ink,623,0.78923
Tight multinomial,Ink,624,0.857289
Tight multinomial,Ink,625,0.796148
Tight multinomial,Ink,626,0.828494
Tight multinomial,Ink,627,0.955787
Tight multinomial,Ink,628,0.945207
Tight multinomial,Ink,629,0.940892
Tight multinomial,Ink,630,0.761989
Tight multinomial,Ink,631,0.891328
Tight multinomial,Ink,632,0.791928
Tight multinomial,Ink,633,0.881505
Tight multinomial,Ink,634,0.931979
Tight multinomial,Ink,635,0.787833
Tight multinomial,Ink,636,0.846893
Tight multinomial,Ink,637,0.89976
Tight multinomial,Ink,638,0.880488
Tight multinomial,Ink,639,0.771307
Tight multinomial,Ink,640,0.935143
Tight multinomial,Ink,641,0.903203
Tight multinomial,Ink,642,0.864528
Tight multinomial,Ink,643,0.869687
Tight multinomial,Ink,644,0.756301
Tight multinomial,Ink,645,0.788495
Tight multinomial,Ink,646,0.900949
Tight multinomial,Ink,647,0.856228
Tight multinomial,Ink,648,0.882423
Tight multinomial,Ink,649,0.912581
Tight multinomial,Ink,650,0.852206
Tight multinomial,Ink,651,0.781741
Tight multinomial,Ink,652,0.697996
Tight multinomial,Ink,653,0.935031
Tight multinomial,Ink,654,0.912885
Tight multinomial,Ink,655,0.838803
Tight multinomial,Ink,656,0.74917
Tight multinomial,Ink,657,0.93375
Tight multinomial,Ink,658,0.892395
Tight multinomial,Ink,659,0.837856
Tight multinomial,Ink,660,0.922291
Tight multinomial,Ink,661,0.898807
Tight multinomial,Ink,662,0.963015
Tight multinomial,Ink,663,0.949176
Tight multinomial,Ink,664,0.802591
Tight multinomial,Ink,665,0.955783
Tight multinomial,Ink,666,0.890856
Tight multinomial,Ink,667,0.836128
Tight multinomial,Ink,668,0.721223
Tight multinomial,Ink,669,0.766871
Tight multinomial,Ink,670,0.79101
Tight multinomial,Ink,671,0.963895
Tight multinomial,Ink,672,0.872636
Tight multinomial,Ink,673,0.947327
Tight multinomial,Ink,674,0.814699
Tight multinomial,Ink,675,0.85429600000000006
Tight multinomial,Ink,676,0.910253
Tight multinomial,Ink,677,0.724557
Tight multinomial,Ink,678,0.857667
Tight multinomial,Ink,679,0.736484
Tight multinomial,Ink,680,0.960189
Tight multinomial,Ink,681,0.85554
Tight multinomial,Ink,682,0.855619
Tight multinomial,Ink,683,0.794862
Tight multinomial,Ink,684,0.688773
Tight multinomial,Ink,685,0.881802
Tight multinomial,Ink,686,0.783711
Tight multinomial,Ink,687,0.858298
Tight multinomial,Ink,688,0.726837
Tight multinomial,Ink,689,0.667262
Tight multinomial,Ink,690,0.95738
Tight multinomial,Ink,691,0.750395
Tight multinomial,Ink,692,0.826762
Tight multinomial,Ink,693,0.839
Tight multinomial,Ink,694,0.784443
Tight multinomial,Ink,695,0.707225
Tight multinomial,Ink,696,0.806915
Tight multinomial,Ink,697,0.801121
Tight multinomial,Ink,698,0.906215
Tight multinomial,Ink,699,0.963351
Tight multinomial,Ink,700,0.879823
Tight multinomial,Ink,701,0.921371
Tight multinomial,Ink,702,0.928831
Tight multinomial,Ink,703,0.785766
Tight multinomial,Ink,704,0.963624
Tight multinomial,Ink,705,0.955317
Tight multinomial,Ink,706,0.843189
Tight multinomial,Ink,707,0.762847
Tight multinomial,Ink,708,0.848346
Tight multinomial,Ink,709,0.881961
Tight multinomial,Ink,710,0.911278
Tight multinomial,Ink,711,0.887665
Tight multinomial,Ink,712,0.944476
Tight multinomial,Ink,713,0.94591
Tight multinomial,Ink,714,0.747253
Tight multinomial,Ink,715,0.807516
Tight multinomial,Ink,716,0.923154
Tight multinomial,Ink,717,0.795663
Tight multinomial,Ink,718,0.875455
Tight multinomial,Ink,719,0.829299
Tight multinomial,Ink,720,0.833993
Tight multinomial,Ink,721,0.796703
Tight multinomial,Ink,722,0.893071
Tight multinomial,Ink,723,0.85662
Tight multinomial,Ink,724,0.88916
Tight multinomial,Ink,725,0.866659
Tight multinomial,Ink,726,0.800576
Tight multinomial,Ink,727,0.785712
Tight multinomial,Ink,728,0.688842
Tight multinomial,Ink,729,0.776883
Tight multinomial,Ink,730,0.981222
Tight multinomial,Ink,731,0.649227
Tight multinomial,Ink,732,0.880494
Tight multinomial,Ink,733,0.746853
Tight multinomial,Ink,734,0.920326
Tight multinomial,Ink,735,0.72788
Tight multinomial,Ink,736,0.876259
Tight multinomial,Ink,737,0.760109
Tight multinomial,Ink,738,0.850408
Tight multinomial,Ink,739,0.832353
Tight multinomial,Ink,740,0.772435
Tight multinomial,Ink,741,0.7874
Tight multinomial,Ink,742,0.991627
Tight multinomial,Ink,743,0.963473
Tight multinomial,Ink,744,0.936556
Tight multinomial,Ink,745,0.722973
Tight multinomial,Ink,746,0.868674
Tight multinomial,Ink,747,0.955659
Tight multinomial,Ink,748,0.961405
Tight multinomial,Ink,749,0.921081
Tight multinomial,Ink,750,0.922219
Tight multinomial,Ink,751,0.980405
Tight multinomial,Ink,752,0.860963
Tight multinomial,Ink,753,0.868628
Tight multinomial,Ink,754,0.964167
Tight multinomial,Ink,755,0.732802
Tight multinomial,Ink,756,0.746553
Tight multinomial,Ink,757,0.934778
Tight multinomial,Ink,758,0.97036
Tight multinomial,Ink,759,0.882936
Tight multinomial,Ink,760,0.596642
Tight multinomial,Ink,761,0.862397
Tight multinomial,Ink,762,0.799814
Tight multinomial,Ink,763,0.842936
Tight multinomial,Ink,764,0.789192
Tight multinomial,Ink,765,0.908833
Tight multinomial,Ink,766,0.857564
Tight multinomial,Ink,767,0.896584
Tight multinomial,Ink,768,0.800796
Tight multinomial,Ink,769,0.82719
Tight multinomial,Ink,770,1.04125
Tight multinomial,Ink,771,0.750847
Tight multinomial,Ink,772,0.857215
Tight multinomial,Ink,773,0.888828
Tight multinomial,Ink,774,0.768949
Tight multinomial,Ink,775,0.918837
Tight multinomial,Ink,776,0.683622
Tight multinomial,Ink,777,0.8042
Tight multinomial,Ink,778,0.876926
Tight multinomial,Ink,779,0.886427
Tight multinomial,Ink,780,0.956972
Tight multinomial,Ink,781,0.836116
Tight multinomial,Ink,782,0.784778
Tight multinomial,Ink,783,0.878001
Tight multinomial,Ink,784,0.787024
Tight multinomial,Ink,785,0.877617
Tight multinomial,Ink,786,0.628512
Tight multinomial,Ink,787,0.705069
Tight multinomial,Ink,788,0.932313
Tight multinomial,Ink,789,0.685225
Tight multinomial,Ink,790,0.749074
Tight multinomial,Ink,791,0.719896
Tight multinomial,Ink,792,0.801068
Tight multinomial,Ink,793,0.844743
Tight multinomial,Ink,794,0.891093
Tight multinomial,Ink,795,0.658782
Tight multinomial,Ink,796,0.810968
Tight multinomial,Ink,797,0.950773
Tight multinomial,Ink,798,0.893041
Tight multinomial,Ink,799,0.761737
Tight multinomial,Ink,800,0.930909
Tight multinomial,Ink,801,0.991287
Tight multinomial,Ink,802,0.929017
Tight multinomial,Ink,803,0.836779
Tight multinomial,Ink,804,0.880983
Tight multinomial,Ink,805,0.839137
Tight multinomial,Ink,806,0.966879
Tight multinomial,Ink,807,0.924347
Tight multinomial,Ink,808,0.976941
Tight multinomial,Ink,809,0.744568
Tight multinomial,Ink,810,0.935855
Tight multinomial,Ink,811,0.790103
Tight multinomial,Ink,812,0.853578
Tight multinomial,Ink,813,0.697979
Tight multinomial,Ink,814,0.960178
Tight multinomial,Ink,815,0.911774
Tight multinomial,Ink,816,0.821931
Tight multinomial,Ink,817,1.00022
Tight multinomial,Ink,818,0.823258
Tight multinomial,Ink,819,0.784326
Tight multinomial,Ink,820,0.768821
Tight multinomial,Ink,821,0.83947
Tight multinomial,Ink,822,0.904156
Tight multinomial,Ink,823,0.738276
Tight multinomial,Ink,824,0.934513
Tight multinomial,Ink,825,0.936939
Tight multinomial,Ink,826,0.870274
Tight multinomial,Ink,827,0.871036
Tight multinomial,Ink,828,0.735985
Tight multinomial,Ink,829,0.901728
Tight multinomial,Ink,830,0.842572
Tight multinomial,Ink,831,0.964868
Tight multinomial,Ink,832,0.833474
Tight multinomial,Ink,833,0.892943
Tight multinomial,Ink,834,0.924198
Tight multinomial,Ink,835,0.839306
Tight multinomial,Ink,836,0.901603
Tight multinomial,Ink,837,0.80009
Tight multinomial,Ink,838,0.870776
Tight multinomial,Ink,839,0.806262
Tight multinomial,Ink,840,0.909106
Tight multinomial,Ink,841,0.814243
Tight multinomial,Ink,842,0.982456
Tight multinomial,Ink,843,0.748157
Tight multinomial,Ink,844,0.997531
Tight multinomial,Ink,845,0.742644
Tight multinomial,Ink,846,0.886792
Tight multinomial,Ink,847,0.807196
Tight multinomial,Ink,848,0.689169
Tight multinomial,Ink,849,0.704898
Tight multinomial,Ink,850,0.930061
Tight multinomial,Ink,851,0.690247
Tight multinomial,Ink,852,0.967255
Tight multinomial,Ink,853,0.854206
Tight multinomial,Ink,854,0.884763
Tight multinomial,Ink,855,0.87819
Tight multinomial,Ink,856,0.960069
Tight multinomial,Ink,857,0.847812
Tight multinomial,Ink,858,0.782816
Tight multinomial,Ink,859,0.792202
Tight multinomial,Ink,860,0.857787
Tight multinomial,Ink,861,0.777673
Tight multinomial,Ink,862,0.897777
Tight multinomial,Ink,863,0.837847
Tight multinomial,Ink,864,0.818556
Tight multinomial,Ink,865,1.0127
Tight multinomial,Ink,866,0.937565
Tight multinomial,Ink,867,0.703162
Tight multinomial,Ink,868,0.906798
Tight multinomial,Ink,869,0.762758
Tight multinomial,Ink,870,0.741025
Tight multinomial,Ink,871,0.777576
Tight multinomial,Ink,872,0.795499
Tight multinomial,Ink,873,0.777423
Tight multinomial,Ink,874,0.816611
Tight multinomial,Ink,875,0.859166
Tight multinomial,Ink,876,0.839941
Tight multinomial,Ink,877,0.804783
Tight multinomial,Ink,878,0.951124
Tight multinomial,Ink,879,0.812348
Tight multinomial,Ink,880,0.918876
Tight multinomial,Ink,881,0.767394
Tight multinomial,Ink,882,0.927743
Tight multinomial,Ink,883,0.747043
Tight multinomial,Ink,884,0.887521
Tight multinomial,Ink,885,0.675696
Tight multinomial,Ink,886,0.996834
Tight multinomial,Ink,887,0.717522
Tight multinomial,Ink,888,0.914551
Tight multinomial,Ink,889,0.739761
Tight multinomial,Ink,890,0.89704
Tight multinomial,Ink,891,0.786941
Tight multinomial,Ink,892,0.881398
Tight multinomial,Ink,893,0.861555
Tight multinomial,Ink,894,0.831322
Tight multinomial,Ink,895,0.814919
Tight multinomial,Ink,896,0.798066
Tight multinomial,Ink,897,0.824762
Tight multinomial,Ink,898,0.822264
Tight multinomial,Ink,899,0.815783
Tight multinomial,Ink,900,0.754758
Tight multinomial,Ink,901,0.853068
Tight multinomial,Ink,902,0.94027
Tight multinomial,Ink,903,0.805704
Tight multinomial,Ink,904,0.827989
Tight multinomial,Ink,905,0.703521
Tight multinomial,Ink,906,0.88729
Tight multinomial,Ink,907,0.958945
Tight multinomial,Ink,908,0.875203
Tight multinomial,Ink,909,0.951552
Tight multinomial,Ink,910,1.00584
Tight multinomial,Ink,911,0.925557
Tight multinomial,Ink,912,0.980829
Tight multinomial,Ink,913,0.961102
Tight multinomial,Ink,914,0.874573
Tight multinomial,Ink,915,0.64703599999999994
Tight multinomial,Ink,916,0.865507
Tight multinomial,Ink,917,0.95815
Tight multinomial,Ink,918,0.804076
Tight multinomial,Ink,919,0.983898
Tight multinomial,Ink,920,0.916484
Tight multinomial,Ink,921,0.928114
Tight multinomial,Ink,922,0.687755
Tight multinomial,Ink,923,0.979205
Tight multinomial,Ink,924,1.00251
Tight multinomial,Ink,925,1.03851
Tight multinomial,Ink,926,0.82521
Tight multinomial,Ink,927,0.739788
Tight multinomial,Ink,928,1.01675
Tight multinomial,Ink,929,0.837986
Tight multinomial,Ink,930,0.920072
Tight multinomial,Ink,931,0.776929
Tight multinomial,Ink,932,0.94354
Tight multinomial,Ink,933,0.790686
Tight multinomial,Ink,934,0.774123
Tight multinomial,Ink,935,0.947208
Tight multinomial,Ink,936,0.827452
Tight multinomial,Ink,937,0.832393
Tight multinomial,Ink,938,0.888771
Tight multinomial,Ink,939,0.803081
Tight multinomial,Ink,940,0.917875
Tight multinomial,Ink,941,0.833168
Tight multinomial,Ink,942,0.784754
Tight multinomial,Ink,943,0.77784
Tight multinomial,Ink,944,0.867319
Tight multinomial,Ink,945,0.783739
Tight multinomial,Ink,946,0.888697
Tight multinomial,Ink,947,0.601828
Tight multinomial,Ink,948,0.90842
Tight multinomial,Ink,949,0.741512
Tight multinomial,Ink,950,0.824063
Tight multinomial,Ink,951,0.861568
Tight multinomial,Ink,952,0.921964
Tight multinomial,Ink,953,0.8552
Tight multinomial,Ink,954,0.958371
Tight multinomial,Ink,955,1.04304
Tight multinomial,Ink,956,0.727563
Tight multinomial,Ink,957,0.931228
Tight multinomial,Ink,958,0.793496
Tight multinomial,Ink,959,0.889337
Tight multinomial,Ink,960,0.924245
Tight multinomial,Ink,961,0.80523
Tight multinomial,Ink,962,0.817222
Tight multinomial,Ink,963,0.715074
Tight multinomial,Ink,964,0.824872
Tight multinomial,Ink,965,0.891068
Tight multinomial,Ink,966,0.712741
Tight multinomial,Ink,967,0.986089
Tight multinomial,Ink,968,0.837902
Tight multinomial,Ink,969,0.80495
Tight multinomial,Ink,970,0.825888
Tight multinomial,Ink,971,0.743448
Tight multinomial,Ink,972,0.746802
Tight multinomial,Ink,973,0.792082
Tight multinomial,Ink,974,0.827968
Tight multinomial,Ink,975,0.847962
Tight multinomial,Ink,976,0.830407
Tight multinomial,Ink,977,0.811576
Tight multinomial,Ink,978,0.855507
Tight multinomial,Ink,979,0.863464
Tight multinomial,Ink,980,0.817537
Tight multinomial,Ink,981,0.853039
Tight multinomial,Ink,982,0.942353
Tight multinomial,Ink,983,0.874178
Tight multinomial,Ink,984,0.89329
Tight multinomial,Ink,985,0.778752
Tight multinomial,Ink,986,0.719969
Tight multinomial,Ink,987,0.753494
Tight multinomial,Ink,988,0.796569
Tight multinomial,Ink,989,0.916055
Tight multinomial,Ink,990,0.688079
Tight multinomial,Ink,991,0.847603
Tight multinomial,Ink,992,0.773667
Tight multinomial,Ink,993,0.860409
Tight multinomial,Ink,994,0.920928
Tight multinomial,Ink,995,0.865207
Tight multinomial,Ink,996,0.75159
Tight multinomial,Ink,997,0.945697
Tight multinomial,Ink,998,0.926808
Tight multinomial,Ink,999,0.868058
Tight multinomial,Ink,1000,0.897228
Tight multinomial,Ink,1001,0.822447
Tight multinomial,Ink,1002,0.595643
Tight multinomial,Ink,1003,0.955385
Tight multinomial,Ink,1004,0.97108
Tight multinomial,Ink,1005,0.672516
Tight multinomial,Ink,1006,1.02128
Tight multinomial,Ink,1007,0.794107
Tight multinomial,Ink,1008,0.777301
Tight multinomial,Ink,1009,0.757204
Tight multinomial,Ink,1010,0.894912
Tight multinomial,Ink,1011,0.882741
Tight multinomial,Ink,1012,0.912721
Tight multinomial,Ink,1013,0.976949
Tight multinomial,Ink,1014,0.937942
Tight multinomial,Ink,1015,0.986805
Tight multinomial,Ink,1016,0.937225
Tight multinomial,Ink,1017,0.954745
Tight multinomial,Ink,1018,0.715657
Tight multinomial,Ink,1019,0.901905
Tight multinomial,Ink,1020,0.820837
Tight multinomial,Ink,1021,0.790169
Tight multinomial,Ink,1022,0.824696
Tight multinomial,Ink,1023,0.741007
Tight multinomial,Ink,1024,0.749811
Tight multinomial,Ink,1025,0.876513
Tight multinomial,Ink,1026,0.946328
Tight multinomial,Ink,1027,0.940979
Tight multinomial,Ink,1028,0.906165
Tight multinomial,Ink,1029,0.750214
Tight multinomial,Ink,1030,0.86037
Tight multinomial,Ink,1031,0.742818
Tight multinomial,Ink,1032,0.912852
Tight multinomial,Ink,1033,0.810942
Tight multinomial,Ink,1034,0.79419
Tight multinomial,Ink,1035,0.926034
Tight multinomial,Ink,1036,0.871917
Tight multinomial,Ink,1037,0.948146
Tight multinomial,Ink,1038,0.83716
Tight multinomial,Ink,1039,0.946773
Tight multinomial,Ink,1040,0.918588
Tight multinomial,Ink,1041,0.781578
Tight multinomial,Ink,1042,0.632989
Tight multinomial,Ink,1043,0.823424
Tight multinomial,Ink,1044,0.841965
Tight multinomial,Ink,1045,0.817726
Tight multinomial,Ink,1046,0.826347
Tight multinomial,Ink,1047,0.929543
Tight multinomial,Ink,1048,0.825885
Tight multinomial,Ink,1049,0.9394
Tight multinomial,Ink,1050,0.80871
Tight multinomial,Ink,1051,0.876322
Tight multinomial,Ink,1052,0.875712
Tight multinomial,Ink,1053,0.848722
Tight multinomial,Ink,1054,0.811426
Tight multinomial,Ink,1055,0.892552
Tight multinomial,Ink,1056,1.01139
Tight multinomial,Ink,1057,0.716989
Tight multinomial,Ink,1058,0.947912
Tight multinomial,Ink,1059,0.791587
Tight multinomial,Ink,1060,0.855116
Tight multinomial,Ink,1061,0.743947
Tight multinomial,Ink,1062,0.827995
Tight multinomial,Ink,1063,0.91852
Tight multinomial,Ink,1064,0.743082
Tight multinomial,Ink,1065,0.896645
Tight multinomial,Ink,1066,0.879854
Tight multinomial,Ink,1067,0.721985
Tight multinomial,Ink,1068,0.854762
Tight multinomial,Ink,1069,0.780617
Tight multinomial,Ink,1070,0.796791
Tight multinomial,Ink,1071,0.852494
Tight multinomial,Ink,1072,0.879048
Tight multinomial,Ink,1073,0.859617
Tight multinomial,Ink,1074,0.915239
Tight multinomial,Ink,1075,0.99618
Tight multinomial,Ink,1076,0.810937
Tight multinomial,Ink,1077,0.979263
Tight multinomial,Ink,1078,0.723468
Tight multinomial,Ink,1079,0.837734
Tight multinomial,Ink,1080,0.932605
Tight multinomial,Ink,1081,0.910508
Tight multinomial,Ink,1082,0.84116
Tight multinomial,Ink,1083,0.842129
Tight multinomial,Ink,1084,0.96557
Tight multinomial,Ink,1085,0.743307
Tight multinomial,Ink,1086,0.741726
Tight multinomial,Ink,1087,0.772907
Tight multinomial,Ink,1088,0.925608
Tight multinomial,Ink,1089,0.875957
Tight multinomial,Ink,1090,0.974469
Tight multinomial,Ink,1091,0.858814
Tight multinomial,Ink,1092,0.880162
Tight multinomial,Ink,1093,0.804843
Tight multinomial,Ink,1094,0.872615
Tight multinomial,Ink,1095,0.903756
Tight multinomial,Ink,1096,0.873432
Tight multinomial,Ink,1097,0.962089
Tight multinomial,Ink,1098,0.856224
Tight multinomial,Ink,1099,0.71322700000000006
Tight multinomial,Ink,1100,0.859548
Tight multinomial,Ink,1101,0.778742
Tight multinomial,Ink,1102,0.884555
Tight multinomial,Ink,1103,0.645118
Tight multinomial,Ink,1104,0.693083
Tight multinomial,Ink,1105,0.837341
Tight multinomial,Ink,1106,0.773318
Tight multinomial,Ink,1107,0.799416
Tight multinomial,Ink,1108,0.800765
Tight multinomial,Ink,1109,0.756999
Tight multinomial,Ink,1110,0.822121
Tight multinomial,Ink,1111,0.865176
Tight multinomial,Ink,1112,0.856593
Tight multinomial,Ink,1113,1.01794
Tight multinomial,Ink,1114,0.758446
Tight multinomial,Ink,1115,0.993131
Tight multinomial,Ink,1116,0.702558
Tight multinomial,Ink,1117,0.998231
Tight multinomial,Ink,1118,0.870923
Tight multinomial,Ink,1119,0.750652
Tight multinomial,Ink,1120,0.907983
Tight multinomial,Ink,1121,0.993468
Tight multinomial,Ink,1122,0.76038
Tight multinomial,Ink,1123,0.867067
Tight multinomial,Ink,1124,0.876359
Tight multinomial,Ink,1125,0.921798
Tight multinomial,Ink,1126,0.83072
Tight multinomial,Ink,1127,0.837481
Tight multinomial,Ink,1128,0.911993
Tight multinomial,Ink,1129,0.921051
Tight multinomial,Ink,1130,0.800997
Tight multinomial,Ink,1131,0.950717
Tight multinomial,Ink,1132,0.862737
Tight multinomial,Ink,1133,0.688533
Tight multinomial,Ink,1134,0.870125
Tight multinomial,Ink,1135,0.880501
Tight multinomial,Ink,1136,0.875086
Tight multinomial,Ink,1137,0.853013
Tight multinomial,Ink,1138,0.930525
Tight multinomial,Ink,1139,0.918252
Tight multinomial,Ink,1140,0.827454
Tight multinomial,Ink,1141,0.762104
Tight multinomial,Ink,1142,0.87876
Tight multinomial,Ink,1143,0.704252
Tight multinomial,Ink,1144,0.901252
Tight multinomial,Ink,1145,0.87632
Tight multinomial,Ink,1146,0.820799
Tight multinomial,Ink,1147,0.763391
Tight multinomial,Ink,1148,0.951271
Tight multinomial,Ink,1149,0.889761
Tight multinomial,Ink,1150,0.89498200000000006
Tight multinomial,Ink,1151,0.863454
Tight multinomial,Ink,1152,0.86848
Tight multinomial,Ink,1153,0.783199
Tight multinomial,Ink,1154,0.924313
Tight multinomial,Ink,1155,0.879007
Tight multinomial,Ink,1156,0.910123
Tight multinomial,Ink,1157,0.795798
Tight multinomial,Ink,1158,0.894336
Tight multinomial,Ink,1159,0.817631
Tight multinomial,Ink,1160,0.940115
Tight multinomial,Ink,1161,0.968648
Tight multinomial,Ink,1162,0.879759
Tight multinomial,Ink,1163,0.758191
Tight multinomial,Ink,1164,0.899436
Tight multinomial,Ink,1165,0.798769
Tight multinomial,Ink,1166,0.910645
Tight multinomial,Ink,1167,1.04591
Tight multinomial,Ink,1168,0.987299
Tight multinomial,Ink,1169,0.665019
Tight multinomial,Ink,1170,0.620293
Tight multinomial,Ink,1171,0.847203
Tight multinomial,Ink,1172,0.67116
Tight multinomial,Ink,1173,0.931746
Tight multinomial,Ink,1174,0.716164
Tight multinomial,Ink,1175,0.840911
Tight multinomial,Ink,1176,0.895578
Tight multinomial,Ink,1177,0.847775
Tight multinomial,Ink,1178,0.877403
Tight multinomial,Ink,1179,0.966184
Tight multinomial,Ink,1180,0.949768
Tight multinomial,Ink,1181,0.992507
Tight multinomial,Ink,1182,0.953035
Tight multinomial,Ink,1183,0.68613
Tight multinomial,Ink,1184,0.65544
Tight multinomial,Ink,1185,0.828661
Tight multinomial,Ink,1186,0.815716
Tight multinomial,Ink,1187,0.831196
Tight multinomial,Ink,1188,0.720565
Tight multinomial,Ink,1189,0.920588
Tight multinomial,Ink,1190,0.809479
Tight multinomial,Ink,1191,0.897615
Tight multinomial,Ink,1192,0.904042
Tight multinomial,Ink,1193,0.764714
Tight multinomial,Ink,1194,0.722544
Tight multinomial,Ink,1195,0.718703
Tight multinomial,Ink,1196,0.94247
Tight multinomial,Ink,1197,0.908443
Tight multinomial,Ink,1198,0.950662
Tight multinomial,Ink,1199,0.69391099999999994
Tight multinomial,Ink,1200,0.805833
Tight multinomial,Ink,1201,0.791913
Tight multinomial,Ink,1202,0.913086
Tight multinomial,Ink,1203,0.953614
Tight multinomial,Ink,1204,0.867447
Tight multinomial,Ink,1205,0.857433
Tight multinomial,Ink,1206,0.825064
Tight multinomial,Ink,1207,0.967137
Tight multinomial,Ink,1208,0.831173
Tight multinomial,Ink,1209,0.84623
Tight multinomial,Ink,1210,0.746545
Tight multinomial,Ink,1211,0.893491
Tight multinomial,Ink,1212,0.799115
Tight multinomial,Ink,1213,0.863326
Tight multinomial,Ink,1214,0.798527
Tight multinomial,Ink,1215,0.87684
Tight multinomial,Ink,1216,0.939667
Tight multinomial,Ink,1217,0.840177
Tight multinomial,Ink,1218,0.855523
Tight multinomial,Ink,1219,0.806524
Tight multinomial,Ink,1220,0.834014
Tight multinomial,Ink,1221,0.793776
Tight multinomial,Ink,1222,0.852132
Tight multinomial,Ink,1223,0.836681
Tight multinomial,Ink,1224,0.720705
Tight multinomial,Ink,1225,0.804556
Tight multinomial,Ink,1226,0.873605
Tight multinomial,Ink,1227,0.925791
Tight multinomial,Ink,1228,0.747488
Tight multinomial,Ink,1229,0.843967
Tight multinomial,Ink,1230,0.828287
Tight multinomial,Ink,1231,0.761124
Tight multinomial,Ink,1232,0.74415
Tight multinomial,Ink,1233,0.829295
Tight multinomial,Ink,1234,0.988245
Tight multinomial,Ink,1235,0.674979
Tight multinomial,Ink,1236,0.811453
Tight multinomial,Ink,1237,0.910001
Tight multinomial,Ink,1238,0.849896
Tight multinomial,Ink,1239,0.833641
Tight multinomial,Ink,1240,0.922747
Tight multinomial,Ink,1241,0.852887
Tight multinomial,Ink,1242,0.93923
Tight multinomial,Ink,1243,0.687707
Tight multinomial,Ink,1244,0.901371
Tight multinomial,Ink,1245,0.946123
Tight multinomial,Ink,1246,0.776357
Tight multinomial,Ink,1247,0.92427
Tight multinomial,Ink,1248,0.863064
Tight multinomial,Ink,1249,0.977702
Tight multinomial,Ink,1250,0.950921
Tight multinomial,Ink,1251,0.917015
Tight multinomial,Ink,1252,0.897125
Tight multinomial,Ink,1253,0.867429
Tight multinomial,Ink,1254,0.67977
Tight multinomial,Ink,1255,0.922588
Tight multinomial,Ink,1256,0.875199
Tight multinomial,Ink,1257,0.959238
Tight multinomial,Ink,1258,0.813028
Tight multinomial,Ink,1259,0.79106
Tight multinomial,Ink,1260,0.817151
Tight multinomial,Ink,1261,0.862724
Tight multinomial,Ink,1262,0.983752
Tight multinomial,Ink,1263,0.828374
Tight multinomial,Ink,1264,0.877377
Tight multinomial,Ink,1265,0.828442
Tight multinomial,Ink,1266,0.975884
Tight multinomial,Ink,1267,0.908035
Tight multinomial,Ink,1268,0.804699
Tight multinomial,Ink,1269,0.759544
Tight multinomial,Ink,1270,0.890373
Tight multinomial,Ink,1271,0.571694
Tight multinomial,Ink,1272,0.693897
Tight multinomial,Ink,1273,0.827623
Tight multinomial,Ink,1274,0.825613
Tight multinomial,Ink,1275,0.800357
Tight multinomial,Ink,1276,0.882515
Tight multinomial,Ink,1277,0.943551
Tight multinomial,Ink,1278,0.824139
Tight multinomial,Ink,1279,0.921726
Tight multinomial,Ink,1280,0.72942
Tight multinomial,Ink,1281,0.869183
Tight multinomial,Ink,1282,0.951362
Tight multinomial,Ink,1283,0.92256
Tight multinomial,Ink,1284,0.904172
Tight multinomial,Ink,1285,0.831973
Tight multinomial,Ink,1286,0.935538
Tight multinomial,Ink,1287,0.936649
Tight multinomial,Ink,1288,0.905943
Tight multinomial,Ink,1289,0.880075
Tight multinomial,Ink,1290,0.904243
Tight multinomial,Ink,1291,0.666855
Tight multinomial,Ink,1292,0.712356
Tight multinomial,Ink,1293,0.898023
Tight multinomial,Ink,1294,0.683178
Tight multinomial,Ink,1295,1.00669
Tight multinomial,Ink,1296,0.958022
Tight multinomial,Ink,1297,0.96488
Tight multinomial,Ink,1298,0.793336
Tight multinomial,Ink,1299,0.885247
Tight multinomial,Ink,1300,0.798882
Tight multinomial,Ink,1301,0.841247
Tight multinomial,Ink,1302,0.682792
Tight multinomial,Ink,1303,0.970163
Tight multinomial,Ink,1304,0.879145
Tight multinomial,Ink,1305,0.888199
Tight multinomial,Ink,1306,0.923448
Tight multinomial,Ink,1307,0.792534
Tight multinomial,Ink,1308,0.940194
Tight multinomial,Ink,1309,0.795881
Tight multinomial,Ink,1310,0.700674
Tight multinomial,Ink,1311,0.894026
Tight multinomial,Ink,1312,0.932078
Tight multinomial,Ink,1313,0.950994
Tight multinomial,Ink,1314,0.784956
Tight multinomial,Ink,1315,0.807399
Tight multinomial,Ink,1316,0.768075
Tight multinomial,Ink,1317,1.04427
Tight multinomial,Ink,1318,0.934695
Tight multinomial,Ink,1319,0.727383
Tight multinomial,Ink,1320,0.933729
Tight multinomial,Ink,1321,0.793538
Tight multinomial,Ink,1322,0.820614
Tight multinomial,Ink,1323,1.04673
Tight multinomial,Ink,1324,0.907747
Tight multinomial,Ink,1325,0.835521
Tight multinomial,Ink,1326,0.876629
Tight multinomial,Ink,1327,0.868771
Tight multinomial,Ink,1328,0.768631
Tight multinomial,Ink,1329,0.937736
Tight multinomial,Ink,1330,0.900818
Tight multinomial,Ink,1331,0.874465
Tight multinomial,Ink,1332,0.770785
Tight multinomial,Ink,1333,0.928494
Tight multinomial,Ink,1334,0.926321
Tight multinomial,Ink,1335,0.871351
Tight multinomial,Ink,1336,0.810312
Tight multinomial,Ink,1337,0.850031
Tight multinomial,Ink,1338,0.739038
Tight multinomial,Ink,1339,0.797887
Tight multinomial,Ink,1340,0.934363
Tight multinomial,Ink,1341,0.822364
Tight multinomial,Ink,1342,0.792989
Tight multinomial,Ink,1343,1.00303
Tight multinomial,Ink,1344,0.645016
Tight multinomial,Ink,1345,0.932018
Tight multinomial,Ink,1346,0.790959
Tight multinomial,Ink,1347,0.891426
Tight multinomial,Ink,1348,0.9885
Tight multinomial,Ink,1349,0.753597
Tight multinomial,Ink,1350,0.93194
Tight multinomial,Ink,1351,0.915128
Tight multinomial,Ink,1352,0.92295
Tight multinomial,Ink,1353,0.841427
Tight multinomial,Ink,1354,0.841363
Tight multinomial,Ink,1355,0.903553
Tight multinomial,Ink,1356,0.7926
Tight multinomial,Ink,1357,0.891694
Tight multinomial,Ink,1358,0.904924
Tight multinomial,Ink,1359,0.82578
Tight multinomial,Ink,1360,0.956183
Tight multinomial,Ink,1361,0.830766
Tight multinomial,Ink,1362,0.940231
Tight multinomial,Ink,1363,0.646265
Tight multinomial,Ink,1364,0.924632
Tight multinomial,Ink,1365,0.771407
Tight multinomial,Ink,1366,0.924168
Tight multinomial,Ink,1367,0.815871
Tight multinomial,Ink,1368,0.910836
Tight multinomial,Ink,1369,0.949758
Tight multinomial,Ink,1370,0.83405
Tight multinomial,Ink,1371,0.709731
Tight multinomial,Ink,1372,0.924131
Tight multinomial,Ink,1373,0.798654
Tight multinomial,Ink,1374,0.920587
Tight multinomial,Ink,1375,0.806715
Tight multinomial,Ink,1376,0.783834
Tight multinomial,Ink,1377,0.906781
Tight multinomial,Ink,1378,0.804599
Tight multinomial,Ink,1379,0.921979
Tight multinomial,Ink,1380,0.88789
Tight multinomial,Ink,1381,0.90534
Tight multinomial,Ink,1382,0.81777
Tight multinomial,Ink,1383,0.82469
Tight multinomial,Ink,1384,0.896811
Tight multinomial,Ink,1385,0.768649
Tight multinomial,Ink,1386,0.843038
Tight multinomial,Ink,1387,0.848153
Tight multinomial,Ink,1388,0.932197
Tight multinomial,Ink,1389,0.722341
Tight multinomial,Ink,1390,0.610724
Tight multinomial,Ink,1391,0.858926
Tight multinomial,Ink,1392,0.900417
Tight multinomial,Ink,1393,0.835385
Tight multinomial,Ink,1394,0.846902
Tight multinomial,Ink,1395,0.919356
Tight multinomial,Ink,1396,0.781483
Tight multinomial,Ink,1397,0.827014
Tight multinomial,Ink,1398,0.784925
Tight multinomial,Ink,1399,0.660913
Tight multinomial,Ink,1400,0.752563
Tight multinomial,Ink,1401,0.836581
Tight multinomial,Ink,1402,0.772988
Tight multinomial,Ink,1403,0.682512
Tight multinomial,Ink,1404,0.736909
Tight multinomial,Ink,1405,0.903538
Tight multinomial,Ink,1406,0.996793
Tight multinomial,Ink,1407,0.676212
Tight multinomial,Ink,1408,0.753715
Tight multinomial,Ink,1409,0.711371
Tight multinomial,Ink,1410,0.76517
Tight multinomial,Ink,1411,0.95542
Tight multinomial,Ink,1412,0.774165
Tight multinomial,Ink,1413,0.897967
Tight multinomial,Ink,1414,0.924791
Tight multinomial,Ink,1415,0.919771
Tight multinomial,Ink,1416,0.935622
Tight multinomial,Ink,1417,0.774903
Tight multinomial,Ink,1418,0.752934
Tight multinomial,Ink,1419,0.882764
Tight multinomial,Ink,1420,0.766001
Tight multinomial,Ink,1421,0.940773
Tight multinomial,Ink,1422,0.956198
Tight multinomial,Ink,1423,0.881346
Tight multinomial,Ink,1424,0.813124
Tight multinomial,Ink,1425,0.857345
Tight multinomial,Ink,1426,0.895798
Tight multinomial,Ink,1427,0.786059
Tight multinomial,Ink,1428,0.954127
Tight multinomial,Ink,1429,0.82175
Tight multinomial,Ink,1430,0.826917
Tight multinomial,Ink,1431,0.779175
Tight multinomial,Ink,1432,0.959369
Tight multinomial,Ink,1433,0.768214
Tight multinomial,Ink,1434,0.688776
Tight multinomial,Ink,1435,0.775647
Tight multinomial,Ink,1436,0.89297
Tight multinomial,Ink,1437,0.816877
Tight multinomial,Ink,1438,0.808835
Tight multinomial,Ink,1439,0.846139
Tight multinomial,Ink,1440,0.888024
Tight multinomial,Ink,1441,0.919534
Tight multinomial,Ink,1442,0.816421
Tight multinomial,Ink,1443,0.971383
Tight multinomial,Ink,1444,0.92558
Tight multinomial,Ink,1445,0.652165
Tight multinomial,Ink,1446,1.02973
Tight multinomial,Ink,1447,0.843346
Tight multinomial,Ink,1448,0.822999
Tight multinomial,Ink,1449,0.912308
Tight multinomial,Ink,1450,0.966591
Tight multinomial,Ink,1451,0.770255
Tight multinomial,Ink,1452,0.823726
Tight multinomial,Ink,1453,0.847222
Tight multinomial,Ink,1454,0.95481799999999994
Tight multinomial,Ink,1455,0.954539
Tight multinomial,Ink,1456,0.892126
Tight multinomial,Ink,1457,0.884183
Tight multinomial,Ink,1458,0.827527
Tight multinomial,Ink,1459,0.964006
Tight multinomial,Ink,1460,0.720315
Tight multinomial,Ink,1461,0.934806
Tight multinomial,Ink,1462,0.770022
Tight multinomial,Ink,1463,0.899323
Tight multinomial,Ink,1464,0.837253
Tight multinomial,Ink,1465,1.02108
Tight multinomial,Ink,1466,0.787059
Tight multinomial,Ink,1467,0.768367
Tight multinomial,Ink,1468,0.790001
Tight multinomial,Ink,1469,0.789024
Tight multinomial,Ink,1470,0.715156
Tight multinomial,Ink,1471,0.827678
Tight multinomial,Ink,1472,0.903687
Tight multinomial,Ink,1473,0.931931
Tight multinomial,Ink,1474,0.757913
Tight multinomial,Ink,1475,0.898733
Tight multinomial,Ink,1476,0.860515
Tight multinomial,Ink,1477,0.916098
Tight multinomial,Ink,1478,0.938665
Tight multinomial,Ink,1479,0.787569
Tight multinomial,Ink,1480,1.01489
Tight multinomial,Ink,1481,0.718216
Tight multinomial,Ink,1482,0.916036
Tight multinomial,Ink,1483,0.865297
Tight multinomial,Ink,1484,0.721515
Tight multinomial,Ink,1485,0.972898
Tight multinomial,Ink,1486,0.72539
Tight multinomial,Ink,1487,0.97148
Tight multinomial,Ink,1488,0.701724
Tight multinomial,Ink,1489,1.06384
Tight multinomial,Ink,1490,1.01517
Tight multinomial,Ink,1491,0.854064
Tight multinomial,Ink,1492,0.776662
Tight multinomial,Ink,1493,1.00361
Tight multinomial,Ink,1494,0.923224
Tight multinomial,Ink,1495,0.880942
Tight multinomial,Ink,1496,1.0406
Tight multinomial,Ink,1497,0.932129
Tight multinomial,Ink,1498,0.954122
Tight multinomial,Ink,1499,0.719687
Tight multinomial,Ink,1500,1.04544
Tight multinomial,Ink,1501,0.967872
Tight multinomial,Ink,1502,1.04851
Tight multinomial,Ink,1503,0.991286
Tight multinomial,Ink,1504,0.99715
Tight multinomial,Ink,1505,0.984943
Tight multinomial,Ink,1506,1.0001
Tight multinomial,Ink,1507,0.847098
Tight multinomial,Ink,1508,0.849
Tight multinomial,Ink,1509,0.734267
Tight multinomial,Ink,1510,0.770371
Tight multinomial,Ink,1511,0.90677
Tight multinomial,Ink,1512,0.805478
Tight multinomial,Ink,1513,0.791084
Tight multinomial,Ink,1514,0.827505
Tight multinomial,Ink,1515,0.912428
Tight multinomial,Ink,1516,0.738789
Tight multinomial,Ink,1517,0.976067
Tight multinomial,Ink,1518,0.749053
Tight multinomial,Ink,1519,0.819586
Tight multinomial,Ink,1520,0.918341
Tight multinomial,Ink,1521,0.807719
Tight multinomial,Ink,1522,0.744494
Tight multinomial,Ink,1523,0.902279
Tight multinomial,Ink,1524,0.920438
Tight multinomial,Ink,1525,0.944671
Tight multinomial,Ink,1526,0.818058
Tight multinomial,Ink,1527,0.82246
Tight multinomial,Ink,1528,0.870111
Tight multinomial,Ink,1529,0.91306
Tight multinomial,Ink,1530,0.885918
Tight multinomial,Ink,1531,0.868058
Tight multinomial,Ink,1532,0.88321
Tight multinomial,Ink,1533,0.852834
Tight multinomial,Ink,1534,0.711666
Tight multinomial,Ink,1535,0.831042
Tight multinomial,Ink,1536,1.01233
Tight multinomial,Ink,1537,0.849446
Tight multinomial,Ink,1538,0.986359
Tight multinomial,Ink,1539,0.858612
Tight multinomial,Ink,1540,0.909182
Tight multinomial,Ink,1541,0.765133
Tight multinomial,Ink,1542,0.885711
Tight multinomial,Ink,1543,0.78121
Tight multinomial,Ink,1544,0.827955
Tight multinomial,Ink,1545,0.840357
Tight multinomial,Ink,1546,0.888514
Tight multinomial,Ink,1547,0.857032
Tight multinomial,Ink,1548,0.786619
Tight multinomial,Ink,1549,0.814274
Tight multinomial,Ink,1550,0.640587
Tight multinomial,Ink,1551,0.952106
Tight multinomial,Ink,1552,0.76557
Tight multinomial,Ink,1553,0.694969
Tight multinomial,Ink,1554,0.8267
Tight multinomial,Ink,1555,0.834471
Tight multinomial,Ink,1556,0.813698
Tight multinomial,Ink,1557,0.698992
Tight multinomial,Ink,1558,0.600943
Tight multinomial,Ink,1559,0.859886
Tight multinomial,Ink,1560,0.891794
Tight multinomial,Ink,1561,0.756277
Tight multinomial,Ink,1562,0.822551
Tight multinomial,Ink,1563,0.958395
Tight multinomial,Ink,1564,0.836694
Tight multinomial,Ink,1565,0.957579
Tight multinomial,Ink,1566,0.83998
Tight multinomial,Ink,1567,0.979543
Tight multinomial,Ink,1568,0.841902
Tight multinomial,Ink,1569,0.987744
Tight multinomial,Ink,1570,0.788999
Tight multinomial,Ink,1571,0.908448
Tight multinomial,Ink,1572,0.848466
Tight multinomial,Ink,1573,0.890665
Tight multinomial,Ink,1574,0.942019
Tight multinomial,Ink,1575,0.772247
Tight multinomial,Ink,1576,0.747492
Tight multinomial,Ink,1577,0.842499
Tight multinomial,Ink,1578,0.80033
Tight multinomial,Ink,1579,0.698879
Tight multinomial,Ink,1580,0.857404
Tight multinomial,Ink,1581,0.761088
Tight multinomial,Ink,1582,0.910133
Tight multinomial,Ink,1583,0.875967
Tight multinomial,Ink,1584,0.785817
Tight multinomial,Ink,1585,0.844125
Tight multinomial,Ink,1586,0.906772
Tight multinomial,Ink,1587,0.724828
Tight multinomial,Ink,1588,0.784027
Tight multinomial,Ink,1589,0.952665
Tight multinomial,Ink,1590,0.852871
Tight multinomial,Ink,1591,0.853181
Tight multinomial,Ink,1592,0.794574
Tight multinomial,Ink,1593,0.798867
Tight multinomial,Ink,1594,0.9046
Tight multinomial,Ink,1595,0.689846
Tight multinomial,Ink,1596,0.781532
Tight multinomial,Ink,1597,0.927013
Tight multinomial,Ink,1598,0.687579
Tight multinomial,Ink,1599,0.794617
Tight multinomial,Ink,1600,0.752946
Tight multinomial,Calendar,1,0.950806
Tight multinomial,Calendar,2,0.763422
Tight multinomial,Calendar,3,0.890485
Tight multinomial,Calendar,4,0.971173
Tight multinomial,Calendar,5,1.02735
Tight multinomial,Calendar,6,1.03915
Tight multinomial,Calendar,7,0.743909
Tight multinomial,Calendar,8,0.818469
Tight multinomial,Calendar,9,0.94423
Tight multinomial,Calendar,10,0.939786
Tight multinomial,Calendar,11,0.939485
Tight multinomial,Calendar,12,0.929037
Tight multinomial,Calendar,13,0.938876
Tight multinomial,Calendar,14,0.954659
Tight multinomial,Calendar,15,0.959258
Tight multinomial,Calendar,16,0.96868
Tight multinomial,Calendar,17,0.7631
Tight multinomial,Calendar,18,0.994378
Tight multinomial,Calendar,19,0.963167
Tight multinomial,Calendar,20,0.762311
Tight multinomial,Calendar,21,0.73067
Tight multinomial,Calendar,22,0.934778
Tight multinomial,Calendar,23,0.740513
Tight multinomial,Calendar,24,0.847181
Tight multinomial,Calendar,25,1.00908
Tight multinomial,Calendar,26,1.1083
Tight multinomial,Calendar,27,0.929395
Tight multinomial,Calendar,28,0.982652
Tight multinomial,Calendar,29,0.809077
Tight multinomial,Calendar,30,0.893701
Tight multinomial,Calendar,31,0.953756
Tight multinomial,Calendar,32,0.953837
Tight multinomial,Calendar,33,0.898465
Tight multinomial,Calendar,34,0.742125
Tight multinomial,Calendar,35,0.922404
Tight multinomial,Calendar,36,0.828434
Tight multinomial,Calendar,37,0.998657
Tight multinomial,Calendar,38,0.772536
Tight multinomial,Calendar,39,0.977252
Tight multinomial,Calendar,40,0.975245
Tight multinomial,Calendar,41,1.05303
Tight multinomial,Calendar,42,0.940197
Tight multinomial,Calendar,43,0.966631
Tight multinomial,Calendar,44,1.00254
Tight multinomial,Calendar,45,0.914244
Tight multinomial,Calendar,46,1.05109
Tight multinomial,Calendar,47,0.966025
Tight multinomial,Calendar,48,0.842222
Tight multinomial,Calendar,49,0.874876
Tight multinomial,Calendar,50,0.952956
Tight multinomial,Calendar,51,0.928731
Tight multinomial,Calendar,52,0.945803
Tight multinomial,Calendar,53,0.944354
Tight multinomial,Calendar,54,1.0956
Tight multinomial,Calendar,55,1.16134
Tight multinomial,Calendar,56,0.885923
Tight multinomial,Calendar,57,1.00345
Tight multinomial,Calendar,58,0.963104
Tight multinomial,Calendar,59,0.908244
Tight multinomial,Calendar,60,0.963781
Tight multinomial,Calendar,61,0.847453
Tight multinomial,Calendar,62,0.83418
Tight multinomial,Calendar,63,0.894772
Tight multinomial,Calendar,64,0.869725
Tight multinomial,Calendar,65,0.926261
Tight multinomial,Calendar,66,0.888803
Tight multinomial,Calendar,67,0.937183
Tight multinomial,Calendar,68,0.845671
Tight multinomial,Calendar,69,0.96467
Tight multinomial,Calendar,70,0.980768
Tight multinomial,Calendar,71,0.963146
Tight multinomial,Calendar,72,0.98177
Tight multinomial,Calendar,73,0.844397
Tight multinomial,Calendar,74,1.0751
Tight multinomial,Calendar,75,0.989339
Tight multinomial,Calendar,76,0.80259
Tight multinomial,Calendar,77,1.01175
Tight multinomial,Calendar,78,0.864564
Tight multinomial,Calendar,79,0.966872
Tight multinomial,Calendar,80,0.974271
Tight multinomial,Calendar,81,0.92722
Tight multinomial,Calendar,82,1.05368
Tight multinomial,Calendar,83,0.907486
Tight multinomial,Calendar,84,0.925091
Tight multinomial,Calendar,85,0.92044
Tight multinomial,Calendar,86,0.92529
Tight multinomial,Calendar,87,0.904013
Tight multinomial,Calendar,88,0.904937
Tight multinomial,Calendar,89,0.794296
Tight multinomial,Calendar,90,0.881352
Tight multinomial,Calendar,91,0.904502
Tight multinomial,Calendar,92,1.03617
Tight multinomial,Calendar,93,0.91467
Tight multinomial,Calendar,94,0.850711
Tight multinomial,Calendar,95,0.964177
Tight multinomial,Calendar,96,0.940584
Tight multinomial,Calendar,97,0.875661
Tight multinomial,Calendar,98,0.905838
Tight multinomial,Calendar,99,0.855258
Tight multinomial,Calendar,100,0.817472
Tight multinomial,Calendar,101,0.864346
Tight multinomial,Calendar,102,0.886777
Tight multinomial,Calendar,103,0.868833
Tight multinomial,Calendar,104,0.75039
Tight multinomial,Calendar,105,0.901181
Tight multinomial,Calendar,106,0.875921
Tight multinomial,Calendar,107,1.03491
Tight multinomial,Calendar,108,0.741716
Tight multinomial,Calendar,109,1.06241
Tight multinomial,Calendar,110,0.959619
Tight multinomial,Calendar,111,0.920975
Tight multinomial,Calendar,112,0.911881
Tight multinomial,Calendar,113,0.977253
Tight multinomial,Calendar,114,0.924739
Tight multinomial,Calendar,115,1.09919
Tight multinomial,Calendar,116,0.954091
Tight multinomial,Calendar,117,0.796212
Tight multinomial,Calendar,118,0.983614
Tight multinomial,Calendar,119,0.803364
Tight multinomial,Calendar,120,0.972792
Tight multinomial,Calendar,121,0.716768
Tight multinomial,Calendar,122,0.903386
Tight multinomial,Calendar,123,0.862621
Tight multinomial,Calendar,124,0.809681
Tight multinomial,Calendar,125,1.03927
Tight multinomial,Calendar,126,0.808257
Tight multinomial,Calendar,127,0.722014
Tight multinomial,Calendar,128,0.879197
Tight multinomial,Calendar,129,0.92329
Tight multinomial,Calendar,130,0.884478
Tight multinomial,Calendar,131,0.885094
Tight multinomial,Calendar,132,1.06818
Tight multinomial,Calendar,133,0.762258
Tight multinomial,Calendar,134,0.902729
Tight multinomial,Calendar,135,0.873631
Tight multinomial,Calendar,136,0.921317
Tight multinomial,Calendar,137,0.997238
Tight multinomial,Calendar,138,0.827623
Tight multinomial,Calendar,139,0.907492
Tight multinomial,Calendar,140,0.88793
Tight multinomial,Calendar,141,0.945402
Tight multinomial,Calendar,142,0.993982
Tight multinomial,Calendar,143,0.997921
Tight multinomial,Calendar,144,0.87224
Tight multinomial,Calendar,145,0.891825
Tight multinomial,Calendar,146,0.784641
Tight multinomial,Calendar,147,0.879524
Tight multinomial,Calendar,148,0.881667
Tight multinomial,Calendar,149,0.746074
Tight multinomial,Calendar,150,0.901486
Tight multinomial,Calendar,151,0.835733
Tight multinomial,Calendar,152,0.85738
Tight multinomial,Calendar,153,0.873173
Tight multinomial,Calendar,154,0.962536
Tight multinomial,Calendar,155,0.92528
Tight multinomial,Calendar,156,0.97544
Tight multinomial,Calendar,157,0.906362
Tight multinomial,Calendar,158,0.916634
Tight multinomial,Calendar,159,0.913279
Tight multinomial,Calendar,160,0.925051
Tight multinomial,Calendar,161,0.959649
Tight multinomial,Calendar,162,0.963199
Tight multinomial,Calendar,163,0.942906
Tight multinomial,Calendar,164,0.91659
Tight multinomial,Calendar,165,0.950927
Tight multinomial,Calendar,166,0.897648
Tight multinomial,Calendar,167,0.809414
Tight multinomial,Calendar,168,0.679755
Tight multinomial,Calendar,169,1.07516
Tight multinomial,Calendar,170,0.827666
Tight multinomial,Calendar,171,0.953718
Tight multinomial,Calendar,172,0.932534
Tight multinomial,Calendar,173,0.84607
Tight multinomial,Calendar,174,0.890532
Tight multinomial,Calendar,175,0.862645
Tight multinomial,Calendar,176,1.03642
Tight multinomial,Calendar,177,0.912638
Tight multinomial,Calendar,178,0.97491
Tight multinomial,Calendar,179,0.947154
Tight multinomial,Calendar,180,1.05258
Tight multinomial,Calendar,181,1.0821
Tight multinomial,Calendar,182,1.08091
Tight multinomial,Calendar,183,1.0909
Tight multinomial,Calendar,184,0.729624
Tight multinomial,Calendar,185,0.823621
Tight multinomial,Calendar,186,0.960143
Tight multinomial,Calendar,187,0.893847
Tight multinomial,Calendar,188,0.937248
Tight multinomial,Calendar,189,1.14978
Tight multinomial,Calendar,190,1.07556
Tight multinomial,Calendar,191,0.904265
Tight multinomial,Calendar,192,0.875468
Tight multinomial,Calendar,193,1.06983
Tight multinomial,Calendar,194,0.950489
Tight multinomial,Calendar,195,0.891792
Tight multinomial,Calendar,196,0.79759
Tight multinomial,Calendar,197,0.956421
Tight multinomial,Calendar,198,0.933495
Tight multinomial,Calendar,199,0.899525
Tight multinomial,Calendar,200,0.926397
Tight multinomial,Calendar,201,0.98724
Tight multinomial,Calendar,202,0.868876
Tight multinomial,Calendar,203,0.975892
Tight multinomial,Calendar,204,0.932012
Tight multinomial,Calendar,205,0.92934
Tight multinomial,Calendar,206,0.833469
Tight multinomial,Calendar,207,0.843749
Tight multinomial,Calendar,208,0.935095
Tight multinomial,Calendar,209,1.02857
Tight multinomial,Calendar,210,1.00808
Tight multinomial,Calendar,211,0.902134
Tight multinomial,Calendar,212,0.910275
Tight multinomial,Calendar,213,0.985449
Tight multinomial,Calendar,214,1.03543
Tight multinomial,Calendar,215,0.922583
Tight multinomial,Calendar,216,0.870127
Tight multinomial,Calendar,217,1.02824
Tight multinomial,Calendar,218,0.830532
Tight multinomial,Calendar,219,0.841519
Tight multinomial,Calendar,220,0.870359
Tight multinomial,Calendar,221,0.950986
Tight multinomial,Calendar,222,0.890969
Tight multinomial,Calendar,223,0.937637
Tight multinomial,Calendar,224,0.921407
Tight multinomial,Calendar,225,1.12952
Tight multinomial,Calendar,226,0.936334
Tight multinomial,Calendar,227,0.845967
Tight multinomial,Calendar,228,0.97448
Tight multinomial,Calendar,229,1.01151
Tight multinomial,Calendar,230,0.954637
Tight multinomial,Calendar,231,0.938067
Tight multinomial,Calendar,232,1.03048
Tight multinomial,Calendar,233,0.982039
Tight multinomial,Calendar,234,0.960718
Tight multinomial,Calendar,235,0.994249
Tight multinomial,Calendar,236,0.99642
Tight multinomial,Calendar,237,0.986217
Tight multinomial,Calendar,238,0.995877
Tight multinomial,Calendar,239,0.91658
Tight multinomial,Calendar,240,0.957226
Tight multinomial,Calendar,241,0.928456
Tight multinomial,Calendar,242,0.912487
Tight multinomial,Calendar,243,1.05289
Tight multinomial,Calendar,244,1.04286
Tight multinomial,Calendar,245,1.0513
Tight multinomial,Calendar,246,0.896284
Tight multinomial,Calendar,247,0.809885
Tight multinomial,Calendar,248,0.796011
Tight multinomial,Calendar,249,0.986052
Tight multinomial,Calendar,250,0.937308
Tight multinomial,Calendar,251,0.904882
Tight multinomial,Calendar,252,0.942743
Tight multinomial,Calendar,253,0.964962
Tight multinomial,Calendar,254,0.951407
Tight multinomial,Calendar,255,0.860358
Tight multinomial,Calendar,256,0.886636
Tight multinomial,Calendar,257,0.907202
Tight multinomial,Calendar,258,0.937996
Tight multinomial,Calendar,259,0.993258
Tight multinomial,Calendar,260,0.751142
Tight multinomial,Calendar,261,0.948418
Tight multinomial,Calendar,262,0.958304
Tight multinomial,Calendar,263,0.959373
Tight multinomial,Calendar,264,0.858201
Tight multinomial,Calendar,265,1.06566
Tight multinomial,Calendar,266,0.890667
Tight multinomial,Calendar,267,0.765371
Tight multinomial,Calendar,268,0.802033
Tight multinomial,Calendar,269,0.856669
Tight multinomial,Calendar,270,0.825445
Tight multinomial,Calendar,271,1.09258
Tight multinomial,Calendar,272,1.02639
Tight multinomial,Calendar,273,0.868596
Tight multinomial,Calendar,274,0.944261
Tight multinomial,Calendar,275,1.01272
Tight multinomial,Calendar,276,0.957628
Tight multinomial,Calendar,277,1.03286
Tight multinomial,Calendar,278,0.864231
Tight multinomial,Calendar,279,0.96464
Tight multinomial,Calendar,280,0.832967
Tight multinomial,Calendar,281,0.875542
Tight multinomial,Calendar,282,0.996737
Tight multinomial,Calendar,283,0.726208
Tight multinomial,Calendar,284,0.945184
Tight multinomial,Calendar,285,0.912637
Tight multinomial,Calendar,286,0.945945
Tight multinomial,Calendar,287,0.946101
Tight multinomial,Calendar,288,0.930532
Tight multinomial,Calendar,289,0.975273
Tight multinomial,Calendar,290,0.987207
Tight multinomial,Calendar,291,0.885671
Tight multinomial,Calendar,292,0.907291
Tight multinomial,Calendar,293,0.846055
Tight multinomial,Calendar,294,0.975076
Tight multinomial,Calendar,295,0.980982
Tight multinomial,Calendar,296,0.942944
Tight multinomial,Calendar,297,0.983362
Tight multinomial,Calendar,298,0.929262
Tight multinomial,Calendar,299,0.86239
Tight multinomial,Calendar,300,0.849328
Tight multinomial,Calendar,301,0.995502
Tight multinomial,Calendar,302,0.946379
Tight multinomial,Calendar,303,1.05962
Tight multinomial,Calendar,304,0.879179
Tight multinomial,Calendar,305,1.00085
Tight multinomial,Calendar,306,0.805452
Tight multinomial,Calendar,307,0.852745
Tight multinomial,Calendar,308,0.930179
Tight multinomial,Calendar,309,0.990773
Tight multinomial,Calendar,310,0.830499
Tight multinomial,Calendar,311,1.02638
Tight multinomial,Calendar,312,0.861263
Tight multinomial,Calendar,313,0.877955
Tight multinomial,Calendar,314,0.91047
Tight multinomial,Calendar,315,0.91716
Tight multinomial,Calendar,316,0.961899
Tight multinomial,Calendar,317,0.88917
Tight multinomial,Calendar,318,0.88441
Tight multinomial,Calendar,319,0.905376
Tight multinomial,Calendar,320,1.06182
Tight multinomial,Calendar,321,0.832798
Tight multinomial,Calendar,322,0.904061
Tight multinomial,Calendar,323,0.92817
Tight multinomial,Calendar,324,0.954084
Tight multinomial,Calendar,325,0.897404
Tight multinomial,Calendar,326,0.992796
Tight multinomial,Calendar,327,0.972986
Tight multinomial,Calendar,328,0.958563
Tight multinomial,Calendar,329,0.981826
Tight multinomial,Calendar,330,0.873282
Tight multinomial,Calendar,331,0.862182
Tight multinomial,Calendar,332,0.851556
Tight multinomial,Calendar,333,0.879183
Tight multinomial,Calendar,334,0.969022
Tight multinomial,Calendar,335,0.887041
Tight multinomial,Calendar,336,0.836064
Tight multinomial,Calendar,337,1.01094
Tight multinomial,Calendar,338,0.755994
Tight multinomial,Calendar,339,0.803953
Tight multinomial,Calendar,340,0.923285
Tight multinomial,Calendar,341,0.89983
Tight multinomial,Calendar,342,1.08235
Tight multinomial,Calendar,343,0.842737
Tight multinomial,Calendar,344,0.92092
Tight multinomial,Calendar,345,0.801862
Tight multinomial,Calendar,346,1.04877
Tight multinomial,Calendar,347,0.76801
Tight multinomial,Calendar,348,0.916656
Tight multinomial,Calendar,349,0.870338
Tight multinomial,Calendar,350,0.982265
Tight multinomial,Calendar,351,1.01067
Tight multinomial,Calendar,352,1.00386
Tight multinomial,Calendar,353,0.78822
Tight multinomial,Calendar,354,0.866046
Tight multinomial,Calendar,355,1.03102
Tight multinomial,Calendar,356,0.813387
Tight multinomial,Calendar,357,0.963991
Tight multinomial,Calendar,358,0.881209
Tight multinomial,Calendar,359,1.0328
Tight multinomial,Calendar,360,0.880462
Tight multinomial,Calendar,361,0.923425
Tight multinomial,Calendar,362,0.893677
Tight multinomial,Calendar,363,0.964948
Tight multinomial,Calendar,364,0.955884
Tight multinomial,Calendar,365,0.870909
Tight multinomial,Calendar,366,0.949549
Tight multinomial,Calendar,367,0.886884
Tight multinomial,Calendar,368,1.01161
Tight multinomial,Calendar,369,0.988965
Tight multinomial,Calendar,370,0.785519
Tight multinomial,Calendar,371,0.888755
Tight multinomial,Calendar,372,0.92587
Tight multinomial,Calendar,373,0.902872
Tight multinomial,Calendar,374,1.01559
Tight multinomial,Calendar,375,0.812739
Tight multinomial,Calendar,376,1.05223
Tight multinomial,Calendar,377,0.914691
Tight multinomial,Calendar,378,0.985607
Tight multinomial,Calendar,379,0.797472
Tight multinomial,Calendar,380,0.896208
Tight multinomial,Calendar,381,0.945473
Tight multinomial,Calendar,382,0.923786
Tight multinomial,Calendar,383,0.754386
Tight multinomial,Calendar,384,0.849719
Tight multinomial,Calendar,385,1.00451
Tight multinomial,Calendar,386,0.965545
Tight multinomial,Calendar,387,0.943922
Tight multinomial,Calendar,388,1.11913
Tight multinomial,Calendar,389,1.02452
Tight multinomial,Calendar,390,0.966372
Tight multinomial,Calendar,391,0.575337
Tight multinomial,Calendar,392,1.01145
Tight multinomial,Calendar,393,0.828392
Tight multinomial,Calendar,394,1.05144
Tight multinomial,Calendar,395,0.909325
Tight multinomial,Calendar,396,1.05411
Tight multinomial,Calendar,397,0.99374
Tight multinomial,Calendar,398,1.05273
Tight multinomial,Calendar,399,0.888481
Tight multinomial,Calendar,400,0.834949
Tight multinomial,Calendar,401,1.10954
Tight multinomial,Calendar,402,0.861813
Tight multinomial,Calendar,403,0.912268
Tight multinomial,Calendar,404,0.968218
Tight multinomial,Calendar,405,0.856935
Tight multinomial,Calendar,406,0.900154
Tight multinomial,Calendar,407,0.795356
Tight multinomial,Calendar,408,0.991584
Tight multinomial,Calendar,409,0.826561
Tight multinomial,Calendar,410,1.00687
Tight multinomial,Calendar,411,0.841604
Tight multinomial,Calendar,412,0.836428
Tight multinomial,Calendar,413,0.879306
Tight multinomial,Calendar,414,0.918021
Tight multinomial,Calendar,415,0.799487
Tight multinomial,Calendar,416,0.959999
Tight multinomial,Calendar,417,0.722724
Tight multinomial,Calendar,418,0.95606
Tight multinomial,Calendar,419,1.02465
Tight multinomial,Calendar,420,0.736717
Tight multinomial,Calendar,421,0.935881
Tight multinomial,Calendar,422,0.918759
Tight multinomial,Calendar,423,1.00784
Tight multinomial,Calendar,424,0.94636
Tight multinomial,Calendar,425,0.978366
Tight multinomial,Calendar,426,0.898871
Tight multinomial,Calendar,427,0.951412
Tight multinomial,Calendar,428,0.8626
Tight multinomial,Calendar,429,1.01182
Tight multinomial,Calendar,430,0.795741
Tight multinomial,Calendar,431,0.795605
Tight multinomial,Calendar,432,0.976912
Tight multinomial,Calendar,433,0.813062
Tight multinomial,Calendar,434,0.881856
Tight multinomial,Calendar,435,0.988701
Tight multinomial,Calendar,436,0.789906
Tight multinomial,Calendar,437,0.889089
Tight multinomial,Calendar,438,0.887768
Tight multinomial,Calendar,439,0.970323
Tight multinomial,Calendar,440,0.896819
Tight multinomial,Calendar,441,0.733942
Tight multinomial,Calendar,442,1.08997
Tight multinomial,Calendar,443,0.751345
Tight multinomial,Calendar,444,1.11777
Tight multinomial,Calendar,445,0.861948
Tight multinomial,Calendar,446,1.06673
Tight multinomial,Calendar,447,0.761142
Tight multinomial,Calendar,448,0.909614
Tight multinomial,Calendar,449,0.863503
Tight multinomial,Calendar,450,1.04142
Tight multinomial,Calendar,451,0.932735
Tight multinomial,Calendar,452,0.799436
Tight multinomial,Calendar,453,1.14085
Tight multinomial,Calendar,454,1.01887
Tight multinomial,Calendar,455,0.843363
Tight multinomial,Calendar,456,1.07292
Tight multinomial,Calendar,457,0.841054
Tight multinomial,Calendar,458,0.897302
Tight multinomial,Calendar,459,1.11733
Tight multinomial,Calendar,460,0.838639
Tight multinomial,Calendar,461,0.938292
Tight multinomial,Calendar,462,0.829805
Tight multinomial,Calendar,463,0.871071
Tight multinomial,Calendar,464,0.963842
Tight multinomial,Calendar,465,0.977185
Tight multinomial,Calendar,466,0.87263
Tight multinomial,Calendar,467,1.02009
Tight multinomial,Calendar,468,0.886889
Tight multinomial,Calendar,469,0.875947
Tight multinomial,Calendar,470,0.932701
Tight multinomial,Calendar,471,0.830821
Tight multinomial,Calendar,472,0.906888
Tight multinomial,Calendar,473,0.959358
Tight multinomial,Calendar,474,0.928701
Tight multinomial,Calendar,475,0.933995
Tight multinomial,Calendar,476,0.969611
Tight multinomial,Calendar,477,0.803744
Tight multinomial,Calendar,478,0.97963
Tight multinomial,Calendar,479,0.997577
Tight multinomial,Calendar,480,0.855882
Tight multinomial,Calendar,481,0.851425
Tight multinomial,Calendar,482,1.00753
Tight multinomial,Calendar,483,0.984212
Tight multinomial,Calendar,484,0.765333
Tight multinomial,Calendar,485,1.03615
Tight multinomial,Calendar,486,0.812795
Tight multinomial,Calendar,487,1.00024
Tight multinomial,Calendar,488,0.874495
Tight multinomial,Calendar,489,0.952232
Tight multinomial,Calendar,490,0.905933
Tight multinomial,Calendar,491,0.930294
Tight multinomial,Calendar,492,0.951036
Tight multinomial,Calendar,493,0.937691
Tight multinomial,Calendar,494,0.747012
Tight multinomial,Calendar,495,1.2101
Tight multinomial,Calendar,496,0.849113
Tight multinomial,Calendar,497,1.03276
Tight multinomial,Calendar,498,0.892294
Tight multinomial,Calendar,499,0.808525
Tight multinomial,Calendar,500,0.845239
Tight multinomial,Calendar,501,0.958407
Tight multinomial,Calendar,502,1.00825
Tight multinomial,Calendar,503,0.961614
Tight multinomial,Calendar,504,0.982884
Tight multinomial,Calendar,505,0.945762
Tight multinomial,Calendar,506,1.0678
Tight multinomial,Calendar,507,0.893479
Tight multinomial,Calendar,508,0.87621
Tight multinomial,Calendar,509,1.05416
Tight multinomial,Calendar,510,0.825346
Tight multinomial,Calendar,511,0.886801
Tight multinomial,Calendar,512,0.899168
Tight multinomial,Calendar,513,0.782385
Tight multinomial,Calendar,514,0.705939
Tight multinomial,Calendar,515,1.0685500000000001
Tight multinomial,Calendar,516,0.85283
Tight multinomial,Calendar,517,1.0282
Tight multinomial,Calendar,518,0.881612
Tight multinomial,Calendar,519,0.967312
Tight multinomial,Calendar,520,0.877111
Tight multinomial,Calendar,521,0.879716
Tight multinomial,Calendar,522,1.04567
Tight multinomial,Calendar,523,1.02534
Tight multinomial,Calendar,524,0.68569
Tight multinomial,Calendar,525,0.914741
Tight multinomial,Calendar,526,0.895131
Tight multinomial,Calendar,527,0.846534
Tight multinomial,Calendar,528,0.916726
Tight multinomial,Calendar,529,0.866807
Tight multinomial,Calendar,530,0.908069
Tight multinomial,Calendar,531,0.985786
Tight multinomial,Calendar,532,1.1192
Tight multinomial,Calendar,533,0.759782
Tight multinomial,Calendar,534,0.740061
Tight multinomial,Calendar,535,0.971427
Tight multinomial,Calendar,536,0.971068
Tight multinomial,Calendar,537,0.754054
Tight multinomial,Calendar,538,0.931164
Tight multinomial,Calendar,539,0.851399
Tight multinomial,Calendar,540,0.992108
Tight multinomial,Calendar,541,0.773955
Tight multinomial,Calendar,542,0.978773
Tight multinomial,Calendar,543,0.98238
Tight multinomial,Calendar,544,0.885763
Tight multinomial,Calendar,545,0.976187
Tight multinomial,Calendar,546,0.893556
Tight multinomial,Calendar,547,0.837955
Tight multinomial,Calendar,548,1.12448
Tight multinomial,Calendar,549,0.791199
Tight multinomial,Calendar,550,0.912749
Tight multinomial,Calendar,551,0.857666
Tight multinomial,Calendar,552,1.0792
Tight multinomial,Calendar,553,1.00179
Tight multinomial,Calendar,554,1.04996
Tight multinomial,Calendar,555,0.973417
Tight multinomial,Calendar,556,0.888608
Tight multinomial,Calendar,557,0.83861
Tight multinomial,Calendar,558,0.997904
Tight multinomial,Calendar,559,0.952257
Tight multinomial,Calendar,560,0.991695
Tight multinomial,Calendar,561,0.800602
Tight multinomial,Calendar,562,0.905006
Tight multinomial,Calendar,563,0.761295
Tight multinomial,Calendar,564,0.870381
Tight multinomial,Calendar,565,1.15211
Tight multinomial,Calendar,566,0.879588
Tight multinomial,Calendar,567,0.851471
Tight multinomial,Calendar,568,0.858184
Tight multinomial,Calendar,569,0.965942
Tight multinomial,Calendar,570,0.650381
Tight multinomial,Calendar,571,0.769138
Tight multinomial,Calendar,572,1.05595
Tight multinomial,Calendar,573,0.997947
Tight multinomial,Calendar,574,0.772569
Tight multinomial,Calendar,575,0.793126
Tight multinomial,Calendar,576,0.932039
Tight multinomial,Calendar,577,0.968206
Tight multinomial,Calendar,578,0.863091
Tight multinomial,Calendar,579,0.956818
Tight multinomial,Calendar,580,0.844477
Tight multinomial,Calendar,581,0.941343
Tight multinomial,Calendar,582,0.94837
Tight multinomial,Calendar,583,0.814377
Tight multinomial,Calendar,584,1.08015
Tight multinomial,Calendar,585,0.901895
Tight multinomial,Calendar,586,0.89096
Tight multinomial,Calendar,587,0.927296
Tight multinomial,Calendar,588,0.953422
Tight multinomial,Calendar,589,0.853895
Tight multinomial,Calendar,590,0.878347
Tight multinomial,Calendar,591,0.972589
Tight multinomial,Calendar,592,0.927295
Tight multinomial,Calendar,593,1.06161
Tight multinomial,Calendar,594,0.867291
Tight multinomial,Calendar,595,1.00573
Tight multinomial,Calendar,596,0.966488
Tight multinomial,Calendar,597,0.900358
Tight multinomial,Calendar,598,0.858392
Tight multinomial,Calendar,599,0.965091
Tight multinomial,Calendar,600,0.797629
Tight multinomial,Calendar,601,0.979986
Tight multinomial,Calendar,602,0.863531
Tight multinomial,Calendar,603,1.06909
Tight multinomial,Calendar,604,0.752524
Tight multinomial,Calendar,605,0.9982
Tight multinomial,Calendar,606,0.792475
Tight multinomial,Calendar,607,1.13136
Tight multinomial,Calendar,608,0.719251
Tight multinomial,Calendar,609,1.14182
Tight multinomial,Calendar,610,0.771886
Tight multinomial,Calendar,611,0.751853
Tight multinomial,Calendar,612,0.729679
Tight multinomial,Calendar,613,1.02102
Tight multinomial,Calendar,614,0.713146
Tight multinomial,Calendar,615,0.87996
Tight multinomial,Calendar,616,1.0779
Tight multinomial,Calendar,617,1.00941
Tight multinomial,Calendar,618,0.961893
Tight multinomial,Calendar,619,0.875182
Tight multinomial,Calendar,620,0.967972
Tight multinomial,Calendar,621,0.967603
Tight multinomial,Calendar,622,0.892864
Tight multinomial,Calendar,623,0.867753
Tight multinomial,Calendar,624,0.856114
Tight multinomial,Calendar,625,0.961073
Tight multinomial,Calendar,626,0.863866
Tight multinomial,Calendar,627,0.987939
Tight multinomial,Calendar,628,0.97254
Tight multinomial,Calendar,629,0.90669
Tight multinomial,Calendar,630,0.958517
Tight multinomial,Calendar,631,0.852188
Tight multinomial,Calendar,632,0.938013
Tight multinomial,Calendar,633,0.848689
Tight multinomial,Calendar,634,0.959962
Tight multinomial,Calendar,635,0.881689
Tight multinomial,Calendar,636,0.904782
Tight multinomial,Calendar,637,0.933545
Tight multinomial,Calendar,638,0.968395
Tight multinomial,Calendar,639,0.976107
Tight multinomial,Calendar,640,0.978498
Tight multinomial,Calendar,641,0.902063
Tight multinomial,Calendar,642,0.806767
Tight multinomial,Calendar,643,0.95477
Tight multinomial,Calendar,644,0.770599
Tight multinomial,Calendar,645,0.984509
Tight multinomial,Calendar,646,0.863122
Tight multinomial,Calendar,647,1.011
Tight multinomial,Calendar,648,0.849115
Tight multinomial,Calendar,649,1.03284
Tight multinomial,Calendar,650,0.816623
Tight multinomial,Calendar,651,0.994597
Tight multinomial,Calendar,652,0.762082
Tight multinomial,Calendar,653,0.98281
Tight multinomial,Calendar,654,0.898488
Tight multinomial,Calendar,655,0.907869
Tight multinomial,Calendar,656,0.999124
Tight multinomial,Calendar,657,0.797863
Tight multinomial,Calendar,658,0.883558
Tight multinomial,Calendar,659,1.00675
Tight multinomial,Calendar,660,0.846237
Tight multinomial,Calendar,661,0.987801
Tight multinomial,Calendar,662,0.981123
Tight multinomial,Calendar,663,1.03068
Tight multinomial,Calendar,664,0.836704
Tight multinomial,Calendar,665,0.980268
Tight multinomial,Calendar,666,1.01141
Tight multinomial,Calendar,667,0.997254
Tight multinomial,Calendar,668,0.925722
Tight multinomial,Calendar,669,0.914041
Tight multinomial,Calendar,670,0.869941
Tight multinomial,Calendar,671,1.07643
Tight multinomial,Calendar,672,0.775388
Tight multinomial,Calendar,673,0.952322
Tight multinomial,Calendar,674,0.897678
Tight multinomial,Calendar,675,0.868189
Tight multinomial,Calendar,676,1.10855
Tight multinomial,Calendar,677,0.653186
Tight multinomial,Calendar,678,0.931079
Tight multinomial,Calendar,679,0.729917
Tight multinomial,Calendar,680,0.962522
Tight multinomial,Calendar,681,0.887983
Tight multinomial,Calendar,682,0.865106
Tight multinomial,Calendar,683,0.852955
Tight multinomial,Calendar,684,0.712467
Tight multinomial,Calendar,685,0.997656
Tight multinomial,Calendar,686,0.941158
Tight multinomial,Calendar,687,1.00039
Tight multinomial,Calendar,688,0.794135
Tight multinomial,Calendar,689,0.926157
Tight multinomial,Calendar,690,0.944189
Tight multinomial,Calendar,691,1.10588
Tight multinomial,Calendar,692,0.771359
Tight multinomial,Calendar,693,0.811241
Tight multinomial,Calendar,694,0.882245
Tight multinomial,Calendar,695,0.94867
Tight multinomial,Calendar,696,0.773481
Tight multinomial,Calendar,697,0.884186
Tight multinomial,Calendar,698,0.983149
Tight multinomial,Calendar,699,0.962453
Tight multinomial,Calendar,700,0.994849
Tight multinomial,Calendar,701,0.980307
Tight multinomial,Calendar,702,0.944931
Tight multinomial,Calendar,703,0.922081
Tight multinomial,Calendar,704,0.973201
Tight multinomial,Calendar,705,1.05891
Tight multinomial,Calendar,706,0.878566
Tight multinomial,Calendar,707,0.925213
Tight multinomial,Calendar,708,0.99129
Tight multinomial,Calendar,709,0.847554
Tight multinomial,Calendar,710,0.963796
Tight multinomial,Calendar,711,0.892092
Tight multinomial,Calendar,712,0.956098
Tight multinomial,Calendar,713,1.01241
Tight multinomial,Calendar,714,0.786099
Tight multinomial,Calendar,715,0.908442
Tight multinomial,Calendar,716,0.979028
Tight multinomial,Calendar,717,1.01777
Tight multinomial,Calendar,718,0.960364
Tight multinomial,Calendar,719,0.985415
Tight multinomial,Calendar,720,0.844969
Tight multinomial,Calendar,721,0.92346
Tight multinomial,Calendar,722,0.889859
Tight multinomial,Calendar,723,0.92729
Tight multinomial,Calendar,724,0.951551
Tight multinomial,Calendar,725,0.946855
Tight multinomial,Calendar,726,0.873594
Tight multinomial,Calendar,727,0.982428
Tight multinomial,Calendar,728,0.794416
Tight multinomial,Calendar,729,1.01275
Tight multinomial,Calendar,730,0.980065
Tight multinomial,Calendar,731,0.786814
Tight multinomial,Calendar,732,0.904576
Tight multinomial,Calendar,733,1.00343
Tight multinomial,Calendar,734,0.864175
Tight multinomial,Calendar,735,0.830502
Tight multinomial,Calendar,736,0.934369
Tight multinomial,Calendar,737,0.754469
Tight multinomial,Calendar,738,0.8555
Tight multinomial,Calendar,739,0.90699
Tight multinomial,Calendar,740,0.7498
Tight multinomial,Calendar,741,0.939186
Tight multinomial,Calendar,742,1.00983
Tight multinomial,Calendar,743,0.711066
Tight multinomial,Calendar,744,0.976999
Tight multinomial,Calendar,745,0.785895
Tight multinomial,Calendar,746,0.927825
Tight multinomial,Calendar,747,0.853491
Tight multinomial,Calendar,748,0.978868
Tight multinomial,Calendar,749,0.838775
Tight multinomial,Calendar,750,0.988271
Tight multinomial,Calendar,751,0.919327
Tight multinomial,Calendar,752,0.99784
Tight multinomial,Calendar,753,0.774013
Tight multinomial,Calendar,754,0.919069
Tight multinomial,Calendar,755,0.786513
Tight multinomial,Calendar,756,0.975785
Tight multinomial,Calendar,757,0.97703
Tight multinomial,Calendar,758,0.949577
Tight multinomial,Calendar,759,1.01171
Tight multinomial,Calendar,760,0.86735
Tight multinomial,Calendar,761,0.979723
Tight multinomial,Calendar,762,0.861979
Tight multinomial,Calendar,763,1.01849
Tight multinomial,Calendar,764,0.788912
Tight multinomial,Calendar,765,0.80117
Tight multinomial,Calendar,766,1.06103
Tight multinomial,Calendar,767,0.785064
Tight multinomial,Calendar,768,0.918712
Tight multinomial,Calendar,769,0.93581
Tight multinomial,Calendar,770,0.816349
Tight multinomial,Calendar,771,0.811644
Tight multinomial,Calendar,772,0.916755
Tight multinomial,Calendar,773,0.804871
Tight multinomial,Calendar,774,1.0465
Tight multinomial,Calendar,775,0.974757
Tight multinomial,Calendar,776,0.747444
Tight multinomial,Calendar,777,0.879792
Tight multinomial,Calendar,778,0.862398
Tight multinomial,Calendar,779,0.837139
Tight multinomial,Calendar,780,0.984913
Tight multinomial,Calendar,781,0.784172
Tight multinomial,Calendar,782,0.697766
Tight multinomial,Calendar,783,0.842333
Tight multinomial,Calendar,784,0.96168
Tight multinomial,Calendar,785,0.935472
Tight multinomial,Calendar,786,1.0007
Tight multinomial,Calendar,787,0.81555
Tight multinomial,Calendar,788,0.971205
Tight multinomial,Calendar,789,0.911097
Tight multinomial,Calendar,790,0.91235
Tight multinomial,Calendar,791,0.955714
Tight multinomial,Calendar,792,0.76638
Tight multinomial,Calendar,793,0.963801
Tight multinomial,Calendar,794,0.985373
Tight multinomial,Calendar,795,0.903002
Tight multinomial,Calendar,796,1.04001
Tight multinomial,Calendar,797,0.756262
Tight multinomial,Calendar,798,0.987161
Tight multinomial,Calendar,799,0.842188
Tight multinomial,Calendar,800,0.926042
Tight multinomial,Calendar,801,0.951329
Tight multinomial,Calendar,802,0.928978
Tight multinomial,Calendar,803,0.965743
Tight multinomial,Calendar,804,0.8791
Tight multinomial,Calendar,805,0.683273
Tight multinomial,Calendar,806,1.11402
Tight multinomial,Calendar,807,0.703218
Tight multinomial,Calendar,808,1.01319
Tight multinomial,Calendar,809,0.791733
Tight multinomial,Calendar,810,1.12852
Tight multinomial,Calendar,811,0.888267
Tight multinomial,Calendar,812,0.95776
Tight multinomial,Calendar,813,0.846323
Tight multinomial,Calendar,814,1.08746
Tight multinomial,Calendar,815,0.878886
Tight multinomial,Calendar,816,0.916285
Tight multinomial,Calendar,817,1.03229
Tight multinomial,Calendar,818,1.04797
Tight multinomial,Calendar,819,0.895697
Tight multinomial,Calendar,820,1.00865
Tight multinomial,Calendar,821,0.953892
Tight multinomial,Calendar,822,0.953108
Tight multinomial,Calendar,823,0.748636
Tight multinomial,Calendar,824,0.887508
Tight multinomial,Calendar,825,0.996477
Tight multinomial,Calendar,826,0.900276
Tight multinomial,Calendar,827,0.886301
Tight multinomial,Calendar,828,0.900405
Tight multinomial,Calendar,829,0.900559
Tight multinomial,Calendar,830,0.904144
Tight multinomial,Calendar,831,0.91532
Tight multinomial,Calendar,832,0.893523
Tight multinomial,Calendar,833,0.937219
Tight multinomial,Calendar,834,0.902558
Tight multinomial,Calendar,835,1.13968
Tight multinomial,Calendar,836,1.02314
Tight multinomial,Calendar,837,0.951122
Tight multinomial,Calendar,838,0.909611
Tight multinomial,Calendar,839,1.02457
Tight multinomial,Calendar,840,0.95097
Tight multinomial,Calendar,841,0.869378
Tight multinomial,Calendar,842,0.953927
Tight multinomial,Calendar,843,0.910249
Tight multinomial,Calendar,844,1.01278
Tight multinomial,Calendar,845,0.943116
Tight multinomial,Calendar,846,0.902474
Tight multinomial,Calendar,847,0.941865
Tight multinomial,Calendar,848,0.711821
Tight multinomial,Calendar,849,0.962749
Tight multinomial,Calendar,850,0.868792
Tight multinomial,Calendar,851,0.970901
Tight multinomial,Calendar,852,0.938943
Tight multinomial,Calendar,853,0.900604
Tight multinomial,Calendar,854,0.956822
Tight multinomial,Calendar,855,0.960145
Tight multinomial,Calendar,856,0.981214
Tight multinomial,Calendar,857,1.01668
Tight multinomial,Calendar,858,0.833283
Tight multinomial,Calendar,859,0.80134
Tight multinomial,Calendar,860,0.896618
Tight multinomial,Calendar,861,0.965961
Tight multinomial,Calendar,862,0.855612
Tight multinomial,Calendar,863,0.903159
Tight multinomial,Calendar,864,0.914455
Tight multinomial,Calendar,865,0.920664
Tight multinomial,Calendar,866,0.816276
Tight multinomial,Calendar,867,1.02852
Tight multinomial,Calendar,868,0.776895
Tight multinomial,Calendar,869,1.04691
Tight multinomial,Calendar,870,0.663099
Tight multinomial,Calendar,871,0.963067
Tight multinomial,Calendar,872,0.935876
Tight multinomial,Calendar,873,0.855765
Tight multinomial,Calendar,874,0.846836
Tight multinomial,Calendar,875,1.02894
Tight multinomial,Calendar,876,0.870422
Tight multinomial,Calendar,877,0.852436
Tight multinomial,Calendar,878,0.913566
Tight multinomial,Calendar,879,0.771896
Tight multinomial,Calendar,880,0.87322
Tight multinomial,Calendar,881,0.928477
Tight multinomial,Calendar,882,1.02823
Tight multinomial,Calendar,883,0.850706
Tight multinomial,Calendar,884,0.938447
Tight multinomial,Calendar,885,0.776539
Tight multinomial,Calendar,886,1.00365
Tight multinomial,Calendar,887,0.700433
Tight multinomial,Calendar,888,0.985916
Tight multinomial,Calendar,889,0.837519
Tight multinomial,Calendar,890,0.882312
Tight multinomial,Calendar,891,0.914693
Tight multinomial,Calendar,892,0.874333
Tight multinomial,Calendar,893,0.907957
Tight multinomial,Calendar,894,0.85589
Tight multinomial,Calendar,895,1.14341
Tight multinomial,Calendar,896,0.841368
Tight multinomial,Calendar,897,0.89599
Tight multinomial,Calendar,898,0.806701
Tight multinomial,Calendar,899,0.96782
Tight multinomial,Calendar,900,0.826974
Tight multinomial,Calendar,901,0.989174
Tight multinomial,Calendar,902,0.942947
Tight multinomial,Calendar,903,1.06851
Tight multinomial,Calendar,904,0.768958
Tight multinomial,Calendar,905,1.012
Tight multinomial,Calendar,906,0.83304
Tight multinomial,Calendar,907,0.974226
Tight multinomial,Calendar,908,0.914228
Tight multinomial,Calendar,909,0.887325
Tight multinomial,Calendar,910,1.04348
Tight multinomial,Calendar,911,0.960141
Tight multinomial,Calendar,912,1.04212
Tight multinomial,Calendar,913,0.894584
Tight multinomial,Calendar,914,0.960356
Tight multinomial,Calendar,915,0.920649
Tight multinomial,Calendar,916,0.86093
Tight multinomial,Calendar,917,1.0387
Tight multinomial,Calendar,918,0.851257
Tight multinomial,Calendar,919,1.07869
Tight multinomial,Calendar,920,1.17432
Tight multinomial,Calendar,921,0.900687
Tight multinomial,Calendar,922,0.999335
Tight multinomial,Calendar,923,0.806116
Tight multinomial,Calendar,924,1.06873
Tight multinomial,Calendar,925,0.801228
Tight multinomial,Calendar,926,1.12679
Tight multinomial,Calendar,927,0.732563
Tight multinomial,Calendar,928,0.975694
Tight multinomial,Calendar,929,0.852782
Tight multinomial,Calendar,930,0.929227
Tight multinomial,Calendar,931,1.0621
Tight multinomial,Calendar,932,0.821586
Tight multinomial,Calendar,933,0.72163
Tight multinomial,Calendar,934,0.926335
Tight multinomial,Calendar,935,0.925529
Tight multinomial,Calendar,936,0.941237
Tight multinomial,Calendar,937,0.720677
Tight multinomial,Calendar,938,0.935988
Tight multinomial,Calendar,939,0.764731
Tight multinomial,Calendar,940,0.947199
Tight multinomial,Calendar,941,0.804456
Tight multinomial,Calendar,942,0.995973
Tight multinomial,Calendar,943,0.873542
Tight multinomial,Calendar,944,0.832395
Tight multinomial,Calendar,945,1.00608
Tight multinomial,Calendar,946,0.888704
Tight multinomial,Calendar,947,0.855391
Tight multinomial,Calendar,948,0.827771
Tight multinomial,Calendar,949,0.845091
Tight multinomial,Calendar,950,0.988903
Tight multinomial,Calendar,951,0.926402
Tight multinomial,Calendar,952,0.770009
Tight multinomial,Calendar,953,0.897021
Tight multinomial,Calendar,954,0.732711
Tight multinomial,Calendar,955,0.943745
Tight multinomial,Calendar,956,0.950308
Tight multinomial,Calendar,957,0.869505
Tight multinomial,Calendar,958,0.891183
Tight multinomial,Calendar,959,0.97491
Tight multinomial,Calendar,960,0.8113
Tight multinomial,Calendar,961,0.932872
Tight multinomial,Calendar,962,0.925436
Tight multinomial,Calendar,963,0.825009
Tight multinomial,Calendar,964,0.947623
Tight multinomial,Calendar,965,0.980159
Tight multinomial,Calendar,966,0.839816
Tight multinomial,Calendar,967,0.990985
Tight multinomial,Calendar,968,0.907827
Tight multinomial,Calendar,969,1.03968
Tight multinomial,Calendar,970,0.688017
Tight multinomial,Calendar,971,0.920399
Tight multinomial,Calendar,972,0.851703
Tight multinomial,Calendar,973,0.950711
Tight multinomial,Calendar,974,0.868657
Tight multinomial,Calendar,975,0.95943
Tight multinomial,Calendar,976,0.912422
Tight multinomial,Calendar,977,0.8938
Tight multinomial,Calendar,978,1.06783
Tight multinomial,Calendar,979,0.874863
Tight multinomial,Calendar,980,0.965781
Tight multinomial,Calendar,981,1.01463
Tight multinomial,Calendar,982,0.869622
Tight multinomial,Calendar,983,1.02662
Tight multinomial,Calendar,984,0.878378
Tight multinomial,Calendar,985,0.861285
Tight multinomial,Calendar,986,0.987872
Tight multinomial,Calendar,987,0.82811
Tight multinomial,Calendar,988,0.996618
Tight multinomial,Calendar,989,0.919871
Tight multinomial,Calendar,990,0.98399
Tight multinomial,Calendar,991,0.935153
Tight multinomial,Calendar,992,0.942573
Tight multinomial,Calendar,993,1.24553
Tight multinomial,Calendar,994,1.05171
Tight multinomial,Calendar,995,0.797057
Tight multinomial,Calendar,996,0.782301
Tight multinomial,Calendar,997,0.974917
Tight multinomial,Calendar,998,0.959592
Tight multinomial,Calendar,999,1.00085
Tight multinomial,Calendar,1000,0.910682
Tight multinomial,Calendar,1001,1.02759
Tight multinomial,Calendar,1002,0.695115
Tight multinomial,Calendar,1003,0.949896
Tight multinomial,Calendar,1004,0.961939
Tight multinomial,Calendar,1005,0.848256
Tight multinomial,Calendar,1006,0.989343
Tight multinomial,Calendar,1007,0.853728
Tight multinomial,Calendar,1008,0.865045
Tight multinomial,Calendar,1009,0.744989
Tight multinomial,Calendar,1010,0.941112
Tight multinomial,Calendar,1011,0.909303
Tight multinomial,Calendar,1012,0.828758
Tight multinomial,Calendar,1013,0.991146
Tight multinomial,Calendar,1014,1.02522
Tight multinomial,Calendar,1015,0.977227
Tight multinomial,Calendar,1016,1.15665
Tight multinomial,Calendar,1017,0.843196
Tight multinomial,Calendar,1018,1.02897
Tight multinomial,Calendar,1019,0.797469
Tight multinomial,Calendar,1020,1.07812
Tight multinomial,Calendar,1021,0.95971
Tight multinomial,Calendar,1022,0.982641
Tight multinomial,Calendar,1023,0.818371
Tight multinomial,Calendar,1024,0.936475
Tight multinomial,Calendar,1025,0.955031
Tight multinomial,Calendar,1026,0.859027
Tight multinomial,Calendar,1027,1.00944
Tight multinomial,Calendar,1028,1.02296
Tight multinomial,Calendar,1029,0.779212
Tight multinomial,Calendar,1030,0.860856
Tight multinomial,Calendar,1031,0.921109
Tight multinomial,Calendar,1032,0.943935
Tight multinomial,Calendar,1033,0.903917
Tight multinomial,Calendar,1034,0.993494
Tight multinomial,Calendar,1035,0.908308
Tight multinomial,Calendar,1036,0.938497
Tight multinomial,Calendar,1037,0.89004
Tight multinomial,Calendar,1038,1.0764
Tight multinomial,Calendar,1039,0.789508
Tight multinomial,Calendar,1040,0.904595
Tight multinomial,Calendar,1041,0.844617
Tight multinomial,Calendar,1042,0.945535
Tight multinomial,Calendar,1043,0.803727
Tight multinomial,Calendar,1044,0.878668
Tight multinomial,Calendar,1045,1.01663
Tight multinomial,Calendar,1046,0.89072
Tight multinomial,Calendar,1047,0.967345
Tight multinomial,Calendar,1048,0.954682
Tight multinomial,Calendar,1049,0.913633
Tight multinomial,Calendar,1050,0.947165
Tight multinomial,Calendar,1051,0.934478
Tight multinomial,Calendar,1052,0.857562
Tight multinomial,Calendar,1053,1.04095
Tight multinomial,Calendar,1054,0.815834
Tight multinomial,Calendar,1055,1.06101
Tight multinomial,Calendar,1056,0.869359
Tight multinomial,Calendar,1057,1.039
Tight multinomial,Calendar,1058,0.75004
Tight multinomial,Calendar,1059,1.03518
Tight multinomial,Calendar,1060,1.05911
Tight multinomial,Calendar,1061,0.748119
Tight multinomial,Calendar,1062,0.958311
Tight multinomial,Calendar,1063,0.968608
Tight multinomial,Calendar,1064,0.866047
Tight multinomial,Calendar,1065,0.935525
Tight multinomial,Calendar,1066,0.99084
Tight multinomial,Calendar,1067,0.765031
Tight multinomial,Calendar,1068,1.0061
Tight multinomial,Calendar,1069,0.819063
Tight multinomial,Calendar,1070,0.982688
Tight multinomial,Calendar,1071,0.968578
Tight multinomial,Calendar,1072,0.846333
Tight multinomial,Calendar,1073,0.983089
Tight multinomial,Calendar,1074,1.07118
Tight multinomial,Calendar,1075,0.97208
Tight multinomial,Calendar,1076,0.885577
Tight multinomial,Calendar,1077,1.00861
Tight multinomial,Calendar,1078,0.848462
Tight multinomial,Calendar,1079,0.866774
Tight multinomial,Calendar,1080,0.993028
Tight multinomial,Calendar,1081,0.884152
Tight multinomial,Calendar,1082,1.01018
Tight multinomial,Calendar,1083,0.807351
Tight multinomial,Calendar,1084,1.27637
Tight multinomial,Calendar,1085,0.759506
Tight multinomial,Calendar,1086,1.01793
Tight multinomial,Calendar,1087,0.994961
Tight multinomial,Calendar,1088,0.911454
Tight multinomial,Calendar,1089,0.871877
Tight multinomial,Calendar,1090,1.01482
Tight multinomial,Calendar,1091,0.96254
Tight multinomial,Calendar,1092,0.860126
Tight multinomial,Calendar,1093,0.910147
Tight multinomial,Calendar,1094,1.06656
Tight multinomial,Calendar,1095,0.754344
Tight multinomial,Calendar,1096,0.947481
Tight multinomial,Calendar,1097,1.08748
Tight multinomial,Calendar,1098,0.785978
Tight multinomial,Calendar,1099,1.01078
Tight multinomial,Calendar,1100,0.952316
Tight multinomial,Calendar,1101,0.953231
Tight multinomial,Calendar,1102,0.833287
Tight multinomial,Calendar,1103,0.85364
Tight multinomial,Calendar,1104,0.91453
Tight multinomial,Calendar,1105,0.787253
Tight multinomial,Calendar,1106,0.897187
Tight multinomial,Calendar,1107,0.901649
Tight multinomial,Calendar,1108,0.987998
Tight multinomial,Calendar,1109,0.79806
Tight multinomial,Calendar,1110,0.923107
Tight multinomial,Calendar,1111,0.89839
Tight multinomial,Calendar,1112,0.913722
Tight multinomial,Calendar,1113,1.09532
Tight multinomial,Calendar,1114,0.898312
Tight multinomial,Calendar,1115,1.08832
Tight multinomial,Calendar,1116,0.785521
Tight multinomial,Calendar,1117,0.946613
Tight multinomial,Calendar,1118,0.967772
Tight multinomial,Calendar,1119,0.916868
Tight multinomial,Calendar,1120,0.960037
Tight multinomial,Calendar,1121,1.01173
Tight multinomial,Calendar,1122,0.847256
Tight multinomial,Calendar,1123,0.897575
Tight multinomial,Calendar,1124,0.949877
Tight multinomial,Calendar,1125,0.916369
Tight multinomial,Calendar,1126,0.889435
Tight multinomial,Calendar,1127,1.14205
Tight multinomial,Calendar,1128,1.04282
Tight multinomial,Calendar,1129,0.898921
Tight multinomial,Calendar,1130,0.88223
Tight multinomial,Calendar,1131,0.970556
Tight multinomial,Calendar,1132,0.999024
Tight multinomial,Calendar,1133,0.88404
Tight multinomial,Calendar,1134,0.992646
Tight multinomial,Calendar,1135,1.00798
Tight multinomial,Calendar,1136,0.925229
Tight multinomial,Calendar,1137,0.919732
Tight multinomial,Calendar,1138,1.00958
Tight multinomial,Calendar,1139,0.977993
Tight multinomial,Calendar,1140,0.868795
Tight multinomial,Calendar,1141,0.965835
Tight multinomial,Calendar,1142,1.05049
Tight multinomial,Calendar,1143,0.641055
Tight multinomial,Calendar,1144,0.900952
Tight multinomial,Calendar,1145,0.882056
Tight multinomial,Calendar,1146,1.05425
Tight multinomial,Calendar,1147,0.975912
Tight multinomial,Calendar,1148,0.935106
Tight multinomial,Calendar,1149,0.878108
Tight multinomial,Calendar,1150,0.939715
Tight multinomial,Calendar,1151,1.02429
Tight multinomial,Calendar,1152,1.09521
Tight multinomial,Calendar,1153,0.823715
Tight multinomial,Calendar,1154,0.950266
Tight multinomial,Calendar,1155,0.888049
Tight multinomial,Calendar,1156,0.944764
Tight multinomial,Calendar,1157,1.00958
Tight multinomial,Calendar,1158,1.08102
Tight multinomial,Calendar,1159,0.824331
Tight multinomial,Calendar,1160,0.926296
Tight multinomial,Calendar,1161,1.0126
Tight multinomial,Calendar,1162,0.919544
Tight multinomial,Calendar,1163,0.803184
Tight multinomial,Calendar,1164,1.04486
Tight multinomial,Calendar,1165,0.985576
Tight multinomial,Calendar,1166,0.887657
Tight multinomial,Calendar,1167,0.896955
Tight multinomial,Calendar,1168,0.977757
Tight multinomial,Calendar,1169,0.923911
Tight multinomial,Calendar,1170,0.713197
Tight multinomial,Calendar,1171,1.02326
Tight multinomial,Calendar,1172,0.890115
Tight multinomial,Calendar,1173,0.918199
Tight multinomial,Calendar,1174,0.910822
Tight multinomial,Calendar,1175,0.831946
Tight multinomial,Calendar,1176,0.868762
Tight multinomial,Calendar,1177,0.989407
Tight multinomial,Calendar,1178,0.942891
Tight multinomial,Calendar,1179,0.98856
Tight multinomial,Calendar,1180,0.85456
Tight multinomial,Calendar,1181,0.947933
Tight multinomial,Calendar,1182,0.951178
Tight multinomial,Calendar,1183,1.02307
Tight multinomial,Calendar,1184,0.91542
Tight multinomial,Calendar,1185,0.993131
Tight multinomial,Calendar,1186,0.899797
Tight multinomial,Calendar,1187,0.858556
Tight multinomial,Calendar,1188,0.881396
Tight multinomial,Calendar,1189,0.847585
Tight multinomial,Calendar,1190,0.778232
Tight multinomial,Calendar,1191,1.00499
Tight multinomial,Calendar,1192,0.921458
Tight multinomial,Calendar,1193,0.905376
Tight multinomial,Calendar,1194,0.874385
Tight multinomial,Calendar,1195,0.797952
Tight multinomial,Calendar,1196,0.912688
Tight multinomial,Calendar,1197,1.03115
Tight multinomial,Calendar,1198,0.841229
Tight multinomial,Calendar,1199,0.951983
Tight multinomial,Calendar,1200,0.782109
Tight multinomial,Calendar,1201,0.734657
Tight multinomial,Calendar,1202,0.971561
Tight multinomial,Calendar,1203,0.833423
Tight multinomial,Calendar,1204,0.826912
Tight multinomial,Calendar,1205,0.948203
Tight multinomial,Calendar,1206,0.883709
Tight multinomial,Calendar,1207,0.947174
Tight multinomial,Calendar,1208,0.813814
Tight multinomial,Calendar,1209,0.889667
Tight multinomial,Calendar,1210,0.799588
Tight multinomial,Calendar,1211,0.913813
Tight multinomial,Calendar,1212,0.835792
Tight multinomial,Calendar,1213,0.95111
Tight multinomial,Calendar,1214,1.01104
Tight multinomial,Calendar,1215,1.07927
Tight multinomial,Calendar,1216,0.818242
Tight multinomial,Calendar,1217,0.963943
Tight multinomial,Calendar,1218,0.818379
Tight multinomial,Calendar,1219,1.02585
Tight multinomial,Calendar,1220,0.858171
Tight multinomial,Calendar,1221,1.02385
Tight multinomial,Calendar,1222,0.885711
Tight multinomial,Calendar,1223,0.80956
Tight multinomial,Calendar,1224,0.890014
Tight multinomial,Calendar,1225,0.941636
Tight multinomial,Calendar,1226,0.903753
Tight multinomial,Calendar,1227,0.84505
Tight multinomial,Calendar,1228,0.929956
Tight multinomial,Calendar,1229,0.970227
Tight multinomial,Calendar,1230,0.903942
Tight multinomial,Calendar,1231,0.830532
Tight multinomial,Calendar,1232,0.882755
Tight multinomial,Calendar,1233,0.947009
Tight multinomial,Calendar,1234,0.952786
Tight multinomial,Calendar,1235,0.760191
Tight multinomial,Calendar,1236,0.988997
Tight multinomial,Calendar,1237,0.919631
Tight multinomial,Calendar,1238,0.94473
Tight multinomial,Calendar,1239,0.72434
Tight multinomial,Calendar,1240,1.14167
Tight multinomial,Calendar,1241,0.922687
Tight multinomial,Calendar,1242,1.12667
Tight multinomial,Calendar,1243,0.773109
Tight multinomial,Calendar,1244,0.946732
Tight multinomial,Calendar,1245,0.88434
Tight multinomial,Calendar,1246,0.927742
Tight multinomial,Calendar,1247,0.889251
Tight multinomial,Calendar,1248,0.971334
Tight multinomial,Calendar,1249,0.969237
Tight multinomial,Calendar,1250,0.758253
Tight multinomial,Calendar,1251,1.05421
Tight multinomial,Calendar,1252,0.823347
Tight multinomial,Calendar,1253,1.12319
Tight multinomial,Calendar,1254,0.700617
Tight multinomial,Calendar,1255,0.951381
Tight multinomial,Calendar,1256,0.891137
Tight multinomial,Calendar,1257,0.954164
Tight multinomial,Calendar,1258,0.901901
Tight multinomial,Calendar,1259,0.737645
Tight multinomial,Calendar,1260,0.7608
Tight multinomial,Calendar,1261,0.898656
Tight multinomial,Calendar,1262,1.00547
Tight multinomial,Calendar,1263,0.984416
Tight multinomial,Calendar,1264,0.940827
Tight multinomial,Calendar,1265,0.923602
Tight multinomial,Calendar,1266,0.800438
Tight multinomial,Calendar,1267,0.861338
Tight multinomial,Calendar,1268,0.927669
Tight multinomial,Calendar,1269,0.909394
Tight multinomial,Calendar,1270,0.798304
Tight multinomial,Calendar,1271,0.891407
Tight multinomial,Calendar,1272,0.829048
Tight multinomial,Calendar,1273,0.799657
Tight multinomial,Calendar,1274,0.79574
Tight multinomial,Calendar,1275,0.916609
Tight multinomial,Calendar,1276,0.982598
Tight multinomial,Calendar,1277,0.915758
Tight multinomial,Calendar,1278,0.927352
Tight multinomial,Calendar,1279,0.89623
Tight multinomial,Calendar,1280,0.758769
Tight multinomial,Calendar,1281,1.09575
Tight multinomial,Calendar,1282,1.04012
Tight multinomial,Calendar,1283,0.880881
Tight multinomial,Calendar,1284,0.86128
Tight multinomial,Calendar,1285,0.893125
Tight multinomial,Calendar,1286,0.990018
Tight multinomial,Calendar,1287,0.976205
Tight multinomial,Calendar,1288,0.880779
Tight multinomial,Calendar,1289,1.06244
Tight multinomial,Calendar,1290,1.04053
Tight multinomial,Calendar,1291,0.736568
Tight multinomial,Calendar,1292,0.833274
Tight multinomial,Calendar,1293,0.910245
Tight multinomial,Calendar,1294,0.973961
Tight multinomial,Calendar,1295,0.945485
Tight multinomial,Calendar,1296,1.02475
Tight multinomial,Calendar,1297,0.951005
Tight multinomial,Calendar,1298,0.736486
Tight multinomial,Calendar,1299,0.971312
Tight multinomial,Calendar,1300,0.905683
Tight multinomial,Calendar,1301,1.01006
Tight multinomial,Calendar,1302,1.04832
Tight multinomial,Calendar,1303,0.965048
Tight multinomial,Calendar,1304,0.921925
Tight multinomial,Calendar,1305,0.948928
Tight multinomial,Calendar,1306,0.848624
Tight multinomial,Calendar,1307,0.913348
Tight multinomial,Calendar,1308,1.04731
Tight multinomial,Calendar,1309,0.936027
Tight multinomial,Calendar,1310,0.790143
Tight multinomial,Calendar,1311,0.982344
Tight multinomial,Calendar,1312,1.03592
Tight multinomial,Calendar,1313,0.930646
Tight multinomial,Calendar,1314,1.105
Tight multinomial,Calendar,1315,0.853239
Tight multinomial,Calendar,1316,0.863299
Tight multinomial,Calendar,1317,0.854131
Tight multinomial,Calendar,1318,0.927543
Tight multinomial,Calendar,1319,0.888232
Tight multinomial,Calendar,1320,0.944271
Tight multinomial,Calendar,1321,0.877318
Tight multinomial,Calendar,1322,0.992839
Tight multinomial,Calendar,1323,1.06251
Tight multinomial,Calendar,1324,1.00495
Tight multinomial,Calendar,1325,0.800771
Tight multinomial,Calendar,1326,0.946755
Tight multinomial,Calendar,1327,0.893934
Tight multinomial,Calendar,1328,0.915802
Tight multinomial,Calendar,1329,1.02299
Tight multinomial,Calendar,1330,0.961974
Tight multinomial,Calendar,1331,0.927539
Tight multinomial,Calendar,1332,0.821325
Tight multinomial,Calendar,1333,0.906348
Tight multinomial,Calendar,1334,0.981406
Tight multinomial,Calendar,1335,0.947763
Tight multinomial,Calendar,1336,0.960289
Tight multinomial,Calendar,1337,0.827497
Tight multinomial,Calendar,1338,1.00516
Tight multinomial,Calendar,1339,1.00406
Tight multinomial,Calendar,1340,0.999872
Tight multinomial,Calendar,1341,0.760249
Tight multinomial,Calendar,1342,0.740682
Tight multinomial,Calendar,1343,1.00136
Tight multinomial,Calendar,1344,0.789933
Tight multinomial,Calendar,1345,1.02979
Tight multinomial,Calendar,1346,0.884873
Tight multinomial,Calendar,1347,1.00965
Tight multinomial,Calendar,1348,0.792697
Tight multinomial,Calendar,1349,1.06912
Tight multinomial,Calendar,1350,0.83559
Tight multinomial,Calendar,1351,0.986802
Tight multinomial,Calendar,1352,0.684358
Tight multinomial,Calendar,1353,0.906322
Tight multinomial,Calendar,1354,0.91847
Tight multinomial,Calendar,1355,0.933455
Tight multinomial,Calendar,1356,0.979188
Tight multinomial,Calendar,1357,0.919549
Tight multinomial,Calendar,1358,0.895684
Tight multinomial,Calendar,1359,0.956225
Tight multinomial,Calendar,1360,1.00319
Tight multinomial,Calendar,1361,0.838071
Tight multinomial,Calendar,1362,0.867962
Tight multinomial,Calendar,1363,0.886707
Tight multinomial,Calendar,1364,0.842786
Tight multinomial,Calendar,1365,0.970164
Tight multinomial,Calendar,1366,0.823051
Tight multinomial,Calendar,1367,0.899272
Tight multinomial,Calendar,1368,1.00194
Tight multinomial,Calendar,1369,0.858271
Tight multinomial,Calendar,1370,0.766646
Tight multinomial,Calendar,1371,1.03207
Tight multinomial,Calendar,1372,0.822893
Tight multinomial,Calendar,1373,1.02528
Tight multinomial,Calendar,1374,1.00557
Tight multinomial,Calendar,1375,0.758931
Tight multinomial,Calendar,1376,0.993577
Tight multinomial,Calendar,1377,0.793389
Tight multinomial,Calendar,1378,1.17163
Tight multinomial,Calendar,1379,1.04802
Tight multinomial,Calendar,1380,0.961421
Tight multinomial,Calendar,1381,0.956205
Tight multinomial,Calendar,1382,0.948829
Tight multinomial,Calendar,1383,0.947357
Tight multinomial,Calendar,1384,0.971451
Tight multinomial,Calendar,1385,0.954755
Tight multinomial,Calendar,1386,0.823832
Tight multinomial,Calendar,1387,0.909242
Tight multinomial,Calendar,1388,0.78707
Tight multinomial,Calendar,1389,0.80634
Tight multinomial,Calendar,1390,0.829084
Tight multinomial,Calendar,1391,0.87785
Tight multinomial,Calendar,1392,0.922532
Tight multinomial,Calendar,1393,1.05695
Tight multinomial,Calendar,1394,1.09645
Tight multinomial,Calendar,1395,0.96152
Tight multinomial,Calendar,1396,0.965989
Tight multinomial,Calendar,1397,0.851092
Tight multinomial,Calendar,1398,0.860107
Tight multinomial,Calendar,1399,0.691988
Tight multinomial,Calendar,1400,0.901116
Tight multinomial,Calendar,1401,0.898803
Tight multinomial,Calendar,1402,0.888708
Tight multinomial,Calendar,1403,0.961932
Tight multinomial,Calendar,1404,0.91173
Tight multinomial,Calendar,1405,0.86949
Tight multinomial,Calendar,1406,1.03201
Tight multinomial,Calendar,1407,0.708246
Tight multinomial,Calendar,1408,0.862017
Tight multinomial,Calendar,1409,0.965747
Tight multinomial,Calendar,1410,0.762878
Tight multinomial,Calendar,1411,0.998294
Tight multinomial,Calendar,1412,0.842196
Tight multinomial,Calendar,1413,0.995553
Tight multinomial,Calendar,1414,0.932975
Tight multinomial,Calendar,1415,0.913316
Tight multinomial,Calendar,1416,1.09224
Tight multinomial,Calendar,1417,0.93809
Tight multinomial,Calendar,1418,0.712138
Tight multinomial,Calendar,1419,0.976686
Tight multinomial,Calendar,1420,0.855961
Tight multinomial,Calendar,1421,0.91109
Tight multinomial,Calendar,1422,0.962738
Tight multinomial,Calendar,1423,1.00672
Tight multinomial,Calendar,1424,0.830186
Tight multinomial,Calendar,1425,0.920819
Tight multinomial,Calendar,1426,0.89738
Tight multinomial,Calendar,1427,0.86223
Tight multinomial,Calendar,1428,1.01501
Tight multinomial,Calendar,1429,0.889996
Tight multinomial,Calendar,1430,0.919492
Tight multinomial,Calendar,1431,0.888874
Tight multinomial,Calendar,1432,0.901589
Tight multinomial,Calendar,1433,0.965892
Tight multinomial,Calendar,1434,0.73361
Tight multinomial,Calendar,1435,0.830213
Tight multinomial,Calendar,1436,0.853654
Tight multinomial,Calendar,1437,1.04298
Tight multinomial,Calendar,1438,0.778214
Tight multinomial,Calendar,1439,0.989625
Tight multinomial,Calendar,1440,0.870265
Tight multinomial,Calendar,1441,1.00124
Tight multinomial,Calendar,1442,0.957055
Tight multinomial,Calendar,1443,0.948723
Tight multinomial,Calendar,1444,0.915292
Tight multinomial,Calendar,1445,1.03311
Tight multinomial,Calendar,1446,0.817648
Tight multinomial,Calendar,1447,1.02291
Tight multinomial,Calendar,1448,0.829473
Tight multinomial,Calendar,1449,0.964386
Tight multinomial,Calendar,1450,0.992402
Tight multinomial,Calendar,1451,0.894045
Tight multinomial,Calendar,1452,0.964752
Tight multinomial,Calendar,1453,0.925291
Tight multinomial,Calendar,1454,0.924068
Tight multinomial,Calendar,1455,0.960949
Tight multinomial,Calendar,1456,0.900461
Tight multinomial,Calendar,1457,0.880733
Tight multinomial,Calendar,1458,0.917282
Tight multinomial,Calendar,1459,0.965575
Tight multinomial,Calendar,1460,1.0439
Tight multinomial,Calendar,1461,0.944819
Tight multinomial,Calendar,1462,0.799075
Tight multinomial,Calendar,1463,0.96904
Tight multinomial,Calendar,1464,0.837149
Tight multinomial,Calendar,1465,0.9413
Tight multinomial,Calendar,1466,0.826581
Tight multinomial,Calendar,1467,0.820274
Tight multinomial,Calendar,1468,1.10649
Tight multinomial,Calendar,1469,0.807312
Tight multinomial,Calendar,1470,0.91436
Tight multinomial,Calendar,1471,0.962938
Tight multinomial,Calendar,1472,1.01906
Tight multinomial,Calendar,1473,0.770336
Tight multinomial,Calendar,1474,0.882563
Tight multinomial,Calendar,1475,0.883923
Tight multinomial,Calendar,1476,0.921362
Tight multinomial,Calendar,1477,0.900631
Tight multinomial,Calendar,1478,1.075
Tight multinomial,Calendar,1479,0.830404
Tight multinomial,Calendar,1480,1.10356
Tight multinomial,Calendar,1481,0.96712
Tight multinomial,Calendar,1482,0.944343
Tight multinomial,Calendar,1483,0.807565
Tight multinomial,Calendar,1484,1.08053
Tight multinomial,Calendar,1485,0.938516
Tight multinomial,Calendar,1486,0.612357
Tight multinomial,Calendar,1487,0.914208
Tight multinomial,Calendar,1488,0.871875
Tight multinomial,Calendar,1489,1.02454
Tight multinomial,Calendar,1490,1.03747
Tight multinomial,Calendar,1491,0.891912
Tight multinomial,Calendar,1492,0.889728
Tight multinomial,Calendar,1493,0.966113
Tight multinomial,Calendar,1494,0.908334
Tight multinomial,Calendar,1495,0.99223
Tight multinomial,Calendar,1496,0.960651
Tight multinomial,Calendar,1497,0.946926
Tight multinomial,Calendar,1498,0.834584
Tight multinomial,Calendar,1499,0.799667
Tight multinomial,Calendar,1500,0.965503
Tight multinomial,Calendar,1501,0.991495
Tight multinomial,Calendar,1502,1.13442
Tight multinomial,Calendar,1503,0.989822
Tight multinomial,Calendar,1504,0.989387
Tight multinomial,Calendar,1505,0.973783
Tight multinomial,Calendar,1506,0.990549
Tight multinomial,Calendar,1507,1.16537
Tight multinomial,Calendar,1508,1.18957
Tight multinomial,Calendar,1509,0.906768
Tight multinomial,Calendar,1510,1.02345
Tight multinomial,Calendar,1511,0.87848
Tight multinomial,Calendar,1512,0.952046
Tight multinomial,Calendar,1513,0.860421
Tight multinomial,Calendar,1514,0.88038400000000006
Tight multinomial,Calendar,1515,0.937743
Tight multinomial,Calendar,1516,0.891522
Tight multinomial,Calendar,1517,0.972489
Tight multinomial,Calendar,1518,0.861922
Tight multinomial,Calendar,1519,0.932481
Tight multinomial,Calendar,1520,0.900825
Tight multinomial,Calendar,1521,0.909355
Tight multinomial,Calendar,1522,0.80697700000000006
Tight multinomial,Calendar,1523,0.999136
Tight multinomial,Calendar,1524,0.877743
Tight multinomial,Calendar,1525,0.89642
Tight multinomial,Calendar,1526,0.977505
Tight multinomial,Calendar,1527,0.967476
Tight multinomial,Calendar,1528,1.08737
Tight multinomial,Calendar,1529,0.911892
Tight multinomial,Calendar,1530,0.972465
Tight multinomial,Calendar,1531,0.919936
Tight multinomial,Calendar,1532,0.83648
Tight multinomial,Calendar,1533,0.920151
Tight multinomial,Calendar,1534,0.891172
Tight multinomial,Calendar,1535,1.00876
Tight multinomial,Calendar,1536,0.996426
Tight multinomial,Calendar,1537,0.921848
Tight multinomial,Calendar,1538,0.915707
Tight multinomial,Calendar,1539,0.904476
Tight multinomial,Calendar,1540,1.00613
Tight multinomial,Calendar,1541,0.695732
Tight multinomial,Calendar,1542,0.928265
Tight multinomial,Calendar,1543,0.775593
Tight multinomial,Calendar,1544,0.948826
Tight multinomial,Calendar,1545,1.035
Tight multinomial,Calendar,1546,1.01365
Tight multinomial,Calendar,1547,1.05307
Tight multinomial,Calendar,1548,0.85145
Tight multinomial,Calendar,1549,1.10267
Tight multinomial,Calendar,1550,0.762478
Tight multinomial,Calendar,1551,0.883418
Tight multinomial,Calendar,1552,0.96175
Tight multinomial,Calendar,1553,0.851065
Tight multinomial,Calendar,1554,0.952647
Tight multinomial,Calendar,1555,0.846397
Tight multinomial,Calendar,1556,0.939667
Tight multinomial,Calendar,1557,0.72758
Tight multinomial,Calendar,1558,0.78338
Tight multinomial,Calendar,1559,0.890965
Tight multinomial,Calendar,1560,0.820827
Tight multinomial,Calendar,1561,0.996653
Tight multinomial,Calendar,1562,0.890311
Tight multinomial,Calendar,1563,0.946718
Tight multinomial,Calendar,1564,0.927995
Tight multinomial,Calendar,1565,0.905599
Tight multinomial,Calendar,1566,0.915458
Tight multinomial,Calendar,1567,0.977439
Tight multinomial,Calendar,1568,0.881647
Tight multinomial,Calendar,1569,0.954152
Tight multinomial,Calendar,1570,0.96245
Tight multinomial,Calendar,1571,0.820911
Tight multinomial,Calendar,1572,1.05936
Tight multinomial,Calendar,1573,0.7768
Tight multinomial,Calendar,1574,0.872696
Tight multinomial,Calendar,1575,0.872573
Tight multinomial,Calendar,1576,0.920167
Tight multinomial,Calendar,1577,0.960256
Tight multinomial,Calendar,1578,0.942091
Tight multinomial,Calendar,1579,0.807646
Tight multinomial,Calendar,1580,0.903509
Tight multinomial,Calendar,1581,1.04301
Tight multinomial,Calendar,1582,1.06612
Tight multinomial,Calendar,1583,0.94879
Tight multinomial,Calendar,1584,0.975767
Tight multinomial,Calendar,1585,0.990113
Tight multinomial,Calendar,1586,0.938092
Tight multinomial,Calendar,1587,0.862247
Tight multinomial,Calendar,1588,0.93321
Tight multinomial,Calendar,1589,0.912295
Tight multinomial,Calendar,1590,0.927137
Tight multinomial,Calendar,1591,1.07936
Tight multinomial,Calendar,1592,0.827454
Tight multinomial,Calendar,1593,0.945056
Tight multinomial,Calendar,1594,0.965349
Tight multinomial,Calendar,1595,0.734083
Tight multinomial,Calendar,1596,0.905883
Tight multinomial,Calendar,1597,0.877535
Tight multinomial,Calendar,1598,1.08253
Tight multinomial,Calendar,1599,0.846278
Tight multinomial,Calendar,1600,0.966188
Tight multinomial,Bracelet,1,0.373764
Tight multinomial,Bracelet,2,0.231958
Tight multinomial,Bracelet,3,0.421975
Tight multinomial,Bracelet,4,0.442652
Tight multinomial,Bracelet,5,0.473138
Tight multinomial,Bracelet,6,0.405753
Tight multinomial,Bracelet,7,0.396458
Tight multinomial,Bracelet,8,0.280955
Tight multinomial,Bracelet,9,0.473525
Tight multinomial,Bracelet,10,0.507964
Tight multinomial,Bracelet,11,0.382693
Tight multinomial,Bracelet,12,0.549704
Tight multinomial,Bracelet,13,0.464279
Tight multinomial,Bracelet,14,0.515717
Tight multinomial,Bracelet,15,0.400589
Tight multinomial,Bracelet,16,0.663418
Tight multinomial,Bracelet,17,0.222205
Tight multinomial,Bracelet,18,0.615285
Tight multinomial,Bracelet,19,0.60044
Tight multinomial,Bracelet,20,0.441557
Tight multinomial,Bracelet,21,0.441828
Tight multinomial,Bracelet,22,0.37517
Tight multinomial,Bracelet,23,0.336227
Tight multinomial,Bracelet,24,0.43769
Tight multinomial,Bracelet,25,0.687166
Tight multinomial,Bracelet,26,0.552818
Tight multinomial,Bracelet,27,0.640215
Tight multinomial,Bracelet,28,0.577392
Tight multinomial,Bracelet,29,0.288773
Tight multinomial,Bracelet,30,0.301592
Tight multinomial,Bracelet,31,0.796278
Tight multinomial,Bracelet,32,0.447319
Tight multinomial,Bracelet,33,0.386604
Tight multinomial,Bracelet,34,0.39023
Tight multinomial,Bracelet,35,0.616411
Tight multinomial,Bracelet,36,0.418503
Tight multinomial,Bracelet,37,0.388763
Tight multinomial,Bracelet,38,0.384412
Tight multinomial,Bracelet,39,0.359054
Tight multinomial,Bracelet,40,0.783897
Tight multinomial,Bracelet,41,0.448349
Tight multinomial,Bracelet,42,0.40122
Tight multinomial,Bracelet,43,0.628224
Tight multinomial,Bracelet,44,0.578245
Tight multinomial,Bracelet,45,0.305389
Tight multinomial,Bracelet,46,0.25448
Tight multinomial,Bracelet,47,0.69223
Tight multinomial,Bracelet,48,0.700232
Tight multinomial,Bracelet,49,0.346847
Tight multinomial,Bracelet,50,0.80367
Tight multinomial,Bracelet,51,0.699731
Tight multinomial,Bracelet,52,0.461918
Tight multinomial,Bracelet,53,0.698603
Tight multinomial,Bracelet,54,0.587758
Tight multinomial,Bracelet,55,0.732421
Tight multinomial,Bracelet,56,0.665677
Tight multinomial,Bracelet,57,0.573632
Tight multinomial,Bracelet,58,0.495091
Tight multinomial,Bracelet,59,0.392279
Tight multinomial,Bracelet,60,0.492385
Tight multinomial,Bracelet,61,0.484378
Tight multinomial,Bracelet,62,0.546753
Tight multinomial,Bracelet,63,0.345699
Tight multinomial,Bracelet,64,0.3963
Tight multinomial,Bracelet,65,0.600889
Tight multinomial,Bracelet,66,0.409857
Tight multinomial,Bracelet,67,0.317156
Tight multinomial,Bracelet,68,0.318735
Tight multinomial,Bracelet,69,0.537531
Tight multinomial,Bracelet,70,0.530295
Tight multinomial,Bracelet,71,0.738099
Tight multinomial,Bracelet,72,0.48436
Tight multinomial,Bracelet,73,0.50915
Tight multinomial,Bracelet,74,0.478482
Tight multinomial,Bracelet,75,0.341549
Tight multinomial,Bracelet,76,0.472484
Tight multinomial,Bracelet,77,0.340889
Tight multinomial,Bracelet,78,0.599857
Tight multinomial,Bracelet,79,0.784317
Tight multinomial,Bracelet,80,0.423219
Tight multinomial,Bracelet,81,0.620334
Tight multinomial,Bracelet,82,0.32603
Tight multinomial,Bracelet,83,0.785774
Tight multinomial,Bracelet,84,0.926321
Tight multinomial,Bracelet,85,0.809451
Tight multinomial,Bracelet,86,0.383425
Tight multinomial,Bracelet,87,0.503955
Tight multinomial,Bracelet,88,0.402327
Tight multinomial,Bracelet,89,0.450818
Tight multinomial,Bracelet,90,0.686046
Tight multinomial,Bracelet,91,0.31817
Tight multinomial,Bracelet,92,0.623602
Tight multinomial,Bracelet,93,0.356308
Tight multinomial,Bracelet,94,0.387905
Tight multinomial,Bracelet,95,0.627358
Tight multinomial,Bracelet,96,0.447434
Tight multinomial,Bracelet,97,0.28894
Tight multinomial,Bracelet,98,0.498632
Tight multinomial,Bracelet,99,0.336928
Tight multinomial,Bracelet,100,0.473622
Tight multinomial,Bracelet,101,0.314258
Tight multinomial,Bracelet,102,0.643042
Tight multinomial,Bracelet,103,0.474925
Tight multinomial,Bracelet,104,0.479564
Tight multinomial,Bracelet,105,0.311292
Tight multinomial,Bracelet,106,0.403678
Tight multinomial,Bracelet,107,0.466353
Tight multinomial,Bracelet,108,0.403802
Tight multinomial,Bracelet,109,0.408519
Tight multinomial,Bracelet,110,0.598222
Tight multinomial,Bracelet,111,0.507336
Tight multinomial,Bracelet,112,0.460714
Tight multinomial,Bracelet,113,0.559682
Tight multinomial,Bracelet,114,0.390107
Tight multinomial,Bracelet,115,0.685246
Tight multinomial,Bracelet,116,0.44856
Tight multinomial,Bracelet,117,0.384255
Tight multinomial,Bracelet,118,0.510393
Tight multinomial,Bracelet,119,0.347164
Tight multinomial,Bracelet,120,0.758015
Tight multinomial,Bracelet,121,0.459593
Tight multinomial,Bracelet,122,0.538803
Tight multinomial,Bracelet,123,0.370035
Tight multinomial,Bracelet,124,0.223021
Tight multinomial,Bracelet,125,0.427344
Tight multinomial,Bracelet,126,0.518719
Tight multinomial,Bracelet,127,0.295286
Tight multinomial,Bracelet,128,0.705222
Tight multinomial,Bracelet,129,0.851001
Tight multinomial,Bracelet,130,0.32788
Tight multinomial,Bracelet,131,0.681661
Tight multinomial,Bracelet,132,0.412402
Tight multinomial,Bracelet,133,0.362074
Tight multinomial,Bracelet,134,0.537271
Tight multinomial,Bracelet,135,0.559879
Tight multinomial,Bracelet,136,0.441307
Tight multinomial,Bracelet,137,0.400083
Tight multinomial,Bracelet,138,0.430422
Tight multinomial,Bracelet,139,0.530124
Tight multinomial,Bracelet,140,0.388716
Tight multinomial,Bracelet,141,0.370117
Tight multinomial,Bracelet,142,0.290489
Tight multinomial,Bracelet,143,0.366193
Tight multinomial,Bracelet,144,0.474724
Tight multinomial,Bracelet,145,0.305865
Tight multinomial,Bracelet,146,0.446306
Tight multinomial,Bracelet,147,0.350257
Tight multinomial,Bracelet,148,0.516372
Tight multinomial,Bracelet,149,0.366512
Tight multinomial,Bracelet,150,0.421555
Tight multinomial,Bracelet,151,0.475564
Tight multinomial,Bracelet,152,0.394971
Tight multinomial,Bracelet,153,0.462316
Tight multinomial,Bracelet,154,0.361676
Tight multinomial,Bracelet,155,0.53728
Tight multinomial,Bracelet,156,0.57832
Tight multinomial,Bracelet,157,0.221407
Tight multinomial,Bracelet,158,0.271865
Tight multinomial,Bracelet,159,0.449442
Tight multinomial,Bracelet,160,0.502292
Tight multinomial,Bracelet,161,0.433018
Tight multinomial,Bracelet,162,0.334797
Tight multinomial,Bracelet,163,0.237462
Tight multinomial,Bracelet,164,0.646447
Tight multinomial,Bracelet,165,0.899857
Tight multinomial,Bracelet,166,0.504995
Tight multinomial,Bracelet,167,0.384026
Tight multinomial,Bracelet,168,0.429365
Tight multinomial,Bracelet,169,0.462359
Tight multinomial,Bracelet,170,0.687547
Tight multinomial,Bracelet,171,0.495538
Tight multinomial,Bracelet,172,0.373822
Tight multinomial,Bracelet,173,0.518856
Tight multinomial,Bracelet,174,0.367195
Tight multinomial,Bracelet,175,0.368412
Tight multinomial,Bracelet,176,0.490426
Tight multinomial,Bracelet,177,0.34695
Tight multinomial,Bracelet,178,0.706294
Tight multinomial,Bracelet,179,0.691233
Tight multinomial,Bracelet,180,0.456636
Tight multinomial,Bracelet,181,0.688193
Tight multinomial,Bracelet,182,0.756421
Tight multinomial,Bracelet,183,0.503551
Tight multinomial,Bracelet,184,0.322377
Tight multinomial,Bracelet,185,0.435428
Tight multinomial,Bracelet,186,0.423909
Tight multinomial,Bracelet,187,0.405922
Tight multinomial,Bracelet,188,0.239248
Tight multinomial,Bracelet,189,0.782118
Tight multinomial,Bracelet,190,0.874455
Tight multinomial,Bracelet,191,0.33347
Tight multinomial,Bracelet,192,0.292793
Tight multinomial,Bracelet,193,0.665973
Tight multinomial,Bracelet,194,0.672474
Tight multinomial,Bracelet,195,0.513402
Tight multinomial,Bracelet,196,0.304942
Tight multinomial,Bracelet,197,0.459121
Tight multinomial,Bracelet,198,0.647129
Tight multinomial,Bracelet,199,0.617631
Tight multinomial,Bracelet,200,0.72242
Tight multinomial,Bracelet,201,0.658148
Tight multinomial,Bracelet,202,0.463473
Tight multinomial,Bracelet,203,0.450325
Tight multinomial,Bracelet,204,0.367606
Tight multinomial,Bracelet,205,0.681199
Tight multinomial,Bracelet,206,0.37469
Tight multinomial,Bracelet,207,0.396254
Tight multinomial,Bracelet,208,0.476174
Tight multinomial,Bracelet,209,0.523574
Tight multinomial,Bracelet,210,0.510921
Tight multinomial,Bracelet,211,0.607617
Tight multinomial,Bracelet,212,0.876835
Tight multinomial,Bracelet,213,0.35226
Tight multinomial,Bracelet,214,0.686113
Tight multinomial,Bracelet,215,0.370248
Tight multinomial,Bracelet,216,0.396148
Tight multinomial,Bracelet,217,0.485654
Tight multinomial,Bracelet,218,0.521032
Tight multinomial,Bracelet,219,0.433696
Tight multinomial,Bracelet,220,0.428255
Tight multinomial,Bracelet,221,0.315001
Tight multinomial,Bracelet,222,0.429529
Tight multinomial,Bracelet,223,0.356362
Tight multinomial,Bracelet,224,0.430413
Tight multinomial,Bracelet,225,0.417914
Tight multinomial,Bracelet,226,0.676376
Tight multinomial,Bracelet,227,0.743353
Tight multinomial,Bracelet,228,0.567392
Tight multinomial,Bracelet,229,0.537862
Tight multinomial,Bracelet,230,0.46811
Tight multinomial,Bracelet,231,0.335222
Tight multinomial,Bracelet,232,0.751543
Tight multinomial,Bracelet,233,0.826399
Tight multinomial,Bracelet,234,0.967914
Tight multinomial,Bracelet,235,0.969313
Tight multinomial,Bracelet,236,0.975556
Tight multinomial,Bracelet,237,0.966549
Tight multinomial,Bracelet,238,0.970596
Tight multinomial,Bracelet,239,0.86821
Tight multinomial,Bracelet,240,0.918835
Tight multinomial,Bracelet,241,0.867476
Tight multinomial,Bracelet,242,0.816541
Tight multinomial,Bracelet,243,0.907789
Tight multinomial,Bracelet,244,0.930054
Tight multinomial,Bracelet,245,0.827159
Tight multinomial,Bracelet,246,0.264222
Tight multinomial,Bracelet,247,0.364085
Tight multinomial,Bracelet,248,0.374366
Tight multinomial,Bracelet,249,0.473459
Tight multinomial,Bracelet,250,0.399651
Tight multinomial,Bracelet,251,0.217812
Tight multinomial,Bracelet,252,0.486422
Tight multinomial,Bracelet,253,0.444142
Tight multinomial,Bracelet,254,0.372029
Tight multinomial,Bracelet,255,0.564574
Tight multinomial,Bracelet,256,0.240103
Tight multinomial,Bracelet,257,0.354111
Tight multinomial,Bracelet,258,0.338578
Tight multinomial,Bracelet,259,0.856383
Tight multinomial,Bracelet,260,0.364798
Tight multinomial,Bracelet,261,0.331646
Tight multinomial,Bracelet,262,0.720509
Tight multinomial,Bracelet,263,0.605526
Tight multinomial,Bracelet,264,0.411256
Tight multinomial,Bracelet,265,0.567135
Tight multinomial,Bracelet,266,0.496388
Tight multinomial,Bracelet,267,0.44166299999999997
Tight multinomial,Bracelet,268,0.3438
Tight multinomial,Bracelet,269,0.318574
Tight multinomial,Bracelet,270,0.358854
Tight multinomial,Bracelet,271,0.479537
Tight multinomial,Bracelet,272,0.622895
Tight multinomial,Bracelet,273,0.512809
Tight multinomial,Bracelet,274,0.721832
Tight multinomial,Bracelet,275,0.881683
Tight multinomial,Bracelet,276,0.663457
Tight multinomial,Bracelet,277,0.492646
Tight multinomial,Bracelet,278,0.515245
Tight multinomial,Bracelet,279,0.636988
Tight multinomial,Bracelet,280,0.382718
Tight multinomial,Bracelet,281,0.405056
Tight multinomial,Bracelet,282,0.298881
Tight multinomial,Bracelet,283,0.277478
Tight multinomial,Bracelet,284,0.553312
Tight multinomial,Bracelet,285,0.412711
Tight multinomial,Bracelet,286,0.471204
Tight multinomial,Bracelet,287,0.409197
Tight multinomial,Bracelet,288,0.431344
Tight multinomial,Bracelet,289,0.681495
Tight multinomial,Bracelet,290,0.285641
Tight multinomial,Bracelet,291,0.337231
Tight multinomial,Bracelet,292,0.623851
Tight multinomial,Bracelet,293,0.312034
Tight multinomial,Bracelet,294,0.57163
Tight multinomial,Bracelet,295,0.465231
Tight multinomial,Bracelet,296,0.585545
Tight multinomial,Bracelet,297,0.680525
Tight multinomial,Bracelet,298,0.376208
Tight multinomial,Bracelet,299,0.402705
Tight multinomial,Bracelet,300,0.37648
Tight multinomial,Bracelet,301,0.549719
Tight multinomial,Bracelet,302,0.584196
Tight multinomial,Bracelet,303,0.532551
Tight multinomial,Bracelet,304,0.859615
Tight multinomial,Bracelet,305,0.674859
Tight multinomial,Bracelet,306,0.285847
Tight multinomial,Bracelet,307,0.431641
Tight multinomial,Bracelet,308,0.518685
Tight multinomial,Bracelet,309,0.317283
Tight multinomial,Bracelet,310,0.454795
Tight multinomial,Bracelet,311,0.543098
Tight multinomial,Bracelet,312,0.25631
Tight multinomial,Bracelet,313,0.512179
Tight multinomial,Bracelet,314,0.265832
Tight multinomial,Bracelet,315,0.504123
Tight multinomial,Bracelet,316,0.436952
Tight multinomial,Bracelet,317,0.403242
Tight multinomial,Bracelet,318,0.512025
Tight multinomial,Bracelet,319,0.674447
Tight multinomial,Bracelet,320,0.473908
Tight multinomial,Bracelet,321,0.497875
Tight multinomial,Bracelet,322,0.622697
Tight multinomial,Bracelet,323,0.345584
Tight multinomial,Bracelet,324,0.701092
Tight multinomial,Bracelet,325,0.784428
Tight multinomial,Bracelet,326,0.394984
Tight multinomial,Bracelet,327,0.632888
Tight multinomial,Bracelet,328,0.659548
Tight multinomial,Bracelet,329,0.607478
Tight multinomial,Bracelet,330,0.324334
Tight multinomial,Bracelet,331,0.578305
Tight multinomial,Bracelet,332,0.438869
Tight multinomial,Bracelet,333,0.715864
Tight multinomial,Bracelet,334,0.129635
Tight multinomial,Bracelet,335,0.440703
Tight multinomial,Bracelet,336,0.455061
Tight multinomial,Bracelet,337,0.397228
Tight multinomial,Bracelet,338,0.283282
Tight multinomial,Bracelet,339,0.404723
Tight multinomial,Bracelet,340,0.465279
Tight multinomial,Bracelet,341,0.622096
Tight multinomial,Bracelet,342,0.414001
Tight multinomial,Bracelet,343,0.529121
Tight multinomial,Bracelet,344,0.434219
Tight multinomial,Bracelet,345,0.312825
Tight multinomial,Bracelet,346,0.246695
Tight multinomial,Bracelet,347,0.567531
Tight multinomial,Bracelet,348,0.638975
Tight multinomial,Bracelet,349,0.479359
Tight multinomial,Bracelet,350,0.637087
Tight multinomial,Bracelet,351,0.277949
Tight multinomial,Bracelet,352,0.52008
Tight multinomial,Bracelet,353,0.503485
Tight multinomial,Bracelet,354,0.45072
Tight multinomial,Bracelet,355,0.280158
Tight multinomial,Bracelet,356,0.412931
Tight multinomial,Bracelet,357,0.250102
Tight multinomial,Bracelet,358,0.534274
Tight multinomial,Bracelet,359,0.79807
Tight multinomial,Bracelet,360,0.424285
Tight multinomial,Bracelet,361,0.309216
Tight multinomial,Bracelet,362,0.278057
Tight multinomial,Bracelet,363,0.725817
Tight multinomial,Bracelet,364,0.524286
Tight multinomial,Bracelet,365,0.640526
Tight multinomial,Bracelet,366,0.516448
Tight multinomial,Bracelet,367,0.518379
Tight multinomial,Bracelet,368,0.333169
Tight multinomial,Bracelet,369,0.654652
Tight multinomial,Bracelet,370,0.370468
Tight multinomial,Bracelet,371,0.501088
Tight multinomial,Bracelet,372,0.391675
Tight multinomial,Bracelet,373,0.494715
Tight multinomial,Bracelet,374,0.368497
Tight multinomial,Bracelet,375,0.669298
Tight multinomial,Bracelet,376,0.37855
Tight multinomial,Bracelet,377,0.666358
Tight multinomial,Bracelet,378,0.251558
Tight multinomial,Bracelet,379,0.282128
Tight multinomial,Bracelet,380,0.33475
Tight multinomial,Bracelet,381,0.356554
Tight multinomial,Bracelet,382,0.333276
Tight multinomial,Bracelet,383,0.337
Tight multinomial,Bracelet,384,0.521444
Tight multinomial,Bracelet,385,0.464948
Tight multinomial,Bracelet,386,0.351919
Tight multinomial,Bracelet,387,0.349493
Tight multinomial,Bracelet,388,0.681283
Tight multinomial,Bracelet,389,0.623097
Tight multinomial,Bracelet,390,0.44683
Tight multinomial,Bracelet,391,0.333886
Tight multinomial,Bracelet,392,0.318193
Tight multinomial,Bracelet,393,0.753679
Tight multinomial,Bracelet,394,0.525695
Tight multinomial,Bracelet,395,0.405098
Tight multinomial,Bracelet,396,0.550957
Tight multinomial,Bracelet,397,0.388283
Tight multinomial,Bracelet,398,0.57766
Tight multinomial,Bracelet,399,0.529263
Tight multinomial,Bracelet,400,0.623453
Tight multinomial,Bracelet,401,0.586253
Tight multinomial,Bracelet,402,0.827921
Tight multinomial,Bracelet,403,0.500371
Tight multinomial,Bracelet,404,0.707958
Tight multinomial,Bracelet,405,0.723819
Tight multinomial,Bracelet,406,0.336848
Tight multinomial,Bracelet,407,0.405365
Tight multinomial,Bracelet,408,0.477593
Tight multinomial,Bracelet,409,0.422992
Tight multinomial,Bracelet,410,0.598815
Tight multinomial,Bracelet,411,0.581614
Tight multinomial,Bracelet,412,0.562969
Tight multinomial,Bracelet,413,0.562048
Tight multinomial,Bracelet,414,0.474762
Tight multinomial,Bracelet,415,0.365693
Tight multinomial,Bracelet,416,0.453572
Tight multinomial,Bracelet,417,0.404378
Tight multinomial,Bracelet,418,0.47831
Tight multinomial,Bracelet,419,0.491525
Tight multinomial,Bracelet,420,0.41737
Tight multinomial,Bracelet,421,0.466607
Tight multinomial,Bracelet,422,0.461197
Tight multinomial,Bracelet,423,0.476607
Tight multinomial,Bracelet,424,0.591849
Tight multinomial,Bracelet,425,0.534525
Tight multinomial,Bracelet,426,0.474223
Tight multinomial,Bracelet,427,0.427534
Tight multinomial,Bracelet,428,0.370395
Tight multinomial,Bracelet,429,0.301779
Tight multinomial,Bracelet,430,0.263989
Tight multinomial,Bracelet,431,0.362505
Tight multinomial,Bracelet,432,0.689741
Tight multinomial,Bracelet,433,0.431653
Tight multinomial,Bracelet,434,0.703096
Tight multinomial,Bracelet,435,0.314392
Tight multinomial,Bracelet,436,0.382997
Tight multinomial,Bracelet,437,0.298077
Tight multinomial,Bracelet,438,0.438365
Tight multinomial,Bracelet,439,0.486387
Tight multinomial,Bracelet,440,0.542609
Tight multinomial,Bracelet,441,0.408015
Tight multinomial,Bracelet,442,0.457575
Tight multinomial,Bracelet,443,0.398737
Tight multinomial,Bracelet,444,0.359509
Tight multinomial,Bracelet,445,0.314175
Tight multinomial,Bracelet,446,0.54298
Tight multinomial,Bracelet,447,0.511985
Tight multinomial,Bracelet,448,0.467239
Tight multinomial,Bracelet,449,0.541153
Tight multinomial,Bracelet,450,0.421714
Tight multinomial,Bracelet,451,0.616534
Tight multinomial,Bracelet,452,0.439724
Tight multinomial,Bracelet,453,0.501585
Tight multinomial,Bracelet,454,0.398094
Tight multinomial,Bracelet,455,0.573262
Tight multinomial,Bracelet,456,0.533961
Tight multinomial,Bracelet,457,0.63549
Tight multinomial,Bracelet,458,0.423725
Tight multinomial,Bracelet,459,0.627338
Tight multinomial,Bracelet,460,0.37725
Tight multinomial,Bracelet,461,0.463485
Tight multinomial,Bracelet,462,0.351759
Tight multinomial,Bracelet,463,0.504622
Tight multinomial,Bracelet,464,0.320702
Tight multinomial,Bracelet,465,0.278059
Tight multinomial,Bracelet,466,0.458625
Tight multinomial,Bracelet,467,0.639552
Tight multinomial,Bracelet,468,0.656361
Tight multinomial,Bracelet,469,0.159415
Tight multinomial,Bracelet,470,0.668572
Tight multinomial,Bracelet,471,0.26784
Tight multinomial,Bracelet,472,0.888475
Tight multinomial,Bracelet,473,0.835877
Tight multinomial,Bracelet,474,0.449181
Tight multinomial,Bracelet,475,0.290628
Tight multinomial,Bracelet,476,0.647974
Tight multinomial,Bracelet,477,0.247991
Tight multinomial,Bracelet,478,0.624431
Tight multinomial,Bracelet,479,0.789386
Tight multinomial,Bracelet,480,0.511227
Tight multinomial,Bracelet,481,0.500324
Tight multinomial,Bracelet,482,0.672019
Tight multinomial,Bracelet,483,0.635639
Tight multinomial,Bracelet,484,0.187194
Tight multinomial,Bracelet,485,0.52063
Tight multinomial,Bracelet,486,0.517514
Tight multinomial,Bracelet,487,0.624681
Tight multinomial,Bracelet,488,0.36613
Tight multinomial,Bracelet,489,0.475709
Tight multinomial,Bracelet,490,0.355395
Tight multinomial,Bracelet,491,0.32621
Tight multinomial,Bracelet,492,0.31331
Tight multinomial,Bracelet,493,0.434969
Tight multinomial,Bracelet,494,0.380417
Tight multinomial,Bracelet,495,0.565904
Tight multinomial,Bracelet,496,0.593475
Tight multinomial,Bracelet,497,0.352227
Tight multinomial,Bracelet,498,0.424053
Tight multinomial,Bracelet,499,0.423274
Tight multinomial,Bracelet,500,0.218294
Tight multinomial,Bracelet,501,0.30554
Tight multinomial,Bracelet,502,0.780819
Tight multinomial,Bracelet,503,0.471207
Tight multinomial,Bracelet,504,0.774043
Tight multinomial,Bracelet,505,0.609056
Tight multinomial,Bracelet,506,0.461268
Tight multinomial,Bracelet,507,0.664721
Tight multinomial,Bracelet,508,0.250272
Tight multinomial,Bracelet,509,0.646226
Tight multinomial,Bracelet,510,0.421006
Tight multinomial,Bracelet,511,0.31103
Tight multinomial,Bracelet,512,0.559923
Tight multinomial,Bracelet,513,0.273875
Tight multinomial,Bracelet,514,0.390622
Tight multinomial,Bracelet,515,0.501292
Tight multinomial,Bracelet,516,0.668775
Tight multinomial,Bracelet,517,0.155741
Tight multinomial,Bracelet,518,0.494933
Tight multinomial,Bracelet,519,0.334735
Tight multinomial,Bracelet,520,0.24077
Tight multinomial,Bracelet,521,0.518552
Tight multinomial,Bracelet,522,0.46859
Tight multinomial,Bracelet,523,0.357874
Tight multinomial,Bracelet,524,0.292549
Tight multinomial,Bracelet,525,0.403954
Tight multinomial,Bracelet,526,0.419751
Tight multinomial,Bracelet,527,0.433782
Tight multinomial,Bracelet,528,0.638892
Tight multinomial,Bracelet,529,0.596041
Tight multinomial,Bracelet,530,0.581294
Tight multinomial,Bracelet,531,0.675885
Tight multinomial,Bracelet,532,0.446884
Tight multinomial,Bracelet,533,0.376609
Tight multinomial,Bracelet,534,0.194759
Tight multinomial,Bracelet,535,0.619989
Tight multinomial,Bracelet,536,0.30194
Tight multinomial,Bracelet,537,0.444752
Tight multinomial,Bracelet,538,0.348683
Tight multinomial,Bracelet,539,0.539717
Tight multinomial,Bracelet,540,0.421756
Tight multinomial,Bracelet,541,0.243841
Tight multinomial,Bracelet,542,0.617053
Tight multinomial,Bracelet,543,0.425199
Tight multinomial,Bracelet,544,0.370839
Tight multinomial,Bracelet,545,0.434656
Tight multinomial,Bracelet,546,0.561947
Tight multinomial,Bracelet,547,0.532455
Tight multinomial,Bracelet,548,0.471001
Tight multinomial,Bracelet,549,0.703961
Tight multinomial,Bracelet,550,0.27958
Tight multinomial,Bracelet,551,0.341773
Tight multinomial,Bracelet,552,1.05041
Tight multinomial,Bracelet,553,0.950257
Tight multinomial,Bracelet,554,0.909367
Tight multinomial,Bracelet,555,0.556043
Tight multinomial,Bracelet,556,0.332148
Tight multinomial,Bracelet,557,0.201488
Tight multinomial,Bracelet,558,0.381104
Tight multinomial,Bracelet,559,0.610546
Tight multinomial,Bracelet,560,0.585828
Tight multinomial,Bracelet,561,0.366862
Tight multinomial,Bracelet,562,0.670961
Tight multinomial,Bracelet,563,0.219169
Tight multinomial,Bracelet,564,0.417642
Tight multinomial,Bracelet,565,0.720098
Tight multinomial,Bracelet,566,0.585002
Tight multinomial,Bracelet,567,0.635492
Tight multinomial,Bracelet,568,0.564875
Tight multinomial,Bracelet,569,0.600437
Tight multinomial,Bracelet,570,0.495027
Tight multinomial,Bracelet,571,0.368703
Tight multinomial,Bracelet,572,0.33341
Tight multinomial,Bracelet,573,0.336248
Tight multinomial,Bracelet,574,0.393066
Tight multinomial,Bracelet,575,0.380493
Tight multinomial,Bracelet,576,0.559292
Tight multinomial,Bracelet,577,0.548473
Tight multinomial,Bracelet,578,0.533384
Tight multinomial,Bracelet,579,0.463468
Tight multinomial,Bracelet,580,0.338764
Tight multinomial,Bracelet,581,0.451469
Tight multinomial,Bracelet,582,0.553237
Tight multinomial,Bracelet,583,0.442334
Tight multinomial,Bracelet,584,0.554528
Tight multinomial,Bracelet,585,0.578675
Tight multinomial,Bracelet,586,0.536093
Tight multinomial,Bracelet,587,0.467115
Tight multinomial,Bracelet,588,0.527664
Tight multinomial,Bracelet,589,0.432664
Tight multinomial,Bracelet,590,0.383062
Tight multinomial,Bracelet,591,0.452492
Tight multinomial,Bracelet,592,0.721892
Tight multinomial,Bracelet,593,0.318923
Tight multinomial,Bracelet,594,0.566461
Tight multinomial,Bracelet,595,0.448283
Tight multinomial,Bracelet,596,0.435909
Tight multinomial,Bracelet,597,0.545547
Tight multinomial,Bracelet,598,0.318741
Tight multinomial,Bracelet,599,0.642688
Tight multinomial,Bracelet,600,0.475257
Tight multinomial,Bracelet,601,0.503783
Tight multinomial,Bracelet,602,0.482389
Tight multinomial,Bracelet,603,0.407583
Tight multinomial,Bracelet,604,0.384057
Tight multinomial,Bracelet,605,0.423428
Tight multinomial,Bracelet,606,0.711976
Tight multinomial,Bracelet,607,0.388024
Tight multinomial,Bracelet,608,0.51894
Tight multinomial,Bracelet,609,0.685135
Tight multinomial,Bracelet,610,0.316206
Tight multinomial,Bracelet,611,0.458932
Tight multinomial,Bracelet,612,0.334451
Tight multinomial,Bracelet,613,0.470474
Tight multinomial,Bracelet,614,0.495894
Tight multinomial,Bracelet,615,0.330191
Tight multinomial,Bracelet,616,0.311154
Tight multinomial,Bracelet,617,0.648643
Tight multinomial,Bracelet,618,0.8158
Tight multinomial,Bracelet,619,0.522402
Tight multinomial,Bracelet,620,0.252826
Tight multinomial,Bracelet,621,0.499765
Tight multinomial,Bracelet,622,0.751437
Tight multinomial,Bracelet,623,0.374744
Tight multinomial,Bracelet,624,0.410405
Tight multinomial,Bracelet,625,0.583373
Tight multinomial,Bracelet,626,0.323847
Tight multinomial,Bracelet,627,0.726838
Tight multinomial,Bracelet,628,0.447619
Tight multinomial,Bracelet,629,0.458274
Tight multinomial,Bracelet,630,0.62843
Tight multinomial,Bracelet,631,0.207258
Tight multinomial,Bracelet,632,0.342383
Tight multinomial,Bracelet,633,0.582592
Tight multinomial,Bracelet,634,0.662755
Tight multinomial,Bracelet,635,0.512407
Tight multinomial,Bracelet,636,0.508852
Tight multinomial,Bracelet,637,0.544662
Tight multinomial,Bracelet,638,0.601753
Tight multinomial,Bracelet,639,0.248498
Tight multinomial,Bracelet,640,0.697232
Tight multinomial,Bracelet,641,0.523774
Tight multinomial,Bracelet,642,0.386846
Tight multinomial,Bracelet,643,0.379195
Tight multinomial,Bracelet,644,0.289377
Tight multinomial,Bracelet,645,0.430416
Tight multinomial,Bracelet,646,0.334013
Tight multinomial,Bracelet,647,0.541824
Tight multinomial,Bracelet,648,0.533307
Tight multinomial,Bracelet,649,0.723196
Tight multinomial,Bracelet,650,0.393617
Tight multinomial,Bracelet,651,0.37538
Tight multinomial,Bracelet,652,0.33216
Tight multinomial,Bracelet,653,0.388741
Tight multinomial,Bracelet,654,0.586769
Tight multinomial,Bracelet,655,0.640033
Tight multinomial,Bracelet,656,0.291138
Tight multinomial,Bracelet,657,0.270519
Tight multinomial,Bracelet,658,0.645231
Tight multinomial,Bracelet,659,0.560854
Tight multinomial,Bracelet,660,0.683031
Tight multinomial,Bracelet,661,0.439809
Tight multinomial,Bracelet,662,0.912701
Tight multinomial,Bracelet,663,0.730052
Tight multinomial,Bracelet,664,0.238536
Tight multinomial,Bracelet,665,0.877492
Tight multinomial,Bracelet,666,0.308732
Tight multinomial,Bracelet,667,0.582606
Tight multinomial,Bracelet,668,0.312232
Tight multinomial,Bracelet,669,0.551912
Tight multinomial,Bracelet,670,0.419701
Tight multinomial,Bracelet,671,0.615552
Tight multinomial,Bracelet,672,0.412084
Tight multinomial,Bracelet,673,0.314977
Tight multinomial,Bracelet,674,0.40348
Tight multinomial,Bracelet,675,0.63922
Tight multinomial,Bracelet,676,0.546036
Tight multinomial,Bracelet,677,0.445257
Tight multinomial,Bracelet,678,0.520548
Tight multinomial,Bracelet,679,0.402176
Tight multinomial,Bracelet,680,0.519474
Tight multinomial,Bracelet,681,0.350991
Tight multinomial,Bracelet,682,0.349663
Tight multinomial,Bracelet,683,0.49825
Tight multinomial,Bracelet,684,0.414741
Tight multinomial,Bracelet,685,0.311661
Tight multinomial,Bracelet,686,0.502045
Tight multinomial,Bracelet,687,0.541167
Tight multinomial,Bracelet,688,0.371932
Tight multinomial,Bracelet,689,0.411583
Tight multinomial,Bracelet,690,0.956642
Tight multinomial,Bracelet,691,0.310453
Tight multinomial,Bracelet,692,0.366023
Tight multinomial,Bracelet,693,0.397218
Tight multinomial,Bracelet,694,0.248181
Tight multinomial,Bracelet,695,0.211962
Tight multinomial,Bracelet,696,0.512594
Tight multinomial,Bracelet,697,0.230856
Tight multinomial,Bracelet,698,0.605696
Tight multinomial,Bracelet,699,0.656912
Tight multinomial,Bracelet,700,0.481975
Tight multinomial,Bracelet,701,0.493809
Tight multinomial,Bracelet,702,0.826285
Tight multinomial,Bracelet,703,0.426374
Tight multinomial,Bracelet,704,0.68527
Tight multinomial,Bracelet,705,0.84423
Tight multinomial,Bracelet,706,0.507091
Tight multinomial,Bracelet,707,0.428405
Tight multinomial,Bracelet,708,0.402662
Tight multinomial,Bracelet,709,0.300577
Tight multinomial,Bracelet,710,0.270143
Tight multinomial,Bracelet,711,0.402041
Tight multinomial,Bracelet,712,0.797057
Tight multinomial,Bracelet,713,0.790442
Tight multinomial,Bracelet,714,0.382833
Tight multinomial,Bracelet,715,0.348184
Tight multinomial,Bracelet,716,0.363363
Tight multinomial,Bracelet,717,0.397937
Tight multinomial,Bracelet,718,0.505492
Tight multinomial,Bracelet,719,0.328915
Tight multinomial,Bracelet,720,0.543732
Tight multinomial,Bracelet,721,0.581931
Tight multinomial,Bracelet,722,0.232915
Tight multinomial,Bracelet,723,0.682971
Tight multinomial,Bracelet,724,0.402259
Tight multinomial,Bracelet,725,0.565005
Tight multinomial,Bracelet,726,0.217867
Tight multinomial,Bracelet,727,0.482863
Tight multinomial,Bracelet,728,0.282552
Tight multinomial,Bracelet,729,0.508499
Tight multinomial,Bracelet,730,0.318777
Tight multinomial,Bracelet,731,0.491763
Tight multinomial,Bracelet,732,0.501498
Tight multinomial,Bracelet,733,0.550174
Tight multinomial,Bracelet,734,0.457268
Tight multinomial,Bracelet,735,0.38526
Tight multinomial,Bracelet,736,0.364859
Tight multinomial,Bracelet,737,0.23443
Tight multinomial,Bracelet,738,0.24185
Tight multinomial,Bracelet,739,0.468804
Tight multinomial,Bracelet,740,0.373938
Tight multinomial,Bracelet,741,0.325463
Tight multinomial,Bracelet,742,0.490617
Tight multinomial,Bracelet,743,0.460558
Tight multinomial,Bracelet,744,0.616082
Tight multinomial,Bracelet,745,0.546935
Tight multinomial,Bracelet,746,0.55186
Tight multinomial,Bracelet,747,0.587835
Tight multinomial,Bracelet,748,0.700901
Tight multinomial,Bracelet,749,0.687481
Tight multinomial,Bracelet,750,0.706437
Tight multinomial,Bracelet,751,0.641003
Tight multinomial,Bracelet,752,0.320663
Tight multinomial,Bracelet,753,0.582683
Tight multinomial,Bracelet,754,0.508308
Tight multinomial,Bracelet,755,0.51034
Tight multinomial,Bracelet,756,0.243141
Tight multinomial,Bracelet,757,0.786278
Tight multinomial,Bracelet,758,0.78368
Tight multinomial,Bracelet,759,0.299541
Tight multinomial,Bracelet,760,0.37856
Tight multinomial,Bracelet,761,0.394843
Tight multinomial,Bracelet,762,0.533826
Tight multinomial,Bracelet,763,0.450307
Tight multinomial,Bracelet,764,0.372275
Tight multinomial,Bracelet,765,0.403037
Tight multinomial,Bracelet,766,0.43917
Tight multinomial,Bracelet,767,0.323645
Tight multinomial,Bracelet,768,0.361981
Tight multinomial,Bracelet,769,0.378309
Tight multinomial,Bracelet,770,0.474794
Tight multinomial,Bracelet,771,0.205174
Tight multinomial,Bracelet,772,0.297196
Tight multinomial,Bracelet,773,0.482952
Tight multinomial,Bracelet,774,0.426272
Tight multinomial,Bracelet,775,0.467766
Tight multinomial,Bracelet,776,0.400132
Tight multinomial,Bracelet,777,0.31768
Tight multinomial,Bracelet,778,0.351788
Tight multinomial,Bracelet,779,0.281411
Tight multinomial,Bracelet,780,0.214079
Tight multinomial,Bracelet,781,0.469152
Tight multinomial,Bracelet,782,0.416771
Tight multinomial,Bracelet,783,0.316486
Tight multinomial,Bracelet,784,0.576172
Tight multinomial,Bracelet,785,0.558669
Tight multinomial,Bracelet,786,0.244907
Tight multinomial,Bracelet,787,0.510708
Tight multinomial,Bracelet,788,0.284316
Tight multinomial,Bracelet,789,0.361992
Tight multinomial,Bracelet,790,0.299931
Tight multinomial,Bracelet,791,0.477712
Tight multinomial,Bracelet,792,0.382192
Tight multinomial,Bracelet,793,0.423707
Tight multinomial,Bracelet,794,0.448616
Tight multinomial,Bracelet,795,0.217423
Tight multinomial,Bracelet,796,0.397929
Tight multinomial,Bracelet,797,0.316985
Tight multinomial,Bracelet,798,0.119011
Tight multinomial,Bracelet,799,0.377147
Tight multinomial,Bracelet,800,0.295916
Tight multinomial,Bracelet,801,0.797841
Tight multinomial,Bracelet,802,0.527104
Tight multinomial,Bracelet,803,0.538283
Tight multinomial,Bracelet,804,0.557594
Tight multinomial,Bracelet,805,0.282566
Tight multinomial,Bracelet,806,0.752534
Tight multinomial,Bracelet,807,0.47405
Tight multinomial,Bracelet,808,0.578861
Tight multinomial,Bracelet,809,0.425827
Tight multinomial,Bracelet,810,0.459317
Tight multinomial,Bracelet,811,0.587175
Tight multinomial,Bracelet,812,0.419672
Tight multinomial,Bracelet,813,0.271601
Tight multinomial,Bracelet,814,0.544377
Tight multinomial,Bracelet,815,0.234613
Tight multinomial,Bracelet,816,0.612885
Tight multinomial,Bracelet,817,0.709503
Tight multinomial,Bracelet,818,0.287862
Tight multinomial,Bracelet,819,0.415725
Tight multinomial,Bracelet,820,0.623562
Tight multinomial,Bracelet,821,0.349598
Tight multinomial,Bracelet,822,0.649595
Tight multinomial,Bracelet,823,0.275471
Tight multinomial,Bracelet,824,0.492823
Tight multinomial,Bracelet,825,0.41377
Tight multinomial,Bracelet,826,0.457161
Tight multinomial,Bracelet,827,0.638497
Tight multinomial,Bracelet,828,0.140689
Tight multinomial,Bracelet,829,0.695694
Tight multinomial,Bracelet,830,0.477557
Tight multinomial,Bracelet,831,0.617132
Tight multinomial,Bracelet,832,0.719005
Tight multinomial,Bracelet,833,0.353035
Tight multinomial,Bracelet,834,0.492722
Tight multinomial,Bracelet,835,0.603105
Tight multinomial,Bracelet,836,0.38952
Tight multinomial,Bracelet,837,0.43352
Tight multinomial,Bracelet,838,0.430003
Tight multinomial,Bracelet,839,0.45494
Tight multinomial,Bracelet,840,0.491339
Tight multinomial,Bracelet,841,0.319229
Tight multinomial,Bracelet,842,0.592087
Tight multinomial,Bracelet,843,0.497675
Tight multinomial,Bracelet,844,0.489892
Tight multinomial,Bracelet,845,0.439906
Tight multinomial,Bracelet,846,0.586896
Tight multinomial,Bracelet,847,0.466094
Tight multinomial,Bracelet,848,0.281821
Tight multinomial,Bracelet,849,0.589895
Tight multinomial,Bracelet,850,0.199961
Tight multinomial,Bracelet,851,0.272805
Tight multinomial,Bracelet,852,0.665854
Tight multinomial,Bracelet,853,0.461916
Tight multinomial,Bracelet,854,0.605093
Tight multinomial,Bracelet,855,0.34037
Tight multinomial,Bracelet,856,0.642068
Tight multinomial,Bracelet,857,0.384235
Tight multinomial,Bracelet,858,0.248013
Tight multinomial,Bracelet,859,0.374111
Tight multinomial,Bracelet,860,0.405337
Tight multinomial,Bracelet,861,0.411078
Tight multinomial,Bracelet,862,0.464954
Tight multinomial,Bracelet,863,0.547392
Tight multinomial,Bracelet,864,0.349766
Tight multinomial,Bracelet,865,0.580658
Tight multinomial,Bracelet,866,0.624151
Tight multinomial,Bracelet,867,0.297704
Tight multinomial,Bracelet,868,0.536095
Tight multinomial,Bracelet,869,0.440887
Tight multinomial,Bracelet,870,0.468461
Tight multinomial,Bracelet,871,0.367725
Tight multinomial,Bracelet,872,0.481146
Tight multinomial,Bracelet,873,0.301019
Tight multinomial,Bracelet,874,0.43966
Tight multinomial,Bracelet,875,0.459547
Tight multinomial,Bracelet,876,0.623361
Tight multinomial,Bracelet,877,0.319009
Tight multinomial,Bracelet,878,0.526167
Tight multinomial,Bracelet,879,0.530332
Tight multinomial,Bracelet,880,0.437693
Tight multinomial,Bracelet,881,0.479954
Tight multinomial,Bracelet,882,0.467123
Tight multinomial,Bracelet,883,0.417909
Tight multinomial,Bracelet,884,0.313803
Tight multinomial,Bracelet,885,0.279566
Tight multinomial,Bracelet,886,0.517449
Tight multinomial,Bracelet,887,0.281387
Tight multinomial,Bracelet,888,0.422457
Tight multinomial,Bracelet,889,0.438605
Tight multinomial,Bracelet,890,0.5294
Tight multinomial,Bracelet,891,0.195149
Tight multinomial,Bracelet,892,0.341586
Tight multinomial,Bracelet,893,0.30205
Tight multinomial,Bracelet,894,0.504123
Tight multinomial,Bracelet,895,0.328719
Tight multinomial,Bracelet,896,0.369923
Tight multinomial,Bracelet,897,0.280739
Tight multinomial,Bracelet,898,0.427462
Tight multinomial,Bracelet,899,0.290613
Tight multinomial,Bracelet,900,0.45883
Tight multinomial,Bracelet,901,0.317999
Tight multinomial,Bracelet,902,0.724126
Tight multinomial,Bracelet,903,0.188907
Tight multinomial,Bracelet,904,0.640551
Tight multinomial,Bracelet,905,0.384912
Tight multinomial,Bracelet,906,0.666975
Tight multinomial,Bracelet,907,0.683702
Tight multinomial,Bracelet,908,0.239384
Tight multinomial,Bracelet,909,0.42192
Tight multinomial,Bracelet,910,0.794891
Tight multinomial,Bracelet,911,0.847126
Tight multinomial,Bracelet,912,0.655523
Tight multinomial,Bracelet,913,0.661497
Tight multinomial,Bracelet,914,0.57102
Tight multinomial,Bracelet,915,0.510974
Tight multinomial,Bracelet,916,0.337185
Tight multinomial,Bracelet,917,0.584331
Tight multinomial,Bracelet,918,0.315518
Tight multinomial,Bracelet,919,0.570217
Tight multinomial,Bracelet,920,0.577369
Tight multinomial,Bracelet,921,0.460838
Tight multinomial,Bracelet,922,0.348769
Tight multinomial,Bracelet,923,0.236949
Tight multinomial,Bracelet,924,0.754002
Tight multinomial,Bracelet,925,0.261409
Tight multinomial,Bracelet,926,0.72316
Tight multinomial,Bracelet,927,0.450865
Tight multinomial,Bracelet,928,0.741086
Tight multinomial,Bracelet,929,0.477337
Tight multinomial,Bracelet,930,0.639278
Tight multinomial,Bracelet,931,0.291906
Tight multinomial,Bracelet,932,0.542797
Tight multinomial,Bracelet,933,0.324577
Tight multinomial,Bracelet,934,0.444882
Tight multinomial,Bracelet,935,0.573268
Tight multinomial,Bracelet,936,0.239438
Tight multinomial,Bracelet,937,0.366386
Tight multinomial,Bracelet,938,0.470951
Tight multinomial,Bracelet,939,0.484423
Tight multinomial,Bracelet,940,0.633277
Tight multinomial,Bracelet,941,0.443583
Tight multinomial,Bracelet,942,0.576983
Tight multinomial,Bracelet,943,0.45803
Tight multinomial,Bracelet,944,0.446224
Tight multinomial,Bracelet,945,0.247308
Tight multinomial,Bracelet,946,0.553903
Tight multinomial,Bracelet,947,0.146387
Tight multinomial,Bracelet,948,0.356409
Tight multinomial,Bracelet,949,0.364585
Tight multinomial,Bracelet,950,0.443286
Tight multinomial,Bracelet,951,0.484235
Tight multinomial,Bracelet,952,0.490958
Tight multinomial,Bracelet,953,0.635178
Tight multinomial,Bracelet,954,0.482605
Tight multinomial,Bracelet,955,0.627803
Tight multinomial,Bracelet,956,0.451455
Tight multinomial,Bracelet,957,0.418725
Tight multinomial,Bracelet,958,0.506332
Tight multinomial,Bracelet,959,0.77737
Tight multinomial,Bracelet,960,0.301173
Tight multinomial,Bracelet,961,0.600181
Tight multinomial,Bracelet,962,0.531285
Tight multinomial,Bracelet,963,0.248592
Tight multinomial,Bracelet,964,0.712646
Tight multinomial,Bracelet,965,0.725399
Tight multinomial,Bracelet,966,0.114289
Tight multinomial,Bracelet,967,0.569876
Tight multinomial,Bracelet,968,0.348356
Tight multinomial,Bracelet,969,0.443023
Tight multinomial,Bracelet,970,0.395332
Tight multinomial,Bracelet,971,0.254898
Tight multinomial,Bracelet,972,0.442243
Tight multinomial,Bracelet,973,0.550731
Tight multinomial,Bracelet,974,0.510135
Tight multinomial,Bracelet,975,0.417942
Tight multinomial,Bracelet,976,0.470292
Tight multinomial,Bracelet,977,0.417564
Tight multinomial,Bracelet,978,0.55964
Tight multinomial,Bracelet,979,0.274005
Tight multinomial,Bracelet,980,0.605356
Tight multinomial,Bracelet,981,0.431446
Tight multinomial,Bracelet,982,0.477069
Tight multinomial,Bracelet,983,0.623777
Tight multinomial,Bracelet,984,0.514821
Tight multinomial,Bracelet,985,0.48911
Tight multinomial,Bracelet,986,0.442378
Tight multinomial,Bracelet,987,0.462141
Tight multinomial,Bracelet,988,0.44668
Tight multinomial,Bracelet,989,0.69421
Tight multinomial,Bracelet,990,0.490085
Tight multinomial,Bracelet,991,0.523174
Tight multinomial,Bracelet,992,0.455135
Tight multinomial,Bracelet,993,0.548725
Tight multinomial,Bracelet,994,0.603318
Tight multinomial,Bracelet,995,0.500649
Tight multinomial,Bracelet,996,0.395423
Tight multinomial,Bracelet,997,0.609504
Tight multinomial,Bracelet,998,0.463207
Tight multinomial,Bracelet,999,0.882625
Tight multinomial,Bracelet,1000,0.413093
Tight multinomial,Bracelet,1001,0.594387
Tight multinomial,Bracelet,1002,0.218923
Tight multinomial,Bracelet,1003,0.504725
Tight multinomial,Bracelet,1004,0.596077
Tight multinomial,Bracelet,1005,0.260718
Tight multinomial,Bracelet,1006,0.585156
Tight multinomial,Bracelet,1007,0.278039
Tight multinomial,Bracelet,1008,0.276591
Tight multinomial,Bracelet,1009,0.38608
Tight multinomial,Bracelet,1010,0.398955
Tight multinomial,Bracelet,1011,0.517635
Tight multinomial,Bracelet,1012,0.0355043
Tight multinomial,Bracelet,1013,0.605043
Tight multinomial,Bracelet,1014,0.832961
Tight multinomial,Bracelet,1015,0.889263
Tight multinomial,Bracelet,1016,0.467646
Tight multinomial,Bracelet,1017,0.50577
Tight multinomial,Bracelet,1018,0.396877
Tight multinomial,Bracelet,1019,0.504934
Tight multinomial,Bracelet,1020,0.215957
Tight multinomial,Bracelet,1021,0.272092
Tight multinomial,Bracelet,1022,0.342154
Tight multinomial,Bracelet,1023,0.56282
Tight multinomial,Bracelet,1024,0.349103
Tight multinomial,Bracelet,1025,0.463184
Tight multinomial,Bracelet,1026,0.439584
Tight multinomial,Bracelet,1027,0.641593
Tight multinomial,Bracelet,1028,0.36875
Tight multinomial,Bracelet,1029,0.442368
Tight multinomial,Bracelet,1030,0.574405
Tight multinomial,Bracelet,1031,0.285926
Tight multinomial,Bracelet,1032,0.515416
Tight multinomial,Bracelet,1033,0.616863
Tight multinomial,Bracelet,1034,0.438906
Tight multinomial,Bracelet,1035,0.847166
Tight multinomial,Bracelet,1036,0.669292
Tight multinomial,Bracelet,1037,0.520316
Tight multinomial,Bracelet,1038,0.27572
Tight multinomial,Bracelet,1039,0.584986
Tight multinomial,Bracelet,1040,0.587003
Tight multinomial,Bracelet,1041,0.395621
Tight multinomial,Bracelet,1042,0.364115
Tight multinomial,Bracelet,1043,0.306174
Tight multinomial,Bracelet,1044,0.366081
Tight multinomial,Bracelet,1045,0.564117
Tight multinomial,Bracelet,1046,0.517622
Tight multinomial,Bracelet,1047,0.709007
Tight multinomial,Bracelet,1048,0.276252
Tight multinomial,Bracelet,1049,0.622214
Tight multinomial,Bracelet,1050,0.496623
Tight multinomial,Bracelet,1051,0.465373
Tight multinomial,Bracelet,1052,0.654093
Tight multinomial,Bracelet,1053,0.208675
Tight multinomial,Bracelet,1054,0.733172
Tight multinomial,Bracelet,1055,0.573076
Tight multinomial,Bracelet,1056,0.717582
Tight multinomial,Bracelet,1057,0.290402
Tight multinomial,Bracelet,1058,0.414988
Tight multinomial,Bracelet,1059,0.4737
Tight multinomial,Bracelet,1060,0.4536
Tight multinomial,Bracelet,1061,0.324457
Tight multinomial,Bracelet,1062,0.330429
Tight multinomial,Bracelet,1063,0.70152
Tight multinomial,Bracelet,1064,0.358277
Tight multinomial,Bracelet,1065,0.456953
Tight multinomial,Bracelet,1066,0.356079
Tight multinomial,Bracelet,1067,0.14923
Tight multinomial,Bracelet,1068,0.477974
Tight multinomial,Bracelet,1069,0.486717
Tight multinomial,Bracelet,1070,0.543154
Tight multinomial,Bracelet,1071,0.657548
Tight multinomial,Bracelet,1072,0.343475
Tight multinomial,Bracelet,1073,0.393687
Tight multinomial,Bracelet,1074,0.312072
Tight multinomial,Bracelet,1075,0.765903
Tight multinomial,Bracelet,1076,0.461121
Tight multinomial,Bracelet,1077,0.710123
Tight multinomial,Bracelet,1078,0.329944
Tight multinomial,Bracelet,1079,0.247713
Tight multinomial,Bracelet,1080,0.597544
Tight multinomial,Bracelet,1081,0.630789
Tight multinomial,Bracelet,1082,0.697369
Tight multinomial,Bracelet,1083,0.342994
Tight multinomial,Bracelet,1084,0.852341
Tight multinomial,Bracelet,1085,0.314031
Tight multinomial,Bracelet,1086,0.380486
Tight multinomial,Bracelet,1087,0.281589
Tight multinomial,Bracelet,1088,0.475571
Tight multinomial,Bracelet,1089,0.491384
Tight multinomial,Bracelet,1090,0.433167
Tight multinomial,Bracelet,1091,0.321883
Tight multinomial,Bracelet,1092,0.55019
Tight multinomial,Bracelet,1093,0.246793
Tight multinomial,Bracelet,1094,0.25061
Tight multinomial,Bracelet,1095,0.621042
Tight multinomial,Bracelet,1096,0.581629
Tight multinomial,Bracelet,1097,0.575886
Tight multinomial,Bracelet,1098,0.357022
Tight multinomial,Bracelet,1099,0.394015
Tight multinomial,Bracelet,1100,0.495478
Tight multinomial,Bracelet,1101,0.50369
Tight multinomial,Bracelet,1102,0.354166
Tight multinomial,Bracelet,1103,0.33832
Tight multinomial,Bracelet,1104,0.256887
Tight multinomial,Bracelet,1105,0.227834
Tight multinomial,Bracelet,1106,0.321985
Tight multinomial,Bracelet,1107,0.366817
Tight multinomial,Bracelet,1108,0.493861
Tight multinomial,Bracelet,1109,0.451634
Tight multinomial,Bracelet,1110,0.513023
Tight multinomial,Bracelet,1111,0.377598
Tight multinomial,Bracelet,1112,0.496724
Tight multinomial,Bracelet,1113,0.707518
Tight multinomial,Bracelet,1114,0.333695
Tight multinomial,Bracelet,1115,0.643262
Tight multinomial,Bracelet,1116,0.368242
Tight multinomial,Bracelet,1117,0.689743
Tight multinomial,Bracelet,1118,0.380951
Tight multinomial,Bracelet,1119,0.246016
Tight multinomial,Bracelet,1120,0.220281
Tight multinomial,Bracelet,1121,0.62255
Tight multinomial,Bracelet,1122,0.394539
Tight multinomial,Bracelet,1123,0.237611
Tight multinomial,Bracelet,1124,0.401205
Tight multinomial,Bracelet,1125,0.381276
Tight multinomial,Bracelet,1126,0.312052
Tight multinomial,Bracelet,1127,0.507709
Tight multinomial,Bracelet,1128,0.507733
Tight multinomial,Bracelet,1129,0.455107
Tight multinomial,Bracelet,1130,0.444875
Tight multinomial,Bracelet,1131,0.4518
Tight multinomial,Bracelet,1132,0.615462
Tight multinomial,Bracelet,1133,0.510455
Tight multinomial,Bracelet,1134,0.506239
Tight multinomial,Bracelet,1135,0.636918
Tight multinomial,Bracelet,1136,0.343621
Tight multinomial,Bracelet,1137,0.561779
Tight multinomial,Bracelet,1138,0.497266
Tight multinomial,Bracelet,1139,0.757342
Tight multinomial,Bracelet,1140,0.519643
Tight multinomial,Bracelet,1141,0.326991
Tight multinomial,Bracelet,1142,0.548319
Tight multinomial,Bracelet,1143,0.44278
Tight multinomial,Bracelet,1144,0.495156
Tight multinomial,Bracelet,1145,0.22297
Tight multinomial,Bracelet,1146,0.42644
Tight multinomial,Bracelet,1147,0.580496
Tight multinomial,Bracelet,1148,0.471864
Tight multinomial,Bracelet,1149,0.446851
Tight multinomial,Bracelet,1150,0.403171
Tight multinomial,Bracelet,1151,0.662385
Tight multinomial,Bracelet,1152,0.64377
Tight multinomial,Bracelet,1153,0.370036
Tight multinomial,Bracelet,1154,0.689197
Tight multinomial,Bracelet,1155,0.648465
Tight multinomial,Bracelet,1156,0.555544
Tight multinomial,Bracelet,1157,0.354836
Tight multinomial,Bracelet,1158,0.102745
Tight multinomial,Bracelet,1159,0.495404
Tight multinomial,Bracelet,1160,0.577871
Tight multinomial,Bracelet,1161,0.566017
Tight multinomial,Bracelet,1162,0.615224
Tight multinomial,Bracelet,1163,0.284322
Tight multinomial,Bracelet,1164,0.717976
Tight multinomial,Bracelet,1165,0.621056
Tight multinomial,Bracelet,1166,0.456417
Tight multinomial,Bracelet,1167,0.299354
Tight multinomial,Bracelet,1168,0.580423
Tight multinomial,Bracelet,1169,0.458259
Tight multinomial,Bracelet,1170,0.150253
Tight multinomial,Bracelet,1171,0.723027
Tight multinomial,Bracelet,1172,0.381308
Tight multinomial,Bracelet,1173,0.533982
Tight multinomial,Bracelet,1174,0.426102
Tight multinomial,Bracelet,1175,0.529857
Tight multinomial,Bracelet,1176,0.408869
Tight multinomial,Bracelet,1177,0.61336
Tight multinomial,Bracelet,1178,0.363497
Tight multinomial,Bracelet,1179,0.516823
Tight multinomial,Bracelet,1180,0.180632
Tight multinomial,Bracelet,1181,0.579218
Tight multinomial,Bracelet,1182,0.478506
Tight multinomial,Bracelet,1183,0.383162
Tight multinomial,Bracelet,1184,0.32276
Tight multinomial,Bracelet,1185,0.645651
Tight multinomial,Bracelet,1186,0.354967
Tight multinomial,Bracelet,1187,0.458653
Tight multinomial,Bracelet,1188,0.294588
Tight multinomial,Bracelet,1189,0.336828
Tight multinomial,Bracelet,1190,0.289759
Tight multinomial,Bracelet,1191,0.485706
Tight multinomial,Bracelet,1192,0.422946
Tight multinomial,Bracelet,1193,0.418793
Tight multinomial,Bracelet,1194,0.392567
Tight multinomial,Bracelet,1195,0.225689
Tight multinomial,Bracelet,1196,0.39133
Tight multinomial,Bracelet,1197,0.62411
Tight multinomial,Bracelet,1198,0.516542
Tight multinomial,Bracelet,1199,0.321961
Tight multinomial,Bracelet,1200,0.4358
Tight multinomial,Bracelet,1201,0.371466
Tight multinomial,Bracelet,1202,0.331499
Tight multinomial,Bracelet,1203,0.415061
Tight multinomial,Bracelet,1204,0.484022
Tight multinomial,Bracelet,1205,0.594391
Tight multinomial,Bracelet,1206,0.695227
Tight multinomial,Bracelet,1207,0.375053
Tight multinomial,Bracelet,1208,0.406265
Tight multinomial,Bracelet,1209,0.351379
Tight multinomial,Bracelet,1210,0.329906
Tight multinomial,Bracelet,1211,0.437456
Tight multinomial,Bracelet,1212,0.421022
Tight multinomial,Bracelet,1213,0.445539
Tight multinomial,Bracelet,1214,0.60066
Tight multinomial,Bracelet,1215,0.689528
Tight multinomial,Bracelet,1216,0.273917
Tight multinomial,Bracelet,1217,0.402395
Tight multinomial,Bracelet,1218,0.458553
Tight multinomial,Bracelet,1219,0.666405
Tight multinomial,Bracelet,1220,0.435663
Tight multinomial,Bracelet,1221,0.344348
Tight multinomial,Bracelet,1222,0.563242
Tight multinomial,Bracelet,1223,0.297226
Tight multinomial,Bracelet,1224,0.433748
Tight multinomial,Bracelet,1225,0.432687
Tight multinomial,Bracelet,1226,0.608009
Tight multinomial,Bracelet,1227,0.572754
Tight multinomial,Bracelet,1228,0.225854
Tight multinomial,Bracelet,1229,0.591541
Tight multinomial,Bracelet,1230,0.445058
Tight multinomial,Bracelet,1231,0.401281
Tight multinomial,Bracelet,1232,0.09627
Tight multinomial,Bracelet,1233,0.541976
Tight multinomial,Bracelet,1234,0.678007
Tight multinomial,Bracelet,1235,0.382844
Tight multinomial,Bracelet,1236,0.477156
Tight multinomial,Bracelet,1237,0.401124
Tight multinomial,Bracelet,1238,0.749616
Tight multinomial,Bracelet,1239,0.395491
Tight multinomial,Bracelet,1240,0.614161
Tight multinomial,Bracelet,1241,0.69924
Tight multinomial,Bracelet,1242,0.493879
Tight multinomial,Bracelet,1243,0.336467
Tight multinomial,Bracelet,1244,0.581358
Tight multinomial,Bracelet,1245,0.446392
Tight multinomial,Bracelet,1246,0.589985
Tight multinomial,Bracelet,1247,0.686836
Tight multinomial,Bracelet,1248,0.389386
Tight multinomial,Bracelet,1249,0.653703
Tight multinomial,Bracelet,1250,0.349537
Tight multinomial,Bracelet,1251,0.637065
Tight multinomial,Bracelet,1252,0.428837
Tight multinomial,Bracelet,1253,0.668425
Tight multinomial,Bracelet,1254,0.226695
Tight multinomial,Bracelet,1255,0.421635
Tight multinomial,Bracelet,1256,0.566264
Tight multinomial,Bracelet,1257,0.557423
Tight multinomial,Bracelet,1258,0.540377
Tight multinomial,Bracelet,1259,0.391053
Tight multinomial,Bracelet,1260,0.321684
Tight multinomial,Bracelet,1261,0.343742
Tight multinomial,Bracelet,1262,0.547851
Tight multinomial,Bracelet,1263,0.210267
Tight multinomial,Bracelet,1264,0.617516
Tight multinomial,Bracelet,1265,0.37991
Tight multinomial,Bracelet,1266,0.542779
Tight multinomial,Bracelet,1267,0.58976
Tight multinomial,Bracelet,1268,0.294407
Tight multinomial,Bracelet,1269,0.395714
Tight multinomial,Bracelet,1270,0.258761
Tight multinomial,Bracelet,1271,0.309217
Tight multinomial,Bracelet,1272,0.184011
Tight multinomial,Bracelet,1273,0.413614
Tight multinomial,Bracelet,1274,0.273604
Tight multinomial,Bracelet,1275,0.707051
Tight multinomial,Bracelet,1276,0.503277
Tight multinomial,Bracelet,1277,0.51318
Tight multinomial,Bracelet,1278,0.514724
Tight multinomial,Bracelet,1279,0.458716
Tight multinomial,Bracelet,1280,0.155166
Tight multinomial,Bracelet,1281,0.611352
Tight multinomial,Bracelet,1282,0.740614
Tight multinomial,Bracelet,1283,0.397546
Tight multinomial,Bracelet,1284,0.248297
Tight multinomial,Bracelet,1285,0.69324
Tight multinomial,Bracelet,1286,0.83439700000000006
Tight multinomial,Bracelet,1287,0.542399
Tight multinomial,Bracelet,1288,0.479964
Tight multinomial,Bracelet,1289,0.677014
Tight multinomial,Bracelet,1290,0.332464
Tight multinomial,Bracelet,1291,0.267395
Tight multinomial,Bracelet,1292,0.413384
Tight multinomial,Bracelet,1293,0.488248
Tight multinomial,Bracelet,1294,0.601153
Tight multinomial,Bracelet,1295,0.51290500000000006
Tight multinomial,Bracelet,1296,0.547681
Tight multinomial,Bracelet,1297,0.260121
Tight multinomial,Bracelet,1298,0.379592
Tight multinomial,Bracelet,1299,0.422293
Tight multinomial,Bracelet,1300,0.500009
Tight multinomial,Bracelet,1301,0.34267
Tight multinomial,Bracelet,1302,0.401921
Tight multinomial,Bracelet,1303,0.244195
Tight multinomial,Bracelet,1304,0.681461
Tight multinomial,Bracelet,1305,0.639731
Tight multinomial,Bracelet,1306,0.591789
Tight multinomial,Bracelet,1307,0.400533
Tight multinomial,Bracelet,1308,0.611026
Tight multinomial,Bracelet,1309,0.614766
Tight multinomial,Bracelet,1310,0.316429
Tight multinomial,Bracelet,1311,0.524691
Tight multinomial,Bracelet,1312,0.455357
Tight multinomial,Bracelet,1313,0.455532
Tight multinomial,Bracelet,1314,0.509724
Tight multinomial,Bracelet,1315,0.272255
Tight multinomial,Bracelet,1316,0.360482
Tight multinomial,Bracelet,1317,0.435665
Tight multinomial,Bracelet,1318,0.635078
Tight multinomial,Bracelet,1319,0.397513
Tight multinomial,Bracelet,1320,0.328521
Tight multinomial,Bracelet,1321,0.618503
Tight multinomial,Bracelet,1322,0.615146
Tight multinomial,Bracelet,1323,0.222224
Tight multinomial,Bracelet,1324,0.429533
Tight multinomial,Bracelet,1325,0.454148
Tight multinomial,Bracelet,1326,0.309879
Tight multinomial,Bracelet,1327,0.615444
Tight multinomial,Bracelet,1328,0.42597
Tight multinomial,Bracelet,1329,0.812459
Tight multinomial,Bracelet,1330,0.815375
Tight multinomial,Bracelet,1331,0.41749000000000003
Tight multinomial,Bracelet,1332,0.405081
Tight multinomial,Bracelet,1333,0.520132
Tight multinomial,Bracelet,1334,0.738877
Tight multinomial,Bracelet,1335,0.199345
Tight multinomial,Bracelet,1336,0.524906
Tight multinomial,Bracelet,1337,0.638704
Tight multinomial,Bracelet,1338,0.497641
Tight multinomial,Bracelet,1339,0.62788
Tight multinomial,Bracelet,1340,0.473095
Tight multinomial,Bracelet,1341,0.380498
Tight multinomial,Bracelet,1342,0.434805
Tight multinomial,Bracelet,1343,0.508961
Tight multinomial,Bracelet,1344,0.535567
Tight multinomial,Bracelet,1345,0.201143
Tight multinomial,Bracelet,1346,0.351963
Tight multinomial,Bracelet,1347,0.287943
Tight multinomial,Bracelet,1348,0.437965
Tight multinomial,Bracelet,1349,0.458903
Tight multinomial,Bracelet,1350,0.476734
Tight multinomial,Bracelet,1351,0.503018
Tight multinomial,Bracelet,1352,0.443084
Tight multinomial,Bracelet,1353,0.434013
Tight multinomial,Bracelet,1354,0.489104
Tight multinomial,Bracelet,1355,0.542078
Tight multinomial,Bracelet,1356,0.435558
Tight multinomial,Bracelet,1357,0.508313
Tight multinomial,Bracelet,1358,0.485543
Tight multinomial,Bracelet,1359,0.532481
Tight multinomial,Bracelet,1360,0.647186
Tight multinomial,Bracelet,1361,0.250773
Tight multinomial,Bracelet,1362,0.694889
Tight multinomial,Bracelet,1363,0.274269
Tight multinomial,Bracelet,1364,0.410811
Tight multinomial,Bracelet,1365,0.398209
Tight multinomial,Bracelet,1366,0.350318
Tight multinomial,Bracelet,1367,0.469278
Tight multinomial,Bracelet,1368,0.825013
Tight multinomial,Bracelet,1369,0.517752
Tight multinomial,Bracelet,1370,0.245933
Tight multinomial,Bracelet,1371,0.374317
Tight multinomial,Bracelet,1372,0.42284
Tight multinomial,Bracelet,1373,0.42889
Tight multinomial,Bracelet,1374,0.543307
Tight multinomial,Bracelet,1375,0.498809
Tight multinomial,Bracelet,1376,0.325495
Tight multinomial,Bracelet,1377,0.52853000000000006
Tight multinomial,Bracelet,1378,0.425486
Tight multinomial,Bracelet,1379,0.545523
Tight multinomial,Bracelet,1380,0.526883
Tight multinomial,Bracelet,1381,0.587949
Tight multinomial,Bracelet,1382,0.485691
Tight multinomial,Bracelet,1383,0.559356
Tight multinomial,Bracelet,1384,0.399129
Tight multinomial,Bracelet,1385,0.301886
Tight multinomial,Bracelet,1386,0.634727
Tight multinomial,Bracelet,1387,0.352318
Tight multinomial,Bracelet,1388,0.473083
Tight multinomial,Bracelet,1389,0.220146
Tight multinomial,Bracelet,1390,0.179742
Tight multinomial,Bracelet,1391,0.4532
Tight multinomial,Bracelet,1392,0.428639
Tight multinomial,Bracelet,1393,0.624601
Tight multinomial,Bracelet,1394,0.537348
Tight multinomial,Bracelet,1395,0.394061
Tight multinomial,Bracelet,1396,0.512575
Tight multinomial,Bracelet,1397,0.320453
Tight multinomial,Bracelet,1398,0.521461
Tight multinomial,Bracelet,1399,0.382234
Tight multinomial,Bracelet,1400,0.595695
Tight multinomial,Bracelet,1401,0.106291
Tight multinomial,Bracelet,1402,0.438921
Tight multinomial,Bracelet,1403,0.479733
Tight multinomial,Bracelet,1404,0.403825
Tight multinomial,Bracelet,1405,0.380089
Tight multinomial,Bracelet,1406,0.563164
Tight multinomial,Bracelet,1407,0.213705
Tight multinomial,Bracelet,1408,0.297089
Tight multinomial,Bracelet,1409,0.397738
Tight multinomial,Bracelet,1410,0.312642
Tight multinomial,Bracelet,1411,0.658772
Tight multinomial,Bracelet,1412,0.556015
Tight multinomial,Bracelet,1413,0.596311
Tight multinomial,Bracelet,1414,0.763446
Tight multinomial,Bracelet,1415,0.616039
Tight multinomial,Bracelet,1416,0.465934
Tight multinomial,Bracelet,1417,0.31069
Tight multinomial,Bracelet,1418,0.60987
Tight multinomial,Bracelet,1419,0.689826
Tight multinomial,Bracelet,1420,0.659317
Tight multinomial,Bracelet,1421,0.523453
Tight multinomial,Bracelet,1422,0.401127
Tight multinomial,Bracelet,1423,0.749472
Tight multinomial,Bracelet,1424,0.282732
Tight multinomial,Bracelet,1425,0.496957
Tight multinomial,Bracelet,1426,0.561565
Tight multinomial,Bracelet,1427,0.478613
Tight multinomial,Bracelet,1428,0.491678
Tight multinomial,Bracelet,1429,0.32401
Tight multinomial,Bracelet,1430,0.468124
Tight multinomial,Bracelet,1431,0.359357
Tight multinomial,Bracelet,1432,0.581654
Tight multinomial,Bracelet,1433,0.383315
Tight multinomial,Bracelet,1434,0.390938
Tight multinomial,Bracelet,1435,0.327218
Tight multinomial,Bracelet,1436,0.472224
Tight multinomial,Bracelet,1437,0.559486
Tight multinomial,Bracelet,1438,0.429855
Tight multinomial,Bracelet,1439,0.2405
Tight multinomial,Bracelet,1440,0.47874
Tight multinomial,Bracelet,1441,0.773193
Tight multinomial,Bracelet,1442,0.504844
Tight multinomial,Bracelet,1443,0.62892
Tight multinomial,Bracelet,1444,0.636378
Tight multinomial,Bracelet,1445,0.697033
Tight multinomial,Bracelet,1446,0.585884
Tight multinomial,Bracelet,1447,0.348752
Tight multinomial,Bracelet,1448,0.367037
Tight multinomial,Bracelet,1449,0.592868
Tight multinomial,Bracelet,1450,0.623541
Tight multinomial,Bracelet,1451,0.249552
Tight multinomial,Bracelet,1452,0.273655
Tight multinomial,Bracelet,1453,0.357447
Tight multinomial,Bracelet,1454,0.256485
Tight multinomial,Bracelet,1455,0.759378
Tight multinomial,Bracelet,1456,0.357676
Tight multinomial,Bracelet,1457,0.519923
Tight multinomial,Bracelet,1458,0.633083
Tight multinomial,Bracelet,1459,0.774702
Tight multinomial,Bracelet,1460,0.655692
Tight multinomial,Bracelet,1461,0.551861
Tight multinomial,Bracelet,1462,0.344272
Tight multinomial,Bracelet,1463,0.429752
Tight multinomial,Bracelet,1464,0.457956
Tight multinomial,Bracelet,1465,0.681573
Tight multinomial,Bracelet,1466,0.364354
Tight multinomial,Bracelet,1467,0.44122
Tight multinomial,Bracelet,1468,0.443678
Tight multinomial,Bracelet,1469,0.322212
Tight multinomial,Bracelet,1470,0.404337
Tight multinomial,Bracelet,1471,0.412639
Tight multinomial,Bracelet,1472,0.445693
Tight multinomial,Bracelet,1473,0.48376
Tight multinomial,Bracelet,1474,0.459897
Tight multinomial,Bracelet,1475,0.696965
Tight multinomial,Bracelet,1476,0.57131
Tight multinomial,Bracelet,1477,0.555034
Tight multinomial,Bracelet,1478,0.706575
Tight multinomial,Bracelet,1479,0.38114
Tight multinomial,Bracelet,1480,0.622555
Tight multinomial,Bracelet,1481,0.743853
Tight multinomial,Bracelet,1482,0.440924
Tight multinomial,Bracelet,1483,0.389167
Tight multinomial,Bracelet,1484,0.153113
Tight multinomial,Bracelet,1485,0.590296
Tight multinomial,Bracelet,1486,0.401686
Tight multinomial,Bracelet,1487,0.648858
Tight multinomial,Bracelet,1488,0.342833
Tight multinomial,Bracelet,1489,0.636954
Tight multinomial,Bracelet,1490,0.731993
Tight multinomial,Bracelet,1491,0.740323
Tight multinomial,Bracelet,1492,0.454175
Tight multinomial,Bracelet,1493,0.537035
Tight multinomial,Bracelet,1494,0.596273
Tight multinomial,Bracelet,1495,0.675705
Tight multinomial,Bracelet,1496,0.526785
Tight multinomial,Bracelet,1497,0.701565
Tight multinomial,Bracelet,1498,0.519196
Tight multinomial,Bracelet,1499,0.25661
Tight multinomial,Bracelet,1500,0.702007
Tight multinomial,Bracelet,1501,0.970342
Tight multinomial,Bracelet,1502,0.576827
Tight multinomial,Bracelet,1503,0.976584
Tight multinomial,Bracelet,1504,0.985284
Tight multinomial,Bracelet,1505,0.980349
Tight multinomial,Bracelet,1506,0.983638
Tight multinomial,Bracelet,1507,0.532129
Tight multinomial,Bracelet,1508,0.518055
Tight multinomial,Bracelet,1509,0.482623
Tight multinomial,Bracelet,1510,0.390094
Tight multinomial,Bracelet,1511,0.608054
Tight multinomial,Bracelet,1512,0.337309
Tight multinomial,Bracelet,1513,0.432455
Tight multinomial,Bracelet,1514,0.494964
Tight multinomial,Bracelet,1515,0.637104
Tight multinomial,Bracelet,1516,0.348239
Tight multinomial,Bracelet,1517,0.380097
Tight multinomial,Bracelet,1518,0.267788
Tight multinomial,Bracelet,1519,0.486943
Tight multinomial,Bracelet,1520,0.364911
Tight multinomial,Bracelet,1521,0.682341
Tight multinomial,Bracelet,1522,0.549442
Tight multinomial,Bracelet,1523,0.559468
Tight multinomial,Bracelet,1524,0.330958
Tight multinomial,Bracelet,1525,0.49943
Tight multinomial,Bracelet,1526,0.411814
Tight multinomial,Bracelet,1527,0.655731
Tight multinomial,Bracelet,1528,0.48373
Tight multinomial,Bracelet,1529,0.622928
Tight multinomial,Bracelet,1530,0.52688
Tight multinomial,Bracelet,1531,0.299482
Tight multinomial,Bracelet,1532,0.716407
Tight multinomial,Bracelet,1533,0.505679
Tight multinomial,Bracelet,1534,0.308673
Tight multinomial,Bracelet,1535,0.347805
Tight multinomial,Bracelet,1536,0.698022
Tight multinomial,Bracelet,1537,0.357192
Tight multinomial,Bracelet,1538,0.395318
Tight multinomial,Bracelet,1539,0.596224
Tight multinomial,Bracelet,1540,0.658077
Tight multinomial,Bracelet,1541,0.185483
Tight multinomial,Bracelet,1542,0.491841
Tight multinomial,Bracelet,1543,0.405611
Tight multinomial,Bracelet,1544,0.50945
Tight multinomial,Bracelet,1545,0.435413
Tight multinomial,Bracelet,1546,0.61134
Tight multinomial,Bracelet,1547,0.569079
Tight multinomial,Bracelet,1548,0.521288
Tight multinomial,Bracelet,1549,0.496752
Tight multinomial,Bracelet,1550,0.254072
Tight multinomial,Bracelet,1551,0.596102
Tight multinomial,Bracelet,1552,0.524189
Tight multinomial,Bracelet,1553,0.432225
Tight multinomial,Bracelet,1554,0.565125
Tight multinomial,Bracelet,1555,0.310325
Tight multinomial,Bracelet,1556,0.226238
Tight multinomial,Bracelet,1557,0.314162
Tight multinomial,Bracelet,1558,0.151811
Tight multinomial,Bracelet,1559,0.231487
Tight multinomial,Bracelet,1560,0.310867
Tight multinomial,Bracelet,1561,0.440875
Tight multinomial,Bracelet,1562,0.234087
Tight multinomial,Bracelet,1563,0.590906
Tight multinomial,Bracelet,1564,0.540793
Tight multinomial,Bracelet,1565,0.357123
Tight multinomial,Bracelet,1566,0.396199
Tight multinomial,Bracelet,1567,0.63515
Tight multinomial,Bracelet,1568,0.308277
Tight multinomial,Bracelet,1569,0.846583
Tight multinomial,Bracelet,1570,0.524634
Tight multinomial,Bracelet,1571,0.45154
Tight multinomial,Bracelet,1572,0.522366
Tight multinomial,Bracelet,1573,0.492177
Tight multinomial,Bracelet,1574,0.38679
Tight multinomial,Bracelet,1575,0.230782
Tight multinomial,Bracelet,1576,0.772878
Tight multinomial,Bracelet,1577,0.706747
Tight multinomial,Bracelet,1578,0.334965
Tight multinomial,Bracelet,1579,0.472047
Tight multinomial,Bracelet,1580,0.299875
Tight multinomial,Bracelet,1581,0.432919
Tight multinomial,Bracelet,1582,0.372738
Tight multinomial,Bracelet,1583,0.454693
Tight multinomial,Bracelet,1584,0.667466
Tight multinomial,Bracelet,1585,0.39239
Tight multinomial,Bracelet,1586,0.616925
Tight multinomial,Bracelet,1587,0.48708
Tight multinomial,Bracelet,1588,0.40553
Tight multinomial,Bracelet,1589,0.538179
Tight multinomial,Bracelet,1590,0.661455
Tight multinomial,Bracelet,1591,0.376214
Tight multinomial,Bracelet,1592,0.429389
Tight multinomial,Bracelet,1593,0.282935
Tight multinomial,Bracelet,1594,0.503379
Tight multinomial,Bracelet,1595,0.211023
Tight multinomial,Bracelet,1596,0.581153
Tight multinomial,Bracelet,1597,0.477889
Tight multinomial,Bracelet,1598,0.301005
Tight multinomial,Bracelet,1599,0.295003
Tight multinomial,Bracelet,1600,0.432872
