specification,treatment,draw,multiplier
Tight multinomial,Control,1,1.0091
Tight multinomial,Control,2,1.04156
Tight multinomial,Control,3,0.980946
Tight multinomial,Control,4,1.06387
Tight multinomial,Control,5,0.909891
Tight multinomial,Control,6,0.942803
Tight multinomial,Control,7,1.11003
Tight multinomial,Control,8,0.92924
Tight multinomial,Control,9,1.09842
Tight multinomial,Control,10,1.14801
Tight multinomial,Control,11,1.06944
Tight multinomial,Control,12,1.04441
Tight multinomial,Control,13,1.11664
Tight multinomial,Control,14,0.954787
Tight multinomial,Control,15,1.12667
Tight multinomial,Control,16,1.01144
Tight multinomial,Control,17,1.12609
Tight multinomial,Control,18,1.14538
Tight multinomial,Control,19,0.970134
Tight multinomial,Control,20,1.10994
Tight multinomial,Control,21,1.11971
Tight multinomial,Control,22,0.992605
Tight multinomial,Control,23,1.02451
Tight multinomial,Control,24,1.06175
Tight multinomial,Control,25,0.997608
Tight multinomial,Control,26,1.21481
Tight multinomial,Control,27,0.9864
Tight multinomial,Control,28,1.23785
Tight multinomial,Control,29,0.845455
Tight multinomial,Control,30,1.00925
Tight multinomial,Control,31,1.01882
Tight multinomial,Control,32,1.01899
Tight multinomial,Control,33,1.14703
Tight multinomial,Control,34,0.881375
Tight multinomial,Control,35,1.01375
Tight multinomial,Control,36,0.926873
Tight multinomial,Control,37,0.977097
Tight multinomial,Control,38,1.06245
Tight multinomial,Control,39,1.08873
Tight multinomial,Control,40,1.21607
Tight multinomial,Control,41,1.35255
Tight multinomial,Control,42,1.02847
Tight multinomial,Control,43,1.09908
Tight multinomial,Control,44,0.945991
Tight multinomial,Control,45,1.01174
Tight multinomial,Control,46,1.07118
Tight multinomial,Control,47,1.36231
Tight multinomial,Control,48,0.981814
Tight multinomial,Control,49,1.13251
Tight multinomial,Control,50,1.02031
Tight multinomial,Control,51,0.948062
Tight multinomial,Control,52,0.989241
Tight multinomial,Control,53,1.06838
Tight multinomial,Control,54,1.09656
Tight multinomial,Control,55,1.10523
Tight multinomial,Control,56,1.16183
Tight multinomial,Control,57,1.07904
Tight multinomial,Control,58,0.958721
Tight multinomial,Control,59,1.16635
Tight multinomial,Control,60,0.930141
Tight multinomial,Control,61,1.14691
Tight multinomial,Control,62,1.16353
Tight multinomial,Control,63,1.09688
Tight multinomial,Control,64,1.05344
Tight multinomial,Control,65,1.10274
Tight multinomial,Control,66,1.01382
Tight multinomial,Control,67,1.14105
Tight multinomial,Control,68,1.04467
Tight multinomial,Control,69,1.21438
Tight multinomial,Control,70,1.00025
Tight multinomial,Control,71,1.22329
Tight multinomial,Control,72,0.972724
Tight multinomial,Control,73,1.24742
Tight multinomial,Control,74,1.17259
Tight multinomial,Control,75,0.796555
Tight multinomial,Control,76,1.30064
Tight multinomial,Control,77,0.838556
Tight multinomial,Control,78,1.24143
Tight multinomial,Control,79,1.00902
Tight multinomial,Control,80,1.22597
Tight multinomial,Control,81,0.806175
Tight multinomial,Control,82,1.26767
Tight multinomial,Control,83,0.969353
Tight multinomial,Control,84,1.03315
Tight multinomial,Control,85,0.984181
Tight multinomial,Control,86,1.0741
Tight multinomial,Control,87,1.00137
Tight multinomial,Control,88,1.07445
Tight multinomial,Control,89,1.07255
Tight multinomial,Control,90,0.999652
Tight multinomial,Control,91,0.855853
Tight multinomial,Control,92,1.1523
Tight multinomial,Control,93,0.909958
Tight multinomial,Control,94,1.16172
Tight multinomial,Control,95,1.09666
Tight multinomial,Control,96,1.05875
Tight multinomial,Control,97,1.13466
Tight multinomial,Control,98,1.05847
Tight multinomial,Control,99,1.02276
Tight multinomial,Control,100,0.944419
Tight multinomial,Control,101,0.924109
Tight multinomial,Control,102,1.03482
Tight multinomial,Control,103,1.14845
Tight multinomial,Control,104,0.955072
Tight multinomial,Control,105,0.950773
Tight multinomial,Control,106,0.971744
Tight multinomial,Control,107,1.15412
Tight multinomial,Control,108,1.06222
Tight multinomial,Control,109,0.978937
Tight multinomial,Control,110,0.998641
Tight multinomial,Control,111,0.986332
Tight multinomial,Control,112,1.1517
Tight multinomial,Control,113,1.2061
Tight multinomial,Control,114,1.22924
Tight multinomial,Control,115,1.01028
Tight multinomial,Control,116,1.19517
Tight multinomial,Control,117,1.24041
Tight multinomial,Control,118,1.09445
Tight multinomial,Control,119,1.08246
Tight multinomial,Control,120,1.06648
Tight multinomial,Control,121,1.0026
Tight multinomial,Control,122,1.1128
Tight multinomial,Control,123,1.07364
Tight multinomial,Control,124,0.892494
Tight multinomial,Control,125,1.17097
Tight multinomial,Control,126,0.936753
Tight multinomial,Control,127,1.04506
Tight multinomial,Control,128,1.08517
Tight multinomial,Control,129,1.18554
Tight multinomial,Control,130,1.27232
Tight multinomial,Control,131,1.00962
Tight multinomial,Control,132,1.18077
Tight multinomial,Control,133,0.949212
Tight multinomial,Control,134,0.814963
Tight multinomial,Control,135,0.821531
Tight multinomial,Control,136,0.859302
Tight multinomial,Control,137,1.13889
Tight multinomial,Control,139,0.998928
Tight multinomial,Control,140,0.965609
Tight multinomial,Control,141,1.08782
Tight multinomial,Control,142,1.15796
Tight multinomial,Control,143,0.913309
Tight multinomial,Control,144,1.11539
Tight multinomial,Control,145,1.14453
Tight multinomial,Control,146,1.19799
Tight multinomial,Control,147,1.14558
Tight multinomial,Control,148,0.946023
Tight multinomial,Control,149,1.14871
Tight multinomial,Control,150,1.15123
Tight multinomial,Control,151,1.18613
Tight multinomial,Control,152,1.02033
Tight multinomial,Control,153,1.07266
Tight multinomial,Control,154,1.00854
Tight multinomial,Control,155,1.00739
Tight multinomial,Control,156,1.05646
Tight multinomial,Control,157,0.967063
Tight multinomial,Control,158,1.03376
Tight multinomial,Control,159,1.16879
Tight multinomial,Control,160,1.08277
Tight multinomial,Control,161,1.00445
Tight multinomial,Control,162,1.10188
Tight multinomial,Control,163,0.896749
Tight multinomial,Control,164,1.10817
Tight multinomial,Control,165,0.969956
Tight multinomial,Control,166,0.942918
Tight multinomial,Control,167,0.835333
Tight multinomial,Control,168,1.17857
Tight multinomial,Control,169,0.923918
Tight multinomial,Control,170,1.23143
Tight multinomial,Control,171,0.96809
Tight multinomial,Control,172,1.13457
Tight multinomial,Control,173,0.889079
Tight multinomial,Control,174,1.0542
Tight multinomial,Control,175,0.999289
Tight multinomial,Control,176,1.25895
Tight multinomial,Control,177,0.966565
Tight multinomial,Control,178,1.26749
Tight multinomial,Control,179,1.14781
Tight multinomial,Control,180,0.950117
Tight multinomial,Control,181,1.19165
Tight multinomial,Control,182,1.19436
Tight multinomial,Control,183,1.17674
Tight multinomial,Control,185,1.08791
Tight multinomial,Control,186,1.05031
Tight multinomial,Control,188,1.36643
Tight multinomial,Control,189,1.30705
Tight multinomial,Control,190,1.47854
Tight multinomial,Control,191,0.907184
Tight multinomial,Control,192,1.05764
Tight multinomial,Control,193,1.0932
Tight multinomial,Control,194,1.02745
Tight multinomial,Control,195,1.05854
Tight multinomial,Control,196,0.966794
Tight multinomial,Control,197,1.15878
Tight multinomial,Control,198,0.965893
Tight multinomial,Control,199,1.0814
Tight multinomial,Control,200,0.965792
Tight multinomial,Control,201,1.09123
Tight multinomial,Control,202,0.932026
Tight multinomial,Control,203,1.32794
Tight multinomial,Control,204,0.978434
Tight multinomial,Control,205,1.26628
Tight multinomial,Control,206,0.829266
Tight multinomial,Control,207,1.08668
Tight multinomial,Control,208,0.993313
Tight multinomial,Control,209,1.07426
Tight multinomial,Control,210,1.05467
Tight multinomial,Control,211,0.979734
Tight multinomial,Control,212,0.959983
Tight multinomial,Control,213,1.26799
Tight multinomial,Control,214,1.02011
Tight multinomial,Control,215,0.851737
Tight multinomial,Control,216,1.0418
Tight multinomial,Control,217,1.02994
Tight multinomial,Control,218,1.01647
Tight multinomial,Control,219,1.15812
Tight multinomial,Control,220,0.966192
Tight multinomial,Control,221,0.955566
Tight multinomial,Control,222,1.01391
Tight multinomial,Control,223,1.12985
Tight multinomial,Control,224,1.08129
Tight multinomial,Control,225,1.01932
Tight multinomial,Control,226,1.07232
Tight multinomial,Control,227,0.98398
Tight multinomial,Control,228,1.01
Tight multinomial,Control,229,1.15635
Tight multinomial,Control,230,1.1168
Tight multinomial,Control,231,0.992499
Tight multinomial,Control,232,1.09724
Tight multinomial,Control,233,0.981064
Tight multinomial,Control,234,0.961291
Tight multinomial,Control,235,1.02018
Tight multinomial,Control,236,1.03708
Tight multinomial,Control,237,0.949603
Tight multinomial,Control,238,1.01847
Tight multinomial,Control,239,1.00906
Tight multinomial,Control,240,1.01956
Tight multinomial,Control,241,0.984798
Tight multinomial,Control,242,0.849324
Tight multinomial,Control,243,1.10833
Tight multinomial,Control,244,1.11598
Tight multinomial,Control,245,1.11133
Tight multinomial,Control,246,1.0295
Tight multinomial,Control,247,0.838576
Tight multinomial,Control,248,0.827185
Tight multinomial,Control,249,1.08998
Tight multinomial,Control,250,1.02117
Tight multinomial,Control,251,0.994834
Tight multinomial,Control,252,0.989506
Tight multinomial,Control,253,1.20402
Tight multinomial,Control,254,1.10561
Tight multinomial,Control,255,0.930189
Tight multinomial,Control,256,1.03663
Tight multinomial,Control,257,1.02001
Tight multinomial,Control,258,0.965622
Tight multinomial,Control,259,1.29263
Tight multinomial,Control,260,1.0586
Tight multinomial,Control,261,1.15686
Tight multinomial,Control,262,0.923919
Tight multinomial,Control,263,0.96297
Tight multinomial,Control,264,0.904996
Tight multinomial,Control,265,1.25933
Tight multinomial,Control,266,0.997494
Tight multinomial,Control,267,1.16069
Tight multinomial,Control,268,0.983958
Tight multinomial,Control,269,0.990186
Tight multinomial,Control,270,0.908119
Tight multinomial,Control,271,1.20611
Tight multinomial,Control,272,1.05985
Tight multinomial,Control,273,0.925425
Tight multinomial,Control,274,1.15195
Tight multinomial,Control,275,1.07487
Tight multinomial,Control,276,0.990391
Tight multinomial,Control,277,1.15337
Tight multinomial,Control,278,1.22044
Tight multinomial,Control,279,1.18598
Tight multinomial,Control,280,1.03705
Tight multinomial,Control,281,1.10272
Tight multinomial,Control,282,1.10632
Tight multinomial,Control,283,0.93909
Tight multinomial,Control,284,1.09037
Tight multinomial,Control,285,1.30905
Tight multinomial,Control,286,0.90839
Tight multinomial,Control,287,1.14267
Tight multinomial,Control,288,1.08917
Tight multinomial,Control,289,1.00646
Tight multinomial,Control,290,0.918924
Tight multinomial,Control,291,1.10142
Tight multinomial,Control,292,0.954307
Tight multinomial,Control,293,0.829216
Tight multinomial,Control,294,0.971022
Tight multinomial,Control,295,1.1961
Tight multinomial,Control,296,0.92538
Tight multinomial,Control,297,0.981972
Tight multinomial,Control,298,1.12678
Tight multinomial,Control,299,0.879368
Tight multinomial,Control,300,1.07725
Tight multinomial,Control,301,0.954933
Tight multinomial,Control,302,1.02112
Tight multinomial,Control,303,1.09106
Tight multinomial,Control,304,1.06532
Tight multinomial,Control,305,1.02839
Tight multinomial,Control,306,1.06145
Tight multinomial,Control,307,1.03306
Tight multinomial,Control,308,1.10217
Tight multinomial,Control,309,0.977437
Tight multinomial,Control,310,0.962836
Tight multinomial,Control,311,1.16283
Tight multinomial,Control,312,1.03607
Tight multinomial,Control,313,1.08022
Tight multinomial,Control,314,0.993839
Tight multinomial,Control,315,1.10875
Tight multinomial,Control,316,1.05011
Tight multinomial,Control,317,0.900502
Tight multinomial,Control,318,0.974495
Tight multinomial,Control,319,1.13195
Tight multinomial,Control,320,0.923151
Tight multinomial,Control,321,1.04885
Tight multinomial,Control,322,1.07737
Tight multinomial,Control,323,0.981526
Tight multinomial,Control,324,1.09996
Tight multinomial,Control,325,1.02569
Tight multinomial,Control,326,1.15238
Tight multinomial,Control,327,1.07862
Tight multinomial,Control,328,1.15159
Tight multinomial,Control,329,1.11162
Tight multinomial,Control,330,0.991679
Tight multinomial,Control,331,0.905531
Tight multinomial,Control,332,1.07069
Tight multinomial,Control,333,1.03377
Tight multinomial,Control,334,1.11586
Tight multinomial,Control,335,1.0094
Tight multinomial,Control,336,1.05825
Tight multinomial,Control,337,1.06199
Tight multinomial,Control,338,1.10926
Tight multinomial,Control,339,0.966922
Tight multinomial,Control,340,1.02013
Tight multinomial,Control,341,1.04431
Tight multinomial,Control,342,1.06394
Tight multinomial,Control,343,0.975619
Tight multinomial,Control,344,1.08366
Tight multinomial,Control,345,0.993976
Tight multinomial,Control,346,0.896407
Tight multinomial,Control,347,1.22738
Tight multinomial,Control,348,1.12399
Tight multinomial,Control,349,0.929563
Tight multinomial,Control,350,1.11264
Tight multinomial,Control,351,1.11193
Tight multinomial,Control,352,1.06555
Tight multinomial,Control,353,1.10366
Tight multinomial,Control,354,1.19384
Tight multinomial,Control,355,1.07551
Tight multinomial,Control,356,1.0594
Tight multinomial,Control,357,1.04646
Tight multinomial,Control,358,1.0402
Tight multinomial,Control,359,0.95331
Tight multinomial,Control,360,1.13963
Tight multinomial,Control,361,1.1371
Tight multinomial,Control,362,1.24434
Tight multinomial,Control,363,1.01726
Tight multinomial,Control,364,1.0636
Tight multinomial,Control,365,1.08281
Tight multinomial,Control,366,1.04922
Tight multinomial,Control,367,0.958028
Tight multinomial,Control,368,1.00793
Tight multinomial,Control,369,1.04224
Tight multinomial,Control,370,0.908459
Tight multinomial,Control,371,1.15892
Tight multinomial,Control,372,1.12514
Tight multinomial,Control,373,1.01119
Tight multinomial,Control,374,1.09471
Tight multinomial,Control,375,1.07224
Tight multinomial,Control,376,1.15153
Tight multinomial,Control,377,1.11637
Tight multinomial,Control,378,1.0443
Tight multinomial,Control,379,1.11619
Tight multinomial,Control,380,1.04652
Tight multinomial,Control,381,0.963483
Tight multinomial,Control,382,0.897801
Tight multinomial,Control,383,1.08552
Tight multinomial,Control,384,0.972893
Tight multinomial,Control,385,1.10473
Tight multinomial,Control,386,0.958607
Tight multinomial,Control,387,1.15498
Tight multinomial,Control,388,0.964342
Tight multinomial,Control,389,1.02858
Tight multinomial,Control,390,1.05096
Tight multinomial,Control,391,0.901159
Tight multinomial,Control,392,1.15388
Tight multinomial,Control,393,1.05333
Tight multinomial,Control,394,1.05078
Tight multinomial,Control,395,1.01722
Tight multinomial,Control,396,1.29352
Tight multinomial,Control,397,1.03707
Tight multinomial,Control,398,1.0775
Tight multinomial,Control,399,1.16786
Tight multinomial,Control,400,1.19374
Tight multinomial,Control,401,1.03906
Tight multinomial,Control,402,1.07089
Tight multinomial,Control,403,1.07903
Tight multinomial,Control,404,1.11442
Tight multinomial,Control,405,1.22752
Tight multinomial,Control,406,0.878382
Tight multinomial,Control,407,1.08205
Tight multinomial,Control,408,1.14183
Tight multinomial,Control,409,0.939456
Tight multinomial,Control,410,1.24289
Tight multinomial,Control,411,1.08255
Tight multinomial,Control,412,1.14208
Tight multinomial,Control,413,0.954613
Tight multinomial,Control,414,0.888492
Tight multinomial,Control,416,0.979384
Tight multinomial,Control,417,0.996944
Tight multinomial,Control,418,1.04729
Tight multinomial,Control,419,1.05802
Tight multinomial,Control,420,1.02974
Tight multinomial,Control,421,1.21514
Tight multinomial,Control,422,1.06289
Tight multinomial,Control,423,0.878744
Tight multinomial,Control,424,0.999979
Tight multinomial,Control,425,1.01491
Tight multinomial,Control,426,0.921399
Tight multinomial,Control,427,1.14513
Tight multinomial,Control,428,0.977451
Tight multinomial,Control,429,1.22904
Tight multinomial,Control,430,1.01639
Tight multinomial,Control,431,0.951691
Tight multinomial,Control,432,0.959937
Tight multinomial,Control,433,1.20267
Tight multinomial,Control,434,1.02523
Tight multinomial,Control,435,1.04377
Tight multinomial,Control,436,1.09069
Tight multinomial,Control,437,0.984941
Tight multinomial,Control,438,1.21373
Tight multinomial,Control,439,1.20189
Tight multinomial,Control,440,1.02251
Tight multinomial,Control,441,1.00214
Tight multinomial,Control,442,1.3349
Tight multinomial,Control,443,0.993604
Tight multinomial,Control,444,1.0989
Tight multinomial,Control,445,1.04486
Tight multinomial,Control,446,1.17696
Tight multinomial,Control,447,0.867569
Tight multinomial,Control,448,1.10885
Tight multinomial,Control,449,1.08946
Tight multinomial,Control,450,0.981424
Tight multinomial,Control,451,1.04077
Tight multinomial,Control,452,0.927397
Tight multinomial,Control,453,1.20928
Tight multinomial,Control,454,1.12601
Tight multinomial,Control,455,1.09388
Tight multinomial,Control,456,1.07644
Tight multinomial,Control,457,1.07132
Tight multinomial,Control,458,1.12816
Tight multinomial,Control,459,1.17107
Tight multinomial,Control,460,1.02391
Tight multinomial,Control,461,1.13165
Tight multinomial,Control,462,1.04287
Tight multinomial,Control,463,0.978453
Tight multinomial,Control,464,0.944835
Tight multinomial,Control,465,1.08891
Tight multinomial,Control,466,1.19203
Tight multinomial,Control,467,1.05294
Tight multinomial,Control,468,0.97317
Tight multinomial,Control,469,0.986521
Tight multinomial,Control,470,1.08645
Tight multinomial,Control,472,0.938825
Tight multinomial,Control,473,0.977052
Tight multinomial,Control,474,1.0427
Tight multinomial,Control,475,0.959349
Tight multinomial,Control,476,1.18234
Tight multinomial,Control,477,0.980144
Tight multinomial,Control,478,1.06271
Tight multinomial,Control,479,1.17788
Tight multinomial,Control,480,1.00723
Tight multinomial,Control,481,1.09549
Tight multinomial,Control,482,0.998148
Tight multinomial,Control,483,0.965854
Tight multinomial,Control,484,1.00883
Tight multinomial,Control,485,1.14078
Tight multinomial,Control,486,1.00131
Tight multinomial,Control,487,1.05769
Tight multinomial,Control,488,1.24744
Tight multinomial,Control,489,0.898955
Tight multinomial,Control,490,0.907794
Tight multinomial,Control,491,1.0988
Tight multinomial,Control,492,1.09423
Tight multinomial,Control,493,1.19224
Tight multinomial,Control,494,1.03899
Tight multinomial,Control,495,1.09044
Tight multinomial,Control,496,1.29057
Tight multinomial,Control,497,1.00939
Tight multinomial,Control,498,1.08681
Tight multinomial,Control,499,1.04529
Tight multinomial,Control,500,0.983257
Tight multinomial,Control,501,1.08676
Tight multinomial,Control,502,1.05998
Tight multinomial,Control,503,1.05537
Tight multinomial,Control,504,0.949108
Tight multinomial,Control,505,0.939136
Tight multinomial,Control,506,1.10841
Tight multinomial,Control,507,1.01573
Tight multinomial,Control,508,0.972781
Tight multinomial,Control,509,1.06166
Tight multinomial,Control,510,0.960887
Tight multinomial,Control,511,1.04974
Tight multinomial,Control,512,1.05388
Tight multinomial,Control,513,0.930198
Tight multinomial,Control,514,1.07394
Tight multinomial,Control,515,1.10499
Tight multinomial,Control,516,1.07735
Tight multinomial,Control,517,1.20223
Tight multinomial,Control,518,1.12304
Tight multinomial,Control,519,0.89795
Tight multinomial,Control,520,1.13272
Tight multinomial,Control,521,1.05528
Tight multinomial,Control,522,1.28835
Tight multinomial,Control,524,0.734247
Tight multinomial,Control,525,1.3301
Tight multinomial,Control,526,1.16964
Tight multinomial,Control,527,0.842566
Tight multinomial,Control,528,1.04951
Tight multinomial,Control,529,0.859607
Tight multinomial,Control,530,1.02123
Tight multinomial,Control,531,1.01095
Tight multinomial,Control,532,1.20345
Tight multinomial,Control,533,1.06822
Tight multinomial,Control,534,0.949926
Tight multinomial,Control,535,1.00492
Tight multinomial,Control,536,1.04253
Tight multinomial,Control,537,1.0779
Tight multinomial,Control,538,1.22707
Tight multinomial,Control,539,1.0626
Tight multinomial,Control,540,0.843513
Tight multinomial,Control,541,1.08947
Tight multinomial,Control,542,1.00669
Tight multinomial,Control,543,1.09038
Tight multinomial,Control,544,0.968152
Tight multinomial,Control,545,0.998127
Tight multinomial,Control,546,1.03402
Tight multinomial,Control,547,1.22252
Tight multinomial,Control,548,1.35509
Tight multinomial,Control,549,1.19323
Tight multinomial,Control,550,0.993081
Tight multinomial,Control,551,0.959454
Tight multinomial,Control,552,1.07012
Tight multinomial,Control,553,1.13202
Tight multinomial,Control,554,1.15761
Tight multinomial,Control,555,1.34218
Tight multinomial,Control,556,1.16972
Tight multinomial,Control,557,1.15335
Tight multinomial,Control,558,1.12703
Tight multinomial,Control,559,1.13732
Tight multinomial,Control,560,1.02872
Tight multinomial,Control,561,1.05015
Tight multinomial,Control,562,1.07896
Tight multinomial,Control,563,0.955081
Tight multinomial,Control,564,1.00147
Tight multinomial,Control,565,1.07209
Tight multinomial,Control,566,1.06459
Tight multinomial,Control,567,0.995698
Tight multinomial,Control,568,0.900713
Tight multinomial,Control,569,1.1827
Tight multinomial,Control,570,1.08891
Tight multinomial,Control,571,1.05348
Tight multinomial,Control,572,1.10127
Tight multinomial,Control,573,1.07487
Tight multinomial,Control,574,1.03808
Tight multinomial,Control,575,0.783354
Tight multinomial,Control,576,1.13868
Tight multinomial,Control,577,1.08328
Tight multinomial,Control,578,0.954192
Tight multinomial,Control,579,1.07968
Tight multinomial,Control,580,0.985414
Tight multinomial,Control,581,1.0356
Tight multinomial,Control,582,1.28345
Tight multinomial,Control,583,0.986129
Tight multinomial,Control,584,1.23186
Tight multinomial,Control,585,1.15098
Tight multinomial,Control,586,1.09532
Tight multinomial,Control,587,0.946967
Tight multinomial,Control,588,0.960738
Tight multinomial,Control,589,1.05803
Tight multinomial,Control,590,1.24249
Tight multinomial,Control,591,0.815101
Tight multinomial,Control,592,1.14297
Tight multinomial,Control,593,1.13267
Tight multinomial,Control,594,1.03087
Tight multinomial,Control,595,1.05524
Tight multinomial,Control,596,1.02555
Tight multinomial,Control,597,1.07719
Tight multinomial,Control,598,0.920684
Tight multinomial,Control,599,1.01802
Tight multinomial,Control,600,0.954125
Tight multinomial,Control,601,0.947347
Tight multinomial,Control,602,1.10024
Tight multinomial,Control,603,0.961495
Tight multinomial,Control,604,1.14022
Tight multinomial,Control,605,1.25962
Tight multinomial,Control,606,0.859762
Tight multinomial,Control,607,1.29785
Tight multinomial,Control,608,0.834078
Tight multinomial,Control,609,0.977521
Tight multinomial,Control,610,0.877036
Tight multinomial,Control,611,0.845136
Tight multinomial,Control,613,0.992415
Tight multinomial,Control,614,1.08914
Tight multinomial,Control,615,1.0295
Tight multinomial,Control,616,1.25053
Tight multinomial,Control,617,1.13994
Tight multinomial,Control,618,1.00028
Tight multinomial,Control,619,1.27865
Tight multinomial,Control,620,0.811454
Tight multinomial,Control,621,1.30937
Tight multinomial,Control,622,0.97573
Tight multinomial,Control,623,1.09809
Tight multinomial,Control,624,1.19153
Tight multinomial,Control,625,1.07817
Tight multinomial,Control,626,1.20483
Tight multinomial,Control,627,0.961129
Tight multinomial,Control,628,0.966209
Tight multinomial,Control,629,1.05166
Tight multinomial,Control,630,1.07098
Tight multinomial,Control,631,1.01759
Tight multinomial,Control,632,1.18812
Tight multinomial,Control,633,1.12526
Tight multinomial,Control,634,1.05981
Tight multinomial,Control,635,0.870981
Tight multinomial,Control,636,0.912589
Tight multinomial,Control,637,1.07489
Tight multinomial,Control,638,0.986899
Tight multinomial,Control,639,1.12447
Tight multinomial,Control,640,1.07109
Tight multinomial,Control,641,1.10337
Tight multinomial,Control,642,1.11946
Tight multinomial,Control,643,1.10634
Tight multinomial,Control,644,0.959517
Tight multinomial,Control,645,1.03936
Tight multinomial,Control,646,0.925948
Tight multinomial,Control,647,1.1399
Tight multinomial,Control,648,1.03417
Tight multinomial,Control,649,1.08153
Tight multinomial,Control,650,1.08011
Tight multinomial,Control,651,1.17488
Tight multinomial,Control,652,0.948339
Tight multinomial,Control,653,1.17793
Tight multinomial,Control,654,1.1523
Tight multinomial,Control,655,1.08096
Tight multinomial,Control,656,1.16258
Tight multinomial,Control,657,1.05618
Tight multinomial,Control,658,1.09658
Tight multinomial,Control,659,0.877749
Tight multinomial,Control,660,1.11441
Tight multinomial,Control,661,0.924853
Tight multinomial,Control,662,1.0466
Tight multinomial,Control,663,1.02678
Tight multinomial,Control,664,1.09078
Tight multinomial,Control,665,1.04618
Tight multinomial,Control,666,1.0147
Tight multinomial,Control,667,0.9854
Tight multinomial,Control,668,0.915855
Tight multinomial,Control,669,1.10947
Tight multinomial,Control,670,1.08637
Tight multinomial,Control,671,1.15038
Tight multinomial,Control,672,0.964314
Tight multinomial,Control,673,1.12635
Tight multinomial,Control,674,0.929078
Tight multinomial,Control,675,1.00878
Tight multinomial,Control,676,1.02415
Tight multinomial,Control,677,1.0908
Tight multinomial,Control,678,1.08857
Tight multinomial,Control,679,1.00289
Tight multinomial,Control,680,1.12526
Tight multinomial,Control,681,1.0277
Tight multinomial,Control,682,0.850124
Tight multinomial,Control,683,1.00943
Tight multinomial,Control,684,1.04734
Tight multinomial,Control,685,0.954332
Tight multinomial,Control,686,1.06483
Tight multinomial,Control,687,1.32375
Tight multinomial,Control,688,0.948878
Tight multinomial,Control,689,1.13118
Tight multinomial,Control,690,0.901574
Tight multinomial,Control,691,1.0873
Tight multinomial,Control,692,1.00922
Tight multinomial,Control,693,1.00423
Tight multinomial,Control,694,0.991285
Tight multinomial,Control,695,1.0717
Tight multinomial,Control,696,1.00559
Tight multinomial,Control,697,1.03969
Tight multinomial,Control,698,1.20835
Tight multinomial,Control,699,0.931726
Tight multinomial,Control,700,1.11013
Tight multinomial,Control,701,0.889011
Tight multinomial,Control,702,1.14519
Tight multinomial,Control,703,0.974808
Tight multinomial,Control,704,1.1584700000000001
Tight multinomial,Control,705,1.0655
Tight multinomial,Control,706,0.946162
Tight multinomial,Control,707,0.86752
Tight multinomial,Control,708,1.03503
Tight multinomial,Control,709,1.19819
Tight multinomial,Control,710,1.07428
Tight multinomial,Control,711,1.22946
Tight multinomial,Control,712,0.945372
Tight multinomial,Control,713,1.06446
Tight multinomial,Control,715,1.11585
Tight multinomial,Control,716,1.13695
Tight multinomial,Control,717,1.37187
Tight multinomial,Control,718,1.00506
Tight multinomial,Control,719,1.28376
Tight multinomial,Control,720,0.955891
Tight multinomial,Control,721,1.13605
Tight multinomial,Control,722,0.902384
Tight multinomial,Control,723,1.13999
Tight multinomial,Control,724,1.20661
Tight multinomial,Control,725,1.3263
Tight multinomial,Control,726,0.8261
Tight multinomial,Control,727,1.07227
Tight multinomial,Control,728,1.18714
Tight multinomial,Control,729,1.3748
Tight multinomial,Control,730,1.18535
Tight multinomial,Control,731,1.09649
Tight multinomial,Control,732,0.860839
Tight multinomial,Control,733,1.13184
Tight multinomial,Control,734,0.951079
Tight multinomial,Control,735,1.13786
Tight multinomial,Control,736,0.924522
Tight multinomial,Control,737,1.0075
Tight multinomial,Control,738,1.07156
Tight multinomial,Control,739,1.04766
Tight multinomial,Control,740,0.878415
Tight multinomial,Control,741,1.19096
Tight multinomial,Control,742,1.30919
Tight multinomial,Control,743,0.912023
Tight multinomial,Control,744,0.983479
Tight multinomial,Control,745,0.983882
Tight multinomial,Control,746,1.05102
Tight multinomial,Control,747,1.01323
Tight multinomial,Control,748,1.01935
Tight multinomial,Control,749,1.27587
Tight multinomial,Control,750,0.983077
Tight multinomial,Control,751,1.27433
Tight multinomial,Control,752,1.15659
Tight multinomial,Control,753,1.05854
Tight multinomial,Control,754,1.14877
Tight multinomial,Control,755,1.10149
Tight multinomial,Control,756,1.01321
Tight multinomial,Control,757,1.03434
Tight multinomial,Control,758,0.990102
Tight multinomial,Control,759,1.23678
Tight multinomial,Control,760,0.955257
Tight multinomial,Control,761,1.17957
Tight multinomial,Control,762,0.921606
Tight multinomial,Control,763,1.17502
Tight multinomial,Control,764,0.956535
Tight multinomial,Control,765,1.01676
Tight multinomial,Control,766,1.06597
Tight multinomial,Control,767,0.993389
Tight multinomial,Control,768,1.1071
Tight multinomial,Control,769,0.904923
Tight multinomial,Control,770,1.30306
Tight multinomial,Control,771,0.966409
Tight multinomial,Control,772,1.10409
Tight multinomial,Control,773,1.01142
Tight multinomial,Control,774,1.15862
Tight multinomial,Control,775,0.982643
Tight multinomial,Control,776,0.972949
Tight multinomial,Control,777,0.979631
Tight multinomial,Control,778,1.07979
Tight multinomial,Control,779,0.890148
Tight multinomial,Control,780,1.14122
Tight multinomial,Control,781,1.04653
Tight multinomial,Control,782,0.979461
Tight multinomial,Control,783,1.09201
Tight multinomial,Control,784,1.10192
Tight multinomial,Control,785,1.0545
Tight multinomial,Control,786,1.15363
Tight multinomial,Control,787,1.04877
Tight multinomial,Control,788,1.05176
Tight multinomial,Control,789,0.926247
Tight multinomial,Control,790,1.10665
Tight multinomial,Control,791,1.12863
Tight multinomial,Control,792,0.829667
Tight multinomial,Control,793,1.13178
Tight multinomial,Control,794,1.09722
Tight multinomial,Control,795,0.889866
Tight multinomial,Control,796,0.960266
Tight multinomial,Control,798,0.956028
Tight multinomial,Control,799,1.37899
Tight multinomial,Control,800,0.8133
Tight multinomial,Control,801,0.958397
Tight multinomial,Control,802,1.0976
Tight multinomial,Control,803,0.956064
Tight multinomial,Control,804,0.965662
Tight multinomial,Control,805,0.763571
Tight multinomial,Control,806,1.02016
Tight multinomial,Control,807,0.731038
Tight multinomial,Control,808,1.03041
Tight multinomial,Control,809,0.890142
Tight multinomial,Control,810,1.23657
Tight multinomial,Control,811,1.12842
Tight multinomial,Control,812,1.0125
Tight multinomial,Control,814,1.31354
Tight multinomial,Control,815,0.952542
Tight multinomial,Control,816,1.02555
Tight multinomial,Control,817,1.21638
Tight multinomial,Control,818,1.10907
Tight multinomial,Control,820,1.22984
Tight multinomial,Control,821,1.17282
Tight multinomial,Control,822,1.00101
Tight multinomial,Control,823,1.08496
Tight multinomial,Control,824,1.08103
Tight multinomial,Control,825,1.00072
Tight multinomial,Control,826,1.22189
Tight multinomial,Control,827,1.18557
Tight multinomial,Control,828,0.791328
Tight multinomial,Control,829,1.21853
Tight multinomial,Control,830,0.925205
Tight multinomial,Control,831,0.979875
Tight multinomial,Control,832,1.08762
Tight multinomial,Control,833,1.08151
Tight multinomial,Control,834,0.884238
Tight multinomial,Control,835,1.47204
Tight multinomial,Control,836,1.14742
Tight multinomial,Control,837,1.05734
Tight multinomial,Control,838,1.02735
Tight multinomial,Control,839,0.988059
Tight multinomial,Control,840,1.07146
Tight multinomial,Control,841,0.815226
Tight multinomial,Control,842,1.02265
Tight multinomial,Control,843,1.01555
Tight multinomial,Control,844,1.31953
Tight multinomial,Control,845,1.00758
Tight multinomial,Control,846,0.970784
Tight multinomial,Control,847,0.996832
Tight multinomial,Control,848,1.08231
Tight multinomial,Control,849,1.14244
Tight multinomial,Control,850,1.24829
Tight multinomial,Control,851,1.06171
Tight multinomial,Control,852,1.1701
Tight multinomial,Control,853,1.10791
Tight multinomial,Control,854,1.12061
Tight multinomial,Control,855,1.12264
Tight multinomial,Control,856,1.20387
Tight multinomial,Control,857,1.1881
Tight multinomial,Control,858,1.08459
Tight multinomial,Control,859,0.861404
Tight multinomial,Control,860,1.00164
Tight multinomial,Control,861,0.987608
Tight multinomial,Control,862,1.07011
Tight multinomial,Control,863,0.961737
Tight multinomial,Control,864,0.837677
Tight multinomial,Control,865,1.08139
Tight multinomial,Control,866,1.09485
Tight multinomial,Control,867,0.966465
Tight multinomial,Control,868,1.02144
Tight multinomial,Control,869,1.00106
Tight multinomial,Control,870,0.997325
Tight multinomial,Control,871,1.01642
Tight multinomial,Control,872,1.03016
Tight multinomial,Control,873,0.973042
Tight multinomial,Control,874,1.04861
Tight multinomial,Control,875,1.11595
Tight multinomial,Control,876,0.979889
Tight multinomial,Control,878,1.17266
Tight multinomial,Control,879,0.935679
Tight multinomial,Control,880,1.04945
Tight multinomial,Control,882,1.19047
Tight multinomial,Control,883,0.986908
Tight multinomial,Control,884,1.046
Tight multinomial,Control,885,0.88936
Tight multinomial,Control,886,1.2156
Tight multinomial,Control,887,1.00898
Tight multinomial,Control,888,1.18546
Tight multinomial,Control,889,1.03733
Tight multinomial,Control,890,1.00499
Tight multinomial,Control,891,1.0177
Tight multinomial,Control,892,1.05277
Tight multinomial,Control,893,1.00858
Tight multinomial,Control,894,1.01775
Tight multinomial,Control,895,1.14728
Tight multinomial,Control,896,1.0529
Tight multinomial,Control,897,1.06789
Tight multinomial,Control,898,1.01092
Tight multinomial,Control,899,1.04247
Tight multinomial,Control,900,0.97732
Tight multinomial,Control,901,1.03955
Tight multinomial,Control,902,1.24835
Tight multinomial,Control,903,1.10964
Tight multinomial,Control,904,1.18909
Tight multinomial,Control,905,1.08422
Tight multinomial,Control,906,1.25394
Tight multinomial,Control,907,0.915105
Tight multinomial,Control,908,0.996532
Tight multinomial,Control,909,1.05675
Tight multinomial,Control,910,1.12009
Tight multinomial,Control,911,0.741201
Tight multinomial,Control,912,1.13192
Tight multinomial,Control,913,1.16426
Tight multinomial,Control,914,0.765089
Tight multinomial,Control,915,1.14718
Tight multinomial,Control,916,0.926125
Tight multinomial,Control,917,1.25696
Tight multinomial,Control,918,0.933873
Tight multinomial,Control,919,1.53917
Tight multinomial,Control,920,1.17871
Tight multinomial,Control,921,0.906287
Tight multinomial,Control,922,1.19964
Tight multinomial,Control,923,1.02256
Tight multinomial,Control,924,0.988653
Tight multinomial,Control,925,0.940061
Tight multinomial,Control,926,1.24217
Tight multinomial,Control,927,1.09687
Tight multinomial,Control,928,0.942011
Tight multinomial,Control,929,0.913764
Tight multinomial,Control,930,1.02342
Tight multinomial,Control,931,1.16385
Tight multinomial,Control,932,1.20452
Tight multinomial,Control,934,0.976261
Tight multinomial,Control,935,1.0353
Tight multinomial,Control,936,1.07784
Tight multinomial,Control,937,1.11949
Tight multinomial,Control,938,1.07989
Tight multinomial,Control,939,0.989198
Tight multinomial,Control,940,0.933823
Tight multinomial,Control,941,1.17931
Tight multinomial,Control,942,1.04178
Tight multinomial,Control,943,1.13131
Tight multinomial,Control,944,1.0847
Tight multinomial,Control,945,1.20772
Tight multinomial,Control,946,0.926561
Tight multinomial,Control,947,1.09537
Tight multinomial,Control,948,0.962931
Tight multinomial,Control,949,1.07494
Tight multinomial,Control,950,1.1127
Tight multinomial,Control,951,1.03612
Tight multinomial,Control,952,1.20105
Tight multinomial,Control,953,1.14145
Tight multinomial,Control,954,1.11037
Tight multinomial,Control,955,1.02282
Tight multinomial,Control,956,1.15419
Tight multinomial,Control,957,1.14021
Tight multinomial,Control,958,0.971277
Tight multinomial,Control,959,1.06073
Tight multinomial,Control,960,1.10535
Tight multinomial,Control,961,1.04965
Tight multinomial,Control,962,1.08509
Tight multinomial,Control,963,1.07066
Tight multinomial,Control,964,1.01271
Tight multinomial,Control,965,1.1253
Tight multinomial,Control,966,1.09881
Tight multinomial,Control,967,0.999058
Tight multinomial,Control,968,0.917889
Tight multinomial,Control,969,1.05864
Tight multinomial,Control,970,0.994751
Tight multinomial,Control,971,0.898709
Tight multinomial,Control,972,1.08094
Tight multinomial,Control,973,0.861801
Tight multinomial,Control,974,1.09462
Tight multinomial,Control,975,1.07132
Tight multinomial,Control,976,1.05582
Tight multinomial,Control,977,1.04005
Tight multinomial,Control,978,1.36861
Tight multinomial,Control,979,1.13149
Tight multinomial,Control,980,0.953627
Tight multinomial,Control,981,0.984411
Tight multinomial,Control,982,1.03181
Tight multinomial,Control,983,1.18138
Tight multinomial,Control,984,1.07089
Tight multinomial,Control,985,0.913609
Tight multinomial,Control,986,1.19511
Tight multinomial,Control,987,0.861783
Tight multinomial,Control,988,1.07105
Tight multinomial,Control,989,1.05454
Tight multinomial,Control,990,1.11115
Tight multinomial,Control,991,0.910217
Tight multinomial,Control,992,1.02451
Tight multinomial,Control,993,1.11244
Tight multinomial,Control,994,1.09762
Tight multinomial,Control,995,1.03858
Tight multinomial,Control,996,1.02619
Tight multinomial,Control,997,1.00508
Tight multinomial,Control,998,0.935749
Tight multinomial,Control,999,1.05083
Tight multinomial,Control,1000,1.01608
Tight multinomial,Control,1001,1.0419
Tight multinomial,Control,1002,0.866381
Tight multinomial,Control,1003,1.02536
Tight multinomial,Control,1004,1.06552
Tight multinomial,Control,1005,1.11727
Tight multinomial,Control,1006,1.05657
Tight multinomial,Control,1007,1.14022
Tight multinomial,Control,1009,0.916983
Tight multinomial,Control,1010,1.158
Tight multinomial,Control,1011,0.955092
Tight multinomial,Control,1012,1.17384
Tight multinomial,Control,1013,1.05835
Tight multinomial,Control,1014,0.949349
Tight multinomial,Control,1015,1.06777
Tight multinomial,Control,1016,1.06809
Tight multinomial,Control,1017,1.1213
Tight multinomial,Control,1018,0.870683
Tight multinomial,Control,1019,1.21154
Tight multinomial,Control,1021,1.23818
Tight multinomial,Control,1022,0.975862
Tight multinomial,Control,1023,0.989524
Tight multinomial,Control,1024,1.12664
Tight multinomial,Control,1025,1.11325
Tight multinomial,Control,1026,1.08677
Tight multinomial,Control,1027,1.21456
Tight multinomial,Control,1028,1.13864
Tight multinomial,Control,1029,0.98666
Tight multinomial,Control,1030,1.13639
Tight multinomial,Control,1031,1.00875
Tight multinomial,Control,1032,0.931355
Tight multinomial,Control,1033,1.17282
Tight multinomial,Control,1035,1.00964
Tight multinomial,Control,1036,0.901711
Tight multinomial,Control,1037,1.01831
Tight multinomial,Control,1038,0.974981
Tight multinomial,Control,1039,1.04975
Tight multinomial,Control,1040,1.24065
Tight multinomial,Control,1041,1.23815
Tight multinomial,Control,1042,0.932654
Tight multinomial,Control,1043,1.05821
Tight multinomial,Control,1044,1.24998
Tight multinomial,Control,1045,1.08208
Tight multinomial,Control,1046,1.08062
Tight multinomial,Control,1047,1.06284
Tight multinomial,Control,1048,1.21459
Tight multinomial,Control,1049,0.983582
Tight multinomial,Control,1050,0.978107
Tight multinomial,Control,1051,1.12209
Tight multinomial,Control,1052,0.950811
Tight multinomial,Control,1053,0.922152
Tight multinomial,Control,1054,1.20096
Tight multinomial,Control,1055,1.00541
Tight multinomial,Control,1056,1.09043
Tight multinomial,Control,1057,1.1219
Tight multinomial,Control,1058,1.03889
Tight multinomial,Control,1059,1.17435
Tight multinomial,Control,1060,1.14987
Tight multinomial,Control,1061,1.232
Tight multinomial,Control,1062,1.02048
Tight multinomial,Control,1063,1.06042
Tight multinomial,Control,1064,1.12998
Tight multinomial,Control,1065,0.94647
Tight multinomial,Control,1066,1.07922
Tight multinomial,Control,1067,1.12127
Tight multinomial,Control,1068,1.2691
Tight multinomial,Control,1069,1.14045
Tight multinomial,Control,1070,1.21433
Tight multinomial,Control,1071,1.03587
Tight multinomial,Control,1072,1.11854
Tight multinomial,Control,1073,0.972071
Tight multinomial,Control,1074,0.838095
Tight multinomial,Control,1075,1.1064
Tight multinomial,Control,1076,1.13827
Tight multinomial,Control,1077,0.936758
Tight multinomial,Control,1078,1.13336
Tight multinomial,Control,1079,1.16011
Tight multinomial,Control,1080,1.17479
Tight multinomial,Control,1081,1.20891
Tight multinomial,Control,1082,1.13876
Tight multinomial,Control,1083,0.959929
Tight multinomial,Control,1084,1.34818
Tight multinomial,Control,1085,0.964681
Tight multinomial,Control,1086,1.12493
Tight multinomial,Control,1087,1.12009
Tight multinomial,Control,1088,0.947537
Tight multinomial,Control,1089,0.908676
Tight multinomial,Control,1090,1.13073
Tight multinomial,Control,1091,1.1653
Tight multinomial,Control,1092,0.93834
Tight multinomial,Control,1093,1.03439
Tight multinomial,Control,1094,1.15441
Tight multinomial,Control,1095,1.20588
Tight multinomial,Control,1096,0.964157
Tight multinomial,Control,1097,1.09243
Tight multinomial,Control,1098,1.21455
Tight multinomial,Control,1099,1.00629
Tight multinomial,Control,1100,1.12386
Tight multinomial,Control,1101,1.0825
Tight multinomial,Control,1102,0.963205
Tight multinomial,Control,1103,1.0377
Tight multinomial,Control,1104,1.13223
Tight multinomial,Control,1105,1.1952
Tight multinomial,Control,1106,1.02586
Tight multinomial,Control,1107,0.990154
Tight multinomial,Control,1108,1.00381
Tight multinomial,Control,1109,1.00561
Tight multinomial,Control,1110,1.13815
Tight multinomial,Control,1112,1.02231
Tight multinomial,Control,1113,1.29217
Tight multinomial,Control,1114,1.12882
Tight multinomial,Control,1115,1.06626
Tight multinomial,Control,1116,1.07327
Tight multinomial,Control,1117,1.09122
Tight multinomial,Control,1118,1.10236
Tight multinomial,Control,1119,1.06614
Tight multinomial,Control,1120,0.929193
Tight multinomial,Control,1121,0.983733
Tight multinomial,Control,1122,1.17087
Tight multinomial,Control,1123,0.989825
Tight multinomial,Control,1124,1.09308
Tight multinomial,Control,1125,1.33606
Tight multinomial,Control,1126,0.880744
Tight multinomial,Control,1127,1.30025
Tight multinomial,Control,1128,1.2141
Tight multinomial,Control,1129,1.21436
Tight multinomial,Control,1130,0.975154
Tight multinomial,Control,1131,1.16582
Tight multinomial,Control,1132,1.15041
Tight multinomial,Control,1133,1.09001
Tight multinomial,Control,1134,1.10827
Tight multinomial,Control,1135,1.04865
Tight multinomial,Control,1136,1.207
Tight multinomial,Control,1137,1.13377
Tight multinomial,Control,1138,0.947113
Tight multinomial,Control,1139,1.0785
Tight multinomial,Control,1140,0.98982
Tight multinomial,Control,1141,1.02566
Tight multinomial,Control,1142,1.07613
Tight multinomial,Control,1143,0.829577
Tight multinomial,Control,1144,1.1028
Tight multinomial,Control,1145,1.02838
Tight multinomial,Control,1146,1.31985
Tight multinomial,Control,1147,1.25316
Tight multinomial,Control,1148,0.995622
Tight multinomial,Control,1149,1.10753
Tight multinomial,Control,1150,0.882088
Tight multinomial,Control,1152,1.1713
Tight multinomial,Control,1153,0.884282
Tight multinomial,Control,1154,1.09897
Tight multinomial,Control,1155,1.05361
Tight multinomial,Control,1156,1.10855
Tight multinomial,Control,1157,1.02255
Tight multinomial,Control,1158,1.13861
Tight multinomial,Control,1159,0.981887
Tight multinomial,Control,1160,1.03244
Tight multinomial,Control,1161,1.2438
Tight multinomial,Control,1162,1.14503
Tight multinomial,Control,1164,0.905237
Tight multinomial,Control,1165,0.997024
Tight multinomial,Control,1166,1.02078
Tight multinomial,Control,1167,1.15178
Tight multinomial,Control,1168,1.0371
Tight multinomial,Control,1169,1.0289
Tight multinomial,Control,1170,1.09652
Tight multinomial,Control,1171,1.25616
Tight multinomial,Control,1172,1.03661
Tight multinomial,Control,1173,0.942365
Tight multinomial,Control,1174,1.0711
Tight multinomial,Control,1175,1.15969
Tight multinomial,Control,1176,1.08166
Tight multinomial,Control,1177,0.971074
Tight multinomial,Control,1178,1.1409
Tight multinomial,Control,1179,1.09937
Tight multinomial,Control,1180,0.958493
Tight multinomial,Control,1181,1.12802
Tight multinomial,Control,1182,1.11219
Tight multinomial,Control,1183,1.09357
Tight multinomial,Control,1184,1.01194
Tight multinomial,Control,1185,1.23454
Tight multinomial,Control,1186,1.09928
Tight multinomial,Control,1187,0.976088
Tight multinomial,Control,1188,1.02448
Tight multinomial,Control,1189,1.07915
Tight multinomial,Control,1190,1.08754
Tight multinomial,Control,1191,0.94364
Tight multinomial,Control,1192,1.04785
Tight multinomial,Control,1193,1.02343
Tight multinomial,Control,1194,1.02101
Tight multinomial,Control,1195,0.911766
Tight multinomial,Control,1196,1.02591
Tight multinomial,Control,1197,1.10359
Tight multinomial,Control,1198,0.958204
Tight multinomial,Control,1199,0.934533
Tight multinomial,Control,1200,0.96881
Tight multinomial,Control,1201,0.949673
Tight multinomial,Control,1202,1.06442
Tight multinomial,Control,1203,0.92756
Tight multinomial,Control,1204,1.09036
Tight multinomial,Control,1205,1.08188
Tight multinomial,Control,1206,1.02477
Tight multinomial,Control,1207,1.0003
Tight multinomial,Control,1208,0.90276
Tight multinomial,Control,1209,0.996221
Tight multinomial,Control,1210,0.995521
Tight multinomial,Control,1212,1.03431
Tight multinomial,Control,1213,1.08861
Tight multinomial,Control,1214,1.11643
Tight multinomial,Control,1215,0.926586
Tight multinomial,Control,1216,1.00291
Tight multinomial,Control,1217,1.01461
Tight multinomial,Control,1218,1.11488
Tight multinomial,Control,1219,1.03455
Tight multinomial,Control,1220,1.24413
Tight multinomial,Control,1221,0.95805
Tight multinomial,Control,1222,1.01996
Tight multinomial,Control,1223,1.14689
Tight multinomial,Control,1224,1.20814
Tight multinomial,Control,1226,0.932444
Tight multinomial,Control,1227,1.15223
Tight multinomial,Control,1228,1.14052
Tight multinomial,Control,1229,1.09178
Tight multinomial,Control,1230,0.977549
Tight multinomial,Control,1231,0.82735
Tight multinomial,Control,1232,0.992243
Tight multinomial,Control,1233,1.01723
Tight multinomial,Control,1234,1.14264
Tight multinomial,Control,1235,0.840714
Tight multinomial,Control,1236,1.10708
Tight multinomial,Control,1237,1.17517
Tight multinomial,Control,1238,0.954124
Tight multinomial,Control,1239,1.05823
Tight multinomial,Control,1240,1.14226
Tight multinomial,Control,1241,0.97681
Tight multinomial,Control,1242,1.12728
Tight multinomial,Control,1243,1.12855
Tight multinomial,Control,1244,1.16546
Tight multinomial,Control,1245,1.10199
Tight multinomial,Control,1246,0.925523
Tight multinomial,Control,1247,1.02124
Tight multinomial,Control,1248,1.08654
Tight multinomial,Control,1249,0.930365
Tight multinomial,Control,1250,0.839322
Tight multinomial,Control,1251,0.952486
Tight multinomial,Control,1252,1.02339
Tight multinomial,Control,1253,1.07882
Tight multinomial,Control,1254,0.78857
Tight multinomial,Control,1255,1.12081
Tight multinomial,Control,1256,0.984586
Tight multinomial,Control,1257,1.13539
Tight multinomial,Control,1258,1.07028
Tight multinomial,Control,1259,1.11239
Tight multinomial,Control,1260,1.11325
Tight multinomial,Control,1261,0.948449
Tight multinomial,Control,1262,1.29271
Tight multinomial,Control,1263,1.18063
Tight multinomial,Control,1264,1.11303
Tight multinomial,Control,1265,0.913992
Tight multinomial,Control,1266,1.11365
Tight multinomial,Control,1267,1.05659
Tight multinomial,Control,1268,0.970185
Tight multinomial,Control,1269,1.12928
Tight multinomial,Control,1270,1.03244
Tight multinomial,Control,1271,1.01211
Tight multinomial,Control,1272,0.892215
Tight multinomial,Control,1273,1.1114
Tight multinomial,Control,1274,0.949582
Tight multinomial,Control,1275,1.11108
Tight multinomial,Control,1276,0.959709
Tight multinomial,Control,1277,1.09842
Tight multinomial,Control,1278,1.12358
Tight multinomial,Control,1279,1.15006
Tight multinomial,Control,1281,1.00953
Tight multinomial,Control,1282,1.18112
Tight multinomial,Control,1283,1.204
Tight multinomial,Control,1284,1.16721
Tight multinomial,Control,1285,0.841418
Tight multinomial,Control,1286,1.11728
Tight multinomial,Control,1287,0.872242
Tight multinomial,Control,1288,1.28622
Tight multinomial,Control,1289,1.00519
Tight multinomial,Control,1290,0.969935
Tight multinomial,Control,1291,0.974862
Tight multinomial,Control,1292,0.877517
Tight multinomial,Control,1293,1.22217
Tight multinomial,Control,1294,1.17718
Tight multinomial,Control,1295,0.948279
Tight multinomial,Control,1296,0.984663
Tight multinomial,Control,1297,0.946937
Tight multinomial,Control,1298,0.863289
Tight multinomial,Control,1299,1.23521
Tight multinomial,Control,1300,0.855413
Tight multinomial,Control,1301,1.04318
Tight multinomial,Control,1302,1.11372
Tight multinomial,Control,1303,1.06257
Tight multinomial,Control,1304,1.04895
Tight multinomial,Control,1305,1.12888
Tight multinomial,Control,1306,0.971991
Tight multinomial,Control,1307,1.05322
Tight multinomial,Control,1308,1.24764
Tight multinomial,Control,1309,1.2874
Tight multinomial,Control,1310,1.30283
Tight multinomial,Control,1311,1.11343
Tight multinomial,Control,1312,1.08178
Tight multinomial,Control,1313,1.09736
Tight multinomial,Control,1314,1.20544
Tight multinomial,Control,1315,1.02185
Tight multinomial,Control,1316,0.927059
Tight multinomial,Control,1317,1.05255
Tight multinomial,Control,1318,0.933085
Tight multinomial,Control,1319,0.990803
Tight multinomial,Control,1320,0.958718
Tight multinomial,Control,1321,1.12937
Tight multinomial,Control,1322,0.972636
Tight multinomial,Control,1323,0.977309
Tight multinomial,Control,1324,1.04396
Tight multinomial,Control,1325,1.14783
Tight multinomial,Control,1326,0.986969
Tight multinomial,Control,1327,1.10143
Tight multinomial,Control,1328,1.24375
Tight multinomial,Control,1329,1.27261
Tight multinomial,Control,1330,1.07333
Tight multinomial,Control,1331,1.05599
Tight multinomial,Control,1332,1.01982
Tight multinomial,Control,1333,1.09956
Tight multinomial,Control,1334,1.08969
Tight multinomial,Control,1335,1.02155
Tight multinomial,Control,1336,0.991256
Tight multinomial,Control,1337,0.982655
Tight multinomial,Control,1338,1.03087
Tight multinomial,Control,1339,1.0388
Tight multinomial,Control,1340,1.05479
Tight multinomial,Control,1341,0.94686
Tight multinomial,Control,1342,0.950945
Tight multinomial,Control,1343,1.1994
Tight multinomial,Control,1344,1.0061
Tight multinomial,Control,1345,1.31035
Tight multinomial,Control,1346,0.998372
Tight multinomial,Control,1347,1.17333
Tight multinomial,Control,1348,1.11551
Tight multinomial,Control,1349,1.22553
Tight multinomial,Control,1350,0.997349
Tight multinomial,Control,1351,1.04636
Tight multinomial,Control,1353,1.09782
Tight multinomial,Control,1354,1.10279
Tight multinomial,Control,1355,0.921394
Tight multinomial,Control,1356,1.01982
Tight multinomial,Control,1357,1.0918
Tight multinomial,Control,1358,1.11905
Tight multinomial,Control,1359,1.02261
Tight multinomial,Control,1360,1.02411
Tight multinomial,Control,1361,1.18967
Tight multinomial,Control,1362,0.965832
Tight multinomial,Control,1363,1.07682
Tight multinomial,Control,1364,1.08489
Tight multinomial,Control,1365,1.06421
Tight multinomial,Control,1366,1.03328
Tight multinomial,Control,1367,0.982534
Tight multinomial,Control,1368,1.06956
Tight multinomial,Control,1369,0.876628
Tight multinomial,Control,1370,1.17256
Tight multinomial,Control,1371,0.97038
Tight multinomial,Control,1372,1.01468
Tight multinomial,Control,1373,0.974607
Tight multinomial,Control,1374,1.02765
Tight multinomial,Control,1375,1.15763
Tight multinomial,Control,1376,1.20558
Tight multinomial,Control,1377,1.11113
Tight multinomial,Control,1378,1.1374
Tight multinomial,Control,1379,1.15814
Tight multinomial,Control,1380,0.950203
Tight multinomial,Control,1381,1.1539
Tight multinomial,Control,1382,0.919111
Tight multinomial,Control,1383,1.16652
Tight multinomial,Control,1384,1.21962
Tight multinomial,Control,1385,1.04397
Tight multinomial,Control,1386,1.17305
Tight multinomial,Control,1387,0.899633
Tight multinomial,Control,1388,1.05161
Tight multinomial,Control,1389,1.06004
Tight multinomial,Control,1390,0.90222
Tight multinomial,Control,1391,1.0742
Tight multinomial,Control,1392,1.0067
Tight multinomial,Control,1393,1.1211
Tight multinomial,Control,1394,1.06686
Tight multinomial,Control,1395,1.21242
Tight multinomial,Control,1396,0.978016
Tight multinomial,Control,1397,0.995652
Tight multinomial,Control,1398,0.819652
Tight multinomial,Control,1399,1.09147
Tight multinomial,Control,1400,0.841179
Tight multinomial,Control,1401,1.11007
Tight multinomial,Control,1402,0.783607
Tight multinomial,Control,1403,1.08728
Tight multinomial,Control,1404,0.956353
Tight multinomial,Control,1405,1.196
Tight multinomial,Control,1406,1.03995
Tight multinomial,Control,1407,0.967119
Tight multinomial,Control,1408,0.711782
Tight multinomial,Control,1409,1.01953
Tight multinomial,Control,1410,0.953056
Tight multinomial,Control,1411,1.02876
Tight multinomial,Control,1412,0.909848
Tight multinomial,Control,1413,1.15839
Tight multinomial,Control,1414,0.965783
Tight multinomial,Control,1415,0.980775
Tight multinomial,Control,1416,0.998396
Tight multinomial,Control,1417,0.960615
Tight multinomial,Control,1418,0.852999
Tight multinomial,Control,1419,1.02308
Tight multinomial,Control,1420,1.02485
Tight multinomial,Control,1421,0.999815
Tight multinomial,Control,1422,1.00963
Tight multinomial,Control,1423,0.971745
Tight multinomial,Control,1425,0.809698
Tight multinomial,Control,1426,1.05493
Tight multinomial,Control,1427,0.921058
Tight multinomial,Control,1428,1.30164
Tight multinomial,Control,1429,1.3097
Tight multinomial,Control,1430,1.19295
Tight multinomial,Control,1431,1.0414
Tight multinomial,Control,1432,0.920106
Tight multinomial,Control,1433,1.07058
Tight multinomial,Control,1434,0.941816
Tight multinomial,Control,1435,0.929641
Tight multinomial,Control,1436,1.12761
Tight multinomial,Control,1437,1.03215
Tight multinomial,Control,1438,1.17447
Tight multinomial,Control,1439,1.05114
Tight multinomial,Control,1440,0.994255
Tight multinomial,Control,1441,1.05712
Tight multinomial,Control,1442,1.14492
Tight multinomial,Control,1443,1.04586
Tight multinomial,Control,1444,0.915362
Tight multinomial,Control,1445,0.988364
Tight multinomial,Control,1446,1.10045
Tight multinomial,Control,1447,0.993371
Tight multinomial,Control,1448,0.917392
Tight multinomial,Control,1449,1.03634
Tight multinomial,Control,1450,1.05779
Tight multinomial,Control,1451,1.04723
Tight multinomial,Control,1452,1.14951
Tight multinomial,Control,1453,1.06143
Tight multinomial,Control,1454,1.17185
Tight multinomial,Control,1455,0.926005
Tight multinomial,Control,1456,1.11824
Tight multinomial,Control,1457,1.1796
Tight multinomial,Control,1458,1.04418
Tight multinomial,Control,1459,1.00392
Tight multinomial,Control,1460,1.23134
Tight multinomial,Control,1461,1.00418
Tight multinomial,Control,1462,1.14645
Tight multinomial,Control,1463,1.04778
Tight multinomial,Control,1464,1.06745
Tight multinomial,Control,1465,1.07106
Tight multinomial,Control,1466,1.01102
Tight multinomial,Control,1467,0.945903
Tight multinomial,Control,1468,1.04145
Tight multinomial,Control,1470,1.05422
Tight multinomial,Control,1471,0.987438
Tight multinomial,Control,1472,1.03065
Tight multinomial,Control,1473,1.09554
Tight multinomial,Control,1474,0.903997
Tight multinomial,Control,1475,0.97925
Tight multinomial,Control,1476,0.942509
Tight multinomial,Control,1477,1.01429
Tight multinomial,Control,1478,1.04439
Tight multinomial,Control,1479,0.918417
Tight multinomial,Control,1480,1.05954
Tight multinomial,Control,1481,1.09934
Tight multinomial,Control,1482,1.01539
Tight multinomial,Control,1483,1.11527
Tight multinomial,Control,1484,1.16551
Tight multinomial,Control,1485,1.062
Tight multinomial,Control,1486,1.04854
Tight multinomial,Control,1487,0.986656
Tight multinomial,Control,1488,0.904301
Tight multinomial,Control,1489,1.15538
Tight multinomial,Control,1490,1.10932
Tight multinomial,Control,1491,0.931164
Tight multinomial,Control,1492,0.99141
Tight multinomial,Control,1493,1.04579
Tight multinomial,Control,1494,0.999089
Tight multinomial,Control,1495,0.979233
Tight multinomial,Control,1496,1.0906
Tight multinomial,Control,1497,0.948218
Tight multinomial,Control,1498,1.21693
Tight multinomial,Control,1499,1.00186
Tight multinomial,Control,1500,0.952877
Tight multinomial,Control,1501,1.00399
Tight multinomial,Control,1502,0.983715
Tight multinomial,Control,1503,0.980527
Tight multinomial,Control,1504,0.976915
Tight multinomial,Control,1505,0.986976
Tight multinomial,Control,1506,0.991689
Tight multinomial,Control,1507,1.04902
Tight multinomial,Control,1508,1.16743
Tight multinomial,Control,1509,1.05741
Tight multinomial,Control,1510,1.03175
Tight multinomial,Control,1511,1.09211
Tight multinomial,Control,1512,1.06316
Tight multinomial,Control,1513,1.10447
Tight multinomial,Control,1514,1.08743
Tight multinomial,Control,1515,1.00558
Tight multinomial,Control,1516,0.833138
Tight multinomial,Control,1517,1.14257
Tight multinomial,Control,1518,0.981939
Tight multinomial,Control,1519,1.1109
Tight multinomial,Control,1520,1.129
Tight multinomial,Control,1521,1.01206
Tight multinomial,Control,1522,0.828477
Tight multinomial,Control,1523,1.15567
Tight multinomial,Control,1524,1.04936
Tight multinomial,Control,1525,1.21127
Tight multinomial,Control,1526,1.07949
Tight multinomial,Control,1527,1.08736
Tight multinomial,Control,1528,1.33449
Tight multinomial,Control,1529,1.07426
Tight multinomial,Control,1530,1.13649
Tight multinomial,Control,1531,1.15319
Tight multinomial,Control,1532,1.08213
Tight multinomial,Control,1533,1.17428
Tight multinomial,Control,1534,0.835815
Tight multinomial,Control,1535,1.12913
Tight multinomial,Control,1536,0.971752
Tight multinomial,Control,1537,0.964203
Tight multinomial,Control,1538,1.17809
Tight multinomial,Control,1539,1.02424
Tight multinomial,Control,1540,1.06647
Tight multinomial,Control,1542,1.40845
Tight multinomial,Control,1543,0.856874
Tight multinomial,Control,1544,1.06962
Tight multinomial,Control,1545,1.20227
Tight multinomial,Control,1546,1.0735
Tight multinomial,Control,1547,1.17773
Tight multinomial,Control,1548,1.15336
Tight multinomial,Control,1549,1.0963
Tight multinomial,Control,1550,1.25439
Tight multinomial,Control,1551,0.981292
Tight multinomial,Control,1552,0.953675
Tight multinomial,Control,1553,0.935909
Tight multinomial,Control,1554,1.1214
Tight multinomial,Control,1556,1.18609
Tight multinomial,Control,1557,1.09081
Tight multinomial,Control,1558,1.0988
Tight multinomial,Control,1559,1.21656
Tight multinomial,Control,1560,1.07662
Tight multinomial,Control,1561,0.990731
Tight multinomial,Control,1562,1.0058
Tight multinomial,Control,1563,0.927409
Tight multinomial,Control,1564,1.2592
Tight multinomial,Control,1565,1.09128
Tight multinomial,Control,1566,1.12017
Tight multinomial,Control,1567,1.07775
Tight multinomial,Control,1568,1.21241
Tight multinomial,Control,1569,1.00873
Tight multinomial,Control,1570,1.17791
Tight multinomial,Control,1571,0.991078
Tight multinomial,Control,1572,1.2267
Tight multinomial,Control,1573,1.08871
Tight multinomial,Control,1574,0.972293
Tight multinomial,Control,1575,1.10355
Tight multinomial,Control,1576,1.07517
Tight multinomial,Control,1577,1.10169
Tight multinomial,Control,1578,1.06589
Tight multinomial,Control,1579,1.07534
Tight multinomial,Control,1580,1.08495
Tight multinomial,Control,1581,1.05876
Tight multinomial,Control,1582,1.11133
Tight multinomial,Control,1583,1.0545
Tight multinomial,Control,1584,0.836977
Tight multinomial,Control,1585,1.23837
Tight multinomial,Control,1586,0.993926
Tight multinomial,Control,1587,0.721552
Tight multinomial,Control,1588,1.02192
Tight multinomial,Control,1589,1.18652
Tight multinomial,Control,1590,1.02748
Tight multinomial,Control,1591,1.31151
Tight multinomial,Control,1592,0.841609
Tight multinomial,Control,1593,1.15221
Tight multinomial,Control,1594,1.19997
Tight multinomial,Control,1595,1.00483
Tight multinomial,Control,1596,0.851888
Tight multinomial,Control,1597,1.18535
Tight multinomial,Control,1598,1.04419
Tight multinomial,Control,1599,1.00065
Tight multinomial,Control,1600,0.95602
Tight multinomial,Ink,1,0.913102
Tight multinomial,Ink,2,0.823944
Tight multinomial,Ink,3,0.907079
Tight multinomial,Ink,4,0.935595
Tight multinomial,Ink,5,0.897695
Tight multinomial,Ink,6,0.673149
Tight multinomial,Ink,7,0.979398
Tight multinomial,Ink,8,0.80965
Tight multinomial,Ink,9,0.867802
Tight multinomial,Ink,10,0.908657
Tight multinomial,Ink,11,0.826673
Tight multinomial,Ink,12,0.847438
Tight multinomial,Ink,13,0.742123
Tight multinomial,Ink,14,0.83654
Tight multinomial,Ink,15,0.796148
Tight multinomial,Ink,16,0.849976
Tight multinomial,Ink,17,0.81767
Tight multinomial,Ink,18,0.903731
Tight multinomial,Ink,19,0.784644
Tight multinomial,Ink,20,0.827097
Tight multinomial,Ink,21,0.639014
Tight multinomial,Ink,22,0.819728
Tight multinomial,Ink,23,0.711421
Tight multinomial,Ink,24,0.804975
Tight multinomial,Ink,25,0.869245
Tight multinomial,Ink,26,0.756661
Tight multinomial,Ink,27,0.992438
Tight multinomial,Ink,28,0.905598
Tight multinomial,Ink,29,0.733069
Tight multinomial,Ink,30,0.861624
Tight multinomial,Ink,31,1.00608
Tight multinomial,Ink,32,0.954243
Tight multinomial,Ink,33,0.901373
Tight multinomial,Ink,34,0.78335
Tight multinomial,Ink,35,0.796284
Tight multinomial,Ink,36,0.899486
Tight multinomial,Ink,37,0.82508
Tight multinomial,Ink,38,0.786382
Tight multinomial,Ink,39,0.910303
Tight multinomial,Ink,40,0.831378
Tight multinomial,Ink,41,0.687943
Tight multinomial,Ink,42,0.8406
Tight multinomial,Ink,43,0.827597
Tight multinomial,Ink,44,0.78458
Tight multinomial,Ink,45,0.809439
Tight multinomial,Ink,46,0.783639
Tight multinomial,Ink,47,0.899426
Tight multinomial,Ink,48,0.938192
Tight multinomial,Ink,49,0.698009
Tight multinomial,Ink,50,0.956897
Tight multinomial,Ink,51,0.958936
Tight multinomial,Ink,52,0.916394
Tight multinomial,Ink,53,0.908706
Tight multinomial,Ink,54,0.944886
Tight multinomial,Ink,55,0.941468
Tight multinomial,Ink,56,0.71953
Tight multinomial,Ink,57,0.830976
Tight multinomial,Ink,58,0.944027
Tight multinomial,Ink,59,0.753824
Tight multinomial,Ink,60,0.892183
Tight multinomial,Ink,61,0.808755
Tight multinomial,Ink,62,0.786383
Tight multinomial,Ink,63,0.93647
Tight multinomial,Ink,64,0.896913
Tight multinomial,Ink,65,0.930348
Tight multinomial,Ink,66,0.792903
Tight multinomial,Ink,67,0.844277
Tight multinomial,Ink,68,0.808648
Tight multinomial,Ink,69,0.952364
Tight multinomial,Ink,70,0.999314
Tight multinomial,Ink,71,0.770203
Tight multinomial,Ink,72,0.961782
Tight multinomial,Ink,73,0.851452
Tight multinomial,Ink,74,0.977208
Tight multinomial,Ink,75,0.820534
Tight multinomial,Ink,76,0.789058
Tight multinomial,Ink,77,0.843072
Tight multinomial,Ink,78,0.818165
Tight multinomial,Ink,79,1.05524
Tight multinomial,Ink,80,0.734302
Tight multinomial,Ink,81,0.900085
Tight multinomial,Ink,82,0.837677
Tight multinomial,Ink,83,0.962551
Tight multinomial,Ink,84,0.987816
Tight multinomial,Ink,85,0.955623
Tight multinomial,Ink,86,0.85635
Tight multinomial,Ink,87,0.800462
Tight multinomial,Ink,88,0.878926
Tight multinomial,Ink,89,0.595693
Tight multinomial,Ink,90,0.872954
Tight multinomial,Ink,91,0.709273
Tight multinomial,Ink,92,0.972733
Tight multinomial,Ink,93,0.72234
Tight multinomial,Ink,94,0.937833
Tight multinomial,Ink,95,0.793834
Tight multinomial,Ink,96,0.88928
Tight multinomial,Ink,97,0.955624
Tight multinomial,Ink,98,0.936711
Tight multinomial,Ink,99,0.782846
Tight multinomial,Ink,100,0.772593
Tight multinomial,Ink,101,0.827658
Tight multinomial,Ink,102,0.741077
Tight multinomial,Ink,103,0.92074
Tight multinomial,Ink,104,0.907291
Tight multinomial,Ink,105,0.648186
Tight multinomial,Ink,106,0.775518
Tight multinomial,Ink,107,0.843953
Tight multinomial,Ink,108,0.926479
Tight multinomial,Ink,109,0.789145
Tight multinomial,Ink,110,0.829693
Tight multinomial,Ink,111,0.966533
Tight multinomial,Ink,112,0.884519
Tight multinomial,Ink,113,0.708922
Tight multinomial,Ink,114,0.927877
Tight multinomial,Ink,115,0.706309
Tight multinomial,Ink,116,1.00186
Tight multinomial,Ink,117,0.706708
Tight multinomial,Ink,118,0.968763
Tight multinomial,Ink,119,0.965806
Tight multinomial,Ink,120,0.846902
Tight multinomial,Ink,121,0.885843
Tight multinomial,Ink,122,0.787033
Tight multinomial,Ink,123,0.851472
Tight multinomial,Ink,124,0.618387
Tight multinomial,Ink,125,0.935729
Tight multinomial,Ink,126,0.948665
Tight multinomial,Ink,127,0.680396
Tight multinomial,Ink,128,0.894283
Tight multinomial,Ink,129,0.948623
Tight multinomial,Ink,130,0.824393
Tight multinomial,Ink,131,0.975375
Tight multinomial,Ink,132,1.0016
Tight multinomial,Ink,133,0.899727
Tight multinomial,Ink,134,0.877259
Tight multinomial,Ink,135,0.817924
Tight multinomial,Ink,136,0.714738
Tight multinomial,Ink,137,0.886257
Tight multinomial,Ink,139,0.788334
Tight multinomial,Ink,140,0.901603
Tight multinomial,Ink,141,0.821997
Tight multinomial,Ink,142,0.900632
Tight multinomial,Ink,143,0.757921
Tight multinomial,Ink,144,0.880102
Tight multinomial,Ink,145,0.779663
Tight multinomial,Ink,146,0.882181
Tight multinomial,Ink,147,0.719136
Tight multinomial,Ink,148,0.886391
Tight multinomial,Ink,149,0.879388
Tight multinomial,Ink,150,0.827726
Tight multinomial,Ink,151,0.846487
Tight multinomial,Ink,152,0.706029
Tight multinomial,Ink,153,0.869528
Tight multinomial,Ink,154,0.724633
Tight multinomial,Ink,155,0.782592
Tight multinomial,Ink,156,0.781652
Tight multinomial,Ink,157,0.855929
Tight multinomial,Ink,158,0.738538
Tight multinomial,Ink,159,0.95526
Tight multinomial,Ink,160,0.84452
Tight multinomial,Ink,161,0.875192
Tight multinomial,Ink,162,0.901742
Tight multinomial,Ink,163,0.73323
Tight multinomial,Ink,164,0.971808
Tight multinomial,Ink,165,0.995316
Tight multinomial,Ink,166,0.895888
Tight multinomial,Ink,167,0.802372
Tight multinomial,Ink,168,0.793579
Tight multinomial,Ink,169,0.914205
Tight multinomial,Ink,170,0.909722
Tight multinomial,Ink,171,0.833035
Tight multinomial,Ink,172,0.820596
Tight multinomial,Ink,173,0.753065
Tight multinomial,Ink,174,0.891157
Tight multinomial,Ink,175,0.737276
Tight multinomial,Ink,176,1.00745
Tight multinomial,Ink,177,0.978767
Tight multinomial,Ink,178,0.755968
Tight multinomial,Ink,179,0.875814
Tight multinomial,Ink,180,0.857338
Tight multinomial,Ink,181,0.877946
Tight multinomial,Ink,182,0.851323
Tight multinomial,Ink,183,0.903235
Tight multinomial,Ink,185,0.805086
Tight multinomial,Ink,186,0.9156
Tight multinomial,Ink,188,0.861083
Tight multinomial,Ink,189,0.904041
Tight multinomial,Ink,190,0.782871
Tight multinomial,Ink,191,0.73665
Tight multinomial,Ink,192,0.884518
Tight multinomial,Ink,193,0.871691
Tight multinomial,Ink,194,0.904915
Tight multinomial,Ink,195,0.747681
Tight multinomial,Ink,196,0.825878
Tight multinomial,Ink,197,0.875212
Tight multinomial,Ink,198,0.925244
Tight multinomial,Ink,199,0.949273
Tight multinomial,Ink,200,0.916229
Tight multinomial,Ink,201,0.998899
Tight multinomial,Ink,202,0.803904
Tight multinomial,Ink,203,0.93766
Tight multinomial,Ink,204,0.943703
Tight multinomial,Ink,205,0.863077
Tight multinomial,Ink,206,0.923718
Tight multinomial,Ink,207,0.906738
Tight multinomial,Ink,208,0.800939
Tight multinomial,Ink,209,0.940644
Tight multinomial,Ink,210,0.936314
Tight multinomial,Ink,211,0.934822
Tight multinomial,Ink,212,0.901419
Tight multinomial,Ink,213,0.880033
Tight multinomial,Ink,214,0.8281
Tight multinomial,Ink,215,0.758226
Tight multinomial,Ink,216,0.797759
Tight multinomial,Ink,217,0.803851
Tight multinomial,Ink,218,0.947933
Tight multinomial,Ink,219,0.757391
Tight multinomial,Ink,220,0.974329
Tight multinomial,Ink,221,0.912071
Tight multinomial,Ink,222,0.921371
Tight multinomial,Ink,223,0.915324
Tight multinomial,Ink,224,0.909151
Tight multinomial,Ink,225,0.913523
Tight multinomial,Ink,226,0.894492
Tight multinomial,Ink,227,0.888139
Tight multinomial,Ink,228,0.992447
Tight multinomial,Ink,229,0.685996
Tight multinomial,Ink,230,1.07402
Tight multinomial,Ink,231,0.715449
Tight multinomial,Ink,232,1.0185
Tight multinomial,Ink,233,0.918548
Tight multinomial,Ink,234,0.982258
Tight multinomial,Ink,235,1.00241
Tight multinomial,Ink,236,0.9865
Tight multinomial,Ink,237,1.00635
Tight multinomial,Ink,238,0.990988
Tight multinomial,Ink,239,0.986901
Tight multinomial,Ink,240,1.01382
Tight multinomial,Ink,241,0.998983
Tight multinomial,Ink,242,0.972018
Tight multinomial,Ink,243,0.948279
Tight multinomial,Ink,244,0.993099
Tight multinomial,Ink,245,0.955944
Tight multinomial,Ink,246,0.956497
Tight multinomial,Ink,247,0.752237
Tight multinomial,Ink,248,0.973395
Tight multinomial,Ink,249,0.825575
Tight multinomial,Ink,250,0.854527
Tight multinomial,Ink,251,0.859992
Tight multinomial,Ink,252,0.93697
Tight multinomial,Ink,253,0.909286
Tight multinomial,Ink,254,0.975307
Tight multinomial,Ink,255,0.683928
Tight multinomial,Ink,256,0.722053
Tight multinomial,Ink,257,0.73902
Tight multinomial,Ink,258,0.841381
Tight multinomial,Ink,259,0.933611
Tight multinomial,Ink,260,0.746491
Tight multinomial,Ink,261,0.800847
Tight multinomial,Ink,262,0.936285
Tight multinomial,Ink,263,0.898146
Tight multinomial,Ink,264,0.810088
Tight multinomial,Ink,265,0.964797
Tight multinomial,Ink,266,0.656967
Tight multinomial,Ink,267,0.813661
Tight multinomial,Ink,268,0.710131
Tight multinomial,Ink,269,0.756265
Tight multinomial,Ink,270,0.643614
Tight multinomial,Ink,271,0.891626
Tight multinomial,Ink,272,1.0088
Tight multinomial,Ink,273,0.728263
Tight multinomial,Ink,274,0.939448
Tight multinomial,Ink,275,1.03186
Tight multinomial,Ink,276,0.766446
Tight multinomial,Ink,277,1.01084
Tight multinomial,Ink,278,0.969945
Tight multinomial,Ink,279,0.865422
Tight multinomial,Ink,280,0.971919
Tight multinomial,Ink,281,0.676173
Tight multinomial,Ink,282,0.96315
Tight multinomial,Ink,283,0.832557
Tight multinomial,Ink,284,0.815196
Tight multinomial,Ink,285,0.943516
Tight multinomial,Ink,286,0.688843
Tight multinomial,Ink,287,0.915071
Tight multinomial,Ink,288,0.834546
Tight multinomial,Ink,289,0.937498
Tight multinomial,Ink,290,0.790612
Tight multinomial,Ink,291,0.839107
Tight multinomial,Ink,292,0.789513
Tight multinomial,Ink,293,0.73977
Tight multinomial,Ink,294,0.979179
Tight multinomial,Ink,295,0.736606
Tight multinomial,Ink,296,0.9341
Tight multinomial,Ink,297,0.971938
Tight multinomial,Ink,298,0.869226
Tight multinomial,Ink,299,0.960883
Tight multinomial,Ink,300,0.706717
Tight multinomial,Ink,301,0.795906
Tight multinomial,Ink,302,0.697696
Tight multinomial,Ink,303,0.972569
Tight multinomial,Ink,304,0.976923
Tight multinomial,Ink,305,0.9209
Tight multinomial,Ink,306,0.740671
Tight multinomial,Ink,307,0.873682
Tight multinomial,Ink,308,0.932195
Tight multinomial,Ink,309,0.849129
Tight multinomial,Ink,310,0.722692
Tight multinomial,Ink,311,0.966723
Tight multinomial,Ink,312,0.844724
Tight multinomial,Ink,313,0.862337
Tight multinomial,Ink,314,0.860825
Tight multinomial,Ink,315,0.817671
Tight multinomial,Ink,316,0.752254
Tight multinomial,Ink,317,0.884125
Tight multinomial,Ink,318,0.860757
Tight multinomial,Ink,319,0.874153
Tight multinomial,Ink,320,0.965084
Tight multinomial,Ink,321,0.767514
Tight multinomial,Ink,322,0.805489
Tight multinomial,Ink,323,0.784445
Tight multinomial,Ink,324,0.851685
Tight multinomial,Ink,325,0.972424
Tight multinomial,Ink,326,0.893035
Tight multinomial,Ink,327,0.87229
Tight multinomial,Ink,328,0.949011
Tight multinomial,Ink,329,0.929956
Tight multinomial,Ink,330,0.805256
Tight multinomial,Ink,331,0.894091
Tight multinomial,Ink,332,0.929997
Tight multinomial,Ink,333,0.688391
Tight multinomial,Ink,334,0.605447
Tight multinomial,Ink,335,0.909697
Tight multinomial,Ink,336,0.835217
Tight multinomial,Ink,337,0.915984
Tight multinomial,Ink,338,0.872227
Tight multinomial,Ink,339,0.80284199999999994
Tight multinomial,Ink,340,0.75847
Tight multinomial,Ink,341,0.963112
Tight multinomial,Ink,342,0.768328
Tight multinomial,Ink,343,0.81585
Tight multinomial,Ink,344,0.775524
Tight multinomial,Ink,345,0.750903
Tight multinomial,Ink,346,0.760545
Tight multinomial,Ink,347,0.927156
Tight multinomial,Ink,348,0.863773
Tight multinomial,Ink,349,0.855128
Tight multinomial,Ink,350,0.878852
Tight multinomial,Ink,351,0.977783
Tight multinomial,Ink,352,0.946968
Tight multinomial,Ink,353,0.824211
Tight multinomial,Ink,354,0.835568
Tight multinomial,Ink,355,0.827278
Tight multinomial,Ink,356,0.851682
Tight multinomial,Ink,357,0.910932
Tight multinomial,Ink,358,0.881108
Tight multinomial,Ink,359,1.00446
Tight multinomial,Ink,360,0.737504
Tight multinomial,Ink,361,0.743214
Tight multinomial,Ink,362,0.941571
Tight multinomial,Ink,363,0.871347
Tight multinomial,Ink,364,0.803385
Tight multinomial,Ink,365,0.922828
Tight multinomial,Ink,366,0.909472
Tight multinomial,Ink,367,0.803963
Tight multinomial,Ink,368,0.983739
Tight multinomial,Ink,369,0.996443
Tight multinomial,Ink,370,0.845263
Tight multinomial,Ink,371,0.865468
Tight multinomial,Ink,372,0.884857
Tight multinomial,Ink,373,0.810672
Tight multinomial,Ink,374,0.897222
Tight multinomial,Ink,375,0.868452
Tight multinomial,Ink,376,0.786935
Tight multinomial,Ink,377,0.945432
Tight multinomial,Ink,378,0.656213
Tight multinomial,Ink,379,0.897021
Tight multinomial,Ink,380,0.771967
Tight multinomial,Ink,381,0.737568
Tight multinomial,Ink,382,0.827069
Tight multinomial,Ink,383,0.760994
Tight multinomial,Ink,384,0.853209
Tight multinomial,Ink,385,0.853681
Tight multinomial,Ink,386,0.900422
Tight multinomial,Ink,387,0.955568
Tight multinomial,Ink,388,0.835785
Tight multinomial,Ink,389,0.777605
Tight multinomial,Ink,390,0.770411
Tight multinomial,Ink,391,0.662598
Tight multinomial,Ink,392,0.927429
Tight multinomial,Ink,393,0.710739
Tight multinomial,Ink,394,0.843191
Tight multinomial,Ink,395,0.874024
Tight multinomial,Ink,396,0.855677
Tight multinomial,Ink,397,0.862709
Tight multinomial,Ink,398,0.921943
Tight multinomial,Ink,399,0.81669
Tight multinomial,Ink,400,0.936244
Tight multinomial,Ink,401,0.807527
Tight multinomial,Ink,402,1.013
Tight multinomial,Ink,403,0.981013
Tight multinomial,Ink,404,0.973772
Tight multinomial,Ink,405,0.892796
Tight multinomial,Ink,406,0.690934
Tight multinomial,Ink,407,0.880131
Tight multinomial,Ink,408,0.954025
Tight multinomial,Ink,409,0.791395
Tight multinomial,Ink,410,0.890636
Tight multinomial,Ink,411,0.796533
Tight multinomial,Ink,412,0.82159
Tight multinomial,Ink,413,0.862582
Tight multinomial,Ink,414,0.917853
Tight multinomial,Ink,416,1.0089
Tight multinomial,Ink,417,0.804782
Tight multinomial,Ink,418,0.903479
Tight multinomial,Ink,419,0.931901
Tight multinomial,Ink,420,0.907207
Tight multinomial,Ink,421,0.669261
Tight multinomial,Ink,422,0.865687
Tight multinomial,Ink,423,0.876207
Tight multinomial,Ink,424,0.888807
Tight multinomial,Ink,425,0.776858
Tight multinomial,Ink,426,0.858955
Tight multinomial,Ink,427,0.887766
Tight multinomial,Ink,428,0.91271
Tight multinomial,Ink,429,0.827562
Tight multinomial,Ink,430,0.730841
Tight multinomial,Ink,431,0.752556
Tight multinomial,Ink,432,0.880484
Tight multinomial,Ink,433,0.818648
Tight multinomial,Ink,434,0.842682
Tight multinomial,Ink,435,0.831674
Tight multinomial,Ink,436,0.708266
Tight multinomial,Ink,437,0.875761
Tight multinomial,Ink,438,0.888004
Tight multinomial,Ink,439,0.890345
Tight multinomial,Ink,440,0.880494
Tight multinomial,Ink,441,0.636622
Tight multinomial,Ink,442,0.8812
Tight multinomial,Ink,443,0.799504
Tight multinomial,Ink,444,0.813035
Tight multinomial,Ink,445,0.811978
Tight multinomial,Ink,446,0.86859
Tight multinomial,Ink,447,0.814568
Tight multinomial,Ink,448,0.76002
Tight multinomial,Ink,449,0.94851
Tight multinomial,Ink,450,0.860833
Tight multinomial,Ink,451,0.855169
Tight multinomial,Ink,452,0.784528
Tight multinomial,Ink,453,1.11141
Tight multinomial,Ink,454,0.633613
Tight multinomial,Ink,455,0.871674
Tight multinomial,Ink,456,0.827589
Tight multinomial,Ink,457,0.887707
Tight multinomial,Ink,458,0.942359
Tight multinomial,Ink,459,0.970732
Tight multinomial,Ink,460,0.917656
Tight multinomial,Ink,461,0.85784
Tight multinomial,Ink,462,0.792658
Tight multinomial,Ink,463,0.83675600000000006
Tight multinomial,Ink,464,0.891081
Tight multinomial,Ink,465,0.830053
Tight multinomial,Ink,466,0.913031
Tight multinomial,Ink,467,0.906563
Tight multinomial,Ink,468,0.949448
Tight multinomial,Ink,469,0.819266
Tight multinomial,Ink,470,0.982622
Tight multinomial,Ink,472,0.979235
Tight multinomial,Ink,473,0.96361
Tight multinomial,Ink,474,0.541982
Tight multinomial,Ink,475,0.905793
Tight multinomial,Ink,476,0.809587
Tight multinomial,Ink,477,0.885918
Tight multinomial,Ink,478,0.759428
Tight multinomial,Ink,479,0.856294
Tight multinomial,Ink,480,0.897146
Tight multinomial,Ink,481,0.832722
Tight multinomial,Ink,482,0.97515
Tight multinomial,Ink,483,0.859578
Tight multinomial,Ink,484,0.812463
Tight multinomial,Ink,485,0.785741
Tight multinomial,Ink,486,0.784909
Tight multinomial,Ink,487,0.960956
Tight multinomial,Ink,488,0.915437
Tight multinomial,Ink,489,0.690494
Tight multinomial,Ink,490,0.684945
Tight multinomial,Ink,491,0.787397
Tight multinomial,Ink,492,0.595747
Tight multinomial,Ink,493,0.91271
Tight multinomial,Ink,494,0.777731
Tight multinomial,Ink,495,0.803654
Tight multinomial,Ink,496,0.982351
Tight multinomial,Ink,497,0.748104
Tight multinomial,Ink,498,0.710511
Tight multinomial,Ink,499,0.939032
Tight multinomial,Ink,500,0.69933
Tight multinomial,Ink,501,0.953193
Tight multinomial,Ink,502,0.955838
Tight multinomial,Ink,503,0.96403
Tight multinomial,Ink,504,0.900157
Tight multinomial,Ink,505,0.805607
Tight multinomial,Ink,506,1.01313
Tight multinomial,Ink,507,0.789399
Tight multinomial,Ink,508,0.942933
Tight multinomial,Ink,509,0.794464
Tight multinomial,Ink,510,0.850659
Tight multinomial,Ink,511,0.840916
Tight multinomial,Ink,512,0.859086
Tight multinomial,Ink,513,0.721251
Tight multinomial,Ink,514,0.85340800000000006
Tight multinomial,Ink,515,0.710819
Tight multinomial,Ink,516,0.876477
Tight multinomial,Ink,517,0.996991
Tight multinomial,Ink,518,0.829246
Tight multinomial,Ink,519,0.727637
Tight multinomial,Ink,520,0.805992
Tight multinomial,Ink,521,1.04995
Tight multinomial,Ink,522,0.956982
Tight multinomial,Ink,524,0.609833
Tight multinomial,Ink,525,0.939207
Tight multinomial,Ink,526,0.874558
Tight multinomial,Ink,527,0.880466
Tight multinomial,Ink,528,0.903193
Tight multinomial,Ink,529,0.869103
Tight multinomial,Ink,530,0.856836
Tight multinomial,Ink,531,0.902898
Tight multinomial,Ink,532,0.757581
Tight multinomial,Ink,533,0.852855
Tight multinomial,Ink,534,0.76536
Tight multinomial,Ink,535,0.776174
Tight multinomial,Ink,536,0.816931
Tight multinomial,Ink,537,0.895116
Tight multinomial,Ink,538,0.810402
Tight multinomial,Ink,539,0.818618
Tight multinomial,Ink,540,0.704606
Tight multinomial,Ink,541,0.890387
Tight multinomial,Ink,542,0.945042
Tight multinomial,Ink,543,0.808875
Tight multinomial,Ink,544,0.827662
Tight multinomial,Ink,545,0.756096
Tight multinomial,Ink,546,0.968568
Tight multinomial,Ink,547,0.912002
Tight multinomial,Ink,548,0.895551
Tight multinomial,Ink,549,0.786674
Tight multinomial,Ink,550,0.832589
Tight multinomial,Ink,551,0.916197
Tight multinomial,Ink,552,0.939633
Tight multinomial,Ink,553,0.953594
Tight multinomial,Ink,554,1.05322
Tight multinomial,Ink,555,0.751275
Tight multinomial,Ink,556,0.660266
Tight multinomial,Ink,557,0.706425
Tight multinomial,Ink,558,0.885528
Tight multinomial,Ink,559,0.952447
Tight multinomial,Ink,560,0.93936
Tight multinomial,Ink,561,0.771055
Tight multinomial,Ink,562,0.927228
Tight multinomial,Ink,563,0.697755
Tight multinomial,Ink,564,0.755812
Tight multinomial,Ink,565,0.926211
Tight multinomial,Ink,566,0.928654
Tight multinomial,Ink,567,0.873906
Tight multinomial,Ink,568,0.773207
Tight multinomial,Ink,569,0.931279
Tight multinomial,Ink,570,0.852564
Tight multinomial,Ink,571,0.843781
Tight multinomial,Ink,572,0.953469
Tight multinomial,Ink,573,0.86595
Tight multinomial,Ink,574,0.709636
Tight multinomial,Ink,575,0.756684
Tight multinomial,Ink,576,0.932529
Tight multinomial,Ink,577,0.945528
Tight multinomial,Ink,578,0.832076
Tight multinomial,Ink,579,0.982572
Tight multinomial,Ink,580,0.874967
Tight multinomial,Ink,581,0.914401
Tight multinomial,Ink,582,0.846435
Tight multinomial,Ink,583,0.737002
Tight multinomial,Ink,584,0.817999
Tight multinomial,Ink,585,0.9329
Tight multinomial,Ink,586,0.828725
Tight multinomial,Ink,587,0.938919
Tight multinomial,Ink,588,1.01569
Tight multinomial,Ink,589,0.899143
Tight multinomial,Ink,590,0.906817
Tight multinomial,Ink,591,0.878822
Tight multinomial,Ink,592,0.930887
Tight multinomial,Ink,593,0.86564700000000006
Tight multinomial,Ink,594,0.962999
Tight multinomial,Ink,595,0.737089
Tight multinomial,Ink,596,0.882045
Tight multinomial,Ink,597,0.92206
Tight multinomial,Ink,598,0.800373
Tight multinomial,Ink,599,0.906554
Tight multinomial,Ink,600,0.782446
Tight multinomial,Ink,601,0.861569
Tight multinomial,Ink,602,0.801719
Tight multinomial,Ink,603,0.706567
Tight multinomial,Ink,604,0.955369
Tight multinomial,Ink,605,0.821242
Tight multinomial,Ink,606,0.880124
Tight multinomial,Ink,607,1.03361
Tight multinomial,Ink,608,0.786764
Tight multinomial,Ink,609,0.894671
Tight multinomial,Ink,610,0.795109
Tight multinomial,Ink,611,0.813389
Tight multinomial,Ink,613,0.982222
Tight multinomial,Ink,614,0.854387
Tight multinomial,Ink,615,0.829092
Tight multinomial,Ink,616,0.892085
Tight multinomial,Ink,617,0.916442
Tight multinomial,Ink,618,0.902605
Tight multinomial,Ink,619,0.911176
Tight multinomial,Ink,620,0.712415
Tight multinomial,Ink,621,0.944613
Tight multinomial,Ink,622,0.924828
Tight multinomial,Ink,623,0.794863
Tight multinomial,Ink,624,0.860104
Tight multinomial,Ink,625,0.79389
Tight multinomial,Ink,626,0.826423
Tight multinomial,Ink,627,0.960227
Tight multinomial,Ink,628,0.948909
Tight multinomial,Ink,629,0.94877
Tight multinomial,Ink,630,0.752337
Tight multinomial,Ink,631,0.894421
Tight multinomial,Ink,632,0.788169
Tight multinomial,Ink,633,0.888197
Tight multinomial,Ink,634,0.928831
Tight multinomial,Ink,635,0.787118
Tight multinomial,Ink,636,0.844198
Tight multinomial,Ink,637,0.905397
Tight multinomial,Ink,638,0.87411
Tight multinomial,Ink,639,0.776606
Tight multinomial,Ink,640,0.938697
Tight multinomial,Ink,641,0.916218
Tight multinomial,Ink,642,0.864434
Tight multinomial,Ink,643,0.890566
Tight multinomial,Ink,644,0.751867
Tight multinomial,Ink,645,0.790293
Tight multinomial,Ink,646,0.913929
Tight multinomial,Ink,647,0.852661
Tight multinomial,Ink,648,0.887523
Tight multinomial,Ink,649,0.914891
Tight multinomial,Ink,650,0.858263
Tight multinomial,Ink,651,0.781186
Tight multinomial,Ink,652,0.711515
Tight multinomial,Ink,653,0.928292
Tight multinomial,Ink,654,0.924702
Tight multinomial,Ink,655,0.839005
Tight multinomial,Ink,656,0.745242
Tight multinomial,Ink,657,0.94433
Tight multinomial,Ink,658,0.890609
Tight multinomial,Ink,659,0.848634
Tight multinomial,Ink,660,0.92005
Tight multinomial,Ink,661,0.889583
Tight multinomial,Ink,662,0.961571
Tight multinomial,Ink,663,0.955221
Tight multinomial,Ink,664,0.794933
Tight multinomial,Ink,665,0.95884
Tight multinomial,Ink,666,0.895844
Tight multinomial,Ink,667,0.83277
Tight multinomial,Ink,668,0.721656
Tight multinomial,Ink,669,0.753152
Tight multinomial,Ink,670,0.797838
Tight multinomial,Ink,671,0.967605
Tight multinomial,Ink,672,0.869223
Tight multinomial,Ink,673,0.955661
Tight multinomial,Ink,674,0.823679
Tight multinomial,Ink,675,0.84771
Tight multinomial,Ink,676,0.917185
Tight multinomial,Ink,677,0.718221
Tight multinomial,Ink,678,0.857906
Tight multinomial,Ink,679,0.727109
Tight multinomial,Ink,680,0.96094
Tight multinomial,Ink,681,0.872672
Tight multinomial,Ink,682,0.866839
Tight multinomial,Ink,683,0.786593
Tight multinomial,Ink,684,0.670921
Tight multinomial,Ink,685,0.887806
Tight multinomial,Ink,686,0.78003
Tight multinomial,Ink,687,0.863705
Tight multinomial,Ink,688,0.682065
Tight multinomial,Ink,689,0.643443
Tight multinomial,Ink,690,0.956576
Tight multinomial,Ink,691,0.758026
Tight multinomial,Ink,692,0.83059
Tight multinomial,Ink,693,0.85032
Tight multinomial,Ink,694,0.788811
Tight multinomial,Ink,695,0.694676
Tight multinomial,Ink,696,0.804126
Tight multinomial,Ink,697,0.802213
Tight multinomial,Ink,698,0.909702
Tight multinomial,Ink,699,0.966743
Tight multinomial,Ink,700,0.884871
Tight multinomial,Ink,701,0.934651
Tight multinomial,Ink,702,0.927674
Tight multinomial,Ink,703,0.782894
Tight multinomial,Ink,704,0.969682
Tight multinomial,Ink,705,0.957954
Tight multinomial,Ink,706,0.836716
Tight multinomial,Ink,707,0.762308
Tight multinomial,Ink,708,0.846094
Tight multinomial,Ink,709,0.887295
Tight multinomial,Ink,710,0.923455
Tight multinomial,Ink,711,0.887889
Tight multinomial,Ink,712,0.95202
Tight multinomial,Ink,713,0.948218
Tight multinomial,Ink,715,0.815808
Tight multinomial,Ink,716,0.929707
Tight multinomial,Ink,717,0.795852
Tight multinomial,Ink,718,0.881365
Tight multinomial,Ink,719,0.82167
Tight multinomial,Ink,720,0.844547
Tight multinomial,Ink,721,0.791161
Tight multinomial,Ink,722,0.907351
Tight multinomial,Ink,723,0.858107
Tight multinomial,Ink,724,0.878022
Tight multinomial,Ink,725,0.862268
Tight multinomial,Ink,726,0.797164
Tight multinomial,Ink,727,0.779584
Tight multinomial,Ink,728,0.69697
Tight multinomial,Ink,729,0.772622
Tight multinomial,Ink,730,1.00486
Tight multinomial,Ink,731,0.613593
Tight multinomial,Ink,732,0.891116
Tight multinomial,Ink,733,0.735141
Tight multinomial,Ink,734,0.91709
Tight multinomial,Ink,735,0.70641
Tight multinomial,Ink,736,0.877032
Tight multinomial,Ink,737,0.745245
Tight multinomial,Ink,738,0.841086
Tight multinomial,Ink,739,0.83207
Tight multinomial,Ink,740,0.731476
Tight multinomial,Ink,741,0.791507
Tight multinomial,Ink,742,0.979316
Tight multinomial,Ink,743,0.976977
Tight multinomial,Ink,744,0.937027
Tight multinomial,Ink,745,0.699997
Tight multinomial,Ink,746,0.857665
Tight multinomial,Ink,747,0.962729
Tight multinomial,Ink,748,0.966682
Tight multinomial,Ink,749,0.920201
Tight multinomial,Ink,750,0.918103
Tight multinomial,Ink,751,0.982217
Tight multinomial,Ink,752,0.859299
Tight multinomial,Ink,753,0.872998
Tight multinomial,Ink,754,0.965102
Tight multinomial,Ink,755,0.727151
Tight multinomial,Ink,756,0.749449
Tight multinomial,Ink,757,0.924661
Tight multinomial,Ink,758,0.977274
Tight multinomial,Ink,759,0.897879
Tight multinomial,Ink,760,0.581795
Tight multinomial,Ink,761,0.872437
Tight multinomial,Ink,762,0.794147
Tight multinomial,Ink,763,0.846641
Tight multinomial,Ink,764,0.793446
Tight multinomial,Ink,765,0.916001
Tight multinomial,Ink,766,0.864283
Tight multinomial,Ink,767,0.906902
Tight multinomial,Ink,768,0.798737
Tight multinomial,Ink,769,0.810429
Tight multinomial,Ink,770,1.04211
Tight multinomial,Ink,771,0.739946
Tight multinomial,Ink,772,0.8676
Tight multinomial,Ink,773,0.896339
Tight multinomial,Ink,774,0.766646
Tight multinomial,Ink,775,0.927829
Tight multinomial,Ink,776,0.680627
Tight multinomial,Ink,777,0.802879
Tight multinomial,Ink,778,0.880882
Tight multinomial,Ink,779,0.880628
Tight multinomial,Ink,780,0.947425
Tight multinomial,Ink,781,0.847921
Tight multinomial,Ink,782,0.797292
Tight multinomial,Ink,783,0.867023
Tight multinomial,Ink,784,0.782136
Tight multinomial,Ink,785,0.889808
Tight multinomial,Ink,786,0.59199
Tight multinomial,Ink,787,0.694583
Tight multinomial,Ink,788,0.937907
Tight multinomial,Ink,789,0.681326
Tight multinomial,Ink,790,0.753499
Tight multinomial,Ink,791,0.726601
Tight multinomial,Ink,792,0.813546
Tight multinomial,Ink,793,0.840222
Tight multinomial,Ink,794,0.893378
Tight multinomial,Ink,795,0.627394
Tight multinomial,Ink,796,0.813259
Tight multinomial,Ink,798,0.907363
Tight multinomial,Ink,799,0.743629
Tight multinomial,Ink,800,0.945337
Tight multinomial,Ink,801,0.994108
Tight multinomial,Ink,802,0.929419
Tight multinomial,Ink,803,0.848979
Tight multinomial,Ink,804,0.882998
Tight multinomial,Ink,805,0.848404
Tight multinomial,Ink,806,0.972603
Tight multinomial,Ink,807,0.929592
Tight multinomial,Ink,808,0.977719
Tight multinomial,Ink,809,0.741839
Tight multinomial,Ink,810,0.942393
Tight multinomial,Ink,811,0.774142
Tight multinomial,Ink,812,0.854385
Tight multinomial,Ink,814,0.96254
Tight multinomial,Ink,815,0.922906
Tight multinomial,Ink,816,0.815097
Tight multinomial,Ink,817,1.00166
Tight multinomial,Ink,818,0.832048
Tight multinomial,Ink,820,0.77421
Tight multinomial,Ink,821,0.844909
Tight multinomial,Ink,822,0.901447
Tight multinomial,Ink,823,0.730689
Tight multinomial,Ink,824,0.94038
Tight multinomial,Ink,825,0.939041
Tight multinomial,Ink,826,0.872481
Tight multinomial,Ink,827,0.88659
Tight multinomial,Ink,828,0.703919
Tight multinomial,Ink,829,0.917903
Tight multinomial,Ink,830,0.837216
Tight multinomial,Ink,831,0.970638
Tight multinomial,Ink,832,0.834307
Tight multinomial,Ink,833,0.894946
Tight multinomial,Ink,834,0.927864
Tight multinomial,Ink,835,0.834284
Tight multinomial,Ink,836,0.901275
Tight multinomial,Ink,837,0.790234
Tight multinomial,Ink,838,0.862143
Tight multinomial,Ink,839,0.811383
Tight multinomial,Ink,840,0.92342900000000006
Tight multinomial,Ink,841,0.804981
Tight multinomial,Ink,842,0.983288
Tight multinomial,Ink,843,0.733778
Tight multinomial,Ink,844,1.01314
Tight multinomial,Ink,845,0.722655
Tight multinomial,Ink,846,0.89171
Tight multinomial,Ink,847,0.774861
Tight multinomial,Ink,848,0.680805
Tight multinomial,Ink,849,0.698535
Tight multinomial,Ink,850,0.933546
Tight multinomial,Ink,851,0.66399
Tight multinomial,Ink,852,0.966338
Tight multinomial,Ink,853,0.853344
Tight multinomial,Ink,854,0.888231
Tight multinomial,Ink,855,0.882425
Tight multinomial,Ink,856,0.966569
Tight multinomial,Ink,857,0.857485
Tight multinomial,Ink,858,0.772601
Tight multinomial,Ink,859,0.791176
Tight multinomial,Ink,860,0.848034
Tight multinomial,Ink,861,0.770567
Tight multinomial,Ink,862,0.89026
Tight multinomial,Ink,863,0.830859
Tight multinomial,Ink,864,0.820227
Tight multinomial,Ink,865,1.01629
Tight multinomial,Ink,866,0.945314
Tight multinomial,Ink,867,0.67233
Tight multinomial,Ink,868,0.910799
Tight multinomial,Ink,869,0.752817
Tight multinomial,Ink,870,0.731881
Tight multinomial,Ink,871,0.786709
Tight multinomial,Ink,872,0.792059
Tight multinomial,Ink,873,0.776163
Tight multinomial,Ink,874,0.823697
Tight multinomial,Ink,875,0.859911
Tight multinomial,Ink,876,0.848402
Tight multinomial,Ink,878,0.965255
Tight multinomial,Ink,879,0.814307
Tight multinomial,Ink,880,0.933181
Tight multinomial,Ink,882,0.943028
Tight multinomial,Ink,883,0.73012
Tight multinomial,Ink,884,0.89002
Tight multinomial,Ink,885,0.659531
Tight multinomial,Ink,886,1.01146
Tight multinomial,Ink,887,0.733809
Tight multinomial,Ink,888,0.914694
Tight multinomial,Ink,889,0.740591
Tight multinomial,Ink,890,0.89828
Tight multinomial,Ink,891,0.796872
Tight multinomial,Ink,892,0.889931
Tight multinomial,Ink,893,0.866979
Tight multinomial,Ink,894,0.824611
Tight multinomial,Ink,895,0.815322
Tight multinomial,Ink,896,0.790835
Tight multinomial,Ink,897,0.818199
Tight multinomial,Ink,898,0.822211
Tight multinomial,Ink,899,0.824459
Tight multinomial,Ink,900,0.746168
Tight multinomial,Ink,901,0.856781
Tight multinomial,Ink,902,0.934936
Tight multinomial,Ink,903,0.802701
Tight multinomial,Ink,904,0.821713
Tight multinomial,Ink,905,0.702858
Tight multinomial,Ink,906,0.889848
Tight multinomial,Ink,907,0.962457
Tight multinomial,Ink,908,0.869961
Tight multinomial,Ink,909,0.955926
Tight multinomial,Ink,910,1.00311
Tight multinomial,Ink,911,0.926411
Tight multinomial,Ink,912,0.985119
Tight multinomial,Ink,913,0.959928
Tight multinomial,Ink,914,0.867509
Tight multinomial,Ink,915,0.624594
Tight multinomial,Ink,916,0.87623
Tight multinomial,Ink,917,0.969821
Tight multinomial,Ink,918,0.791861
Tight multinomial,Ink,919,0.985076
Tight multinomial,Ink,920,0.935795
Tight multinomial,Ink,921,0.930719
Tight multinomial,Ink,922,0.683097
Tight multinomial,Ink,923,0.98951
Tight multinomial,Ink,924,0.998029
Tight multinomial,Ink,925,1.04048
Tight multinomial,Ink,926,0.830047
Tight multinomial,Ink,927,0.714945
Tight multinomial,Ink,928,1.01851
Tight multinomial,Ink,929,0.827822
Tight multinomial,Ink,930,0.918562
Tight multinomial,Ink,931,0.779252
Tight multinomial,Ink,932,0.952866
Tight multinomial,Ink,934,0.758237
Tight multinomial,Ink,935,0.949979
Tight multinomial,Ink,936,0.821487
Tight multinomial,Ink,937,0.831683
Tight multinomial,Ink,938,0.894893
Tight multinomial,Ink,939,0.804623
Tight multinomial,Ink,940,0.919745
Tight multinomial,Ink,941,0.832213
Tight multinomial,Ink,942,0.784283
Tight multinomial,Ink,943,0.767729
Tight multinomial,Ink,944,0.867089
Tight multinomial,Ink,945,0.794434
Tight multinomial,Ink,946,0.890427
Tight multinomial,Ink,947,0.578449
Tight multinomial,Ink,948,0.906926
Tight multinomial,Ink,949,0.758015
Tight multinomial,Ink,950,0.817688
Tight multinomial,Ink,951,0.866727
Tight multinomial,Ink,952,0.931859
Tight multinomial,Ink,953,0.8477
Tight multinomial,Ink,954,0.967686
Tight multinomial,Ink,955,1.04439
Tight multinomial,Ink,956,0.717678
Tight multinomial,Ink,957,0.940854
Tight multinomial,Ink,958,0.789227
Tight multinomial,Ink,959,0.892047
Tight multinomial,Ink,960,0.940803
Tight multinomial,Ink,961,0.798949
Tight multinomial,Ink,962,0.811182
Tight multinomial,Ink,963,0.720768
Tight multinomial,Ink,964,0.827145
Tight multinomial,Ink,965,0.891937
Tight multinomial,Ink,966,0.721712
Tight multinomial,Ink,967,0.986425
Tight multinomial,Ink,968,0.843105
Tight multinomial,Ink,969,0.818794
Tight multinomial,Ink,970,0.817702
Tight multinomial,Ink,971,0.755935
Tight multinomial,Ink,972,0.761869
Tight multinomial,Ink,973,0.785744
Tight multinomial,Ink,974,0.821503
Tight multinomial,Ink,975,0.846507
Tight multinomial,Ink,976,0.843077
Tight multinomial,Ink,977,0.820141
Tight multinomial,Ink,978,0.847671
Tight multinomial,Ink,979,0.845415
Tight multinomial,Ink,980,0.830357
Tight multinomial,Ink,981,0.863685
Tight multinomial,Ink,982,0.948159
Tight multinomial,Ink,983,0.87694
Tight multinomial,Ink,984,0.888986
Tight multinomial,Ink,985,0.784971
Tight multinomial,Ink,986,0.708927
Tight multinomial,Ink,987,0.745245
Tight multinomial,Ink,988,0.797026
Tight multinomial,Ink,989,0.914574
Tight multinomial,Ink,990,0.681097
Tight multinomial,Ink,991,0.863377
Tight multinomial,Ink,992,0.762828
Tight multinomial,Ink,993,0.851751
Tight multinomial,Ink,994,0.926672
Tight multinomial,Ink,995,0.873593
Tight multinomial,Ink,996,0.755241
Tight multinomial,Ink,997,0.951241
Tight multinomial,Ink,998,0.932083
Tight multinomial,Ink,999,0.866811
Tight multinomial,Ink,1000,0.907214
Tight multinomial,Ink,1001,0.816494
Tight multinomial,Ink,1002,0.59624
Tight multinomial,Ink,1003,0.957158
Tight multinomial,Ink,1004,0.972013
Tight multinomial,Ink,1005,0.678568
Tight multinomial,Ink,1006,1.01248
Tight multinomial,Ink,1007,0.771252
Tight multinomial,Ink,1009,0.758136
Tight multinomial,Ink,1010,0.887706
Tight multinomial,Ink,1011,0.899693
Tight multinomial,Ink,1012,0.914034
Tight multinomial,Ink,1013,0.981651
Tight multinomial,Ink,1014,0.931596
Tight multinomial,Ink,1015,0.988456
Tight multinomial,Ink,1016,0.936502
Tight multinomial,Ink,1017,0.960397
Tight multinomial,Ink,1018,0.696825
Tight multinomial,Ink,1019,0.910283
Tight multinomial,Ink,1021,0.785134
Tight multinomial,Ink,1022,0.834412
Tight multinomial,Ink,1023,0.748123
Tight multinomial,Ink,1024,0.744467
Tight multinomial,Ink,1025,0.875056
Tight multinomial,Ink,1026,0.955186
Tight multinomial,Ink,1027,0.948378
Tight multinomial,Ink,1028,0.904866
Tight multinomial,Ink,1029,0.755237
Tight multinomial,Ink,1030,0.864692
Tight multinomial,Ink,1031,0.750489
Tight multinomial,Ink,1032,0.910685
Tight multinomial,Ink,1033,0.813367
Tight multinomial,Ink,1035,0.924392
Tight multinomial,Ink,1036,0.882855
Tight multinomial,Ink,1037,0.952479
Tight multinomial,Ink,1038,0.837067
Tight multinomial,Ink,1039,0.934932
Tight multinomial,Ink,1040,0.923397
Tight multinomial,Ink,1041,0.783325
Tight multinomial,Ink,1042,0.61228
Tight multinomial,Ink,1043,0.848811
Tight multinomial,Ink,1044,0.847394
Tight multinomial,Ink,1045,0.819497
Tight multinomial,Ink,1046,0.832108
Tight multinomial,Ink,1047,0.929384
Tight multinomial,Ink,1048,0.828715
Tight multinomial,Ink,1049,0.941293
Tight multinomial,Ink,1050,0.789625
Tight multinomial,Ink,1051,0.879277
Tight multinomial,Ink,1052,0.878609
Tight multinomial,Ink,1053,0.868854
Tight multinomial,Ink,1054,0.807273
Tight multinomial,Ink,1055,0.896384
Tight multinomial,Ink,1056,1.0213
Tight multinomial,Ink,1057,0.699155
Tight multinomial,Ink,1058,0.958199
Tight multinomial,Ink,1059,0.791528
Tight multinomial,Ink,1060,0.853017
Tight multinomial,Ink,1061,0.736838
Tight multinomial,Ink,1062,0.833188
Tight multinomial,Ink,1063,0.921895
Tight multinomial,Ink,1064,0.73086
Tight multinomial,Ink,1065,0.890011
Tight multinomial,Ink,1066,0.874528
Tight multinomial,Ink,1067,0.722393
Tight multinomial,Ink,1068,0.858038
Tight multinomial,Ink,1069,0.765908
Tight multinomial,Ink,1070,0.773268
Tight multinomial,Ink,1071,0.844762
Tight multinomial,Ink,1072,0.885541
Tight multinomial,Ink,1073,0.86409
Tight multinomial,Ink,1074,0.923168
Tight multinomial,Ink,1075,0.995783
Tight multinomial,Ink,1076,0.811629
Tight multinomial,Ink,1077,0.978331
Tight multinomial,Ink,1078,0.710591
Tight multinomial,Ink,1079,0.836707
Tight multinomial,Ink,1080,0.941418
Tight multinomial,Ink,1081,0.918644
Tight multinomial,Ink,1082,0.837714
Tight multinomial,Ink,1083,0.838919
Tight multinomial,Ink,1084,0.963776
Tight multinomial,Ink,1085,0.748599
Tight multinomial,Ink,1086,0.738461
Tight multinomial,Ink,1087,0.767004
Tight multinomial,Ink,1088,0.9284
Tight multinomial,Ink,1089,0.904417
Tight multinomial,Ink,1090,0.98277
Tight multinomial,Ink,1091,0.867219
Tight multinomial,Ink,1092,0.881644
Tight multinomial,Ink,1093,0.799213
Tight multinomial,Ink,1094,0.87118
Tight multinomial,Ink,1095,0.921103
Tight multinomial,Ink,1096,0.867736
Tight multinomial,Ink,1097,0.971204
Tight multinomial,Ink,1098,0.856019
Tight multinomial,Ink,1099,0.714701
Tight multinomial,Ink,1100,0.856954
Tight multinomial,Ink,1101,0.761827
Tight multinomial,Ink,1102,0.890502
Tight multinomial,Ink,1103,0.634095
Tight multinomial,Ink,1104,0.698241
Tight multinomial,Ink,1105,0.840591
Tight multinomial,Ink,1106,0.763905
Tight multinomial,Ink,1107,0.799023
Tight multinomial,Ink,1108,0.799479
Tight multinomial,Ink,1109,0.751127
Tight multinomial,Ink,1110,0.818725
Tight multinomial,Ink,1112,0.862324
Tight multinomial,Ink,1113,1.01071
Tight multinomial,Ink,1114,0.745804
Tight multinomial,Ink,1115,0.998537
Tight multinomial,Ink,1116,0.704339
Tight multinomial,Ink,1117,1.00113
Tight multinomial,Ink,1118,0.862884
Tight multinomial,Ink,1119,0.750651
Tight multinomial,Ink,1120,0.910558
Tight multinomial,Ink,1121,0.993138
Tight multinomial,Ink,1122,0.763017
Tight multinomial,Ink,1123,0.869581
Tight multinomial,Ink,1124,0.885958
Tight multinomial,Ink,1125,0.913539
Tight multinomial,Ink,1126,0.834398
Tight multinomial,Ink,1127,0.831117
Tight multinomial,Ink,1128,0.89582
Tight multinomial,Ink,1129,0.929337
Tight multinomial,Ink,1130,0.782975
Tight multinomial,Ink,1131,0.961038
Tight multinomial,Ink,1132,0.859864
Tight multinomial,Ink,1133,0.660253
Tight multinomial,Ink,1134,0.869148
Tight multinomial,Ink,1135,0.885414
Tight multinomial,Ink,1136,0.87316
Tight multinomial,Ink,1137,0.843354
Tight multinomial,Ink,1138,0.929415
Tight multinomial,Ink,1139,0.922
Tight multinomial,Ink,1140,0.809877
Tight multinomial,Ink,1141,0.762857
Tight multinomial,Ink,1142,0.880482
Tight multinomial,Ink,1143,0.709004
Tight multinomial,Ink,1144,0.911479
Tight multinomial,Ink,1145,0.88568
Tight multinomial,Ink,1146,0.823414
Tight multinomial,Ink,1147,0.761001
Tight multinomial,Ink,1148,0.952379
Tight multinomial,Ink,1149,0.892752
Tight multinomial,Ink,1150,0.893095
Tight multinomial,Ink,1152,0.863882
Tight multinomial,Ink,1153,0.779374
Tight multinomial,Ink,1154,0.92199
Tight multinomial,Ink,1155,0.874523
Tight multinomial,Ink,1156,0.911367
Tight multinomial,Ink,1157,0.803982
Tight multinomial,Ink,1158,0.907053
Tight multinomial,Ink,1159,0.786721
Tight multinomial,Ink,1160,0.945874
Tight multinomial,Ink,1161,0.971032
Tight multinomial,Ink,1162,0.878462
Tight multinomial,Ink,1164,0.900661
Tight multinomial,Ink,1165,0.779665
Tight multinomial,Ink,1166,0.915543
Tight multinomial,Ink,1167,1.05016
Tight multinomial,Ink,1168,0.994429
Tight multinomial,Ink,1169,0.658137
Tight multinomial,Ink,1170,0.587414
Tight multinomial,Ink,1171,0.84685
Tight multinomial,Ink,1172,0.652987
Tight multinomial,Ink,1173,0.936741
Tight multinomial,Ink,1174,0.704379
Tight multinomial,Ink,1175,0.844011
Tight multinomial,Ink,1176,0.905653
Tight multinomial,Ink,1177,0.848097
Tight multinomial,Ink,1178,0.8872
Tight multinomial,Ink,1179,0.965547
Tight multinomial,Ink,1180,0.955694
Tight multinomial,Ink,1181,0.994814
Tight multinomial,Ink,1182,0.957136
Tight multinomial,Ink,1183,0.661675
Tight multinomial,Ink,1184,0.64137
Tight multinomial,Ink,1185,0.836388
Tight multinomial,Ink,1186,0.831591
Tight multinomial,Ink,1187,0.823747
Tight multinomial,Ink,1188,0.741037
Tight multinomial,Ink,1189,0.915937
Tight multinomial,Ink,1190,0.803117
Tight multinomial,Ink,1191,0.894644
Tight multinomial,Ink,1192,0.898129
Tight multinomial,Ink,1193,0.749164
Tight multinomial,Ink,1194,0.707157
Tight multinomial,Ink,1195,0.718532
Tight multinomial,Ink,1196,0.954458
Tight multinomial,Ink,1197,0.906027
Tight multinomial,Ink,1198,0.953373
Tight multinomial,Ink,1199,0.694979
Tight multinomial,Ink,1200,0.800898
Tight multinomial,Ink,1201,0.797073
Tight multinomial,Ink,1202,0.916474
Tight multinomial,Ink,1203,0.961671
Tight multinomial,Ink,1204,0.873749
Tight multinomial,Ink,1205,0.853332
Tight multinomial,Ink,1206,0.821174
Tight multinomial,Ink,1207,0.972746
Tight multinomial,Ink,1208,0.832332
Tight multinomial,Ink,1209,0.849466
Tight multinomial,Ink,1210,0.720747
Tight multinomial,Ink,1212,0.775712
Tight multinomial,Ink,1213,0.864013
Tight multinomial,Ink,1214,0.788426
Tight multinomial,Ink,1215,0.86627
Tight multinomial,Ink,1216,0.950446
Tight multinomial,Ink,1217,0.820358
Tight multinomial,Ink,1218,0.861502
Tight multinomial,Ink,1219,0.796292
Tight multinomial,Ink,1220,0.837054
Tight multinomial,Ink,1221,0.784295
Tight multinomial,Ink,1222,0.853498
Tight multinomial,Ink,1223,0.848125
Tight multinomial,Ink,1224,0.711131
Tight multinomial,Ink,1226,0.855161
Tight multinomial,Ink,1227,0.915344
Tight multinomial,Ink,1228,0.729395
Tight multinomial,Ink,1229,0.840455
Tight multinomial,Ink,1230,0.846459
Tight multinomial,Ink,1231,0.765227
Tight multinomial,Ink,1232,0.741655
Tight multinomial,Ink,1233,0.82838
Tight multinomial,Ink,1234,0.984985
Tight multinomial,Ink,1235,0.657344
Tight multinomial,Ink,1236,0.834932
Tight multinomial,Ink,1237,0.913463
Tight multinomial,Ink,1238,0.847981
Tight multinomial,Ink,1239,0.819559
Tight multinomial,Ink,1240,0.926236
Tight multinomial,Ink,1241,0.845523
Tight multinomial,Ink,1242,0.950561
Tight multinomial,Ink,1243,0.663963
Tight multinomial,Ink,1244,0.907356
Tight multinomial,Ink,1245,0.945449
Tight multinomial,Ink,1246,0.7785
Tight multinomial,Ink,1247,0.926125
Tight multinomial,Ink,1248,0.877583
Tight multinomial,Ink,1249,0.977952
Tight multinomial,Ink,1250,0.955777
Tight multinomial,Ink,1251,0.925949
Tight multinomial,Ink,1252,0.904148
Tight multinomial,Ink,1253,0.871738
Tight multinomial,Ink,1254,0.671336
Tight multinomial,Ink,1255,0.920053
Tight multinomial,Ink,1256,0.888223
Tight multinomial,Ink,1257,0.96421
Tight multinomial,Ink,1258,0.80818
Tight multinomial,Ink,1259,0.800837
Tight multinomial,Ink,1260,0.831467
Tight multinomial,Ink,1261,0.869049
Tight multinomial,Ink,1262,0.990007
Tight multinomial,Ink,1263,0.80872
Tight multinomial,Ink,1264,0.876297
Tight multinomial,Ink,1265,0.831286
Tight multinomial,Ink,1266,0.998526
Tight multinomial,Ink,1267,0.922246
Tight multinomial,Ink,1268,0.813492
Tight multinomial,Ink,1269,0.758108
Tight multinomial,Ink,1270,0.897038
Tight multinomial,Ink,1271,0.559742
Tight multinomial,Ink,1272,0.693284
Tight multinomial,Ink,1273,0.826277
Tight multinomial,Ink,1274,0.820118
Tight multinomial,Ink,1275,0.81168
Tight multinomial,Ink,1276,0.871962
Tight multinomial,Ink,1277,0.952807
Tight multinomial,Ink,1278,0.819239
Tight multinomial,Ink,1279,0.933365
Tight multinomial,Ink,1281,0.870312
Tight multinomial,Ink,1282,0.956055
Tight multinomial,Ink,1283,0.925352
Tight multinomial,Ink,1284,0.905157
Tight multinomial,Ink,1285,0.8378
Tight multinomial,Ink,1286,0.938699
Tight multinomial,Ink,1287,0.944872
Tight multinomial,Ink,1288,0.907849
Tight multinomial,Ink,1289,0.878164
Tight multinomial,Ink,1290,0.914234
Tight multinomial,Ink,1291,0.665279
Tight multinomial,Ink,1292,0.705714
Tight multinomial,Ink,1293,0.903011
Tight multinomial,Ink,1294,0.667018
Tight multinomial,Ink,1295,1.01076
Tight multinomial,Ink,1296,0.959301
Tight multinomial,Ink,1297,0.980901
Tight multinomial,Ink,1298,0.798876
Tight multinomial,Ink,1299,0.889051
Tight multinomial,Ink,1300,0.795414
Tight multinomial,Ink,1301,0.841297
Tight multinomial,Ink,1302,0.674753
Tight multinomial,Ink,1303,0.972745
Tight multinomial,Ink,1304,0.881199
Tight multinomial,Ink,1305,0.892918
Tight multinomial,Ink,1306,0.926466
Tight multinomial,Ink,1307,0.78992
Tight multinomial,Ink,1308,0.948106
Tight multinomial,Ink,1309,0.790132
Tight multinomial,Ink,1310,0.687158
Tight multinomial,Ink,1311,0.900509
Tight multinomial,Ink,1312,0.94131
Tight multinomial,Ink,1313,0.960807
Tight multinomial,Ink,1314,0.781397
Tight multinomial,Ink,1315,0.804439
Tight multinomial,Ink,1316,0.753329
Tight multinomial,Ink,1317,1.04275
Tight multinomial,Ink,1318,0.940891
Tight multinomial,Ink,1319,0.726567
Tight multinomial,Ink,1320,0.937088
Tight multinomial,Ink,1321,0.79487
Tight multinomial,Ink,1322,0.815495
Tight multinomial,Ink,1323,1.03879
Tight multinomial,Ink,1324,0.920039
Tight multinomial,Ink,1325,0.842272
Tight multinomial,Ink,1326,0.879664
Tight multinomial,Ink,1327,0.86787
Tight multinomial,Ink,1328,0.752799
Tight multinomial,Ink,1329,0.942088
Tight multinomial,Ink,1330,0.898578
Tight multinomial,Ink,1331,0.881259
Tight multinomial,Ink,1332,0.763005
Tight multinomial,Ink,1333,0.933434
Tight multinomial,Ink,1334,0.929506
Tight multinomial,Ink,1335,0.867948
Tight multinomial,Ink,1336,0.815287
Tight multinomial,Ink,1337,0.848043
Tight multinomial,Ink,1338,0.729008
Tight multinomial,Ink,1339,0.792662
Tight multinomial,Ink,1340,0.932123
Tight multinomial,Ink,1341,0.82319
Tight multinomial,Ink,1342,0.795743
Tight multinomial,Ink,1343,1.00809
Tight multinomial,Ink,1344,0.618786
Tight multinomial,Ink,1345,0.930987
Tight multinomial,Ink,1346,0.790381
Tight multinomial,Ink,1347,0.896128
Tight multinomial,Ink,1348,0.998431
Tight multinomial,Ink,1349,0.752253
Tight multinomial,Ink,1350,0.939273
Tight multinomial,Ink,1351,0.918976
Tight multinomial,Ink,1353,0.835411
Tight multinomial,Ink,1354,0.838892
Tight multinomial,Ink,1355,0.903008
Tight multinomial,Ink,1356,0.789682
Tight multinomial,Ink,1357,0.895809
Tight multinomial,Ink,1358,0.91193
Tight multinomial,Ink,1359,0.810607
Tight multinomial,Ink,1360,0.96259
Tight multinomial,Ink,1361,0.844589
Tight multinomial,Ink,1362,0.945032
Tight multinomial,Ink,1363,0.641711
Tight multinomial,Ink,1364,0.937712
Tight multinomial,Ink,1365,0.768118
Tight multinomial,Ink,1366,0.932025
Tight multinomial,Ink,1367,0.807551
Tight multinomial,Ink,1368,0.911684
Tight multinomial,Ink,1369,0.944944
Tight multinomial,Ink,1370,0.848422
Tight multinomial,Ink,1371,0.708516
Tight multinomial,Ink,1372,0.916584
Tight multinomial,Ink,1373,0.800729
Tight multinomial,Ink,1374,0.926551
Tight multinomial,Ink,1375,0.801928
Tight multinomial,Ink,1376,0.780904
Tight multinomial,Ink,1377,0.914685
Tight multinomial,Ink,1378,0.799273
Tight multinomial,Ink,1379,0.925662
Tight multinomial,Ink,1380,0.888112
Tight multinomial,Ink,1381,0.906801
Tight multinomial,Ink,1382,0.828414
Tight multinomial,Ink,1383,0.801181
Tight multinomial,Ink,1384,0.901424
Tight multinomial,Ink,1385,0.767784
Tight multinomial,Ink,1386,0.846798
Tight multinomial,Ink,1387,0.856823
Tight multinomial,Ink,1388,0.934706
Tight multinomial,Ink,1389,0.712588
Tight multinomial,Ink,1390,0.591458
Tight multinomial,Ink,1391,0.857072
Tight multinomial,Ink,1392,0.905059
Tight multinomial,Ink,1393,0.827144
Tight multinomial,Ink,1394,0.841208
Tight multinomial,Ink,1395,0.913672
Tight multinomial,Ink,1396,0.781316
Tight multinomial,Ink,1397,0.826722
Tight multinomial,Ink,1398,0.801037
Tight multinomial,Ink,1399,0.642689
Tight multinomial,Ink,1400,0.743276
Tight multinomial,Ink,1401,0.842483
Tight multinomial,Ink,1402,0.746965
Tight multinomial,Ink,1403,0.661072
Tight multinomial,Ink,1404,0.724781
Tight multinomial,Ink,1405,0.908213
Tight multinomial,Ink,1406,1.00115
Tight multinomial,Ink,1407,0.637669
Tight multinomial,Ink,1408,0.753194
Tight multinomial,Ink,1409,0.713569
Tight multinomial,Ink,1410,0.750219
Tight multinomial,Ink,1411,0.959798
Tight multinomial,Ink,1412,0.757938
Tight multinomial,Ink,1413,0.903198
Tight multinomial,Ink,1414,0.927795
Tight multinomial,Ink,1415,0.918752
Tight multinomial,Ink,1416,0.940819
Tight multinomial,Ink,1417,0.768223
Tight multinomial,Ink,1418,0.763904
Tight multinomial,Ink,1419,0.882261
Tight multinomial,Ink,1420,0.771613
Tight multinomial,Ink,1421,0.939992
Tight multinomial,Ink,1422,0.960697
Tight multinomial,Ink,1423,0.869253
Tight multinomial,Ink,1425,0.842381
Tight multinomial,Ink,1426,0.89409
Tight multinomial,Ink,1427,0.784796
Tight multinomial,Ink,1428,0.962816
Tight multinomial,Ink,1429,0.834286
Tight multinomial,Ink,1430,0.840906
Tight multinomial,Ink,1431,0.760634
Tight multinomial,Ink,1432,0.964714
Tight multinomial,Ink,1433,0.78466
Tight multinomial,Ink,1434,0.681757
Tight multinomial,Ink,1435,0.756101
Tight multinomial,Ink,1436,0.902174
Tight multinomial,Ink,1437,0.820039
Tight multinomial,Ink,1438,0.813787
Tight multinomial,Ink,1439,0.858204
Tight multinomial,Ink,1440,0.873199
Tight multinomial,Ink,1441,0.916016
Tight multinomial,Ink,1442,0.826779
Tight multinomial,Ink,1443,0.974212
Tight multinomial,Ink,1444,0.927518
Tight multinomial,Ink,1445,0.607357
Tight multinomial,Ink,1446,1.02195
Tight multinomial,Ink,1447,0.842497
Tight multinomial,Ink,1448,0.79856799999999994
Tight multinomial,Ink,1449,0.92208
Tight multinomial,Ink,1450,0.973826
Tight multinomial,Ink,1451,0.770649
Tight multinomial,Ink,1452,0.82615
Tight multinomial,Ink,1453,0.846401
Tight multinomial,Ink,1454,0.959177
Tight multinomial,Ink,1455,0.959147
Tight multinomial,Ink,1456,0.898605
Tight multinomial,Ink,1457,0.889218
Tight multinomial,Ink,1458,0.824618
Tight multinomial,Ink,1459,0.970511
Tight multinomial,Ink,1460,0.6994
Tight multinomial,Ink,1461,0.952361
Tight multinomial,Ink,1462,0.755901
Tight multinomial,Ink,1463,0.893663
Tight multinomial,Ink,1464,0.849668
Tight multinomial,Ink,1465,1.01972
Tight multinomial,Ink,1466,0.787928
Tight multinomial,Ink,1467,0.773448
Tight multinomial,Ink,1468,0.779913
Tight multinomial,Ink,1470,0.708935
Tight multinomial,Ink,1471,0.821639
Tight multinomial,Ink,1472,0.902901
Tight multinomial,Ink,1473,0.951549
Tight multinomial,Ink,1474,0.750117
Tight multinomial,Ink,1475,0.897336
Tight multinomial,Ink,1476,0.856566
Tight multinomial,Ink,1477,0.931458
Tight multinomial,Ink,1478,0.941022
Tight multinomial,Ink,1479,0.775512
Tight multinomial,Ink,1480,1.01701
Tight multinomial,Ink,1481,0.709951
Tight multinomial,Ink,1482,0.918551
Tight multinomial,Ink,1483,0.873933
Tight multinomial,Ink,1484,0.7228
Tight multinomial,Ink,1485,0.975269
Tight multinomial,Ink,1486,0.718278
Tight multinomial,Ink,1487,0.974287
Tight multinomial,Ink,1488,0.647658
Tight multinomial,Ink,1489,1.05604
Tight multinomial,Ink,1490,1.01961
Tight multinomial,Ink,1491,0.854288
Tight multinomial,Ink,1492,0.773629
Tight multinomial,Ink,1493,1.00799
Tight multinomial,Ink,1494,0.923644
Tight multinomial,Ink,1495,0.875335
Tight multinomial,Ink,1496,1.04756
Tight multinomial,Ink,1497,0.931921
Tight multinomial,Ink,1498,0.959842
Tight multinomial,Ink,1499,0.715341
Tight multinomial,Ink,1500,1.04378
Tight multinomial,Ink,1501,0.96639
Tight multinomial,Ink,1502,1.04868
Tight multinomial,Ink,1503,0.990795
Tight multinomial,Ink,1504,0.997044
Tight multinomial,Ink,1505,0.984695
Tight multinomial,Ink,1506,1.00037
Tight multinomial,Ink,1507,0.847839
Tight multinomial,Ink,1508,0.85292
Tight multinomial,Ink,1509,0.72739
Tight multinomial,Ink,1510,0.772487
Tight multinomial,Ink,1511,0.914481
Tight multinomial,Ink,1512,0.811299
Tight multinomial,Ink,1513,0.79766
Tight multinomial,Ink,1514,0.816036
Tight multinomial,Ink,1515,0.922662
Tight multinomial,Ink,1516,0.725837
Tight multinomial,Ink,1517,0.980849
Tight multinomial,Ink,1518,0.734245
Tight multinomial,Ink,1519,0.813397
Tight multinomial,Ink,1520,0.920352
Tight multinomial,Ink,1521,0.8125
Tight multinomial,Ink,1522,0.738686
Tight multinomial,Ink,1523,0.903273
Tight multinomial,Ink,1524,0.925423
Tight multinomial,Ink,1525,0.950011
Tight multinomial,Ink,1526,0.838688
Tight multinomial,Ink,1527,0.821048
Tight multinomial,Ink,1528,0.874135
Tight multinomial,Ink,1529,0.921155
Tight multinomial,Ink,1530,0.893089
Tight multinomial,Ink,1531,0.872349
Tight multinomial,Ink,1532,0.888273
Tight multinomial,Ink,1533,0.850698
Tight multinomial,Ink,1534,0.69639
Tight multinomial,Ink,1535,0.815086
Tight multinomial,Ink,1536,1.0164
Tight multinomial,Ink,1537,0.854406
Tight multinomial,Ink,1538,0.995646
Tight multinomial,Ink,1539,0.86447
Tight multinomial,Ink,1540,0.908656
Tight multinomial,Ink,1542,0.876967
Tight multinomial,Ink,1543,0.806872
Tight multinomial,Ink,1544,0.816041
Tight multinomial,Ink,1545,0.839737
Tight multinomial,Ink,1546,0.889434
Tight multinomial,Ink,1547,0.857083
Tight multinomial,Ink,1548,0.761707
Tight multinomial,Ink,1549,0.821033
Tight multinomial,Ink,1550,0.602453
Tight multinomial,Ink,1551,0.954268
Tight multinomial,Ink,1552,0.753394
Tight multinomial,Ink,1553,0.705628
Tight multinomial,Ink,1554,0.814642
Tight multinomial,Ink,1556,0.806001
Tight multinomial,Ink,1557,0.679815
Tight multinomial,Ink,1558,0.588844
Tight multinomial,Ink,1559,0.879018
Tight multinomial,Ink,1560,0.89169
Tight multinomial,Ink,1561,0.733809
Tight multinomial,Ink,1562,0.817425
Tight multinomial,Ink,1563,0.975593
Tight multinomial,Ink,1564,0.826275
Tight multinomial,Ink,1565,0.96807
Tight multinomial,Ink,1566,0.850538
Tight multinomial,Ink,1567,0.982809
Tight multinomial,Ink,1568,0.848753
Tight multinomial,Ink,1569,0.990675
Tight multinomial,Ink,1570,0.77630999999999994
Tight multinomial,Ink,1571,0.920706
Tight multinomial,Ink,1572,0.844304
Tight multinomial,Ink,1573,0.905139
Tight multinomial,Ink,1574,0.949261
Tight multinomial,Ink,1575,0.764732
Tight multinomial,Ink,1576,0.751972
Tight multinomial,Ink,1577,0.837359
Tight multinomial,Ink,1578,0.803586
Tight multinomial,Ink,1579,0.661029
Tight multinomial,Ink,1580,0.866217
Tight multinomial,Ink,1581,0.759443
Tight multinomial,Ink,1582,0.925776
Tight multinomial,Ink,1583,0.878089
Tight multinomial,Ink,1584,0.768987
Tight multinomial,Ink,1585,0.86359
Tight multinomial,Ink,1586,0.906609
Tight multinomial,Ink,1587,0.710406
Tight multinomial,Ink,1588,0.788284
Tight multinomial,Ink,1589,0.965265
Tight multinomial,Ink,1590,0.853056
Tight multinomial,Ink,1591,0.859127
Tight multinomial,Ink,1592,0.777563
Tight multinomial,Ink,1593,0.79944
Tight multinomial,Ink,1594,0.910873
Tight multinomial,Ink,1595,0.679376
Tight multinomial,Ink,1596,0.788081
Tight multinomial,Ink,1597,0.931261
Tight multinomial,Ink,1598,0.674017
Tight multinomial,Ink,1599,0.795767
Tight multinomial,Ink,1600,0.740145
Tight multinomial,Calendar,1,0.957639
Tight multinomial,Calendar,2,0.757993
Tight multinomial,Calendar,3,0.886306
Tight multinomial,Calendar,4,0.973592
Tight multinomial,Calendar,5,1.02446
Tight multinomial,Calendar,6,1.03949
Tight multinomial,Calendar,7,0.709241
Tight multinomial,Calendar,8,0.776291
Tight multinomial,Calendar,9,0.949028
Tight multinomial,Calendar,10,0.951785
Tight multinomial,Calendar,11,0.948252
Tight multinomial,Calendar,12,0.933839
Tight multinomial,Calendar,13,0.933031
Tight multinomial,Calendar,14,0.959674
Tight multinomial,Calendar,15,0.958374
Tight multinomial,Calendar,16,0.971486
Tight multinomial,Calendar,17,0.726608
Tight multinomial,Calendar,18,1.00151
Tight multinomial,Calendar,19,0.949641
Tight multinomial,Calendar,20,0.732545
Tight multinomial,Calendar,21,0.719175
Tight multinomial,Calendar,22,0.921153
Tight multinomial,Calendar,23,0.726192
Tight multinomial,Calendar,24,0.833511
Tight multinomial,Calendar,25,1.01301
Tight multinomial,Calendar,26,1.10547
Tight multinomial,Calendar,27,0.931661
Tight multinomial,Calendar,28,0.991736
Tight multinomial,Calendar,29,0.808303
Tight multinomial,Calendar,30,0.900958
Tight multinomial,Calendar,31,0.9533
Tight multinomial,Calendar,32,0.957306
Tight multinomial,Calendar,33,0.904654
Tight multinomial,Calendar,34,0.740736
Tight multinomial,Calendar,35,0.929729
Tight multinomial,Calendar,36,0.842065
Tight multinomial,Calendar,37,1.00785
Tight multinomial,Calendar,38,0.770612
Tight multinomial,Calendar,39,0.987496
Tight multinomial,Calendar,40,0.967154
Tight multinomial,Calendar,41,1.03935
Tight multinomial,Calendar,42,0.931047
Tight multinomial,Calendar,43,0.973208
Tight multinomial,Calendar,44,1.00666
Tight multinomial,Calendar,45,0.924266
Tight multinomial,Calendar,46,1.05831
Tight multinomial,Calendar,47,0.970904
Tight multinomial,Calendar,48,0.838004
Tight multinomial,Calendar,49,0.891284
Tight multinomial,Calendar,50,0.955532
Tight multinomial,Calendar,51,0.930589
Tight multinomial,Calendar,52,0.950694
Tight multinomial,Calendar,53,0.949252
Tight multinomial,Calendar,54,1.08743
Tight multinomial,Calendar,55,1.13655
Tight multinomial,Calendar,56,0.888976
Tight multinomial,Calendar,57,1.01022
Tight multinomial,Calendar,58,0.963813
Tight multinomial,Calendar,59,0.921223
Tight multinomial,Calendar,60,0.975748
Tight multinomial,Calendar,61,0.835813
Tight multinomial,Calendar,62,0.833765
Tight multinomial,Calendar,63,0.881268
Tight multinomial,Calendar,64,0.861797
Tight multinomial,Calendar,65,0.927151
Tight multinomial,Calendar,66,0.885778
Tight multinomial,Calendar,67,0.924134
Tight multinomial,Calendar,68,0.838634
Tight multinomial,Calendar,69,0.974999
Tight multinomial,Calendar,70,0.980245
Tight multinomial,Calendar,71,0.971462
Tight multinomial,Calendar,72,0.990166
Tight multinomial,Calendar,73,0.83701
Tight multinomial,Calendar,74,1.07739
Tight multinomial,Calendar,75,0.999386
Tight multinomial,Calendar,76,0.78165
Tight multinomial,Calendar,77,0.967834
Tight multinomial,Calendar,78,0.860825
Tight multinomial,Calendar,79,0.97146
Tight multinomial,Calendar,80,0.986949
Tight multinomial,Calendar,81,0.9267
Tight multinomial,Calendar,82,1.07251
Tight multinomial,Calendar,83,0.900469
Tight multinomial,Calendar,84,0.917036
Tight multinomial,Calendar,85,0.923565
Tight multinomial,Calendar,86,0.930157
Tight multinomial,Calendar,87,0.91172
Tight multinomial,Calendar,88,0.910935
Tight multinomial,Calendar,89,0.784145
Tight multinomial,Calendar,90,0.870268
Tight multinomial,Calendar,91,0.909131
Tight multinomial,Calendar,92,1.03899
Tight multinomial,Calendar,93,0.912683
Tight multinomial,Calendar,94,0.849479
Tight multinomial,Calendar,95,0.971369
Tight multinomial,Calendar,96,0.944553
Tight multinomial,Calendar,97,0.879919
Tight multinomial,Calendar,98,0.917461
Tight multinomial,Calendar,99,0.864308
Tight multinomial,Calendar,100,0.78581
Tight multinomial,Calendar,101,0.848469
Tight multinomial,Calendar,102,0.880926
Tight multinomial,Calendar,103,0.868879
Tight multinomial,Calendar,104,0.737495
Tight multinomial,Calendar,105,0.915478
Tight multinomial,Calendar,106,0.859604
Tight multinomial,Calendar,107,1.04478
Tight multinomial,Calendar,108,0.719908
Tight multinomial,Calendar,109,1.06714
Tight multinomial,Calendar,110,0.965444
Tight multinomial,Calendar,111,0.926402
Tight multinomial,Calendar,112,0.918518
Tight multinomial,Calendar,113,0.980902
Tight multinomial,Calendar,114,0.93405
Tight multinomial,Calendar,115,1.08976
Tight multinomial,Calendar,116,0.959107
Tight multinomial,Calendar,117,0.801474
Tight multinomial,Calendar,118,0.978898
Tight multinomial,Calendar,119,0.789578
Tight multinomial,Calendar,120,0.972333
Tight multinomial,Calendar,121,0.703377
Tight multinomial,Calendar,122,0.89619
Tight multinomial,Calendar,123,0.860908
Tight multinomial,Calendar,124,0.780245
Tight multinomial,Calendar,125,1.05027
Tight multinomial,Calendar,126,0.806412
Tight multinomial,Calendar,127,0.677738
Tight multinomial,Calendar,128,0.875703
Tight multinomial,Calendar,129,0.921601
Tight multinomial,Calendar,130,0.875967
Tight multinomial,Calendar,131,0.887725
Tight multinomial,Calendar,132,1.06921
Tight multinomial,Calendar,133,0.753518
Tight multinomial,Calendar,134,0.892893
Tight multinomial,Calendar,135,0.887494
Tight multinomial,Calendar,136,0.936615
Tight multinomial,Calendar,137,0.999428
Tight multinomial,Calendar,139,0.913967
Tight multinomial,Calendar,140,0.892332
Tight multinomial,Calendar,141,0.953014
Tight multinomial,Calendar,142,0.992944
Tight multinomial,Calendar,143,1.00343
Tight multinomial,Calendar,144,0.859695
Tight multinomial,Calendar,145,0.902974
Tight multinomial,Calendar,146,0.771109
Tight multinomial,Calendar,147,0.893513
Tight multinomial,Calendar,148,0.887956
Tight multinomial,Calendar,149,0.718119
Tight multinomial,Calendar,150,0.909895
Tight multinomial,Calendar,151,0.832638
Tight multinomial,Calendar,152,0.857417
Tight multinomial,Calendar,153,0.865812
Tight multinomial,Calendar,154,0.964827
Tight multinomial,Calendar,155,0.924872
Tight multinomial,Calendar,156,0.971654
Tight multinomial,Calendar,157,0.914855
Tight multinomial,Calendar,158,0.922325
Tight multinomial,Calendar,159,0.917203
Tight multinomial,Calendar,160,0.92794
Tight multinomial,Calendar,161,0.962591
Tight multinomial,Calendar,162,0.95721
Tight multinomial,Calendar,163,0.947603
Tight multinomial,Calendar,164,0.91672
Tight multinomial,Calendar,165,0.952478
Tight multinomial,Calendar,166,0.897763
Tight multinomial,Calendar,167,0.813618
Tight multinomial,Calendar,168,0.647438
Tight multinomial,Calendar,169,1.07689
Tight multinomial,Calendar,170,0.815223
Tight multinomial,Calendar,171,0.958388
Tight multinomial,Calendar,172,0.940227
Tight multinomial,Calendar,173,0.844097
Tight multinomial,Calendar,174,0.88506
Tight multinomial,Calendar,175,0.859801
Tight multinomial,Calendar,176,1.04
Tight multinomial,Calendar,177,0.908447
Tight multinomial,Calendar,178,0.981232
Tight multinomial,Calendar,179,0.954789
Tight multinomial,Calendar,180,1.066
Tight multinomial,Calendar,181,1.06804
Tight multinomial,Calendar,182,1.07328
Tight multinomial,Calendar,183,1.08682
Tight multinomial,Calendar,185,0.827122
Tight multinomial,Calendar,186,0.964211
Tight multinomial,Calendar,188,0.960335
Tight multinomial,Calendar,189,1.15123
Tight multinomial,Calendar,190,1.08455
Tight multinomial,Calendar,191,0.910959
Tight multinomial,Calendar,192,0.869741
Tight multinomial,Calendar,193,1.07818
Tight multinomial,Calendar,194,0.961554
Tight multinomial,Calendar,195,0.885628
Tight multinomial,Calendar,196,0.795202
Tight multinomial,Calendar,197,0.962646
Tight multinomial,Calendar,198,0.932052
Tight multinomial,Calendar,199,0.899928
Tight multinomial,Calendar,200,0.927312
Tight multinomial,Calendar,201,0.995195
Tight multinomial,Calendar,202,0.874144
Tight multinomial,Calendar,203,0.987868
Tight multinomial,Calendar,204,0.932228
Tight multinomial,Calendar,205,0.936218
Tight multinomial,Calendar,206,0.828627
Tight multinomial,Calendar,207,0.846903
Tight multinomial,Calendar,208,0.942351
Tight multinomial,Calendar,209,1.03286
Tight multinomial,Calendar,210,1.01613
Tight multinomial,Calendar,211,0.901275
Tight multinomial,Calendar,212,0.92009
Tight multinomial,Calendar,213,0.987753
Tight multinomial,Calendar,214,1.0187
Tight multinomial,Calendar,215,0.925171
Tight multinomial,Calendar,216,0.879261
Tight multinomial,Calendar,217,1.0367
Tight multinomial,Calendar,218,0.821484
Tight multinomial,Calendar,219,0.84225
Tight multinomial,Calendar,220,0.87389
Tight multinomial,Calendar,221,0.952007
Tight multinomial,Calendar,222,0.894038
Tight multinomial,Calendar,223,0.940153
Tight multinomial,Calendar,224,0.91847
Tight multinomial,Calendar,225,1.11899
Tight multinomial,Calendar,226,0.940146
Tight multinomial,Calendar,227,0.84332
Tight multinomial,Calendar,228,0.97598
Tight multinomial,Calendar,229,1.01769
Tight multinomial,Calendar,230,0.928072
Tight multinomial,Calendar,231,0.939169
Tight multinomial,Calendar,232,1.02598
Tight multinomial,Calendar,233,0.984503
Tight multinomial,Calendar,234,0.960379
Tight multinomial,Calendar,235,0.994679
Tight multinomial,Calendar,236,0.996732
Tight multinomial,Calendar,237,0.98646
Tight multinomial,Calendar,238,0.996876
Tight multinomial,Calendar,239,0.911222
Tight multinomial,Calendar,240,0.956677
Tight multinomial,Calendar,241,0.925694
Tight multinomial,Calendar,242,0.905217
Tight multinomial,Calendar,243,1.05216
Tight multinomial,Calendar,244,1.04354
Tight multinomial,Calendar,245,1.04641
Tight multinomial,Calendar,246,0.9073
Tight multinomial,Calendar,247,0.805937
Tight multinomial,Calendar,248,0.783667
Tight multinomial,Calendar,249,0.981373
Tight multinomial,Calendar,250,0.937259
Tight multinomial,Calendar,251,0.905601
Tight multinomial,Calendar,252,0.94381
Tight multinomial,Calendar,253,0.974294
Tight multinomial,Calendar,254,0.962474
Tight multinomial,Calendar,255,0.864303
Tight multinomial,Calendar,256,0.894381
Tight multinomial,Calendar,257,0.919682
Tight multinomial,Calendar,258,0.952915
Tight multinomial,Calendar,259,1.0027
Tight multinomial,Calendar,260,0.743368
Tight multinomial,Calendar,261,0.946165
Tight multinomial,Calendar,262,0.96152
Tight multinomial,Calendar,263,0.96207
Tight multinomial,Calendar,264,0.862803
Tight multinomial,Calendar,265,1.06593
Tight multinomial,Calendar,266,0.900118
Tight multinomial,Calendar,267,0.753029
Tight multinomial,Calendar,268,0.778533
Tight multinomial,Calendar,269,0.866387
Tight multinomial,Calendar,270,0.824742
Tight multinomial,Calendar,271,1.08038
Tight multinomial,Calendar,272,1.03977
Tight multinomial,Calendar,273,0.872133
Tight multinomial,Calendar,274,0.94588
Tight multinomial,Calendar,275,1.01352
Tight multinomial,Calendar,276,0.960111
Tight multinomial,Calendar,277,1.03652
Tight multinomial,Calendar,278,0.864589
Tight multinomial,Calendar,279,0.968921
Tight multinomial,Calendar,280,0.843747
Tight multinomial,Calendar,281,0.872437
Tight multinomial,Calendar,282,1.01334
Tight multinomial,Calendar,283,0.722442
Tight multinomial,Calendar,284,0.953402
Tight multinomial,Calendar,285,0.92019
Tight multinomial,Calendar,286,0.962167
Tight multinomial,Calendar,287,0.951473
Tight multinomial,Calendar,288,0.938444
Tight multinomial,Calendar,289,0.980763
Tight multinomial,Calendar,290,0.999779
Tight multinomial,Calendar,291,0.885682
Tight multinomial,Calendar,292,0.917658
Tight multinomial,Calendar,293,0.856161
Tight multinomial,Calendar,294,0.980687
Tight multinomial,Calendar,295,0.976921
Tight multinomial,Calendar,296,0.938419
Tight multinomial,Calendar,297,0.985547
Tight multinomial,Calendar,298,0.937291
Tight multinomial,Calendar,299,0.860279
Tight multinomial,Calendar,300,0.843289
Tight multinomial,Calendar,301,0.996662
Tight multinomial,Calendar,302,0.950852
Tight multinomial,Calendar,303,1.05581
Tight multinomial,Calendar,304,0.870885
Tight multinomial,Calendar,305,1.00553
Tight multinomial,Calendar,306,0.809405
Tight multinomial,Calendar,307,0.844929
Tight multinomial,Calendar,308,0.925753
Tight multinomial,Calendar,309,0.982014
Tight multinomial,Calendar,310,0.825553
Tight multinomial,Calendar,311,1.03448
Tight multinomial,Calendar,312,0.86567
Tight multinomial,Calendar,313,0.875797
Tight multinomial,Calendar,314,0.917956
Tight multinomial,Calendar,315,0.927706
Tight multinomial,Calendar,316,0.964862
Tight multinomial,Calendar,317,0.895523
Tight multinomial,Calendar,318,0.880084
Tight multinomial,Calendar,319,0.90347
Tight multinomial,Calendar,320,1.06355
Tight multinomial,Calendar,321,0.822317
Tight multinomial,Calendar,322,0.905493
Tight multinomial,Calendar,323,0.936316
Tight multinomial,Calendar,324,0.959244
Tight multinomial,Calendar,325,0.897678
Tight multinomial,Calendar,326,1.00725
Tight multinomial,Calendar,327,0.972202
Tight multinomial,Calendar,328,0.960486
Tight multinomial,Calendar,329,0.984415
Tight multinomial,Calendar,330,0.87691
Tight multinomial,Calendar,331,0.866338
Tight multinomial,Calendar,332,0.855025
Tight multinomial,Calendar,333,0.866547
Tight multinomial,Calendar,334,0.966949
Tight multinomial,Calendar,335,0.892408
Tight multinomial,Calendar,336,0.831639
Tight multinomial,Calendar,337,1.0228
Tight multinomial,Calendar,338,0.740826
Tight multinomial,Calendar,339,0.80325
Tight multinomial,Calendar,340,0.933025
Tight multinomial,Calendar,341,0.899976
Tight multinomial,Calendar,342,1.08118
Tight multinomial,Calendar,343,0.83142
Tight multinomial,Calendar,344,0.925441
Tight multinomial,Calendar,345,0.776905
Tight multinomial,Calendar,346,1.05607
Tight multinomial,Calendar,347,0.759484
Tight multinomial,Calendar,348,0.91254
Tight multinomial,Calendar,349,0.872232
Tight multinomial,Calendar,350,0.989172
Tight multinomial,Calendar,351,1.02048
Tight multinomial,Calendar,352,1.00073
Tight multinomial,Calendar,353,0.78288
Tight multinomial,Calendar,354,0.873308
Tight multinomial,Calendar,355,1.03586
Tight multinomial,Calendar,356,0.7976
Tight multinomial,Calendar,357,0.975191
Tight multinomial,Calendar,358,0.871881
Tight multinomial,Calendar,359,1.03413
Tight multinomial,Calendar,360,0.872026
Tight multinomial,Calendar,361,0.914807
Tight multinomial,Calendar,362,0.894996
Tight multinomial,Calendar,363,0.971793
Tight multinomial,Calendar,364,0.958169
Tight multinomial,Calendar,365,0.854364
Tight multinomial,Calendar,366,0.959495
Tight multinomial,Calendar,367,0.885034
Tight multinomial,Calendar,368,1.01622
Tight multinomial,Calendar,369,0.987393
Tight multinomial,Calendar,370,0.744385
Tight multinomial,Calendar,371,0.891069
Tight multinomial,Calendar,372,0.927095
Tight multinomial,Calendar,373,0.905627
Tight multinomial,Calendar,374,1.00696
Tight multinomial,Calendar,375,0.79029
Tight multinomial,Calendar,376,1.05471
Tight multinomial,Calendar,377,0.917548
Tight multinomial,Calendar,378,0.998775
Tight multinomial,Calendar,379,0.781797
Tight multinomial,Calendar,380,0.906316
Tight multinomial,Calendar,381,0.955199
Tight multinomial,Calendar,382,0.931539
Tight multinomial,Calendar,383,0.730789
Tight multinomial,Calendar,384,0.845824
Tight multinomial,Calendar,385,1.01119
Tight multinomial,Calendar,386,0.975076
Tight multinomial,Calendar,387,0.94954
Tight multinomial,Calendar,388,1.11067
Tight multinomial,Calendar,389,1.02488
Tight multinomial,Calendar,390,0.976828
Tight multinomial,Calendar,391,0.500798
Tight multinomial,Calendar,392,1.01721
Tight multinomial,Calendar,393,0.804614
Tight multinomial,Calendar,394,1.05315
Tight multinomial,Calendar,395,0.902101
Tight multinomial,Calendar,396,1.06429
Tight multinomial,Calendar,397,0.998985
Tight multinomial,Calendar,398,1.05642
Tight multinomial,Calendar,399,0.878398
Tight multinomial,Calendar,400,0.844971
Tight multinomial,Calendar,401,1.0863
Tight multinomial,Calendar,402,0.864052
Tight multinomial,Calendar,403,0.907649
Tight multinomial,Calendar,404,0.978442
Tight multinomial,Calendar,405,0.83943
Tight multinomial,Calendar,406,0.908257
Tight multinomial,Calendar,407,0.792272
Tight multinomial,Calendar,408,1.00155
Tight multinomial,Calendar,409,0.824164
Tight multinomial,Calendar,410,1.01669
Tight multinomial,Calendar,411,0.843082
Tight multinomial,Calendar,412,0.841617
Tight multinomial,Calendar,413,0.881176
Tight multinomial,Calendar,414,0.924815
Tight multinomial,Calendar,416,0.968745
Tight multinomial,Calendar,417,0.699171
Tight multinomial,Calendar,418,0.964326
Tight multinomial,Calendar,419,1.03298
Tight multinomial,Calendar,420,0.706211
Tight multinomial,Calendar,421,0.953095
Tight multinomial,Calendar,422,0.918728
Tight multinomial,Calendar,423,1.01251
Tight multinomial,Calendar,424,0.955086
Tight multinomial,Calendar,425,0.982588
Tight multinomial,Calendar,426,0.90093
Tight multinomial,Calendar,427,0.960434
Tight multinomial,Calendar,428,0.868681
Tight multinomial,Calendar,429,1.01789
Tight multinomial,Calendar,430,0.778022
Tight multinomial,Calendar,431,0.797478
Tight multinomial,Calendar,432,0.98209900000000006
Tight multinomial,Calendar,433,0.800918
Tight multinomial,Calendar,434,0.874058
Tight multinomial,Calendar,435,0.986866
Tight multinomial,Calendar,436,0.782293
Tight multinomial,Calendar,437,0.8994
Tight multinomial,Calendar,438,0.896939
Tight multinomial,Calendar,439,0.980805
Tight multinomial,Calendar,440,0.899495
Tight multinomial,Calendar,441,0.740979
Tight multinomial,Calendar,442,1.0836
Tight multinomial,Calendar,443,0.731749
Tight multinomial,Calendar,444,1.10951
Tight multinomial,Calendar,445,0.851618
Tight multinomial,Calendar,446,1.05834
Tight multinomial,Calendar,447,0.744249
Tight multinomial,Calendar,448,0.907597
Tight multinomial,Calendar,449,0.854313
Tight multinomial,Calendar,450,1.03789
Tight multinomial,Calendar,451,0.930413
Tight multinomial,Calendar,452,0.761945
Tight multinomial,Calendar,453,1.12439
Tight multinomial,Calendar,454,1.01403
Tight multinomial,Calendar,455,0.848484
Tight multinomial,Calendar,456,1.07341
Tight multinomial,Calendar,457,0.832789
Tight multinomial,Calendar,458,0.873783
Tight multinomial,Calendar,459,1.10511
Tight multinomial,Calendar,460,0.84032
Tight multinomial,Calendar,461,0.953186
Tight multinomial,Calendar,462,0.829928
Tight multinomial,Calendar,463,0.869747
Tight multinomial,Calendar,464,0.973562
Tight multinomial,Calendar,465,0.984048
Tight multinomial,Calendar,466,0.877239
Tight multinomial,Calendar,467,1.02216
Tight multinomial,Calendar,468,0.889022
Tight multinomial,Calendar,469,0.88471
Tight multinomial,Calendar,470,0.938423
Tight multinomial,Calendar,472,0.902514
Tight multinomial,Calendar,473,0.963962
Tight multinomial,Calendar,474,0.933775
Tight multinomial,Calendar,475,0.923609
Tight multinomial,Calendar,476,0.972803
Tight multinomial,Calendar,477,0.784568
Tight multinomial,Calendar,478,0.990912
Tight multinomial,Calendar,479,1.00607
Tight multinomial,Calendar,480,0.854555
Tight multinomial,Calendar,481,0.854137
Tight multinomial,Calendar,482,1.01357
Tight multinomial,Calendar,483,0.988923
Tight multinomial,Calendar,484,0.755589
Tight multinomial,Calendar,485,1.02691
Tight multinomial,Calendar,486,0.806917
Tight multinomial,Calendar,487,1.00607
Tight multinomial,Calendar,488,0.870831
Tight multinomial,Calendar,489,0.960933
Tight multinomial,Calendar,490,0.914366
Tight multinomial,Calendar,491,0.930361
Tight multinomial,Calendar,492,0.963826
Tight multinomial,Calendar,493,0.95069
Tight multinomial,Calendar,494,0.701398
Tight multinomial,Calendar,495,1.1734
Tight multinomial,Calendar,496,0.829114
Tight multinomial,Calendar,497,1.03564
Tight multinomial,Calendar,498,0.899658
Tight multinomial,Calendar,499,0.782009
Tight multinomial,Calendar,500,0.856018
Tight multinomial,Calendar,501,0.964748
Tight multinomial,Calendar,502,0.998394
Tight multinomial,Calendar,503,0.968857
Tight multinomial,Calendar,504,0.981758
Tight multinomial,Calendar,505,0.938924
Tight multinomial,Calendar,506,1.06095
Tight multinomial,Calendar,507,0.900322
Tight multinomial,Calendar,508,0.878418
Tight multinomial,Calendar,509,1.05381
Tight multinomial,Calendar,510,0.806254
Tight multinomial,Calendar,511,0.895191
Tight multinomial,Calendar,512,0.89766
Tight multinomial,Calendar,513,0.774079
Tight multinomial,Calendar,514,0.661715
Tight multinomial,Calendar,515,1.08933
Tight multinomial,Calendar,516,0.852899
Tight multinomial,Calendar,517,1.04219
Tight multinomial,Calendar,518,0.869276
Tight multinomial,Calendar,519,0.970528
Tight multinomial,Calendar,520,0.875237
Tight multinomial,Calendar,521,0.881659
Tight multinomial,Calendar,522,1.04846
Tight multinomial,Calendar,524,0.664649
Tight multinomial,Calendar,525,0.92514
Tight multinomial,Calendar,526,0.904225
Tight multinomial,Calendar,527,0.831865
Tight multinomial,Calendar,528,0.919263
Tight multinomial,Calendar,529,0.863738
Tight multinomial,Calendar,530,0.880871
Tight multinomial,Calendar,531,0.988836
Tight multinomial,Calendar,532,1.11493
Tight multinomial,Calendar,533,0.742254
Tight multinomial,Calendar,534,0.7326
Tight multinomial,Calendar,535,0.977478
Tight multinomial,Calendar,536,0.985674
Tight multinomial,Calendar,537,0.722293
Tight multinomial,Calendar,538,0.938455
Tight multinomial,Calendar,539,0.841017
Tight multinomial,Calendar,540,0.998562
Tight multinomial,Calendar,541,0.758191
Tight multinomial,Calendar,542,0.980586
Tight multinomial,Calendar,543,0.990779
Tight multinomial,Calendar,544,0.895276
Tight multinomial,Calendar,545,0.985042
Tight multinomial,Calendar,546,0.893932
Tight multinomial,Calendar,547,0.827072
Tight multinomial,Calendar,548,1.1161
Tight multinomial,Calendar,549,0.779283
Tight multinomial,Calendar,550,0.921074
Tight multinomial,Calendar,551,0.85134
Tight multinomial,Calendar,552,1.07654
Tight multinomial,Calendar,553,1.00541
Tight multinomial,Calendar,554,1.04678
Tight multinomial,Calendar,555,0.98297
Tight multinomial,Calendar,556,0.894451
Tight multinomial,Calendar,557,0.831949
Tight multinomial,Calendar,558,1.00481
Tight multinomial,Calendar,559,0.956869
Tight multinomial,Calendar,560,0.996938
Tight multinomial,Calendar,561,0.797829
Tight multinomial,Calendar,562,0.909507
Tight multinomial,Calendar,563,0.752986
Tight multinomial,Calendar,564,0.861739
Tight multinomial,Calendar,565,1.12619
Tight multinomial,Calendar,566,0.867817
Tight multinomial,Calendar,567,0.835886
Tight multinomial,Calendar,568,0.845422
Tight multinomial,Calendar,569,0.966787
Tight multinomial,Calendar,570,0.609145
Tight multinomial,Calendar,571,0.767956
Tight multinomial,Calendar,572,1.06283
Tight multinomial,Calendar,573,1.00064
Tight multinomial,Calendar,574,0.766258
Tight multinomial,Calendar,575,0.791413
Tight multinomial,Calendar,576,0.939902
Tight multinomial,Calendar,577,0.974585
Tight multinomial,Calendar,578,0.866245
Tight multinomial,Calendar,579,0.961777
Tight multinomial,Calendar,580,0.839569
Tight multinomial,Calendar,581,0.950111
Tight multinomial,Calendar,582,0.956799
Tight multinomial,Calendar,583,0.773629
Tight multinomial,Calendar,584,1.08259
Tight multinomial,Calendar,585,0.918273
Tight multinomial,Calendar,586,0.883167
Tight multinomial,Calendar,587,0.932726
Tight multinomial,Calendar,588,0.959121
Tight multinomial,Calendar,589,0.834075
Tight multinomial,Calendar,590,0.88898
Tight multinomial,Calendar,591,0.977092
Tight multinomial,Calendar,592,0.926531
Tight multinomial,Calendar,593,1.05572
Tight multinomial,Calendar,594,0.848479
Tight multinomial,Calendar,595,0.98278
Tight multinomial,Calendar,596,0.968129
Tight multinomial,Calendar,597,0.897432
Tight multinomial,Calendar,598,0.852899
Tight multinomial,Calendar,599,0.970608
Tight multinomial,Calendar,600,0.78806
Tight multinomial,Calendar,601,0.987936
Tight multinomial,Calendar,602,0.86045
Tight multinomial,Calendar,603,1.07421
Tight multinomial,Calendar,604,0.741944
Tight multinomial,Calendar,605,0.999792
Tight multinomial,Calendar,606,0.788265
Tight multinomial,Calendar,607,1.12948
Tight multinomial,Calendar,608,0.69564
Tight multinomial,Calendar,609,1.13836
Tight multinomial,Calendar,610,0.745178
Tight multinomial,Calendar,611,0.730969
Tight multinomial,Calendar,613,1.03029
Tight multinomial,Calendar,614,0.685469
Tight multinomial,Calendar,615,0.88552
Tight multinomial,Calendar,616,1.06053
Tight multinomial,Calendar,617,0.991963
Tight multinomial,Calendar,618,0.968531
Tight multinomial,Calendar,619,0.874666
Tight multinomial,Calendar,620,0.977869
Tight multinomial,Calendar,621,0.974345
Tight multinomial,Calendar,622,0.891661
Tight multinomial,Calendar,623,0.88082800000000006
Tight multinomial,Calendar,624,0.873042
Tight multinomial,Calendar,625,0.960315
Tight multinomial,Calendar,626,0.879484
Tight multinomial,Calendar,627,0.990701
Tight multinomial,Calendar,628,0.983066
Tight multinomial,Calendar,629,0.908789
Tight multinomial,Calendar,630,0.969097
Tight multinomial,Calendar,631,0.853345
Tight multinomial,Calendar,632,0.922295
Tight multinomial,Calendar,633,0.844468
Tight multinomial,Calendar,634,0.95738
Tight multinomial,Calendar,635,0.89495
Tight multinomial,Calendar,636,0.916326
Tight multinomial,Calendar,637,0.938086
Tight multinomial,Calendar,638,0.979123
Tight multinomial,Calendar,639,0.975992
Tight multinomial,Calendar,640,0.991507
Tight multinomial,Calendar,641,0.909826
Tight multinomial,Calendar,642,0.806065
Tight multinomial,Calendar,643,0.94787
Tight multinomial,Calendar,644,0.763094
Tight multinomial,Calendar,645,0.991584
Tight multinomial,Calendar,646,0.858888
Tight multinomial,Calendar,647,0.997158
Tight multinomial,Calendar,648,0.831247
Tight multinomial,Calendar,649,1.02795
Tight multinomial,Calendar,650,0.755266
Tight multinomial,Calendar,651,1.00405
Tight multinomial,Calendar,652,0.743955
Tight multinomial,Calendar,653,0.989868
Tight multinomial,Calendar,654,0.904182
Tight multinomial,Calendar,655,0.914954
Tight multinomial,Calendar,656,1.00782
Tight multinomial,Calendar,657,0.802032
Tight multinomial,Calendar,658,0.874712
Tight multinomial,Calendar,659,1.01329
Tight multinomial,Calendar,660,0.838098
Tight multinomial,Calendar,661,0.983455
Tight multinomial,Calendar,662,0.98431
Tight multinomial,Calendar,663,1.03177
Tight multinomial,Calendar,664,0.839597
Tight multinomial,Calendar,665,0.981975
Tight multinomial,Calendar,666,1.02485
Tight multinomial,Calendar,667,1.00092
Tight multinomial,Calendar,668,0.933457
Tight multinomial,Calendar,669,0.915503
Tight multinomial,Calendar,670,0.882859
Tight multinomial,Calendar,671,1.07435
Tight multinomial,Calendar,672,0.763328
Tight multinomial,Calendar,673,0.959088
Tight multinomial,Calendar,674,0.874304
Tight multinomial,Calendar,675,0.859808
Tight multinomial,Calendar,676,1.0962
Tight multinomial,Calendar,677,0.620616
Tight multinomial,Calendar,678,0.933629
Tight multinomial,Calendar,679,0.69449
Tight multinomial,Calendar,680,0.969048
Tight multinomial,Calendar,681,0.881036
Tight multinomial,Calendar,682,0.844668
Tight multinomial,Calendar,683,0.848194
Tight multinomial,Calendar,684,0.693075
Tight multinomial,Calendar,685,0.998904
Tight multinomial,Calendar,686,0.943901
Tight multinomial,Calendar,687,1.01432
Tight multinomial,Calendar,688,0.777899
Tight multinomial,Calendar,689,0.925847
Tight multinomial,Calendar,690,0.94372
Tight multinomial,Calendar,691,1.11926
Tight multinomial,Calendar,692,0.765295
Tight multinomial,Calendar,693,0.804305
Tight multinomial,Calendar,694,0.881499
Tight multinomial,Calendar,695,0.948432
Tight multinomial,Calendar,696,0.767297
Tight multinomial,Calendar,697,0.890501
Tight multinomial,Calendar,698,0.987385
Tight multinomial,Calendar,699,0.962913
Tight multinomial,Calendar,700,0.982735
Tight multinomial,Calendar,701,0.986539
Tight multinomial,Calendar,702,0.938704
Tight multinomial,Calendar,703,0.929494
Tight multinomial,Calendar,704,0.978236
Tight multinomial,Calendar,705,1.05716
Tight multinomial,Calendar,706,0.871748
Tight multinomial,Calendar,707,0.918434
Tight multinomial,Calendar,708,0.999265
Tight multinomial,Calendar,709,0.845545
Tight multinomial,Calendar,710,0.981257
Tight multinomial,Calendar,711,0.897614
Tight multinomial,Calendar,712,0.960274
Tight multinomial,Calendar,713,1.01103
Tight multinomial,Calendar,715,0.914052
Tight multinomial,Calendar,716,0.991026
Tight multinomial,Calendar,717,1.02439
Tight multinomial,Calendar,718,0.962871
Tight multinomial,Calendar,719,0.991306
Tight multinomial,Calendar,720,0.850259
Tight multinomial,Calendar,721,0.925644
Tight multinomial,Calendar,722,0.89921
Tight multinomial,Calendar,723,0.928867
Tight multinomial,Calendar,724,0.954493
Tight multinomial,Calendar,725,0.951795
Tight multinomial,Calendar,726,0.876229
Tight multinomial,Calendar,727,0.983074
Tight multinomial,Calendar,728,0.791102
Tight multinomial,Calendar,729,1.01167
Tight multinomial,Calendar,730,0.98265
Tight multinomial,Calendar,731,0.77653
Tight multinomial,Calendar,732,0.908005
Tight multinomial,Calendar,733,1.01078
Tight multinomial,Calendar,734,0.855312
Tight multinomial,Calendar,735,0.828876
Tight multinomial,Calendar,736,0.931197
Tight multinomial,Calendar,737,0.725141
Tight multinomial,Calendar,738,0.83576
Tight multinomial,Calendar,739,0.916827
Tight multinomial,Calendar,740,0.731532
Tight multinomial,Calendar,741,0.952301
Tight multinomial,Calendar,742,1.01728
Tight multinomial,Calendar,743,0.699635
Tight multinomial,Calendar,744,0.98369
Tight multinomial,Calendar,745,0.764305
Tight multinomial,Calendar,746,0.931535
Tight multinomial,Calendar,747,0.856623
Tight multinomial,Calendar,748,0.980843
Tight multinomial,Calendar,749,0.844247
Tight multinomial,Calendar,750,0.98814
Tight multinomial,Calendar,751,0.926721
Tight multinomial,Calendar,752,1.00732
Tight multinomial,Calendar,753,0.761985
Tight multinomial,Calendar,754,0.916463
Tight multinomial,Calendar,755,0.779886
Tight multinomial,Calendar,756,0.988687
Tight multinomial,Calendar,757,0.982409
Tight multinomial,Calendar,758,0.953469
Tight multinomial,Calendar,759,1.01982
Tight multinomial,Calendar,760,0.862851
Tight multinomial,Calendar,761,0.986977
Tight multinomial,Calendar,762,0.869983
Tight multinomial,Calendar,763,1.02014
Tight multinomial,Calendar,764,0.778722
Tight multinomial,Calendar,765,0.787935
Tight multinomial,Calendar,766,1.06273
Tight multinomial,Calendar,767,0.759693
Tight multinomial,Calendar,768,0.923696
Tight multinomial,Calendar,769,0.934695
Tight multinomial,Calendar,770,0.791474
Tight multinomial,Calendar,771,0.821102
Tight multinomial,Calendar,772,0.927809
Tight multinomial,Calendar,773,0.789931
Tight multinomial,Calendar,774,1.05407
Tight multinomial,Calendar,775,0.982495
Tight multinomial,Calendar,776,0.7343
Tight multinomial,Calendar,777,0.882721
Tight multinomial,Calendar,778,0.865578
Tight multinomial,Calendar,779,0.848347
Tight multinomial,Calendar,780,0.996185
Tight multinomial,Calendar,781,0.754817
Tight multinomial,Calendar,782,0.639407
Tight multinomial,Calendar,783,0.845841
Tight multinomial,Calendar,784,0.968453
Tight multinomial,Calendar,785,0.933696
Tight multinomial,Calendar,786,1.01296
Tight multinomial,Calendar,787,0.809477
Tight multinomial,Calendar,788,0.98298
Tight multinomial,Calendar,789,0.919066
Tight multinomial,Calendar,790,0.915952
Tight multinomial,Calendar,791,0.964392
Tight multinomial,Calendar,792,0.744398
Tight multinomial,Calendar,793,0.968411
Tight multinomial,Calendar,794,0.991716
Tight multinomial,Calendar,795,0.891135
Tight multinomial,Calendar,796,1.04245
Tight multinomial,Calendar,798,1.00811
Tight multinomial,Calendar,799,0.839332
Tight multinomial,Calendar,800,0.938452
Tight multinomial,Calendar,801,0.951184
Tight multinomial,Calendar,802,0.938731
Tight multinomial,Calendar,803,0.972367
Tight multinomial,Calendar,804,0.864962
Tight multinomial,Calendar,805,0.641959
Tight multinomial,Calendar,806,1.09385
Tight multinomial,Calendar,807,0.673458
Tight multinomial,Calendar,808,1.01183
Tight multinomial,Calendar,809,0.784477
Tight multinomial,Calendar,810,1.11864
Tight multinomial,Calendar,811,0.894507
Tight multinomial,Calendar,812,0.9702
Tight multinomial,Calendar,814,1.08502
Tight multinomial,Calendar,815,0.884275
Tight multinomial,Calendar,816,0.927185
Tight multinomial,Calendar,817,1.03774
Tight multinomial,Calendar,818,1.05621
Tight multinomial,Calendar,820,1.0175
Tight multinomial,Calendar,821,0.960255
Tight multinomial,Calendar,822,0.965094
Tight multinomial,Calendar,823,0.732297
Tight multinomial,Calendar,824,0.890327
Tight multinomial,Calendar,825,0.99711
Tight multinomial,Calendar,826,0.903613
Tight multinomial,Calendar,827,0.890773
Tight multinomial,Calendar,828,0.893746
Tight multinomial,Calendar,829,0.905455
Tight multinomial,Calendar,830,0.905922
Tight multinomial,Calendar,831,0.919585
Tight multinomial,Calendar,832,0.90528
Tight multinomial,Calendar,833,0.947514
Tight multinomial,Calendar,834,0.898529
Tight multinomial,Calendar,835,1.12697
Tight multinomial,Calendar,836,1.02993
Tight multinomial,Calendar,837,0.93688
Tight multinomial,Calendar,838,0.885008
Tight multinomial,Calendar,839,1.02176
Tight multinomial,Calendar,840,0.958573
Tight multinomial,Calendar,841,0.844253
Tight multinomial,Calendar,842,0.959546
Tight multinomial,Calendar,843,0.916714
Tight multinomial,Calendar,844,1.00887
Tight multinomial,Calendar,845,0.957287
Tight multinomial,Calendar,846,0.892967
Tight multinomial,Calendar,847,0.952368
Tight multinomial,Calendar,848,0.681959
Tight multinomial,Calendar,849,0.98492
Tight multinomial,Calendar,850,0.87292
Tight multinomial,Calendar,851,0.972016
Tight multinomial,Calendar,852,0.940226
Tight multinomial,Calendar,853,0.905019
Tight multinomial,Calendar,854,0.955508
Tight multinomial,Calendar,855,0.956576
Tight multinomial,Calendar,856,0.974051
Tight multinomial,Calendar,857,1.0232
Tight multinomial,Calendar,858,0.827191
Tight multinomial,Calendar,859,0.776218
Tight multinomial,Calendar,860,0.898107
Tight multinomial,Calendar,861,0.971289
Tight multinomial,Calendar,862,0.865291
Tight multinomial,Calendar,863,0.904994
Tight multinomial,Calendar,864,0.910551
Tight multinomial,Calendar,865,0.921587
Tight multinomial,Calendar,866,0.773468
Tight multinomial,Calendar,867,1.03698
Tight multinomial,Calendar,868,0.717719
Tight multinomial,Calendar,869,1.04766
Tight multinomial,Calendar,870,0.622194
Tight multinomial,Calendar,871,0.982065
Tight multinomial,Calendar,872,0.944235
Tight multinomial,Calendar,873,0.86796
Tight multinomial,Calendar,874,0.84595
Tight multinomial,Calendar,875,1.03589
Tight multinomial,Calendar,876,0.870642
Tight multinomial,Calendar,878,0.931811
Tight multinomial,Calendar,879,0.760576
Tight multinomial,Calendar,880,0.869697
Tight multinomial,Calendar,882,1.03733
Tight multinomial,Calendar,883,0.865251
Tight multinomial,Calendar,884,0.946175
Tight multinomial,Calendar,885,0.758626
Tight multinomial,Calendar,886,1.02109
Tight multinomial,Calendar,887,0.692033
Tight multinomial,Calendar,888,0.993459
Tight multinomial,Calendar,889,0.839509
Tight multinomial,Calendar,890,0.844451
Tight multinomial,Calendar,891,0.916248
Tight multinomial,Calendar,892,0.883271
Tight multinomial,Calendar,893,0.916393
Tight multinomial,Calendar,894,0.867264
Tight multinomial,Calendar,895,1.139
Tight multinomial,Calendar,896,0.826525
Tight multinomial,Calendar,897,0.876204
Tight multinomial,Calendar,898,0.809418
Tight multinomial,Calendar,899,0.982807
Tight multinomial,Calendar,900,0.80212
Tight multinomial,Calendar,901,0.999032
Tight multinomial,Calendar,902,0.943869
Tight multinomial,Calendar,903,1.07226
Tight multinomial,Calendar,904,0.755399
Tight multinomial,Calendar,905,1.01715
Tight multinomial,Calendar,906,0.833748
Tight multinomial,Calendar,907,0.967485
Tight multinomial,Calendar,908,0.923924
Tight multinomial,Calendar,909,0.887648
Tight multinomial,Calendar,910,1.04398
Tight multinomial,Calendar,911,0.962651
Tight multinomial,Calendar,912,1.04293
Tight multinomial,Calendar,913,0.893717
Tight multinomial,Calendar,914,0.961889
Tight multinomial,Calendar,915,0.913126
Tight multinomial,Calendar,916,0.858565
Tight multinomial,Calendar,917,1.03578
Tight multinomial,Calendar,918,0.832506
Tight multinomial,Calendar,919,1.03597
Tight multinomial,Calendar,920,1.17353
Tight multinomial,Calendar,921,0.884285
Tight multinomial,Calendar,922,1.00742
Tight multinomial,Calendar,923,0.800036
Tight multinomial,Calendar,924,1.05691
Tight multinomial,Calendar,925,0.769601
Tight multinomial,Calendar,926,1.09225
Tight multinomial,Calendar,927,0.701499
Tight multinomial,Calendar,928,0.9802
Tight multinomial,Calendar,929,0.840688
Tight multinomial,Calendar,930,0.924533
Tight multinomial,Calendar,931,1.03095
Tight multinomial,Calendar,932,0.806543
Tight multinomial,Calendar,934,0.939683
Tight multinomial,Calendar,935,0.917473
Tight multinomial,Calendar,936,0.939611
Tight multinomial,Calendar,937,0.705511
Tight multinomial,Calendar,938,0.936157
Tight multinomial,Calendar,939,0.766681
Tight multinomial,Calendar,940,0.95926
Tight multinomial,Calendar,941,0.793888
Tight multinomial,Calendar,942,0.996545
Tight multinomial,Calendar,943,0.876506
Tight multinomial,Calendar,944,0.842655
Tight multinomial,Calendar,945,1.01804
Tight multinomial,Calendar,946,0.889434
Tight multinomial,Calendar,947,0.847734
Tight multinomial,Calendar,948,0.803869
Tight multinomial,Calendar,949,0.818676
Tight multinomial,Calendar,950,0.985147
Tight multinomial,Calendar,951,0.931988
Tight multinomial,Calendar,952,0.735488
Tight multinomial,Calendar,953,0.885166
Tight multinomial,Calendar,954,0.710147
Tight multinomial,Calendar,955,0.943272
Tight multinomial,Calendar,956,0.964786
Tight multinomial,Calendar,957,0.867437
Tight multinomial,Calendar,958,0.891632
Tight multinomial,Calendar,959,0.979822
Tight multinomial,Calendar,960,0.815073
Tight multinomial,Calendar,961,0.937533
Tight multinomial,Calendar,962,0.931725
Tight multinomial,Calendar,963,0.823802
Tight multinomial,Calendar,964,0.954823
Tight multinomial,Calendar,965,0.980542
Tight multinomial,Calendar,966,0.845355
Tight multinomial,Calendar,967,0.997317
Tight multinomial,Calendar,968,0.901295
Tight multinomial,Calendar,969,1.02775
Tight multinomial,Calendar,970,0.661145
Tight multinomial,Calendar,971,0.934682
Tight multinomial,Calendar,972,0.84868
Tight multinomial,Calendar,973,0.966637
Tight multinomial,Calendar,974,0.852729
Tight multinomial,Calendar,975,0.952547
Tight multinomial,Calendar,976,0.920831
Tight multinomial,Calendar,977,0.890778
Tight multinomial,Calendar,978,1.04359
Tight multinomial,Calendar,979,0.882142
Tight multinomial,Calendar,980,0.971718
Tight multinomial,Calendar,981,1.02124
Tight multinomial,Calendar,982,0.865664
Tight multinomial,Calendar,983,1.0169
Tight multinomial,Calendar,984,0.859524
Tight multinomial,Calendar,985,0.865175
Tight multinomial,Calendar,986,0.985178
Tight multinomial,Calendar,987,0.820295
Tight multinomial,Calendar,988,1.00144
Tight multinomial,Calendar,989,0.922114
Tight multinomial,Calendar,990,0.986395
Tight multinomial,Calendar,991,0.941472
Tight multinomial,Calendar,992,0.934658
Tight multinomial,Calendar,993,1.20071
Tight multinomial,Calendar,994,1.04432
Tight multinomial,Calendar,995,0.799963
Tight multinomial,Calendar,996,0.766929
Tight multinomial,Calendar,997,0.976778
Tight multinomial,Calendar,998,0.962495
Tight multinomial,Calendar,999,1.00437
Tight multinomial,Calendar,1000,0.893569
Tight multinomial,Calendar,1001,1.02807
Tight multinomial,Calendar,1002,0.683537
Tight multinomial,Calendar,1003,0.952795
Tight multinomial,Calendar,1004,0.965455
Tight multinomial,Calendar,1005,0.855372
Tight multinomial,Calendar,1006,0.972313
Tight multinomial,Calendar,1007,0.810532
Tight multinomial,Calendar,1009,0.736052
Tight multinomial,Calendar,1010,0.946436
Tight multinomial,Calendar,1011,0.910945
Tight multinomial,Calendar,1012,0.843372
Tight multinomial,Calendar,1013,0.993952
Tight multinomial,Calendar,1014,1.02863
Tight multinomial,Calendar,1015,0.977639
Tight multinomial,Calendar,1016,1.15362
Tight multinomial,Calendar,1017,0.824198
Tight multinomial,Calendar,1018,1.03808
Tight multinomial,Calendar,1019,0.767784
Tight multinomial,Calendar,1021,0.974511
Tight multinomial,Calendar,1022,1.00041
Tight multinomial,Calendar,1023,0.796696
Tight multinomial,Calendar,1024,0.947184
Tight multinomial,Calendar,1025,0.968442
Tight multinomial,Calendar,1026,0.853568
Tight multinomial,Calendar,1027,1.01944
Tight multinomial,Calendar,1028,1.02703
Tight multinomial,Calendar,1029,0.76859
Tight multinomial,Calendar,1030,0.860563
Tight multinomial,Calendar,1031,0.920947
Tight multinomial,Calendar,1032,0.956776
Tight multinomial,Calendar,1033,0.908192
Tight multinomial,Calendar,1035,0.908168
Tight multinomial,Calendar,1036,0.947589
Tight multinomial,Calendar,1037,0.879552
Tight multinomial,Calendar,1038,1.08141
Tight multinomial,Calendar,1039,0.77256
Tight multinomial,Calendar,1040,0.902597
Tight multinomial,Calendar,1041,0.83586800000000006
Tight multinomial,Calendar,1042,0.959024
Tight multinomial,Calendar,1043,0.802134
Tight multinomial,Calendar,1044,0.884205
Tight multinomial,Calendar,1045,1.02228
Tight multinomial,Calendar,1046,0.891748
Tight multinomial,Calendar,1047,0.971832
Tight multinomial,Calendar,1048,0.962578
Tight multinomial,Calendar,1049,0.913534
Tight multinomial,Calendar,1050,0.960195
Tight multinomial,Calendar,1051,0.934957
Tight multinomial,Calendar,1052,0.862416
Tight multinomial,Calendar,1053,1.0366
Tight multinomial,Calendar,1054,0.810552
Tight multinomial,Calendar,1055,1.05931
Tight multinomial,Calendar,1056,0.866436
Tight multinomial,Calendar,1057,1.0299
Tight multinomial,Calendar,1058,0.722739
Tight multinomial,Calendar,1059,1.04193
Tight multinomial,Calendar,1060,1.06155
Tight multinomial,Calendar,1061,0.733004
Tight multinomial,Calendar,1062,0.971364
Tight multinomial,Calendar,1063,0.974423
Tight multinomial,Calendar,1064,0.855498
Tight multinomial,Calendar,1065,0.92892
Tight multinomial,Calendar,1066,1.00343
Tight multinomial,Calendar,1067,0.773197
Tight multinomial,Calendar,1068,1.01266
Tight multinomial,Calendar,1069,0.815325
Tight multinomial,Calendar,1070,0.986416
Tight multinomial,Calendar,1071,0.959064
Tight multinomial,Calendar,1072,0.848985
Tight multinomial,Calendar,1073,0.99095
Tight multinomial,Calendar,1074,1.07342
Tight multinomial,Calendar,1075,0.980862
Tight multinomial,Calendar,1076,0.898954
Tight multinomial,Calendar,1077,1.00969
Tight multinomial,Calendar,1078,0.854674
Tight multinomial,Calendar,1079,0.863029
Tight multinomial,Calendar,1080,0.996697
Tight multinomial,Calendar,1081,0.890193
Tight multinomial,Calendar,1082,1.01589
Tight multinomial,Calendar,1083,0.793889
Tight multinomial,Calendar,1084,1.25063
Tight multinomial,Calendar,1085,0.724039
Tight multinomial,Calendar,1086,1.0338
Tight multinomial,Calendar,1087,1.00383
Tight multinomial,Calendar,1088,0.909557
Tight multinomial,Calendar,1089,0.875257
Tight multinomial,Calendar,1090,1.02094
Tight multinomial,Calendar,1091,0.972677
Tight multinomial,Calendar,1092,0.851562
Tight multinomial,Calendar,1093,0.910246
Tight multinomial,Calendar,1094,1.06807
Tight multinomial,Calendar,1095,0.751769
Tight multinomial,Calendar,1096,0.951182
Tight multinomial,Calendar,1097,1.07461
Tight multinomial,Calendar,1098,0.774328
Tight multinomial,Calendar,1099,1.02622
Tight multinomial,Calendar,1100,0.958461
Tight multinomial,Calendar,1101,0.953442
Tight multinomial,Calendar,1102,0.840125
Tight multinomial,Calendar,1103,0.853726
Tight multinomial,Calendar,1104,0.930297
Tight multinomial,Calendar,1105,0.772194
Tight multinomial,Calendar,1106,0.914899
Tight multinomial,Calendar,1107,0.897455
Tight multinomial,Calendar,1108,0.993429
Tight multinomial,Calendar,1109,0.790599
Tight multinomial,Calendar,1110,0.930839
Tight multinomial,Calendar,1112,0.922128
Tight multinomial,Calendar,1113,1.09573
Tight multinomial,Calendar,1114,0.90389
Tight multinomial,Calendar,1115,1.09033
Tight multinomial,Calendar,1116,0.781382
Tight multinomial,Calendar,1117,0.951499
Tight multinomial,Calendar,1118,0.979023
Tight multinomial,Calendar,1119,0.929013
Tight multinomial,Calendar,1120,0.97377
Tight multinomial,Calendar,1121,1.01514
Tight multinomial,Calendar,1122,0.851629
Tight multinomial,Calendar,1123,0.908107
Tight multinomial,Calendar,1124,0.959782
Tight multinomial,Calendar,1125,0.910779
Tight multinomial,Calendar,1126,0.893391
Tight multinomial,Calendar,1127,1.14287
Tight multinomial,Calendar,1128,1.05316
Tight multinomial,Calendar,1129,0.913076
Tight multinomial,Calendar,1130,0.880488
Tight multinomial,Calendar,1131,0.981239
Tight multinomial,Calendar,1132,1.0008
Tight multinomial,Calendar,1133,0.880954
Tight multinomial,Calendar,1134,0.999485
Tight multinomial,Calendar,1135,1.00908
Tight multinomial,Calendar,1136,0.929771
Tight multinomial,Calendar,1137,0.919496
Tight multinomial,Calendar,1138,1.0126
Tight multinomial,Calendar,1139,0.982732
Tight multinomial,Calendar,1140,0.854733
Tight multinomial,Calendar,1141,0.988904
Tight multinomial,Calendar,1142,1.04961
Tight multinomial,Calendar,1143,0.588025
Tight multinomial,Calendar,1144,0.904629
Tight multinomial,Calendar,1145,0.881507
Tight multinomial,Calendar,1146,1.05572
Tight multinomial,Calendar,1147,0.991225
Tight multinomial,Calendar,1148,0.939635
Tight multinomial,Calendar,1149,0.882243
Tight multinomial,Calendar,1150,0.947915
Tight multinomial,Calendar,1152,1.0554
Tight multinomial,Calendar,1153,0.812664
Tight multinomial,Calendar,1154,0.952046
Tight multinomial,Calendar,1155,0.885039
Tight multinomial,Calendar,1156,0.946861
Tight multinomial,Calendar,1157,1.01709
Tight multinomial,Calendar,1158,1.08644
Tight multinomial,Calendar,1159,0.822797
Tight multinomial,Calendar,1160,0.925745
Tight multinomial,Calendar,1161,1.01659
Tight multinomial,Calendar,1162,0.921766
Tight multinomial,Calendar,1164,1.04539
Tight multinomial,Calendar,1165,0.978694
Tight multinomial,Calendar,1166,0.883628
Tight multinomial,Calendar,1167,0.901778
Tight multinomial,Calendar,1168,0.982788
Tight multinomial,Calendar,1169,0.923611
Tight multinomial,Calendar,1170,0.700252
Tight multinomial,Calendar,1171,1.02037
Tight multinomial,Calendar,1172,0.904005
Tight multinomial,Calendar,1173,0.918851
Tight multinomial,Calendar,1174,0.912728
Tight multinomial,Calendar,1175,0.825015
Tight multinomial,Calendar,1176,0.870437
Tight multinomial,Calendar,1177,0.998028
Tight multinomial,Calendar,1178,0.957731
Tight multinomial,Calendar,1179,0.985354
Tight multinomial,Calendar,1180,0.868855
Tight multinomial,Calendar,1181,0.950235
Tight multinomial,Calendar,1182,0.951712
Tight multinomial,Calendar,1183,1.03935
Tight multinomial,Calendar,1184,0.922879
Tight multinomial,Calendar,1185,1.00176
Tight multinomial,Calendar,1186,0.903019
Tight multinomial,Calendar,1187,0.854043
Tight multinomial,Calendar,1188,0.89147
Tight multinomial,Calendar,1189,0.857292
Tight multinomial,Calendar,1190,0.768636
Tight multinomial,Calendar,1191,1.00784
Tight multinomial,Calendar,1192,0.926527
Tight multinomial,Calendar,1193,0.911971
Tight multinomial,Calendar,1194,0.87356
Tight multinomial,Calendar,1195,0.790113
Tight multinomial,Calendar,1196,0.913949
Tight multinomial,Calendar,1197,1.03723
Tight multinomial,Calendar,1198,0.826881
Tight multinomial,Calendar,1199,0.967739
Tight multinomial,Calendar,1200,0.774313
Tight multinomial,Calendar,1201,0.721673
Tight multinomial,Calendar,1202,0.98308
Tight multinomial,Calendar,1203,0.851054
Tight multinomial,Calendar,1204,0.826429
Tight multinomial,Calendar,1205,0.948804
Tight multinomial,Calendar,1206,0.888102
Tight multinomial,Calendar,1207,0.954425
Tight multinomial,Calendar,1208,0.810018
Tight multinomial,Calendar,1209,0.895164
Tight multinomial,Calendar,1210,0.809177
Tight multinomial,Calendar,1212,0.828061
Tight multinomial,Calendar,1213,0.955089
Tight multinomial,Calendar,1214,1.01883
Tight multinomial,Calendar,1215,1.07067
Tight multinomial,Calendar,1216,0.814777
Tight multinomial,Calendar,1217,0.973993
Tight multinomial,Calendar,1218,0.813108
Tight multinomial,Calendar,1219,1.03374
Tight multinomial,Calendar,1220,0.863316
Tight multinomial,Calendar,1221,1.00071
Tight multinomial,Calendar,1222,0.883109
Tight multinomial,Calendar,1223,0.807277
Tight multinomial,Calendar,1224,0.898937
Tight multinomial,Calendar,1226,0.90155
Tight multinomial,Calendar,1227,0.832573
Tight multinomial,Calendar,1228,0.929511
Tight multinomial,Calendar,1229,0.973051
Tight multinomial,Calendar,1230,0.918414
Tight multinomial,Calendar,1231,0.83114
Tight multinomial,Calendar,1232,0.900564
Tight multinomial,Calendar,1233,0.953887
Tight multinomial,Calendar,1234,0.949742
Tight multinomial,Calendar,1235,0.728399
Tight multinomial,Calendar,1236,0.99817
Tight multinomial,Calendar,1237,0.932694
Tight multinomial,Calendar,1238,0.946988
Tight multinomial,Calendar,1239,0.69219
Tight multinomial,Calendar,1240,1.12081
Tight multinomial,Calendar,1241,0.9104
Tight multinomial,Calendar,1242,1.12535
Tight multinomial,Calendar,1243,0.754562
Tight multinomial,Calendar,1244,0.945999
Tight multinomial,Calendar,1245,0.887736
Tight multinomial,Calendar,1246,0.937742
Tight multinomial,Calendar,1247,0.884205
Tight multinomial,Calendar,1248,0.97345
Tight multinomial,Calendar,1249,0.974641
Tight multinomial,Calendar,1250,0.737212
Tight multinomial,Calendar,1251,1.06406
Tight multinomial,Calendar,1252,0.803747
Tight multinomial,Calendar,1253,1.11284
Tight multinomial,Calendar,1254,0.6511
Tight multinomial,Calendar,1255,0.961254
Tight multinomial,Calendar,1256,0.898236
Tight multinomial,Calendar,1257,0.955237
Tight multinomial,Calendar,1258,0.908423
Tight multinomial,Calendar,1259,0.734352
Tight multinomial,Calendar,1260,0.756012
Tight multinomial,Calendar,1261,0.910453
Tight multinomial,Calendar,1262,1.00968
Tight multinomial,Calendar,1263,0.995934
Tight multinomial,Calendar,1264,0.949885
Tight multinomial,Calendar,1265,0.925608
Tight multinomial,Calendar,1266,0.806258
Tight multinomial,Calendar,1267,0.86736
Tight multinomial,Calendar,1268,0.928956
Tight multinomial,Calendar,1269,0.908902
Tight multinomial,Calendar,1270,0.798209
Tight multinomial,Calendar,1271,0.905795
Tight multinomial,Calendar,1272,0.844821
Tight multinomial,Calendar,1273,0.795155
Tight multinomial,Calendar,1274,0.788642
Tight multinomial,Calendar,1275,0.925225
Tight multinomial,Calendar,1276,0.982107
Tight multinomial,Calendar,1277,0.924478
Tight multinomial,Calendar,1278,0.940819
Tight multinomial,Calendar,1279,0.908973
Tight multinomial,Calendar,1281,1.10294
Tight multinomial,Calendar,1282,1.042
Tight multinomial,Calendar,1283,0.88928
Tight multinomial,Calendar,1284,0.864617
Tight multinomial,Calendar,1285,0.900638
Tight multinomial,Calendar,1286,0.994054
Tight multinomial,Calendar,1287,0.944414
Tight multinomial,Calendar,1288,0.880134
Tight multinomial,Calendar,1289,1.06573
Tight multinomial,Calendar,1290,1.04533
Tight multinomial,Calendar,1291,0.739292
Tight multinomial,Calendar,1292,0.835985
Tight multinomial,Calendar,1293,0.899526
Tight multinomial,Calendar,1294,0.973476
Tight multinomial,Calendar,1295,0.948324
Tight multinomial,Calendar,1296,1.02569
Tight multinomial,Calendar,1297,0.956271
Tight multinomial,Calendar,1298,0.73495
Tight multinomial,Calendar,1299,0.978152
Tight multinomial,Calendar,1300,0.911542
Tight multinomial,Calendar,1301,1.01671
Tight multinomial,Calendar,1302,1.03605
Tight multinomial,Calendar,1303,0.968037
Tight multinomial,Calendar,1304,0.931459
Tight multinomial,Calendar,1305,0.961952
Tight multinomial,Calendar,1306,0.847315
Tight multinomial,Calendar,1307,0.916616
Tight multinomial,Calendar,1308,1.05116
Tight multinomial,Calendar,1309,0.92107000000000006
Tight multinomial,Calendar,1310,0.757761
Tight multinomial,Calendar,1311,0.984909
Tight multinomial,Calendar,1312,1.03506
Tight multinomial,Calendar,1313,0.935949
Tight multinomial,Calendar,1314,1.10444
Tight multinomial,Calendar,1315,0.847258
Tight multinomial,Calendar,1316,0.852995
Tight multinomial,Calendar,1317,0.854303
Tight multinomial,Calendar,1318,0.929933
Tight multinomial,Calendar,1319,0.903287
Tight multinomial,Calendar,1320,0.951339
Tight multinomial,Calendar,1321,0.878407
Tight multinomial,Calendar,1322,1.00143
Tight multinomial,Calendar,1323,1.06582
Tight multinomial,Calendar,1324,1.02087
Tight multinomial,Calendar,1325,0.786819
Tight multinomial,Calendar,1326,0.952112
Tight multinomial,Calendar,1327,0.899885
Tight multinomial,Calendar,1328,0.929941
Tight multinomial,Calendar,1329,1.02726
Tight multinomial,Calendar,1330,0.95923
Tight multinomial,Calendar,1331,0.936032
Tight multinomial,Calendar,1332,0.830333
Tight multinomial,Calendar,1333,0.907173
Tight multinomial,Calendar,1334,0.975632
Tight multinomial,Calendar,1335,0.946105
Tight multinomial,Calendar,1336,0.950185
Tight multinomial,Calendar,1337,0.81819
Tight multinomial,Calendar,1338,1.00625
Tight multinomial,Calendar,1339,1.00791
Tight multinomial,Calendar,1340,0.993763
Tight multinomial,Calendar,1341,0.73722
Tight multinomial,Calendar,1342,0.714636
Tight multinomial,Calendar,1343,1.00588
Tight multinomial,Calendar,1344,0.78536
Tight multinomial,Calendar,1345,1.03141
Tight multinomial,Calendar,1346,0.890817
Tight multinomial,Calendar,1347,1.01649
Tight multinomial,Calendar,1348,0.7866
Tight multinomial,Calendar,1349,1.06091
Tight multinomial,Calendar,1350,0.823521
Tight multinomial,Calendar,1351,0.999157
Tight multinomial,Calendar,1353,0.903578
Tight multinomial,Calendar,1354,0.910886
Tight multinomial,Calendar,1355,0.940034
Tight multinomial,Calendar,1356,0.985343
Tight multinomial,Calendar,1357,0.916645
Tight multinomial,Calendar,1358,0.906893
Tight multinomial,Calendar,1359,0.957971
Tight multinomial,Calendar,1360,1.0121
Tight multinomial,Calendar,1361,0.844625
Tight multinomial,Calendar,1362,0.864242
Tight multinomial,Calendar,1363,0.900616
Tight multinomial,Calendar,1364,0.845376
Tight multinomial,Calendar,1365,0.982354
Tight multinomial,Calendar,1366,0.828473
Tight multinomial,Calendar,1367,0.907895
Tight multinomial,Calendar,1368,0.996445
Tight multinomial,Calendar,1369,0.854793
Tight multinomial,Calendar,1370,0.760059
Tight multinomial,Calendar,1371,1.03889
Tight multinomial,Calendar,1372,0.810512
Tight multinomial,Calendar,1373,1.03832
Tight multinomial,Calendar,1374,1.01117
Tight multinomial,Calendar,1375,0.739045
Tight multinomial,Calendar,1376,0.974827
Tight multinomial,Calendar,1377,0.781684
Tight multinomial,Calendar,1378,1.15248
Tight multinomial,Calendar,1379,1.05269
Tight multinomial,Calendar,1380,0.969346
Tight multinomial,Calendar,1381,0.935984
Tight multinomial,Calendar,1382,0.954879
Tight multinomial,Calendar,1383,0.959273
Tight multinomial,Calendar,1384,0.988839
Tight multinomial,Calendar,1385,0.961512
Tight multinomial,Calendar,1386,0.789914
Tight multinomial,Calendar,1387,0.922268
Tight multinomial,Calendar,1388,0.775149
Tight multinomial,Calendar,1389,0.806745
Tight multinomial,Calendar,1390,0.841173
Tight multinomial,Calendar,1391,0.867793
Tight multinomial,Calendar,1392,0.927332
Tight multinomial,Calendar,1393,1.06874
Tight multinomial,Calendar,1394,1.10263
Tight multinomial,Calendar,1395,0.969913
Tight multinomial,Calendar,1396,0.959377
Tight multinomial,Calendar,1397,0.853666
Tight multinomial,Calendar,1398,0.863491
Tight multinomial,Calendar,1399,0.666416
Tight multinomial,Calendar,1400,0.903013
Tight multinomial,Calendar,1401,0.903936
Tight multinomial,Calendar,1402,0.867603
Tight multinomial,Calendar,1403,0.947705
Tight multinomial,Calendar,1404,0.911125
Tight multinomial,Calendar,1405,0.871131
Tight multinomial,Calendar,1406,1.03873
Tight multinomial,Calendar,1407,0.676946
Tight multinomial,Calendar,1408,0.840398
Tight multinomial,Calendar,1409,0.960992
Tight multinomial,Calendar,1410,0.741082
Tight multinomial,Calendar,1411,0.999184
Tight multinomial,Calendar,1412,0.841529
Tight multinomial,Calendar,1413,1.0018
Tight multinomial,Calendar,1414,0.938471
Tight multinomial,Calendar,1415,0.906329
Tight multinomial,Calendar,1416,1.08509
Tight multinomial,Calendar,1417,0.949785
Tight multinomial,Calendar,1418,0.700692
Tight multinomial,Calendar,1419,0.982158
Tight multinomial,Calendar,1420,0.871999
Tight multinomial,Calendar,1421,0.925298
Tight multinomial,Calendar,1422,0.967354
Tight multinomial,Calendar,1423,1.01278
Tight multinomial,Calendar,1425,0.934709
Tight multinomial,Calendar,1426,0.902606
Tight multinomial,Calendar,1427,0.872041
Tight multinomial,Calendar,1428,1.02236
Tight multinomial,Calendar,1429,0.888887
Tight multinomial,Calendar,1430,0.927877
Tight multinomial,Calendar,1431,0.887479
Tight multinomial,Calendar,1432,0.898459
Tight multinomial,Calendar,1433,0.975794
Tight multinomial,Calendar,1434,0.710171
Tight multinomial,Calendar,1435,0.842969
Tight multinomial,Calendar,1436,0.853345
Tight multinomial,Calendar,1437,1.04213
Tight multinomial,Calendar,1438,0.759653
Tight multinomial,Calendar,1439,0.985409
Tight multinomial,Calendar,1440,0.841172
Tight multinomial,Calendar,1441,1.00018
Tight multinomial,Calendar,1442,0.954434
Tight multinomial,Calendar,1443,0.950537
Tight multinomial,Calendar,1444,0.918418
Tight multinomial,Calendar,1445,1.03203
Tight multinomial,Calendar,1446,0.797888
Tight multinomial,Calendar,1447,1.02655
Tight multinomial,Calendar,1448,0.814594
Tight multinomial,Calendar,1449,0.969717
Tight multinomial,Calendar,1450,0.995857
Tight multinomial,Calendar,1451,0.905493
Tight multinomial,Calendar,1452,0.971614
Tight multinomial,Calendar,1453,0.93469
Tight multinomial,Calendar,1454,0.930422
Tight multinomial,Calendar,1455,0.96441
Tight multinomial,Calendar,1456,0.902665
Tight multinomial,Calendar,1457,0.881344
Tight multinomial,Calendar,1458,0.920595
Tight multinomial,Calendar,1459,0.972757
Tight multinomial,Calendar,1460,1.05391
Tight multinomial,Calendar,1461,0.949756
Tight multinomial,Calendar,1462,0.804921
Tight multinomial,Calendar,1463,0.977845
Tight multinomial,Calendar,1464,0.834398
Tight multinomial,Calendar,1465,0.950046
Tight multinomial,Calendar,1466,0.832422
Tight multinomial,Calendar,1467,0.802655
Tight multinomial,Calendar,1468,1.10019
Tight multinomial,Calendar,1470,0.935275
Tight multinomial,Calendar,1471,0.975337
Tight multinomial,Calendar,1472,1.02769
Tight multinomial,Calendar,1473,0.765641
Tight multinomial,Calendar,1474,0.892073
Tight multinomial,Calendar,1475,0.883268
Tight multinomial,Calendar,1476,0.932395
Tight multinomial,Calendar,1477,0.89097
Tight multinomial,Calendar,1478,1.07203
Tight multinomial,Calendar,1479,0.784153
Tight multinomial,Calendar,1480,1.08692
Tight multinomial,Calendar,1481,0.978965
Tight multinomial,Calendar,1482,0.949905
Tight multinomial,Calendar,1483,0.803391
Tight multinomial,Calendar,1484,1.07708
Tight multinomial,Calendar,1485,0.940768
Tight multinomial,Calendar,1486,0.569684
Tight multinomial,Calendar,1487,0.917851
Tight multinomial,Calendar,1488,0.865545
Tight multinomial,Calendar,1489,1.02839
Tight multinomial,Calendar,1490,1.03661
Tight multinomial,Calendar,1491,0.891642
Tight multinomial,Calendar,1492,0.884785
Tight multinomial,Calendar,1493,0.971878
Tight multinomial,Calendar,1494,0.906601
Tight multinomial,Calendar,1495,0.996853
Tight multinomial,Calendar,1496,0.968606
Tight multinomial,Calendar,1497,0.949628
Tight multinomial,Calendar,1498,0.824182
Tight multinomial,Calendar,1499,0.797118
Tight multinomial,Calendar,1500,0.972275
Tight multinomial,Calendar,1501,0.991993
Tight multinomial,Calendar,1502,1.13219
Tight multinomial,Calendar,1503,0.989532
Tight multinomial,Calendar,1504,0.989483
Tight multinomial,Calendar,1505,0.972184
Tight multinomial,Calendar,1506,0.990978
Tight multinomial,Calendar,1507,1.14102
Tight multinomial,Calendar,1508,1.17545
Tight multinomial,Calendar,1509,0.901021
Tight multinomial,Calendar,1510,1.03537
Tight multinomial,Calendar,1511,0.876477
Tight multinomial,Calendar,1512,0.965468
Tight multinomial,Calendar,1513,0.867081
Tight multinomial,Calendar,1514,0.883445
Tight multinomial,Calendar,1515,0.935666
Tight multinomial,Calendar,1516,0.897875
Tight multinomial,Calendar,1517,0.977461
Tight multinomial,Calendar,1518,0.853364
Tight multinomial,Calendar,1519,0.939681
Tight multinomial,Calendar,1520,0.908241
Tight multinomial,Calendar,1521,0.91803
Tight multinomial,Calendar,1522,0.805565
Tight multinomial,Calendar,1523,1.0012
Tight multinomial,Calendar,1524,0.872173
Tight multinomial,Calendar,1525,0.896259
Tight multinomial,Calendar,1526,0.990394
Tight multinomial,Calendar,1527,0.976443
Tight multinomial,Calendar,1528,1.09151
Tight multinomial,Calendar,1529,0.921451
Tight multinomial,Calendar,1530,0.982161
Tight multinomial,Calendar,1531,0.924389
Tight multinomial,Calendar,1532,0.816662
Tight multinomial,Calendar,1533,0.924041
Tight multinomial,Calendar,1534,0.89569
Tight multinomial,Calendar,1535,1.0177
Tight multinomial,Calendar,1536,1.00239
Tight multinomial,Calendar,1537,0.934732
Tight multinomial,Calendar,1538,0.923974
Tight multinomial,Calendar,1539,0.905501
Tight multinomial,Calendar,1540,1.00761
Tight multinomial,Calendar,1542,0.933256
Tight multinomial,Calendar,1543,0.770845
Tight multinomial,Calendar,1544,0.953974
Tight multinomial,Calendar,1545,1.04211
Tight multinomial,Calendar,1546,1.00972
Tight multinomial,Calendar,1547,1.05824
Tight multinomial,Calendar,1548,0.845973
Tight multinomial,Calendar,1549,1.10994
Tight multinomial,Calendar,1550,0.740899
Tight multinomial,Calendar,1551,0.878133
Tight multinomial,Calendar,1552,0.969227
Tight multinomial,Calendar,1553,0.865371
Tight multinomial,Calendar,1554,0.959263
Tight multinomial,Calendar,1556,0.956404
Tight multinomial,Calendar,1557,0.706375
Tight multinomial,Calendar,1558,0.784739
Tight multinomial,Calendar,1559,0.899334
Tight multinomial,Calendar,1560,0.811965
Tight multinomial,Calendar,1561,0.988344
Tight multinomial,Calendar,1562,0.894072
Tight multinomial,Calendar,1563,0.957185
Tight multinomial,Calendar,1564,0.937064
Tight multinomial,Calendar,1565,0.904484
Tight multinomial,Calendar,1566,0.925513
Tight multinomial,Calendar,1567,0.976931
Tight multinomial,Calendar,1568,0.881968
Tight multinomial,Calendar,1569,0.954017
Tight multinomial,Calendar,1570,0.965155
Tight multinomial,Calendar,1571,0.806017
Tight multinomial,Calendar,1572,1.06378
Tight multinomial,Calendar,1573,0.769666
Tight multinomial,Calendar,1574,0.863915
Tight multinomial,Calendar,1575,0.873162
Tight multinomial,Calendar,1576,0.925208
Tight multinomial,Calendar,1577,0.966488
Tight multinomial,Calendar,1578,0.956681
Tight multinomial,Calendar,1579,0.80249
Tight multinomial,Calendar,1580,0.907416
Tight multinomial,Calendar,1581,1.04619
Tight multinomial,Calendar,1582,1.076
Tight multinomial,Calendar,1583,0.956934
Tight multinomial,Calendar,1584,0.983974
Tight multinomial,Calendar,1585,1.00067
Tight multinomial,Calendar,1586,0.938926
Tight multinomial,Calendar,1587,0.861658
Tight multinomial,Calendar,1588,0.930229
Tight multinomial,Calendar,1589,0.898085
Tight multinomial,Calendar,1590,0.931328
Tight multinomial,Calendar,1591,1.08069
Tight multinomial,Calendar,1592,0.831869
Tight multinomial,Calendar,1593,0.958129
Tight multinomial,Calendar,1594,0.976113
Tight multinomial,Calendar,1595,0.72733
Tight multinomial,Calendar,1596,0.920109
Tight multinomial,Calendar,1597,0.88167
Tight multinomial,Calendar,1598,1.06782
Tight multinomial,Calendar,1599,0.839883
Tight multinomial,Calendar,1600,0.974473
Tight multinomial,Bracelet,1,0.275377
Tight multinomial,Bracelet,2,-0.0654349
Tight multinomial,Bracelet,3,0.241856
Tight multinomial,Bracelet,4,0.293
Tight multinomial,Bracelet,5,0.25555
Tight multinomial,Bracelet,6,0.274918
Tight multinomial,Bracelet,7,0.187248
Tight multinomial,Bracelet,8,-0.0792904
Tight multinomial,Bracelet,9,0.340837
Tight multinomial,Bracelet,10,0.331135
Tight multinomial,Bracelet,11,0.17103
Tight multinomial,Bracelet,12,0.42978
Tight multinomial,Bracelet,13,0.338476
Tight multinomial,Bracelet,14,0.41061
Tight multinomial,Bracelet,15,0.223234
Tight multinomial,Bracelet,16,0.557702
Tight multinomial,Bracelet,17,-0.0639829
Tight multinomial,Bracelet,18,0.580154
Tight multinomial,Bracelet,19,0.538886
Tight multinomial,Bracelet,20,0.204535
Tight multinomial,Bracelet,21,0.258677
Tight multinomial,Bracelet,22,0.187094
Tight multinomial,Bracelet,23,0.176843
Tight multinomial,Bracelet,24,0.276687
Tight multinomial,Bracelet,25,0.661379
Tight multinomial,Bracelet,26,0.520632
Tight multinomial,Bracelet,27,0.557517
Tight multinomial,Bracelet,28,0.504315
Tight multinomial,Bracelet,29,0.159159
Tight multinomial,Bracelet,30,0.143347
Tight multinomial,Bracelet,31,0.713742
Tight multinomial,Bracelet,32,0.256515
Tight multinomial,Bracelet,33,0.242675
Tight multinomial,Bracelet,34,0.272172
Tight multinomial,Bracelet,35,0.55989
Tight multinomial,Bracelet,36,0.304293
Tight multinomial,Bracelet,37,0.205429
Tight multinomial,Bracelet,38,0.240935
Tight multinomial,Bracelet,39,0.211768
Tight multinomial,Bracelet,40,0.776346
Tight multinomial,Bracelet,41,0.371095
Tight multinomial,Bracelet,42,0.263816
Tight multinomial,Bracelet,43,0.580591
Tight multinomial,Bracelet,44,0.532562
Tight multinomial,Bracelet,45,0.021972
Tight multinomial,Bracelet,46,0.004584
Tight multinomial,Bracelet,47,0.541967
Tight multinomial,Bracelet,48,0.660537
Tight multinomial,Bracelet,49,0.230058
Tight multinomial,Bracelet,50,0.774101
Tight multinomial,Bracelet,51,0.667525
Tight multinomial,Bracelet,52,0.337266
Tight multinomial,Bracelet,53,0.662776
Tight multinomial,Bracelet,54,0.54503
Tight multinomial,Bracelet,55,0.703126
Tight multinomial,Bracelet,56,0.641965
Tight multinomial,Bracelet,57,0.518867
Tight multinomial,Bracelet,58,0.36681
Tight multinomial,Bracelet,59,0.27972
Tight multinomial,Bracelet,60,0.317676
Tight multinomial,Bracelet,61,0.392374
Tight multinomial,Bracelet,62,0.446565
Tight multinomial,Bracelet,63,0.148259
Tight multinomial,Bracelet,64,0.203145
Tight multinomial,Bracelet,65,0.507863
Tight multinomial,Bracelet,66,0.26501
Tight multinomial,Bracelet,67,0.149442
Tight multinomial,Bracelet,68,0.145649
Tight multinomial,Bracelet,69,0.468054
Tight multinomial,Bracelet,70,0.413738
Tight multinomial,Bracelet,71,0.726248
Tight multinomial,Bracelet,72,0.321326
Tight multinomial,Bracelet,73,0.396954
Tight multinomial,Bracelet,74,0.374844
Tight multinomial,Bracelet,75,0.183958
Tight multinomial,Bracelet,76,0.390438
Tight multinomial,Bracelet,77,0.146009
Tight multinomial,Bracelet,78,0.509458
Tight multinomial,Bracelet,79,0.75921400000000006
Tight multinomial,Bracelet,80,0.327895
Tight multinomial,Bracelet,81,0.531347
Tight multinomial,Bracelet,82,0.158186
Tight multinomial,Bracelet,83,0.737385
Tight multinomial,Bracelet,84,0.914346
Tight multinomial,Bracelet,85,0.788811
Tight multinomial,Bracelet,86,0.205032
Tight multinomial,Bracelet,87,0.307065
Tight multinomial,Bracelet,88,0.25069
Tight multinomial,Bracelet,89,0.344441
Tight multinomial,Bracelet,90,0.616839
Tight multinomial,Bracelet,91,0.0887324
Tight multinomial,Bracelet,92,0.587637
Tight multinomial,Bracelet,93,0.210938
Tight multinomial,Bracelet,94,0.205101
Tight multinomial,Bracelet,95,0.552935
Tight multinomial,Bracelet,96,0.294962
Tight multinomial,Bracelet,97,0.111934
Tight multinomial,Bracelet,98,0.422129
Tight multinomial,Bracelet,99,0.22943
Tight multinomial,Bracelet,100,0.284331
Tight multinomial,Bracelet,101,0.0899344
Tight multinomial,Bracelet,102,0.565628
Tight multinomial,Bracelet,103,0.409128
Tight multinomial,Bracelet,104,0.299423
Tight multinomial,Bracelet,105,0.115118
Tight multinomial,Bracelet,106,0.25406
Tight multinomial,Bracelet,107,0.352576
Tight multinomial,Bracelet,108,0.226487
Tight multinomial,Bracelet,109,0.295957
Tight multinomial,Bracelet,110,0.524291
Tight multinomial,Bracelet,111,0.388031
Tight multinomial,Bracelet,112,0.351467
Tight multinomial,Bracelet,113,0.448029
Tight multinomial,Bracelet,114,0.241041
Tight multinomial,Bracelet,115,0.647959
Tight multinomial,Bracelet,116,0.358874
Tight multinomial,Bracelet,117,0.160541
Tight multinomial,Bracelet,118,0.357389
Tight multinomial,Bracelet,119,0.181008
Tight multinomial,Bracelet,120,0.662535
Tight multinomial,Bracelet,121,0.340232
Tight multinomial,Bracelet,122,0.410015
Tight multinomial,Bracelet,123,0.176591
Tight multinomial,Bracelet,124,-0.0236398
Tight multinomial,Bracelet,125,0.334844
Tight multinomial,Bracelet,126,0.441596
Tight multinomial,Bracelet,127,0.121165
Tight multinomial,Bracelet,128,0.667006
Tight multinomial,Bracelet,129,0.829201
Tight multinomial,Bracelet,130,0.178441
Tight multinomial,Bracelet,131,0.644369
Tight multinomial,Bracelet,132,0.28481
Tight multinomial,Bracelet,133,0.204972
Tight multinomial,Bracelet,134,0.437368
Tight multinomial,Bracelet,135,0.461084
Tight multinomial,Bracelet,136,0.291902
Tight multinomial,Bracelet,137,0.259319
Tight multinomial,Bracelet,139,0.469443
Tight multinomial,Bracelet,140,0.180412
Tight multinomial,Bracelet,141,0.186816
Tight multinomial,Bracelet,142,0.142789
Tight multinomial,Bracelet,143,0.21707
Tight multinomial,Bracelet,144,0.377042
Tight multinomial,Bracelet,145,0.0573808
Tight multinomial,Bracelet,146,0.303581
Tight multinomial,Bracelet,147,0.21105
Tight multinomial,Bracelet,148,0.442312
Tight multinomial,Bracelet,149,0.162856
Tight multinomial,Bracelet,150,0.293418
Tight multinomial,Bracelet,151,0.382467
Tight multinomial,Bracelet,152,0.27862
Tight multinomial,Bracelet,153,0.319808
Tight multinomial,Bracelet,154,0.257131
Tight multinomial,Bracelet,155,0.49863
Tight multinomial,Bracelet,156,0.543674
Tight multinomial,Bracelet,157,-0.15412
Tight multinomial,Bracelet,158,0.0275796
Tight multinomial,Bracelet,159,0.34341
Tight multinomial,Bracelet,160,0.404209
Tight multinomial,Bracelet,161,0.33147
Tight multinomial,Bracelet,162,0.173732
Tight multinomial,Bracelet,163,0.0104444
Tight multinomial,Bracelet,164,0.586551
Tight multinomial,Bracelet,165,0.88659
Tight multinomial,Bracelet,166,0.388195
Tight multinomial,Bracelet,167,0.223803
Tight multinomial,Bracelet,168,0.323459
Tight multinomial,Bracelet,169,0.351434
Tight multinomial,Bracelet,170,0.656687
Tight multinomial,Bracelet,171,0.375502
Tight multinomial,Bracelet,172,0.132969
Tight multinomial,Bracelet,173,0.422881
Tight multinomial,Bracelet,174,0.173148
Tight multinomial,Bracelet,175,0.237913
Tight multinomial,Bracelet,176,0.424265
Tight multinomial,Bracelet,177,0.197808
Tight multinomial,Bracelet,178,0.667053
Tight multinomial,Bracelet,179,0.647622
Tight multinomial,Bracelet,180,0.367778
Tight multinomial,Bracelet,181,0.651445
Tight multinomial,Bracelet,182,0.73631
Tight multinomial,Bracelet,183,0.423235
Tight multinomial,Bracelet,185,0.303096
Tight multinomial,Bracelet,186,0.283
Tight multinomial,Bracelet,188,0.114682
Tight multinomial,Bracelet,189,0.760402
Tight multinomial,Bracelet,190,0.855563
Tight multinomial,Bracelet,191,0.101057
Tight multinomial,Bracelet,192,0.036023
Tight multinomial,Bracelet,193,0.639005
Tight multinomial,Bracelet,194,0.640997
Tight multinomial,Bracelet,195,0.429698
Tight multinomial,Bracelet,196,0.164806
Tight multinomial,Bracelet,197,0.205089
Tight multinomial,Bracelet,198,0.593358
Tight multinomial,Bracelet,199,0.557936
Tight multinomial,Bracelet,200,0.670709
Tight multinomial,Bracelet,201,0.608825
Tight multinomial,Bracelet,202,0.304175
Tight multinomial,Bracelet,203,0.356228
Tight multinomial,Bracelet,204,0.202099
Tight multinomial,Bracelet,205,0.644552
Tight multinomial,Bracelet,206,0.182625
Tight multinomial,Bracelet,207,0.191545
Tight multinomial,Bracelet,208,0.347416
Tight multinomial,Bracelet,209,0.431025
Tight multinomial,Bracelet,210,0.418653
Tight multinomial,Bracelet,211,0.485675
Tight multinomial,Bracelet,212,0.838252
Tight multinomial,Bracelet,213,0.200826
Tight multinomial,Bracelet,214,0.617321
Tight multinomial,Bracelet,215,0.228563
Tight multinomial,Bracelet,216,0.27019
Tight multinomial,Bracelet,217,0.375535
Tight multinomial,Bracelet,218,0.423366
Tight multinomial,Bracelet,219,0.28204
Tight multinomial,Bracelet,220,0.292569
Tight multinomial,Bracelet,221,0.131945
Tight multinomial,Bracelet,222,0.208998
Tight multinomial,Bracelet,223,0.179649
Tight multinomial,Bracelet,224,0.284494
Tight multinomial,Bracelet,225,0.334151
Tight multinomial,Bracelet,226,0.634119
Tight multinomial,Bracelet,227,0.685048
Tight multinomial,Bracelet,228,0.502172
Tight multinomial,Bracelet,229,0.474779
Tight multinomial,Bracelet,230,0.368809
Tight multinomial,Bracelet,231,0.13535
Tight multinomial,Bracelet,232,0.713492
Tight multinomial,Bracelet,233,0.803057
Tight multinomial,Bracelet,234,0.963387
Tight multinomial,Bracelet,235,0.967404
Tight multinomial,Bracelet,236,0.973851
Tight multinomial,Bracelet,237,0.960992
Tight multinomial,Bracelet,238,0.967309
Tight multinomial,Bracelet,239,0.850472
Tight multinomial,Bracelet,240,0.909375
Tight multinomial,Bracelet,241,0.846388
Tight multinomial,Bracelet,242,0.783722
Tight multinomial,Bracelet,243,0.893545
Tight multinomial,Bracelet,244,0.913621
Tight multinomial,Bracelet,245,0.810749
Tight multinomial,Bracelet,246,0.0215525
Tight multinomial,Bracelet,247,0.167324
Tight multinomial,Bracelet,248,0.179473
Tight multinomial,Bracelet,249,0.36331
Tight multinomial,Bracelet,250,0.194973
Tight multinomial,Bracelet,251,0.0345776
Tight multinomial,Bracelet,252,0.407001
Tight multinomial,Bracelet,253,0.336056
Tight multinomial,Bracelet,254,0.183458
Tight multinomial,Bracelet,255,0.455548
Tight multinomial,Bracelet,256,0.0341153
Tight multinomial,Bracelet,257,0.170524
Tight multinomial,Bracelet,258,0.13332
Tight multinomial,Bracelet,259,0.801668
Tight multinomial,Bracelet,260,0.232159
Tight multinomial,Bracelet,261,0.0873677
Tight multinomial,Bracelet,262,0.692528
Tight multinomial,Bracelet,263,0.553645
Tight multinomial,Bracelet,264,0.291894
Tight multinomial,Bracelet,265,0.492077
Tight multinomial,Bracelet,266,0.443533
Tight multinomial,Bracelet,267,0.37472
Tight multinomial,Bracelet,268,0.23098
Tight multinomial,Bracelet,269,0.212451
Tight multinomial,Bracelet,270,0.22251
Tight multinomial,Bracelet,271,0.397371
Tight multinomial,Bracelet,272,0.569913
Tight multinomial,Bracelet,273,0.410325
Tight multinomial,Bracelet,274,0.684936
Tight multinomial,Bracelet,275,0.869561
Tight multinomial,Bracelet,276,0.639172
Tight multinomial,Bracelet,277,0.397112
Tight multinomial,Bracelet,278,0.404708
Tight multinomial,Bracelet,279,0.574782
Tight multinomial,Bracelet,280,0.264299
Tight multinomial,Bracelet,281,0.166342
Tight multinomial,Bracelet,282,0.082419
Tight multinomial,Bracelet,283,0.0649931
Tight multinomial,Bracelet,284,0.441383
Tight multinomial,Bracelet,285,0.262763
Tight multinomial,Bracelet,286,0.350564
Tight multinomial,Bracelet,287,0.303846
Tight multinomial,Bracelet,288,0.347043
Tight multinomial,Bracelet,289,0.616479
Tight multinomial,Bracelet,290,0.110226
Tight multinomial,Bracelet,291,0.134055
Tight multinomial,Bracelet,292,0.594161
Tight multinomial,Bracelet,293,0.129078
Tight multinomial,Bracelet,294,0.481067
Tight multinomial,Bracelet,295,0.385688
Tight multinomial,Bracelet,296,0.514881
Tight multinomial,Bracelet,297,0.599303
Tight multinomial,Bracelet,298,0.224065
Tight multinomial,Bracelet,299,0.227488
Tight multinomial,Bracelet,300,0.205589
Tight multinomial,Bracelet,301,0.446102
Tight multinomial,Bracelet,302,0.491636
Tight multinomial,Bracelet,303,0.440073
Tight multinomial,Bracelet,304,0.859605
Tight multinomial,Bracelet,305,0.64226
Tight multinomial,Bracelet,306,0.0179345
Tight multinomial,Bracelet,307,0.263465
Tight multinomial,Bracelet,308,0.430842
Tight multinomial,Bracelet,309,0.180956
Tight multinomial,Bracelet,310,0.30775
Tight multinomial,Bracelet,311,0.440559
Tight multinomial,Bracelet,312,0.030964
Tight multinomial,Bracelet,313,0.44903
Tight multinomial,Bracelet,314,0.035708
Tight multinomial,Bracelet,315,0.411185
Tight multinomial,Bracelet,316,0.295661
Tight multinomial,Bracelet,317,0.264038
Tight multinomial,Bracelet,318,0.379436
Tight multinomial,Bracelet,319,0.625909
Tight multinomial,Bracelet,320,0.411129
Tight multinomial,Bracelet,321,0.372492
Tight multinomial,Bracelet,322,0.511914
Tight multinomial,Bracelet,323,0.198912
Tight multinomial,Bracelet,324,0.619008
Tight multinomial,Bracelet,325,0.752098
Tight multinomial,Bracelet,326,0.219176
Tight multinomial,Bracelet,327,0.562272
Tight multinomial,Bracelet,328,0.601232
Tight multinomial,Bracelet,329,0.541947
Tight multinomial,Bracelet,330,0.0998961
Tight multinomial,Bracelet,331,0.530981
Tight multinomial,Bracelet,332,0.342509
Tight multinomial,Bracelet,333,0.694395
Tight multinomial,Bracelet,334,-0.173649
Tight multinomial,Bracelet,335,0.30119
Tight multinomial,Bracelet,336,0.377637
Tight multinomial,Bracelet,337,0.285862
Tight multinomial,Bracelet,338,0.0879903
Tight multinomial,Bracelet,339,0.274752
Tight multinomial,Bracelet,340,0.320998
Tight multinomial,Bracelet,341,0.559284
Tight multinomial,Bracelet,342,0.296278
Tight multinomial,Bracelet,343,0.452776
Tight multinomial,Bracelet,344,0.281718
Tight multinomial,Bracelet,345,0.140568
Tight multinomial,Bracelet,346,0.00744021
Tight multinomial,Bracelet,347,0.469382
Tight multinomial,Bracelet,348,0.587316
Tight multinomial,Bracelet,349,0.390512
Tight multinomial,Bracelet,350,0.578759
Tight multinomial,Bracelet,351,0.0629538
Tight multinomial,Bracelet,352,0.431757
Tight multinomial,Bracelet,353,0.406837
Tight multinomial,Bracelet,354,0.359895
Tight multinomial,Bracelet,355,0.0735573
Tight multinomial,Bracelet,356,0.320931
Tight multinomial,Bracelet,357,0.0356992
Tight multinomial,Bracelet,358,0.418205
Tight multinomial,Bracelet,359,0.759628
Tight multinomial,Bracelet,360,0.257012
Tight multinomial,Bracelet,361,0.131233
Tight multinomial,Bracelet,362,0.0557837
Tight multinomial,Bracelet,363,0.688579
Tight multinomial,Bracelet,364,0.384324
Tight multinomial,Bracelet,365,0.555239
Tight multinomial,Bracelet,366,0.424344
Tight multinomial,Bracelet,367,0.368445
Tight multinomial,Bracelet,368,0.152719
Tight multinomial,Bracelet,369,0.605624
Tight multinomial,Bracelet,370,0.246254
Tight multinomial,Bracelet,371,0.354504
Tight multinomial,Bracelet,372,0.22975
Tight multinomial,Bracelet,373,0.37732
Tight multinomial,Bracelet,374,0.232371
Tight multinomial,Bracelet,375,0.636407
Tight multinomial,Bracelet,376,0.222343
Tight multinomial,Bracelet,377,0.640512
Tight multinomial,Bracelet,378,0.0633768
Tight multinomial,Bracelet,379,0.141713
Tight multinomial,Bracelet,380,0.148761
Tight multinomial,Bracelet,381,0.15894
Tight multinomial,Bracelet,382,0.194065
Tight multinomial,Bracelet,383,0.182126
Tight multinomial,Bracelet,384,0.450312
Tight multinomial,Bracelet,385,0.367156
Tight multinomial,Bracelet,386,0.218338
Tight multinomial,Bracelet,387,0.216725
Tight multinomial,Bracelet,388,0.619637
Tight multinomial,Bracelet,389,0.55986
Tight multinomial,Bracelet,390,0.316722
Tight multinomial,Bracelet,391,0.185549
Tight multinomial,Bracelet,392,0.128534
Tight multinomial,Bracelet,393,0.61862
Tight multinomial,Bracelet,394,0.430969
Tight multinomial,Bracelet,395,0.309161
Tight multinomial,Bracelet,396,0.486826
Tight multinomial,Bracelet,397,0.279438
Tight multinomial,Bracelet,398,0.452968
Tight multinomial,Bracelet,399,0.454915
Tight multinomial,Bracelet,400,0.583635
Tight multinomial,Bracelet,401,0.53808
Tight multinomial,Bracelet,402,0.82019
Tight multinomial,Bracelet,403,0.337544
Tight multinomial,Bracelet,404,0.685786
Tight multinomial,Bracelet,405,0.706849
Tight multinomial,Bracelet,406,0.076075
Tight multinomial,Bracelet,407,0.282423
Tight multinomial,Bracelet,408,0.306305
Tight multinomial,Bracelet,409,0.298839
Tight multinomial,Bracelet,410,0.522359
Tight multinomial,Bracelet,411,0.498679
Tight multinomial,Bracelet,412,0.488547
Tight multinomial,Bracelet,413,0.449753
Tight multinomial,Bracelet,414,0.384676
Tight multinomial,Bracelet,416,0.315479
Tight multinomial,Bracelet,417,0.237641
Tight multinomial,Bracelet,418,0.359764
Tight multinomial,Bracelet,419,0.384552
Tight multinomial,Bracelet,420,0.273348
Tight multinomial,Bracelet,421,0.209733
Tight multinomial,Bracelet,422,0.339461
Tight multinomial,Bracelet,423,0.341856
Tight multinomial,Bracelet,424,0.493849
Tight multinomial,Bracelet,425,0.42798
Tight multinomial,Bracelet,426,0.372668
Tight multinomial,Bracelet,427,0.305736
Tight multinomial,Bracelet,428,0.236551
Tight multinomial,Bracelet,429,0.0802106
Tight multinomial,Bracelet,430,0.100461
Tight multinomial,Bracelet,431,0.241474
Tight multinomial,Bracelet,432,0.643361
Tight multinomial,Bracelet,433,0.274292
Tight multinomial,Bracelet,434,0.66529
Tight multinomial,Bracelet,435,0.156626
Tight multinomial,Bracelet,436,0.217526
Tight multinomial,Bracelet,437,0.165096
Tight multinomial,Bracelet,438,0.354934
Tight multinomial,Bracelet,439,0.412168
Tight multinomial,Bracelet,440,0.427016
Tight multinomial,Bracelet,441,0.336876
Tight multinomial,Bracelet,442,0.321079
Tight multinomial,Bracelet,443,0.246978
Tight multinomial,Bracelet,444,0.172788
Tight multinomial,Bracelet,445,0.125216
Tight multinomial,Bracelet,446,0.462
Tight multinomial,Bracelet,447,0.421841
Tight multinomial,Bracelet,448,0.35116000000000003
Tight multinomial,Bracelet,449,0.463718
Tight multinomial,Bracelet,450,0.321916
Tight multinomial,Bracelet,451,0.558001
Tight multinomial,Bracelet,452,0.21795
Tight multinomial,Bracelet,453,0.418539
Tight multinomial,Bracelet,454,0.221818
Tight multinomial,Bracelet,455,0.456943
Tight multinomial,Bracelet,456,0.395989
Tight multinomial,Bracelet,457,0.586333
Tight multinomial,Bracelet,458,0.309178
Tight multinomial,Bracelet,459,0.606165
Tight multinomial,Bracelet,460,0.203481
Tight multinomial,Bracelet,461,0.386315
Tight multinomial,Bracelet,462,0.108187
Tight multinomial,Bracelet,463,0.42761
Tight multinomial,Bracelet,464,0.153792
Tight multinomial,Bracelet,465,0.0272752
Tight multinomial,Bracelet,466,0.410294
Tight multinomial,Bracelet,467,0.556826
Tight multinomial,Bracelet,468,0.61049
Tight multinomial,Bracelet,469,-0.092864
Tight multinomial,Bracelet,470,0.595596
Tight multinomial,Bracelet,472,0.870129
Tight multinomial,Bracelet,473,0.822209
Tight multinomial,Bracelet,474,0.202278
Tight multinomial,Bracelet,475,-0.0345427
Tight multinomial,Bracelet,476,0.614943
Tight multinomial,Bracelet,477,0.0204084
Tight multinomial,Bracelet,478,0.584539
Tight multinomial,Bracelet,479,0.773777
Tight multinomial,Bracelet,480,0.324208
Tight multinomial,Bracelet,481,0.363137
Tight multinomial,Bracelet,482,0.572251
Tight multinomial,Bracelet,483,0.563366
Tight multinomial,Bracelet,484,-0.0519064
Tight multinomial,Bracelet,485,0.383196
Tight multinomial,Bracelet,486,0.450732
Tight multinomial,Bracelet,487,0.521486
Tight multinomial,Bracelet,488,0.162403
Tight multinomial,Bracelet,489,0.370709
Tight multinomial,Bracelet,490,0.229823
Tight multinomial,Bracelet,491,0.106426
Tight multinomial,Bracelet,492,0.130946
Tight multinomial,Bracelet,493,0.299612
Tight multinomial,Bracelet,494,0.191734
Tight multinomial,Bracelet,495,0.513253
Tight multinomial,Bracelet,496,0.550664
Tight multinomial,Bracelet,497,0.11694
Tight multinomial,Bracelet,498,0.340804
Tight multinomial,Bracelet,499,0.316467
Tight multinomial,Bracelet,500,-0.0559004
Tight multinomial,Bracelet,501,0.128875
Tight multinomial,Bracelet,502,0.774336
Tight multinomial,Bracelet,503,0.273331
Tight multinomial,Bracelet,504,0.723163
Tight multinomial,Bracelet,505,0.497593
Tight multinomial,Bracelet,506,0.353917
Tight multinomial,Bracelet,507,0.604623
Tight multinomial,Bracelet,508,0.0369359
Tight multinomial,Bracelet,509,0.614498
Tight multinomial,Bracelet,510,0.232096
Tight multinomial,Bracelet,511,0.112682
Tight multinomial,Bracelet,512,0.498839
Tight multinomial,Bracelet,513,0.0164274
Tight multinomial,Bracelet,514,0.233886
Tight multinomial,Bracelet,515,0.317071
Tight multinomial,Bracelet,516,0.603919
Tight multinomial,Bracelet,517,-0.119311
Tight multinomial,Bracelet,518,0.36089
Tight multinomial,Bracelet,519,0.124937
Tight multinomial,Bracelet,520,0.022229
Tight multinomial,Bracelet,521,0.374727
Tight multinomial,Bracelet,522,0.346386
Tight multinomial,Bracelet,524,0.110263
Tight multinomial,Bracelet,525,0.261852
Tight multinomial,Bracelet,526,0.257026
Tight multinomial,Bracelet,527,0.283631
Tight multinomial,Bracelet,528,0.555864
Tight multinomial,Bracelet,529,0.472181
Tight multinomial,Bracelet,530,0.42614
Tight multinomial,Bracelet,531,0.63134
Tight multinomial,Bracelet,532,0.358784
Tight multinomial,Bracelet,533,0.280521
Tight multinomial,Bracelet,534,-0.073898
Tight multinomial,Bracelet,535,0.555131
Tight multinomial,Bracelet,536,0.129101
Tight multinomial,Bracelet,537,0.323556
Tight multinomial,Bracelet,538,0.194537
Tight multinomial,Bracelet,539,0.445765
Tight multinomial,Bracelet,540,0.339262
Tight multinomial,Bracelet,541,-0.0102529
Tight multinomial,Bracelet,542,0.53988
Tight multinomial,Bracelet,543,0.315027
Tight multinomial,Bracelet,544,0.250974
Tight multinomial,Bracelet,545,0.281721
Tight multinomial,Bracelet,546,0.486989
Tight multinomial,Bracelet,547,0.438336
Tight multinomial,Bracelet,548,0.34448
Tight multinomial,Bracelet,549,0.672998
Tight multinomial,Bracelet,550,0.0100046
Tight multinomial,Bracelet,551,0.18738
Tight multinomial,Bracelet,552,1.04762
Tight multinomial,Bracelet,553,0.95093
Tight multinomial,Bracelet,554,0.911867
Tight multinomial,Bracelet,555,0.404959
Tight multinomial,Bracelet,556,0.13906
Tight multinomial,Bracelet,557,-0.0560175
Tight multinomial,Bracelet,558,0.253776
Tight multinomial,Bracelet,559,0.554889
Tight multinomial,Bracelet,560,0.489706
Tight multinomial,Bracelet,561,0.0526875
Tight multinomial,Bracelet,562,0.643339
Tight multinomial,Bracelet,563,-0.0563993
Tight multinomial,Bracelet,564,0.191448
Tight multinomial,Bracelet,565,0.697248
Tight multinomial,Bracelet,566,0.440556
Tight multinomial,Bracelet,567,0.444461
Tight multinomial,Bracelet,568,0.431711
Tight multinomial,Bracelet,569,0.456212
Tight multinomial,Bracelet,570,0.39825
Tight multinomial,Bracelet,571,0.235344
Tight multinomial,Bracelet,572,0.189743
Tight multinomial,Bracelet,573,0.186676
Tight multinomial,Bracelet,574,0.243655
Tight multinomial,Bracelet,575,0.188397
Tight multinomial,Bracelet,576,0.499454
Tight multinomial,Bracelet,577,0.488748
Tight multinomial,Bracelet,578,0.454576
Tight multinomial,Bracelet,579,0.357068
Tight multinomial,Bracelet,580,0.119192
Tight multinomial,Bracelet,581,0.295256
Tight multinomial,Bracelet,582,0.374993
Tight multinomial,Bracelet,583,0.258183
Tight multinomial,Bracelet,584,0.498327
Tight multinomial,Bracelet,585,0.543231
Tight multinomial,Bracelet,586,0.464323
Tight multinomial,Bracelet,587,0.324975
Tight multinomial,Bracelet,588,0.39331
Tight multinomial,Bracelet,589,0.290117
Tight multinomial,Bracelet,590,0.247199
Tight multinomial,Bracelet,591,0.361459
Tight multinomial,Bracelet,592,0.674889
Tight multinomial,Bracelet,593,0.102585
Tight multinomial,Bracelet,594,0.492066
Tight multinomial,Bracelet,595,0.300133
Tight multinomial,Bracelet,596,0.354408
Tight multinomial,Bracelet,597,0.503714
Tight multinomial,Bracelet,598,0.0889907
Tight multinomial,Bracelet,599,0.607715
Tight multinomial,Bracelet,600,0.319173
Tight multinomial,Bracelet,601,0.38501
Tight multinomial,Bracelet,602,0.310537
Tight multinomial,Bracelet,603,0.284465
Tight multinomial,Bracelet,604,0.190662
Tight multinomial,Bracelet,605,0.136837
Tight multinomial,Bracelet,606,0.677991
Tight multinomial,Bracelet,607,0.200912
Tight multinomial,Bracelet,608,0.427195
Tight multinomial,Bracelet,609,0.619809
Tight multinomial,Bracelet,610,0.0947053
Tight multinomial,Bracelet,611,0.334942
Tight multinomial,Bracelet,613,0.352674
Tight multinomial,Bracelet,614,0.387955
Tight multinomial,Bracelet,615,0.166959
Tight multinomial,Bracelet,616,0.11692
Tight multinomial,Bracelet,617,0.555553
Tight multinomial,Bracelet,618,0.785593
Tight multinomial,Bracelet,619,0.435242
Tight multinomial,Bracelet,620,-0.00494794
Tight multinomial,Bracelet,621,0.437261
Tight multinomial,Bracelet,622,0.723365
Tight multinomial,Bracelet,623,0.186075
Tight multinomial,Bracelet,624,0.267797
Tight multinomial,Bracelet,625,0.503647
Tight multinomial,Bracelet,626,0.12875
Tight multinomial,Bracelet,627,0.671937
Tight multinomial,Bracelet,628,0.355667
Tight multinomial,Bracelet,629,0.317657
Tight multinomial,Bracelet,630,0.540745
Tight multinomial,Bracelet,631,-0.0339868
Tight multinomial,Bracelet,632,0.147964
Tight multinomial,Bracelet,633,0.555752
Tight multinomial,Bracelet,634,0.577022
Tight multinomial,Bracelet,635,0.398526
Tight multinomial,Bracelet,636,0.411092
Tight multinomial,Bracelet,637,0.412972
Tight multinomial,Bracelet,638,0.539061
Tight multinomial,Bracelet,639,0.0949939
Tight multinomial,Bracelet,640,0.661701
Tight multinomial,Bracelet,641,0.435421
Tight multinomial,Bracelet,642,0.234986
Tight multinomial,Bracelet,643,0.246827
Tight multinomial,Bracelet,644,0.0607703
Tight multinomial,Bracelet,645,0.28949
Tight multinomial,Bracelet,646,0.195814
Tight multinomial,Bracelet,647,0.355528
Tight multinomial,Bracelet,648,0.425873
Tight multinomial,Bracelet,649,0.677739
Tight multinomial,Bracelet,650,0.183773
Tight multinomial,Bracelet,651,0.223074
Tight multinomial,Bracelet,652,0.153261
Tight multinomial,Bracelet,653,0.264553
Tight multinomial,Bracelet,654,0.539977
Tight multinomial,Bracelet,655,0.609204
Tight multinomial,Bracelet,656,0.0612535
Tight multinomial,Bracelet,657,0.0874733
Tight multinomial,Bracelet,658,0.601896
Tight multinomial,Bracelet,659,0.46403
Tight multinomial,Bracelet,660,0.634451
Tight multinomial,Bracelet,661,0.319452
Tight multinomial,Bracelet,662,0.891751
Tight multinomial,Bracelet,663,0.642283
Tight multinomial,Bracelet,664,0.0927436
Tight multinomial,Bracelet,665,0.857846
Tight multinomial,Bracelet,666,0.133907
Tight multinomial,Bracelet,667,0.485298
Tight multinomial,Bracelet,668,0.179517
Tight multinomial,Bracelet,669,0.455922
Tight multinomial,Bracelet,670,0.273523
Tight multinomial,Bracelet,671,0.570365
Tight multinomial,Bracelet,672,0.260412
Tight multinomial,Bracelet,673,0.102557
Tight multinomial,Bracelet,674,0.215941
Tight multinomial,Bracelet,675,0.56385
Tight multinomial,Bracelet,676,0.450561
Tight multinomial,Bracelet,677,0.320573
Tight multinomial,Bracelet,678,0.390417
Tight multinomial,Bracelet,679,0.269336
Tight multinomial,Bracelet,680,0.436465
Tight multinomial,Bracelet,681,0.211132
Tight multinomial,Bracelet,682,0.194215
Tight multinomial,Bracelet,683,0.362187
Tight multinomial,Bracelet,684,0.269716
Tight multinomial,Bracelet,685,0.109642
Tight multinomial,Bracelet,686,0.41438
Tight multinomial,Bracelet,687,0.478388
Tight multinomial,Bracelet,688,0.17873
Tight multinomial,Bracelet,689,0.240141
Tight multinomial,Bracelet,690,0.932602
Tight multinomial,Bracelet,691,0.132047
Tight multinomial,Bracelet,692,0.125131
Tight multinomial,Bracelet,693,0.238359
Tight multinomial,Bracelet,694,0.0679983
Tight multinomial,Bracelet,695,-0.0424422
Tight multinomial,Bracelet,696,0.444774
Tight multinomial,Bracelet,697,-0.0858283
Tight multinomial,Bracelet,698,0.569652
Tight multinomial,Bracelet,699,0.575845
Tight multinomial,Bracelet,700,0.335915
Tight multinomial,Bracelet,701,0.395783
Tight multinomial,Bracelet,702,0.789156
Tight multinomial,Bracelet,703,0.300977
Tight multinomial,Bracelet,704,0.62479
Tight multinomial,Bracelet,705,0.823509
Tight multinomial,Bracelet,706,0.403327
Tight multinomial,Bracelet,707,0.30944
Tight multinomial,Bracelet,708,0.24467
Tight multinomial,Bracelet,709,0.0789753
Tight multinomial,Bracelet,710,0.139484
Tight multinomial,Bracelet,711,0.30252
Tight multinomial,Bracelet,712,0.780606
Tight multinomial,Bracelet,713,0.769703
Tight multinomial,Bracelet,715,0.157799
Tight multinomial,Bracelet,716,0.252486
Tight multinomial,Bracelet,717,0.293199
Tight multinomial,Bracelet,718,0.346187
Tight multinomial,Bracelet,719,0.170759
Tight multinomial,Bracelet,720,0.485117
Tight multinomial,Bracelet,721,0.534592
Tight multinomial,Bracelet,722,0.0379014
Tight multinomial,Bracelet,723,0.655215
Tight multinomial,Bracelet,724,0.223595
Tight multinomial,Bracelet,725,0.476828
Tight multinomial,Bracelet,726,-0.0145821
Tight multinomial,Bracelet,727,0.372304
Tight multinomial,Bracelet,728,0.0667758
Tight multinomial,Bracelet,729,0.426518
Tight multinomial,Bracelet,730,0.110011
Tight multinomial,Bracelet,731,0.393132
Tight multinomial,Bracelet,732,0.381571
Tight multinomial,Bracelet,733,0.437505
Tight multinomial,Bracelet,734,0.261173
Tight multinomial,Bracelet,735,0.207698
Tight multinomial,Bracelet,736,0.203024
Tight multinomial,Bracelet,737,-0.0100022
Tight multinomial,Bracelet,738,0.0421457
Tight multinomial,Bracelet,739,0.351776
Tight multinomial,Bracelet,740,0.17233
Tight multinomial,Bracelet,741,0.207881
Tight multinomial,Bracelet,742,0.420264
Tight multinomial,Bracelet,743,0.204703
Tight multinomial,Bracelet,744,0.50777
Tight multinomial,Bracelet,745,0.424845
Tight multinomial,Bracelet,746,0.422687
Tight multinomial,Bracelet,747,0.538609
Tight multinomial,Bracelet,748,0.619055
Tight multinomial,Bracelet,749,0.669519
Tight multinomial,Bracelet,750,0.606163
Tight multinomial,Bracelet,751,0.611935
Tight multinomial,Bracelet,752,0.193625
Tight multinomial,Bracelet,753,0.477044
Tight multinomial,Bracelet,754,0.403245
Tight multinomial,Bracelet,755,0.434383
Tight multinomial,Bracelet,756,0.0485078
Tight multinomial,Bracelet,757,0.711118
Tight multinomial,Bracelet,758,0.75481
Tight multinomial,Bracelet,759,0.19478
Tight multinomial,Bracelet,760,0.228425
Tight multinomial,Bracelet,761,0.251345
Tight multinomial,Bracelet,762,0.37981
Tight multinomial,Bracelet,763,0.312004
Tight multinomial,Bracelet,764,0.22264
Tight multinomial,Bracelet,765,0.276107
Tight multinomial,Bracelet,766,0.351132
Tight multinomial,Bracelet,767,0.142901
Tight multinomial,Bracelet,768,0.231814
Tight multinomial,Bracelet,769,0.180722
Tight multinomial,Bracelet,770,0.358506
Tight multinomial,Bracelet,771,-0.106514
Tight multinomial,Bracelet,772,0.0911175
Tight multinomial,Bracelet,773,0.372111
Tight multinomial,Bracelet,774,0.278018
Tight multinomial,Bracelet,775,0.33373
Tight multinomial,Bracelet,776,0.231502
Tight multinomial,Bracelet,777,0.147477
Tight multinomial,Bracelet,778,0.152852
Tight multinomial,Bracelet,779,0.0126433
Tight multinomial,Bracelet,780,0.00135446
Tight multinomial,Bracelet,781,0.363678
Tight multinomial,Bracelet,782,0.253339
Tight multinomial,Bracelet,783,0.131136
Tight multinomial,Bracelet,784,0.453523
Tight multinomial,Bracelet,785,0.48089
Tight multinomial,Bracelet,786,0.0739531
Tight multinomial,Bracelet,787,0.406062
Tight multinomial,Bracelet,788,0.0526443
Tight multinomial,Bracelet,789,0.255404
Tight multinomial,Bracelet,790,0.0736068
Tight multinomial,Bracelet,791,0.380977
Tight multinomial,Bracelet,792,0.233865
Tight multinomial,Bracelet,793,0.25195
Tight multinomial,Bracelet,794,0.360167
Tight multinomial,Bracelet,795,-0.112807
Tight multinomial,Bracelet,796,0.315438
Tight multinomial,Bracelet,798,-0.124136
Tight multinomial,Bracelet,799,0.226637
Tight multinomial,Bracelet,800,0.0239544
Tight multinomial,Bracelet,801,0.772992
Tight multinomial,Bracelet,802,0.383197
Tight multinomial,Bracelet,803,0.459988
Tight multinomial,Bracelet,804,0.430972
Tight multinomial,Bracelet,805,0.0913859
Tight multinomial,Bracelet,806,0.71506
Tight multinomial,Bracelet,807,0.324728
Tight multinomial,Bracelet,808,0.493051
Tight multinomial,Bracelet,809,0.297187
Tight multinomial,Bracelet,810,0.280113
Tight multinomial,Bracelet,811,0.439805
Tight multinomial,Bracelet,812,0.293988
Tight multinomial,Bracelet,814,0.453708
Tight multinomial,Bracelet,815,-0.060673
Tight multinomial,Bracelet,816,0.575006
Tight multinomial,Bracelet,817,0.658365
Tight multinomial,Bracelet,818,0.113715
Tight multinomial,Bracelet,820,0.545716
Tight multinomial,Bracelet,821,0.164055
Tight multinomial,Bracelet,822,0.603917
Tight multinomial,Bracelet,823,0.0204407
Tight multinomial,Bracelet,824,0.436764
Tight multinomial,Bracelet,825,0.260712
Tight multinomial,Bracelet,826,0.297946
Tight multinomial,Bracelet,827,0.600533
Tight multinomial,Bracelet,828,-0.24920900000000001
Tight multinomial,Bracelet,829,0.667238
Tight multinomial,Bracelet,830,0.394481
Tight multinomial,Bracelet,831,0.52203599999999994
Tight multinomial,Bracelet,832,0.686332
Tight multinomial,Bracelet,833,0.180611
Tight multinomial,Bracelet,834,0.319341
Tight multinomial,Bracelet,835,0.538087
Tight multinomial,Bracelet,836,0.231459
Tight multinomial,Bracelet,837,0.255509
Tight multinomial,Bracelet,838,0.291483
Tight multinomial,Bracelet,839,0.295806
Tight multinomial,Bracelet,840,0.307946
Tight multinomial,Bracelet,841,0.085332
Tight multinomial,Bracelet,842,0.539458
Tight multinomial,Bracelet,843,0.35595
Tight multinomial,Bracelet,844,0.393534
Tight multinomial,Bracelet,845,0.328751
Tight multinomial,Bracelet,846,0.503484
Tight multinomial,Bracelet,847,0.35216
Tight multinomial,Bracelet,848,-0.0666863
Tight multinomial,Bracelet,849,0.529942
Tight multinomial,Bracelet,850,-0.00818869
Tight multinomial,Bracelet,851,0.00293578
Tight multinomial,Bracelet,852,0.624442
Tight multinomial,Bracelet,853,0.382925
Tight multinomial,Bracelet,854,0.556049
Tight multinomial,Bracelet,855,0.204533
Tight multinomial,Bracelet,856,0.606742
Tight multinomial,Bracelet,857,0.279276
Tight multinomial,Bracelet,858,0.074038
Tight multinomial,Bracelet,859,0.258343
Tight multinomial,Bracelet,860,0.255972
Tight multinomial,Bracelet,861,0.282697
Tight multinomial,Bracelet,862,0.278349
Tight multinomial,Bracelet,863,0.440889
Tight multinomial,Bracelet,864,0.231157
Tight multinomial,Bracelet,865,0.483784
Tight multinomial,Bracelet,866,0.561103
Tight multinomial,Bracelet,867,0.0414457
Tight multinomial,Bracelet,868,0.469252
Tight multinomial,Bracelet,869,0.321168
Tight multinomial,Bracelet,870,0.343579
Tight multinomial,Bracelet,871,0.272429
Tight multinomial,Bracelet,872,0.363546
Tight multinomial,Bracelet,873,0.138489
Tight multinomial,Bracelet,874,0.298293
Tight multinomial,Bracelet,875,0.330332
Tight multinomial,Bracelet,876,0.581506
Tight multinomial,Bracelet,878,0.466991
Tight multinomial,Bracelet,879,0.456591
Tight multinomial,Bracelet,880,0.305172
Tight multinomial,Bracelet,882,0.351153
Tight multinomial,Bracelet,883,0.304255
Tight multinomial,Bracelet,884,0.18277
Tight multinomial,Bracelet,885,0.0288933
Tight multinomial,Bracelet,886,0.413569
Tight multinomial,Bracelet,887,0.153106
Tight multinomial,Bracelet,888,0.267159
Tight multinomial,Bracelet,889,0.324308
Tight multinomial,Bracelet,890,0.383334
Tight multinomial,Bracelet,891,-0.0473902
Tight multinomial,Bracelet,892,0.188865
Tight multinomial,Bracelet,893,0.0965535
Tight multinomial,Bracelet,894,0.395675
Tight multinomial,Bracelet,895,0.103769
Tight multinomial,Bracelet,896,0.158728
Tight multinomial,Bracelet,897,0.0554448
Tight multinomial,Bracelet,898,0.31192
Tight multinomial,Bracelet,899,0.0311051
Tight multinomial,Bracelet,900,0.354522
Tight multinomial,Bracelet,901,0.0690922
Tight multinomial,Bracelet,902,0.66991
Tight multinomial,Bracelet,903,-0.051472
Tight multinomial,Bracelet,904,0.620779
Tight multinomial,Bracelet,905,0.0638899
Tight multinomial,Bracelet,906,0.649379
Tight multinomial,Bracelet,907,0.646271
Tight multinomial,Bracelet,908,-0.014877
Tight multinomial,Bracelet,909,0.327847
Tight multinomial,Bracelet,910,0.789886
Tight multinomial,Bracelet,911,0.839275
Tight multinomial,Bracelet,912,0.607073
Tight multinomial,Bracelet,913,0.609361
Tight multinomial,Bracelet,914,0.468125
Tight multinomial,Bracelet,915,0.385416
Tight multinomial,Bracelet,916,0.199736
Tight multinomial,Bracelet,917,0.529311
Tight multinomial,Bracelet,918,0.176922
Tight multinomial,Bracelet,919,0.530371
Tight multinomial,Bracelet,920,0.504439
Tight multinomial,Bracelet,921,0.358887
Tight multinomial,Bracelet,922,0.226993
Tight multinomial,Bracelet,923,-5.04749e-4
Tight multinomial,Bracelet,924,0.709707
Tight multinomial,Bracelet,925,0.00188916
Tight multinomial,Bracelet,926,0.702017
Tight multinomial,Bracelet,927,0.315711
Tight multinomial,Bracelet,928,0.668042
Tight multinomial,Bracelet,929,0.365633
Tight multinomial,Bracelet,930,0.552951
Tight multinomial,Bracelet,931,0.184529
Tight multinomial,Bracelet,932,0.432435
Tight multinomial,Bracelet,934,0.352577
Tight multinomial,Bracelet,935,0.408314
Tight multinomial,Bracelet,936,0.0341458
Tight multinomial,Bracelet,937,0.132956
Tight multinomial,Bracelet,938,0.388477
Tight multinomial,Bracelet,939,0.361995
Tight multinomial,Bracelet,940,0.564025
Tight multinomial,Bracelet,941,0.303275
Tight multinomial,Bracelet,942,0.510363
Tight multinomial,Bracelet,943,0.371584
Tight multinomial,Bracelet,944,0.305131
Tight multinomial,Bracelet,945,0.0295339
Tight multinomial,Bracelet,946,0.467067
Tight multinomial,Bracelet,947,-0.108973
Tight multinomial,Bracelet,948,0.185797
Tight multinomial,Bracelet,949,0.168785
Tight multinomial,Bracelet,950,0.353002
Tight multinomial,Bracelet,951,0.402183
Tight multinomial,Bracelet,952,0.335547
Tight multinomial,Bracelet,953,0.58203800000000006
Tight multinomial,Bracelet,954,0.395628
Tight multinomial,Bracelet,955,0.540333
Tight multinomial,Bracelet,956,0.370946
Tight multinomial,Bracelet,957,0.26149
Tight multinomial,Bracelet,958,0.376811
Tight multinomial,Bracelet,959,0.751928
Tight multinomial,Bracelet,960,0.0938175
Tight multinomial,Bracelet,961,0.516221
Tight multinomial,Bracelet,962,0.444052
Tight multinomial,Bracelet,963,0.0826335
Tight multinomial,Bracelet,964,0.618012
Tight multinomial,Bracelet,965,0.70287
Tight multinomial,Bracelet,966,-0.192668
Tight multinomial,Bracelet,967,0.467478
Tight multinomial,Bracelet,968,0.182768
Tight multinomial,Bracelet,969,0.358446
Tight multinomial,Bracelet,970,0.256181
Tight multinomial,Bracelet,971,0.107058
Tight multinomial,Bracelet,972,0.326445
Tight multinomial,Bracelet,973,0.478652
Tight multinomial,Bracelet,974,0.328642
Tight multinomial,Bracelet,975,0.267195
Tight multinomial,Bracelet,976,0.341033
Tight multinomial,Bracelet,977,0.260106
Tight multinomial,Bracelet,978,0.476557
Tight multinomial,Bracelet,979,0.0179425
Tight multinomial,Bracelet,980,0.540409
Tight multinomial,Bracelet,981,0.355984
Tight multinomial,Bracelet,982,0.33507
Tight multinomial,Bracelet,983,0.580253
Tight multinomial,Bracelet,984,0.355325
Tight multinomial,Bracelet,985,0.385712
Tight multinomial,Bracelet,986,0.360932
Tight multinomial,Bracelet,987,0.351942
Tight multinomial,Bracelet,988,0.348623
Tight multinomial,Bracelet,989,0.647998
Tight multinomial,Bracelet,990,0.343169
Tight multinomial,Bracelet,991,0.443868
Tight multinomial,Bracelet,992,0.227725
Tight multinomial,Bracelet,993,0.483539
Tight multinomial,Bracelet,994,0.516339
Tight multinomial,Bracelet,995,0.437643
Tight multinomial,Bracelet,996,0.304941
Tight multinomial,Bracelet,997,0.537313
Tight multinomial,Bracelet,998,0.319899
Tight multinomial,Bracelet,999,0.885395
Tight multinomial,Bracelet,1000,0.196684
Tight multinomial,Bracelet,1001,0.503902
Tight multinomial,Bracelet,1002,0.0761862
Tight multinomial,Bracelet,1003,0.40622
Tight multinomial,Bracelet,1004,0.504385
Tight multinomial,Bracelet,1005,0.118
Tight multinomial,Bracelet,1006,0.437508
Tight multinomial,Bracelet,1007,0.0321538
Tight multinomial,Bracelet,1009,0.227957
Tight multinomial,Bracelet,1010,0.261295
Tight multinomial,Bracelet,1011,0.411846
Tight multinomial,Bracelet,1012,-0.302511
Tight multinomial,Bracelet,1013,0.544338
Tight multinomial,Bracelet,1014,0.810943
Tight multinomial,Bracelet,1015,0.877649
Tight multinomial,Bracelet,1016,0.397461
Tight multinomial,Bracelet,1017,0.383755
Tight multinomial,Bracelet,1018,0.184971
Tight multinomial,Bracelet,1019,0.441701
Tight multinomial,Bracelet,1021,0.0741263
Tight multinomial,Bracelet,1022,0.229113
Tight multinomial,Bracelet,1023,0.469702
Tight multinomial,Bracelet,1024,0.171029
Tight multinomial,Bracelet,1025,0.378458
Tight multinomial,Bracelet,1026,0.294992
Tight multinomial,Bracelet,1027,0.608643
Tight multinomial,Bracelet,1028,0.274422
Tight multinomial,Bracelet,1029,0.342774
Tight multinomial,Bracelet,1030,0.531056
Tight multinomial,Bracelet,1031,0.0714449
Tight multinomial,Bracelet,1032,0.384074
Tight multinomial,Bracelet,1033,0.557685
Tight multinomial,Bracelet,1035,0.837393
Tight multinomial,Bracelet,1036,0.644857
Tight multinomial,Bracelet,1037,0.352748
Tight multinomial,Bracelet,1038,0.0158318
Tight multinomial,Bracelet,1039,0.519245
Tight multinomial,Bracelet,1040,0.504432
Tight multinomial,Bracelet,1041,0.240444
Tight multinomial,Bracelet,1042,0.255474
Tight multinomial,Bracelet,1043,0.15038
Tight multinomial,Bracelet,1044,0.172568
Tight multinomial,Bracelet,1045,0.491611
Tight multinomial,Bracelet,1046,0.390163
Tight multinomial,Bracelet,1047,0.644406
Tight multinomial,Bracelet,1048,0.115175
Tight multinomial,Bracelet,1049,0.535878
Tight multinomial,Bracelet,1050,0.408416
Tight multinomial,Bracelet,1051,0.36802
Tight multinomial,Bracelet,1052,0.599895
Tight multinomial,Bracelet,1053,0.00703885
Tight multinomial,Bracelet,1054,0.687399
Tight multinomial,Bracelet,1055,0.501511
Tight multinomial,Bracelet,1056,0.673282
Tight multinomial,Bracelet,1057,-0.0628662
Tight multinomial,Bracelet,1058,0.235376
Tight multinomial,Bracelet,1059,0.325446
Tight multinomial,Bracelet,1060,0.293281
Tight multinomial,Bracelet,1061,0.186694
Tight multinomial,Bracelet,1062,0.151276
Tight multinomial,Bracelet,1063,0.661972
Tight multinomial,Bracelet,1064,0.160738
Tight multinomial,Bracelet,1065,0.220036
Tight multinomial,Bracelet,1066,0.14078
Tight multinomial,Bracelet,1067,-0.0377006
Tight multinomial,Bracelet,1068,0.40164
Tight multinomial,Bracelet,1069,0.403022
Tight multinomial,Bracelet,1070,0.425206
Tight multinomial,Bracelet,1071,0.538824
Tight multinomial,Bracelet,1072,0.189339
Tight multinomial,Bracelet,1073,0.267214
Tight multinomial,Bracelet,1074,0.117792
Tight multinomial,Bracelet,1075,0.745079
Tight multinomial,Bracelet,1076,0.268036
Tight multinomial,Bracelet,1077,0.647102
Tight multinomial,Bracelet,1078,0.0503079
Tight multinomial,Bracelet,1079,0.0996191
Tight multinomial,Bracelet,1080,0.541123
Tight multinomial,Bracelet,1081,0.549875
Tight multinomial,Bracelet,1082,0.689314
Tight multinomial,Bracelet,1083,0.142653
Tight multinomial,Bracelet,1084,0.793862
Tight multinomial,Bracelet,1085,0.11528
Tight multinomial,Bracelet,1086,0.211072
Tight multinomial,Bracelet,1087,0.0403116
Tight multinomial,Bracelet,1088,0.350847
Tight multinomial,Bracelet,1089,0.385735
Tight multinomial,Bracelet,1090,0.335137
Tight multinomial,Bracelet,1091,0.148652
Tight multinomial,Bracelet,1092,0.490736
Tight multinomial,Bracelet,1093,-0.0430292
Tight multinomial,Bracelet,1094,0.0371531
Tight multinomial,Bracelet,1095,0.553426
Tight multinomial,Bracelet,1096,0.459257
Tight multinomial,Bracelet,1097,0.495851
Tight multinomial,Bracelet,1098,0.168052
Tight multinomial,Bracelet,1099,0.277842
Tight multinomial,Bracelet,1100,0.361377
Tight multinomial,Bracelet,1101,0.334741
Tight multinomial,Bracelet,1102,0.234508
Tight multinomial,Bracelet,1103,0.166254
Tight multinomial,Bracelet,1104,0.0961899
Tight multinomial,Bracelet,1105,-0.0246408
Tight multinomial,Bracelet,1106,0.14809
Tight multinomial,Bracelet,1107,0.241245
Tight multinomial,Bracelet,1108,0.444536
Tight multinomial,Bracelet,1109,0.218746
Tight multinomial,Bracelet,1110,0.438263
Tight multinomial,Bracelet,1112,0.428582
Tight multinomial,Bracelet,1113,0.644085
Tight multinomial,Bracelet,1114,0.192307
Tight multinomial,Bracelet,1115,0.600615
Tight multinomial,Bracelet,1116,0.185502
Tight multinomial,Bracelet,1117,0.648595
Tight multinomial,Bracelet,1118,0.246543
Tight multinomial,Bracelet,1119,0.0586509
Tight multinomial,Bracelet,1120,0.0369071
Tight multinomial,Bracelet,1121,0.56199
Tight multinomial,Bracelet,1122,0.271174
Tight multinomial,Bracelet,1123,0.0287894
Tight multinomial,Bracelet,1124,0.289097
Tight multinomial,Bracelet,1125,0.27685
Tight multinomial,Bracelet,1126,0.155185
Tight multinomial,Bracelet,1127,0.378814
Tight multinomial,Bracelet,1128,0.42908
Tight multinomial,Bracelet,1129,0.351802
Tight multinomial,Bracelet,1130,0.245075
Tight multinomial,Bracelet,1131,0.282213
Tight multinomial,Bracelet,1132,0.496339
Tight multinomial,Bracelet,1133,0.429696
Tight multinomial,Bracelet,1134,0.418732
Tight multinomial,Bracelet,1135,0.553157
Tight multinomial,Bracelet,1136,0.195378
Tight multinomial,Bracelet,1137,0.457298
Tight multinomial,Bracelet,1138,0.42229
Tight multinomial,Bracelet,1139,0.685065
Tight multinomial,Bracelet,1140,0.431507
Tight multinomial,Bracelet,1141,0.240276
Tight multinomial,Bracelet,1142,0.510768
Tight multinomial,Bracelet,1143,0.286087
Tight multinomial,Bracelet,1144,0.391324
Tight multinomial,Bracelet,1145,0.0364663
Tight multinomial,Bracelet,1146,0.311133
Tight multinomial,Bracelet,1147,0.491382
Tight multinomial,Bracelet,1148,0.317057
Tight multinomial,Bracelet,1149,0.337095
Tight multinomial,Bracelet,1150,0.224687
Tight multinomial,Bracelet,1152,0.577614
Tight multinomial,Bracelet,1153,0.228081
Tight multinomial,Bracelet,1154,0.606106
Tight multinomial,Bracelet,1155,0.570857
Tight multinomial,Bracelet,1156,0.461444
Tight multinomial,Bracelet,1157,0.116024
Tight multinomial,Bracelet,1158,-0.13615
Tight multinomial,Bracelet,1159,0.412189
Tight multinomial,Bracelet,1160,0.487047
Tight multinomial,Bracelet,1161,0.485436
Tight multinomial,Bracelet,1162,0.536902
Tight multinomial,Bracelet,1164,0.669608
Tight multinomial,Bracelet,1165,0.555045
Tight multinomial,Bracelet,1166,0.30381
Tight multinomial,Bracelet,1167,0.193683
Tight multinomial,Bracelet,1168,0.471887
Tight multinomial,Bracelet,1169,0.298979
Tight multinomial,Bracelet,1170,-0.0543727
Tight multinomial,Bracelet,1171,0.677187
Tight multinomial,Bracelet,1172,0.176355
Tight multinomial,Bracelet,1173,0.382027
Tight multinomial,Bracelet,1174,0.289992
Tight multinomial,Bracelet,1175,0.351249
Tight multinomial,Bracelet,1176,0.342487
Tight multinomial,Bracelet,1177,0.535662
Tight multinomial,Bracelet,1178,0.266483
Tight multinomial,Bracelet,1179,0.403232
Tight multinomial,Bracelet,1180,-0.0735166
Tight multinomial,Bracelet,1181,0.521356
Tight multinomial,Bracelet,1182,0.407966
Tight multinomial,Bracelet,1183,0.281228
Tight multinomial,Bracelet,1184,0.0871153
Tight multinomial,Bracelet,1185,0.613974
Tight multinomial,Bracelet,1186,0.161224
Tight multinomial,Bracelet,1187,0.32997
Tight multinomial,Bracelet,1188,0.0845619
Tight multinomial,Bracelet,1189,0.187817
Tight multinomial,Bracelet,1190,0.091449
Tight multinomial,Bracelet,1191,0.351209
Tight multinomial,Bracelet,1192,0.285358
Tight multinomial,Bracelet,1193,0.242245
Tight multinomial,Bracelet,1194,0.294506
Tight multinomial,Bracelet,1195,0.0146186
Tight multinomial,Bracelet,1196,0.272126
Tight multinomial,Bracelet,1197,0.507646
Tight multinomial,Bracelet,1198,0.394538
Tight multinomial,Bracelet,1199,0.165453
Tight multinomial,Bracelet,1200,0.195441
Tight multinomial,Bracelet,1201,0.268189
Tight multinomial,Bracelet,1202,0.136751
Tight multinomial,Bracelet,1203,0.279976
Tight multinomial,Bracelet,1204,0.323813
Tight multinomial,Bracelet,1205,0.528219
Tight multinomial,Bracelet,1206,0.626747
Tight multinomial,Bracelet,1207,0.166062
Tight multinomial,Bracelet,1208,0.236233
Tight multinomial,Bracelet,1209,0.175446
Tight multinomial,Bracelet,1210,0.183068
Tight multinomial,Bracelet,1212,0.285716
Tight multinomial,Bracelet,1213,0.274606
Tight multinomial,Bracelet,1214,0.562598
Tight multinomial,Bracelet,1215,0.647692
Tight multinomial,Bracelet,1216,0.0862454
Tight multinomial,Bracelet,1217,0.297895
Tight multinomial,Bracelet,1218,0.299129
Tight multinomial,Bracelet,1219,0.616004
Tight multinomial,Bracelet,1220,0.28777200000000003
Tight multinomial,Bracelet,1221,0.24228
Tight multinomial,Bracelet,1222,0.444103
Tight multinomial,Bracelet,1223,0.148556
Tight multinomial,Bracelet,1224,0.286857
Tight multinomial,Bracelet,1226,0.451954
Tight multinomial,Bracelet,1227,0.452444
Tight multinomial,Bracelet,1228,0.0287219
Tight multinomial,Bracelet,1229,0.540018
Tight multinomial,Bracelet,1230,0.342427
Tight multinomial,Bracelet,1231,0.251412
Tight multinomial,Bracelet,1232,-0.176552
Tight multinomial,Bracelet,1233,0.446002
Tight multinomial,Bracelet,1234,0.598701
Tight multinomial,Bracelet,1235,0.224712
Tight multinomial,Bracelet,1236,0.353025
Tight multinomial,Bracelet,1237,0.291727
Tight multinomial,Bracelet,1238,0.717772
Tight multinomial,Bracelet,1239,0.259426
Tight multinomial,Bracelet,1240,0.508116
Tight multinomial,Bracelet,1241,0.655168
Tight multinomial,Bracelet,1242,0.381265
Tight multinomial,Bracelet,1243,0.184685
Tight multinomial,Bracelet,1244,0.526694
Tight multinomial,Bracelet,1245,0.260174
Tight multinomial,Bracelet,1246,0.512244
Tight multinomial,Bracelet,1247,0.613987
Tight multinomial,Bracelet,1248,0.270807
Tight multinomial,Bracelet,1249,0.60762
Tight multinomial,Bracelet,1250,0.140993
Tight multinomial,Bracelet,1251,0.596499
Tight multinomial,Bracelet,1252,0.231462
Tight multinomial,Bracelet,1253,0.619176
Tight multinomial,Bracelet,1254,-0.0361255
Tight multinomial,Bracelet,1255,0.255189
Tight multinomial,Bracelet,1256,0.503666
Tight multinomial,Bracelet,1257,0.441075
Tight multinomial,Bracelet,1258,0.455184
Tight multinomial,Bracelet,1259,0.244017
Tight multinomial,Bracelet,1260,0.166198
Tight multinomial,Bracelet,1261,0.199978
Tight multinomial,Bracelet,1262,0.480542
Tight multinomial,Bracelet,1263,-0.0112534
Tight multinomial,Bracelet,1264,0.569789
Tight multinomial,Bracelet,1265,0.130554
Tight multinomial,Bracelet,1266,0.405567
Tight multinomial,Bracelet,1267,0.483474
Tight multinomial,Bracelet,1268,0.0382366
Tight multinomial,Bracelet,1269,0.156886
Tight multinomial,Bracelet,1270,0.0706032
Tight multinomial,Bracelet,1271,0.0884315
Tight multinomial,Bracelet,1272,-0.08308
Tight multinomial,Bracelet,1273,0.24525
Tight multinomial,Bracelet,1274,0.0544285
Tight multinomial,Bracelet,1275,0.696779
Tight multinomial,Bracelet,1276,0.294454
Tight multinomial,Bracelet,1277,0.394879
Tight multinomial,Bracelet,1278,0.408953
Tight multinomial,Bracelet,1279,0.326315
Tight multinomial,Bracelet,1281,0.581572
Tight multinomial,Bracelet,1282,0.716995
Tight multinomial,Bracelet,1283,0.266122
Tight multinomial,Bracelet,1284,0.0956804
Tight multinomial,Bracelet,1285,0.641369
Tight multinomial,Bracelet,1286,0.807007
Tight multinomial,Bracelet,1287,0.451423
Tight multinomial,Bracelet,1288,0.395365
Tight multinomial,Bracelet,1289,0.656464
Tight multinomial,Bracelet,1290,0.156722
Tight multinomial,Bracelet,1291,0.108518
Tight multinomial,Bracelet,1292,0.304014
Tight multinomial,Bracelet,1293,0.375121
Tight multinomial,Bracelet,1294,0.533257
Tight multinomial,Bracelet,1295,0.396713
Tight multinomial,Bracelet,1296,0.462248
Tight multinomial,Bracelet,1297,0.065111
Tight multinomial,Bracelet,1298,0.241098
Tight multinomial,Bracelet,1299,0.323693
Tight multinomial,Bracelet,1300,0.402016
Tight multinomial,Bracelet,1301,0.172299
Tight multinomial,Bracelet,1302,0.253298
Tight multinomial,Bracelet,1303,-0.0376858
Tight multinomial,Bracelet,1304,0.6555
Tight multinomial,Bracelet,1305,0.602258
Tight multinomial,Bracelet,1306,0.508207
Tight multinomial,Bracelet,1307,0.24482
Tight multinomial,Bracelet,1308,0.539464
Tight multinomial,Bracelet,1309,0.54734
Tight multinomial,Bracelet,1310,0.0963169
Tight multinomial,Bracelet,1311,0.464962
Tight multinomial,Bracelet,1312,0.394791
Tight multinomial,Bracelet,1313,0.375504
Tight multinomial,Bracelet,1314,0.453898
Tight multinomial,Bracelet,1315,0.0679678
Tight multinomial,Bracelet,1316,0.175693
Tight multinomial,Bracelet,1317,0.312197
Tight multinomial,Bracelet,1318,0.560991
Tight multinomial,Bracelet,1319,0.221904
Tight multinomial,Bracelet,1320,0.0834491
Tight multinomial,Bracelet,1321,0.562254
Tight multinomial,Bracelet,1322,0.558373
Tight multinomial,Bracelet,1323,0.0489506
Tight multinomial,Bracelet,1324,0.328102
Tight multinomial,Bracelet,1325,0.325879
Tight multinomial,Bracelet,1326,0.0981842
Tight multinomial,Bracelet,1327,0.544583
Tight multinomial,Bracelet,1328,0.322903
Tight multinomial,Bracelet,1329,0.793364
Tight multinomial,Bracelet,1330,0.786532
Tight multinomial,Bracelet,1331,0.176102
Tight multinomial,Bracelet,1332,0.249562
Tight multinomial,Bracelet,1333,0.405274
Tight multinomial,Bracelet,1334,0.729072
Tight multinomial,Bracelet,1335,-0.0839125
Tight multinomial,Bracelet,1336,0.477685
Tight multinomial,Bracelet,1337,0.571797
Tight multinomial,Bracelet,1338,0.431163
Tight multinomial,Bracelet,1339,0.592582
Tight multinomial,Bracelet,1340,0.383928
Tight multinomial,Bracelet,1341,0.211035
Tight multinomial,Bracelet,1342,0.281042
Tight multinomial,Bracelet,1343,0.330122
Tight multinomial,Bracelet,1344,0.491482
Tight multinomial,Bracelet,1345,-0.12433
Tight multinomial,Bracelet,1346,0.0338428
Tight multinomial,Bracelet,1347,0.0504124
Tight multinomial,Bracelet,1348,0.326346
Tight multinomial,Bracelet,1349,0.366172
Tight multinomial,Bracelet,1350,0.388561
Tight multinomial,Bracelet,1351,0.428464
Tight multinomial,Bracelet,1353,0.299791
Tight multinomial,Bracelet,1354,0.352047
Tight multinomial,Bracelet,1355,0.455901
Tight multinomial,Bracelet,1356,0.346205
Tight multinomial,Bracelet,1357,0.338005
Tight multinomial,Bracelet,1358,0.35644
Tight multinomial,Bracelet,1359,0.41464
Tight multinomial,Bracelet,1360,0.580013
Tight multinomial,Bracelet,1361,0.0479253
Tight multinomial,Bracelet,1362,0.619243
Tight multinomial,Bracelet,1363,0.102475
Tight multinomial,Bracelet,1364,0.293828
Tight multinomial,Bracelet,1365,0.190154
Tight multinomial,Bracelet,1366,0.248878
Tight multinomial,Bracelet,1367,0.17831
Tight multinomial,Bracelet,1368,0.806052
Tight multinomial,Bracelet,1369,0.400503
Tight multinomial,Bracelet,1370,0.0829504
Tight multinomial,Bracelet,1371,0.164582
Tight multinomial,Bracelet,1372,0.307698
Tight multinomial,Bracelet,1373,0.231739
Tight multinomial,Bracelet,1374,0.414748
Tight multinomial,Bracelet,1375,0.418043
Tight multinomial,Bracelet,1376,0.112722
Tight multinomial,Bracelet,1377,0.441582
Tight multinomial,Bracelet,1378,0.345975
Tight multinomial,Bracelet,1379,0.464869
Tight multinomial,Bracelet,1380,0.42434500000000003
Tight multinomial,Bracelet,1381,0.493192
Tight multinomial,Bracelet,1382,0.304898
Tight multinomial,Bracelet,1383,0.47446
Tight multinomial,Bracelet,1384,0.270123
Tight multinomial,Bracelet,1385,0.0992775
Tight multinomial,Bracelet,1386,0.561485
Tight multinomial,Bracelet,1387,0.189327
Tight multinomial,Bracelet,1388,0.387089
Tight multinomial,Bracelet,1389,-0.0413164
Tight multinomial,Bracelet,1390,-0.0843956
Tight multinomial,Bracelet,1391,0.239184
Tight multinomial,Bracelet,1392,0.320166
Tight multinomial,Bracelet,1393,0.545461
Tight multinomial,Bracelet,1394,0.457207
Tight multinomial,Bracelet,1395,0.257006
Tight multinomial,Bracelet,1396,0.329071
Tight multinomial,Bracelet,1397,0.0158409
Tight multinomial,Bracelet,1398,0.479184
Tight multinomial,Bracelet,1399,0.25585
Tight multinomial,Bracelet,1400,0.506289
Tight multinomial,Bracelet,1401,-0.22273
Tight multinomial,Bracelet,1402,0.311157
Tight multinomial,Bracelet,1403,0.355707
Tight multinomial,Bracelet,1404,0.295766
Tight multinomial,Bracelet,1405,0.272714
Tight multinomial,Bracelet,1406,0.45366
Tight multinomial,Bracelet,1407,-0.0120878
Tight multinomial,Bracelet,1408,0.147356
Tight multinomial,Bracelet,1409,0.221851
Tight multinomial,Bracelet,1410,0.185216
Tight multinomial,Bracelet,1411,0.585724
Tight multinomial,Bracelet,1412,0.463058
Tight multinomial,Bracelet,1413,0.537201
Tight multinomial,Bracelet,1414,0.744253
Tight multinomial,Bracelet,1415,0.533434
Tight multinomial,Bracelet,1416,0.367624
Tight multinomial,Bracelet,1417,0.179643
Tight multinomial,Bracelet,1418,0.539871
Tight multinomial,Bracelet,1419,0.582767
Tight multinomial,Bracelet,1420,0.649286
Tight multinomial,Bracelet,1421,0.48711
Tight multinomial,Bracelet,1422,0.21078
Tight multinomial,Bracelet,1423,0.725513
Tight multinomial,Bracelet,1425,0.417499
Tight multinomial,Bracelet,1426,0.491841
Tight multinomial,Bracelet,1427,0.336747
Tight multinomial,Bracelet,1428,0.363064
Tight multinomial,Bracelet,1429,0.204576
Tight multinomial,Bracelet,1430,0.385488
Tight multinomial,Bracelet,1431,0.262829
Tight multinomial,Bracelet,1432,0.472989
Tight multinomial,Bracelet,1433,0.27631
Tight multinomial,Bracelet,1434,0.202384
Tight multinomial,Bracelet,1435,0.180587
Tight multinomial,Bracelet,1436,0.334733
Tight multinomial,Bracelet,1437,0.475952
Tight multinomial,Bracelet,1438,0.337508
Tight multinomial,Bracelet,1439,0.00508047
Tight multinomial,Bracelet,1440,0.357539
Tight multinomial,Bracelet,1441,0.742052
Tight multinomial,Bracelet,1442,0.334967
Tight multinomial,Bracelet,1443,0.557382
Tight multinomial,Bracelet,1444,0.539384
Tight multinomial,Bracelet,1445,0.58652
Tight multinomial,Bracelet,1446,0.444813
Tight multinomial,Bracelet,1447,0.203811
Tight multinomial,Bracelet,1448,0.239019
Tight multinomial,Bracelet,1449,0.499536
Tight multinomial,Bracelet,1450,0.537803
Tight multinomial,Bracelet,1451,0.0501314
Tight multinomial,Bracelet,1452,0.0388511
Tight multinomial,Bracelet,1453,0.234944
Tight multinomial,Bracelet,1454,0.10538
Tight multinomial,Bracelet,1455,0.732537
Tight multinomial,Bracelet,1456,0.242203
Tight multinomial,Bracelet,1457,0.444896
Tight multinomial,Bracelet,1458,0.536731
Tight multinomial,Bracelet,1459,0.735558
Tight multinomial,Bracelet,1460,0.603538
Tight multinomial,Bracelet,1461,0.421448
Tight multinomial,Bracelet,1462,0.14932
Tight multinomial,Bracelet,1463,0.280322
Tight multinomial,Bracelet,1464,0.394411
Tight multinomial,Bracelet,1465,0.598329
Tight multinomial,Bracelet,1466,0.174063
Tight multinomial,Bracelet,1467,0.316244
Tight multinomial,Bracelet,1468,0.292156
Tight multinomial,Bracelet,1470,0.279607
Tight multinomial,Bracelet,1471,0.240374
Tight multinomial,Bracelet,1472,0.322633
Tight multinomial,Bracelet,1473,0.395158
Tight multinomial,Bracelet,1474,0.333499
Tight multinomial,Bracelet,1475,0.631776
Tight multinomial,Bracelet,1476,0.506879
Tight multinomial,Bracelet,1477,0.438548
Tight multinomial,Bracelet,1478,0.675271
Tight multinomial,Bracelet,1479,0.21808
Tight multinomial,Bracelet,1480,0.565615
Tight multinomial,Bracelet,1481,0.647333
Tight multinomial,Bracelet,1482,0.283341
Tight multinomial,Bracelet,1483,0.242491
Tight multinomial,Bracelet,1484,-0.0191465
Tight multinomial,Bracelet,1485,0.476504
Tight multinomial,Bracelet,1486,0.27673
Tight multinomial,Bracelet,1487,0.558575
Tight multinomial,Bracelet,1488,0.162852
Tight multinomial,Bracelet,1489,0.607321
Tight multinomial,Bracelet,1490,0.711438
Tight multinomial,Bracelet,1491,0.721665
Tight multinomial,Bracelet,1492,0.349051
Tight multinomial,Bracelet,1493,0.424794
Tight multinomial,Bracelet,1494,0.512889
Tight multinomial,Bracelet,1495,0.650091
Tight multinomial,Bracelet,1496,0.453222
Tight multinomial,Bracelet,1497,0.644725
Tight multinomial,Bracelet,1498,0.456322
Tight multinomial,Bracelet,1499,0.0272371
Tight multinomial,Bracelet,1500,0.656361
Tight multinomial,Bracelet,1501,0.968315
Tight multinomial,Bracelet,1502,0.528012
Tight multinomial,Bracelet,1503,0.972188
Tight multinomial,Bracelet,1504,0.982199
Tight multinomial,Bracelet,1505,0.974211
Tight multinomial,Bracelet,1506,0.979734
Tight multinomial,Bracelet,1507,0.48634
Tight multinomial,Bracelet,1508,0.476132
Tight multinomial,Bracelet,1509,0.385244
Tight multinomial,Bracelet,1510,0.229369
Tight multinomial,Bracelet,1511,0.578395
Tight multinomial,Bracelet,1512,0.173774
Tight multinomial,Bracelet,1513,0.339709
Tight multinomial,Bracelet,1514,0.413377
Tight multinomial,Bracelet,1515,0.572689
Tight multinomial,Bracelet,1516,0.181987
Tight multinomial,Bracelet,1517,0.22586
Tight multinomial,Bracelet,1518,0.0531811
Tight multinomial,Bracelet,1519,0.305394
Tight multinomial,Bracelet,1520,0.197674
Tight multinomial,Bracelet,1521,0.635447
Tight multinomial,Bracelet,1522,0.445648
Tight multinomial,Bracelet,1523,0.40245
Tight multinomial,Bracelet,1524,0.154856
Tight multinomial,Bracelet,1525,0.357185
Tight multinomial,Bracelet,1526,0.287535
Tight multinomial,Bracelet,1527,0.569805
Tight multinomial,Bracelet,1528,0.388743
Tight multinomial,Bracelet,1529,0.591263
Tight multinomial,Bracelet,1530,0.39585
Tight multinomial,Bracelet,1531,0.141714
Tight multinomial,Bracelet,1532,0.678829
Tight multinomial,Bracelet,1533,0.373212
Tight multinomial,Bracelet,1534,0.00613114
Tight multinomial,Bracelet,1535,0.140133
Tight multinomial,Bracelet,1536,0.616281
Tight multinomial,Bracelet,1537,0.171604
Tight multinomial,Bracelet,1538,0.273531
Tight multinomial,Bracelet,1539,0.53176
Tight multinomial,Bracelet,1540,0.592447
Tight multinomial,Bracelet,1542,0.374169
Tight multinomial,Bracelet,1543,0.263484
Tight multinomial,Bracelet,1544,0.408692
Tight multinomial,Bracelet,1545,0.291931
Tight multinomial,Bracelet,1546,0.562003
Tight multinomial,Bracelet,1547,0.500407
Tight multinomial,Bracelet,1548,0.410529
Tight multinomial,Bracelet,1549,0.418853
Tight multinomial,Bracelet,1550,0.0906108
Tight multinomial,Bracelet,1551,0.519092
Tight multinomial,Bracelet,1552,0.41401
Tight multinomial,Bracelet,1553,0.323099
Tight multinomial,Bracelet,1554,0.446747
Tight multinomial,Bracelet,1556,0.0692201
Tight multinomial,Bracelet,1557,0.133829
Tight multinomial,Bracelet,1558,-0.0976266
Tight multinomial,Bracelet,1559,0.0285835
Tight multinomial,Bracelet,1560,0.148454
Tight multinomial,Bracelet,1561,0.30449
Tight multinomial,Bracelet,1562,-0.104099
Tight multinomial,Bracelet,1563,0.561799
Tight multinomial,Bracelet,1564,0.463455
Tight multinomial,Bracelet,1565,0.21711
Tight multinomial,Bracelet,1566,0.284158
Tight multinomial,Bracelet,1567,0.580846
Tight multinomial,Bracelet,1568,0.182583
Tight multinomial,Bracelet,1569,0.838855
Tight multinomial,Bracelet,1570,0.324405
Tight multinomial,Bracelet,1571,0.284971
Tight multinomial,Bracelet,1572,0.431903
Tight multinomial,Bracelet,1573,0.41011
Tight multinomial,Bracelet,1574,0.189843
Tight multinomial,Bracelet,1575,-0.0581887
Tight multinomial,Bracelet,1576,0.772149
Tight multinomial,Bracelet,1577,0.649144
Tight multinomial,Bracelet,1578,0.148434
Tight multinomial,Bracelet,1579,0.280421
Tight multinomial,Bracelet,1580,0.122811
Tight multinomial,Bracelet,1581,0.324772
Tight multinomial,Bracelet,1582,0.212442
Tight multinomial,Bracelet,1583,0.322757
Tight multinomial,Bracelet,1584,0.548921
Tight multinomial,Bracelet,1585,0.19489
Tight multinomial,Bracelet,1586,0.520736
Tight multinomial,Bracelet,1587,0.39021
Tight multinomial,Bracelet,1588,0.243981
Tight multinomial,Bracelet,1589,0.446435
Tight multinomial,Bracelet,1590,0.624967
Tight multinomial,Bracelet,1591,0.255809
Tight multinomial,Bracelet,1592,0.308949
Tight multinomial,Bracelet,1593,0.0766396
Tight multinomial,Bracelet,1594,0.438937
Tight multinomial,Bracelet,1595,-0.0527419
Tight multinomial,Bracelet,1596,0.550166
Tight multinomial,Bracelet,1597,0.368746
Tight multinomial,Bracelet,1598,0.0853065
Tight multinomial,Bracelet,1599,-0.0173139
Tight multinomial,Bracelet,1600,0.300972
F3 two-stage conditional,Control,1,1.33562
F3 two-stage conditional,Control,2,1.16308
F3 two-stage conditional,Control,3,1.09099
F3 two-stage conditional,Control,4,1.06084
F3 two-stage conditional,Control,5,1.22631
F3 two-stage conditional,Control,6,1.20653
F3 two-stage conditional,Control,7,1.06864
F3 two-stage conditional,Control,8,1.03716
F3 two-stage conditional,Control,9,1.10124
F3 two-stage conditional,Control,10,1.05097
F3 two-stage conditional,Control,11,1.01587
F3 two-stage conditional,Control,12,1.02089
F3 two-stage conditional,Control,13,1.04845
F3 two-stage conditional,Control,14,1.1152
F3 two-stage conditional,Control,15,1.00738
F3 two-stage conditional,Control,16,1.02345
F3 two-stage conditional,Control,17,1.01669
F3 two-stage conditional,Control,18,1.02311
F3 two-stage conditional,Control,19,1.00652
F3 two-stage conditional,Control,20,1.00202
F3 two-stage conditional,Control,21,1.00004
F3 two-stage conditional,Control,22,1.00022
F3 two-stage conditional,Control,23,1.00033
F3 two-stage conditional,Control,24,1.02695
F3 two-stage conditional,Control,25,1.01763
F3 two-stage conditional,Control,26,1.03228
F3 two-stage conditional,Control,27,1.13538
F3 two-stage conditional,Control,28,1.0757
F3 two-stage conditional,Control,29,1.28
F3 two-stage conditional,Control,30,1.06509
F3 two-stage conditional,Control,31,1.22098
F3 two-stage conditional,Control,32,1.45702
F3 two-stage conditional,Control,33,1.36342
F3 two-stage conditional,Control,34,1.15296
F3 two-stage conditional,Control,35,1.12409
F3 two-stage conditional,Control,36,1.29784
F3 two-stage conditional,Control,37,1.30975
F3 two-stage conditional,Control,38,1.04834
F3 two-stage conditional,Control,39,1.25147
F3 two-stage conditional,Control,40,1.11131
F3 two-stage conditional,Control,41,1.01677
F3 two-stage conditional,Control,42,1.02949
F3 two-stage conditional,Control,43,1.01115
F3 two-stage conditional,Control,44,1.11713
F3 two-stage conditional,Control,45,1.24061
F3 two-stage conditional,Control,46,1.06448
F3 two-stage conditional,Control,47,1.18171
F3 two-stage conditional,Control,48,1.17608
F3 two-stage conditional,Control,49,1.12671
F3 two-stage conditional,Control,50,1.16524
F3 two-stage conditional,Control,51,1.27787
F3 two-stage conditional,Control,52,1.07634
F3 two-stage conditional,Control,53,1.40319
F3 two-stage conditional,Control,54,1.40909
F3 two-stage conditional,Control,55,1.14328
F3 two-stage conditional,Control,56,1.17551
F3 two-stage conditional,Control,57,1.1175
F3 two-stage conditional,Control,58,1.09387
F3 two-stage conditional,Control,59,1.09291
F3 two-stage conditional,Control,60,1.21737
F3 two-stage conditional,Control,61,1.11344
F3 two-stage conditional,Control,62,1.23753
F3 two-stage conditional,Control,63,1.35298
F3 two-stage conditional,Control,64,1.1382
F3 two-stage conditional,Control,65,1.04231
F3 two-stage conditional,Control,66,1.24402
F3 two-stage conditional,Control,67,1.22357
F3 two-stage conditional,Control,68,1.18015
F3 two-stage conditional,Control,69,1.17905
F3 two-stage conditional,Control,70,1.21968
F3 two-stage conditional,Control,71,1.15716
F3 two-stage conditional,Control,72,1.13188
F3 two-stage conditional,Control,73,1.26841
F3 two-stage conditional,Control,74,1.34898
F3 two-stage conditional,Control,75,1.00147
F3 two-stage conditional,Control,76,1.00731
F3 two-stage conditional,Control,77,1.00408
F3 two-stage conditional,Control,78,1.00207
F3 two-stage conditional,Control,79,1.08775
F3 two-stage conditional,Control,80,0.994862
F3 two-stage conditional,Control,81,1.01657
F3 two-stage conditional,Control,82,1.08644
F3 two-stage conditional,Control,83,1.04906
F3 two-stage conditional,Control,84,1.18093
F3 two-stage conditional,Control,85,1.19228
F3 two-stage conditional,Control,86,1.1373
F3 two-stage conditional,Control,87,1.0824
F3 two-stage conditional,Control,88,1.26577
F3 two-stage conditional,Control,89,1.16479
F3 two-stage conditional,Control,90,1.29866
F3 two-stage conditional,Control,91,1.16219
F3 two-stage conditional,Control,92,1.2001
F3 two-stage conditional,Control,93,1.22642
F3 two-stage conditional,Control,94,1.16728
F3 two-stage conditional,Control,95,1.02252
F3 two-stage conditional,Control,96,1.45819
F3 two-stage conditional,Control,97,1.4046
F3 two-stage conditional,Control,98,1.01253
F3 two-stage conditional,Control,99,1.02485
F3 two-stage conditional,Control,100,1.0194
F3 two-stage conditional,Control,101,1.0134
F3 two-stage conditional,Control,102,1.02133
F3 two-stage conditional,Control,103,1.02422
F3 two-stage conditional,Control,104,1.00939
F3 two-stage conditional,Control,105,1.02914
F3 two-stage conditional,Control,106,1.01045
F3 two-stage conditional,Control,107,1.08214
F3 two-stage conditional,Control,108,1.12704
F3 two-stage conditional,Control,109,1.06251
F3 two-stage conditional,Control,110,1.26566
F3 two-stage conditional,Control,111,1.3948
F3 two-stage conditional,Control,112,1.09142
F3 two-stage conditional,Control,113,1.12405
F3 two-stage conditional,Control,114,1.37826
F3 two-stage conditional,Control,115,1.12134
F3 two-stage conditional,Control,116,1.13117
F3 two-stage conditional,Control,117,1.15078
F3 two-stage conditional,Control,118,1.07931
F3 two-stage conditional,Control,119,1.1537
F3 two-stage conditional,Control,120,1.10932
F3 two-stage conditional,Control,121,1.0779
F3 two-stage conditional,Control,122,1.4374
F3 two-stage conditional,Control,123,1.58771
F3 two-stage conditional,Control,124,1.10524
F3 two-stage conditional,Control,125,1.19633
F3 two-stage conditional,Control,126,1.27947
F3 two-stage conditional,Control,127,1.11139
F3 two-stage conditional,Control,128,1.12791
F3 two-stage conditional,Control,129,1.19344
F3 two-stage conditional,Control,130,1.38278
F3 two-stage conditional,Control,131,1.04526
F3 two-stage conditional,Control,132,1.22516
F3 two-stage conditional,Control,133,1.25986
F3 two-stage conditional,Control,134,1.23891
F3 two-stage conditional,Control,135,1.27585
F3 two-stage conditional,Control,136,1.13139
F3 two-stage conditional,Control,137,1.08863
F3 two-stage conditional,Control,138,1.29301
F3 two-stage conditional,Control,139,1.0488
F3 two-stage conditional,Control,140,1.11953
F3 two-stage conditional,Control,141,1.1571
F3 two-stage conditional,Control,142,1.05426
F3 two-stage conditional,Control,143,1.19936
F3 two-stage conditional,Control,144,1.14594
F3 two-stage conditional,Control,145,0.946571
F3 two-stage conditional,Control,146,1.0648
F3 two-stage conditional,Control,147,0.995058
F3 two-stage conditional,Control,148,1.00963
F3 two-stage conditional,Control,149,1.21127
F3 two-stage conditional,Control,150,1.19663
F3 two-stage conditional,Control,151,1.21797
F3 two-stage conditional,Control,152,1.11366
F3 two-stage conditional,Control,153,1.02957
F3 two-stage conditional,Control,154,1.09679
F3 two-stage conditional,Control,155,1.00593
F3 two-stage conditional,Control,156,1.055
F3 two-stage conditional,Control,157,1.02003
F3 two-stage conditional,Control,158,1.08671
F3 two-stage conditional,Control,159,1.00134
F3 two-stage conditional,Control,160,1.00054
F3 two-stage conditional,Control,161,1.0067
F3 two-stage conditional,Control,162,1.00449
F3 two-stage conditional,Control,163,1.00178
F3 two-stage conditional,Control,164,1.00313
F3 two-stage conditional,Control,165,1.06149
F3 two-stage conditional,Control,166,1.05761
F3 two-stage conditional,Control,167,1.00972
F3 two-stage conditional,Control,168,1.09663
F3 two-stage conditional,Control,169,1.04489
F3 two-stage conditional,Control,170,1.12942
F3 two-stage conditional,Control,171,1.1053
F3 two-stage conditional,Control,172,1.00175
F3 two-stage conditional,Control,173,1.04291
F3 two-stage conditional,Control,174,1.02036
F3 two-stage conditional,Control,175,1.00828
F3 two-stage conditional,Control,176,1.0669
F3 two-stage conditional,Control,177,1.02367
F3 two-stage conditional,Control,178,1.07484
F3 two-stage conditional,Control,179,1.06113
F3 two-stage conditional,Control,180,1.21033
F3 two-stage conditional,Control,181,1.15697
F3 two-stage conditional,Control,182,0.956234
F3 two-stage conditional,Control,183,1.33367
F3 two-stage conditional,Control,184,1.31041
F3 two-stage conditional,Control,185,1.27637
F3 two-stage conditional,Control,186,1.40259
F3 two-stage conditional,Control,187,1.22359
F3 two-stage conditional,Control,188,1.05299
F3 two-stage conditional,Control,189,1.00753
F3 two-stage conditional,Control,190,0.992159
F3 two-stage conditional,Control,191,1.00815
F3 two-stage conditional,Control,192,1.02413
F3 two-stage conditional,Control,193,1.05717
F3 two-stage conditional,Control,194,1.00119
F3 two-stage conditional,Control,195,1.0004
F3 two-stage conditional,Control,196,1.00676
F3 two-stage conditional,Control,197,1.02162
F3 two-stage conditional,Control,198,1.00217
F3 two-stage conditional,Control,199,1.09684
F3 two-stage conditional,Control,200,1.22184
F3 two-stage conditional,Control,201,1.10101
F3 two-stage conditional,Control,202,1.03769
F3 two-stage conditional,Control,203,1.05318
F3 two-stage conditional,Control,204,1.20531
F3 two-stage conditional,Control,205,1.00609
F3 two-stage conditional,Control,206,1.41622
F3 two-stage conditional,Control,207,1.03638
F3 two-stage conditional,Control,208,1.36645
F3 two-stage conditional,Control,209,1.28453
F3 two-stage conditional,Control,210,1.23735
F3 two-stage conditional,Control,211,1.22117
F3 two-stage conditional,Control,212,1.29298
F3 two-stage conditional,Control,213,1.16807
F3 two-stage conditional,Control,214,1.14248
F3 two-stage conditional,Control,215,1.01148
F3 two-stage conditional,Control,216,1.29517
F3 two-stage conditional,Control,217,1.18232
F3 two-stage conditional,Control,218,1.2384
F3 two-stage conditional,Control,219,1.09823
F3 two-stage conditional,Control,220,1.23562
F3 two-stage conditional,Control,221,1.13031
F3 two-stage conditional,Control,222,1.38537
F3 two-stage conditional,Control,223,1.12068
F3 two-stage conditional,Control,224,1.08307
F3 two-stage conditional,Control,225,1.26283
F3 two-stage conditional,Control,226,1.07635
F3 two-stage conditional,Control,227,1.05113
F3 two-stage conditional,Control,228,1.00459
F3 two-stage conditional,Control,229,0.990707
F3 two-stage conditional,Control,230,1.02877
F3 two-stage conditional,Control,231,1.03378
F3 two-stage conditional,Control,232,1.10516
F3 two-stage conditional,Control,233,0.928829
F3 two-stage conditional,Control,234,1.03437
F3 two-stage conditional,Control,235,1.01055
F3 two-stage conditional,Control,236,1.00703
F3 two-stage conditional,Control,237,1.01835
F3 two-stage conditional,Control,238,1.02612
F3 two-stage conditional,Control,239,1.00386
F3 two-stage conditional,Control,240,1.00281
F3 two-stage conditional,Control,241,1.00408
F3 two-stage conditional,Control,242,1.01674
F3 two-stage conditional,Control,243,1.00648
F3 two-stage conditional,Control,244,1.00523
F3 two-stage conditional,Control,245,1.01836
F3 two-stage conditional,Control,246,1.00382
F3 two-stage conditional,Control,247,1.24492
F3 two-stage conditional,Control,248,1.05423
F3 two-stage conditional,Control,249,1.12846
F3 two-stage conditional,Control,250,1.21507
F3 two-stage conditional,Control,251,1.31027
F3 two-stage conditional,Control,252,1.31536
F3 two-stage conditional,Control,253,1.30789
F3 two-stage conditional,Control,254,1.17865
F3 two-stage conditional,Control,255,1.32574
F3 two-stage conditional,Control,256,1.04736
F3 two-stage conditional,Control,257,1.33899
F3 two-stage conditional,Control,258,1.0844800000000001
F3 two-stage conditional,Control,259,1.04562
F3 two-stage conditional,Control,260,1.18071
F3 two-stage conditional,Control,261,1.18457
F3 two-stage conditional,Control,262,1.16531
F3 two-stage conditional,Control,263,1.17142
F3 two-stage conditional,Control,264,1.23894
F3 two-stage conditional,Control,265,1.28715
F3 two-stage conditional,Control,266,1.43352
F3 two-stage conditional,Control,267,1.12601
F3 two-stage conditional,Control,268,1.1632
F3 two-stage conditional,Control,269,1.28146
F3 two-stage conditional,Control,270,1.23094
F3 two-stage conditional,Control,271,1.16283
F3 two-stage conditional,Control,272,1.33072
F3 two-stage conditional,Control,273,1.20381
F3 two-stage conditional,Control,274,1.11352
F3 two-stage conditional,Control,275,1.22393
F3 two-stage conditional,Control,276,1.2299
F3 two-stage conditional,Control,277,1.2377
F3 two-stage conditional,Control,278,1.04005
F3 two-stage conditional,Control,279,1.10389
F3 two-stage conditional,Control,280,0.987172
F3 two-stage conditional,Control,281,1.3802
F3 two-stage conditional,Control,282,1.24107
F3 two-stage conditional,Control,283,1.01478
F3 two-stage conditional,Control,284,1.01083
F3 two-stage conditional,Control,285,1.02419
F3 two-stage conditional,Control,286,1.02026
F3 two-stage conditional,Control,287,1.00042
F3 two-stage conditional,Control,288,1.00004
F3 two-stage conditional,Control,289,1.00263
F3 two-stage conditional,Control,290,1.00316
F3 two-stage conditional,Control,291,1.00006
F3 two-stage conditional,Control,292,1.02605
F3 two-stage conditional,Control,293,1.00322
F3 two-stage conditional,Control,294,1.02513
F3 two-stage conditional,Control,295,1.0128
F3 two-stage conditional,Control,296,1.03886
F3 two-stage conditional,Control,297,1.00412
F3 two-stage conditional,Control,298,1.14003
F3 two-stage conditional,Control,299,1.02634
F3 two-stage conditional,Control,300,1.00326
F3 two-stage conditional,Control,301,1.00161
F3 two-stage conditional,Control,302,1.00435
F3 two-stage conditional,Control,303,0.989276
F3 two-stage conditional,Control,304,1.01458
F3 two-stage conditional,Control,305,1.01917
F3 two-stage conditional,Control,306,1.00426
F3 two-stage conditional,Control,307,1.26729
F3 two-stage conditional,Control,308,1.25387
F3 two-stage conditional,Control,309,1.38701
F3 two-stage conditional,Control,310,1.14322
F3 two-stage conditional,Control,311,1.13516
F3 two-stage conditional,Control,312,1.44759
F3 two-stage conditional,Control,313,1.10863
F3 two-stage conditional,Control,314,1.43263
F3 two-stage conditional,Control,315,1.29185
F3 two-stage conditional,Control,316,1.04246
F3 two-stage conditional,Control,317,1.0809
F3 two-stage conditional,Control,318,1.19839
F3 two-stage conditional,Control,319,1.10269
F3 two-stage conditional,Control,320,1.12705
F3 two-stage conditional,Control,321,1.12612
F3 two-stage conditional,Control,322,1.22492
F3 two-stage conditional,Control,323,1.00677
F3 two-stage conditional,Control,324,1.0957
F3 two-stage conditional,Control,325,1.20174
F3 two-stage conditional,Control,326,1.22624
F3 two-stage conditional,Control,327,1.2309
F3 two-stage conditional,Control,328,1.20049
F3 two-stage conditional,Control,329,1.08496
F3 two-stage conditional,Control,330,1.04537
F3 two-stage conditional,Control,331,1.01074
F3 two-stage conditional,Control,332,1.03672
F3 two-stage conditional,Control,333,1.06752
F3 two-stage conditional,Control,334,1.16917
F3 two-stage conditional,Control,335,1.12147
F3 two-stage conditional,Control,336,1.22398
F3 two-stage conditional,Control,337,1.2099
F3 two-stage conditional,Control,338,1.27569
F3 two-stage conditional,Control,339,1.2293
F3 two-stage conditional,Control,340,1.27131
F3 two-stage conditional,Control,341,1.14583
F3 two-stage conditional,Control,342,1.19752
F3 two-stage conditional,Control,343,0.940458
F3 two-stage conditional,Control,344,1.16603
F3 two-stage conditional,Control,345,1.30135
F3 two-stage conditional,Control,346,1.15514
F3 two-stage conditional,Control,347,1.06827
F3 two-stage conditional,Control,348,1.24706
F3 two-stage conditional,Control,349,1.20616
F3 two-stage conditional,Control,350,1.0591
F3 two-stage conditional,Control,351,1.03257
F3 two-stage conditional,Control,352,1.16249
F3 two-stage conditional,Control,353,1.20519
F3 two-stage conditional,Control,354,1.39101
F3 two-stage conditional,Control,355,1.24989
F3 two-stage conditional,Control,356,1.16719
F3 two-stage conditional,Control,357,1.01428
F3 two-stage conditional,Control,358,1.15285
F3 two-stage conditional,Control,359,0.914773
F3 two-stage conditional,Control,360,1.09949
F3 two-stage conditional,Control,361,1.04101
F3 two-stage conditional,Control,362,1.00642
F3 two-stage conditional,Control,363,1.1339
F3 two-stage conditional,Control,364,1.12667
F3 two-stage conditional,Control,365,1.17406
F3 two-stage conditional,Control,366,1.17873
F3 two-stage conditional,Control,367,1.12379
F3 two-stage conditional,Control,368,1.19492
F3 two-stage conditional,Control,369,1.07219
F3 two-stage conditional,Control,370,1.00816
F3 two-stage conditional,Control,371,1.03111
F3 two-stage conditional,Control,372,1.06185
F3 two-stage conditional,Control,373,1.13482
F3 two-stage conditional,Control,374,1.07619
F3 two-stage conditional,Control,375,1.05337
F3 two-stage conditional,Control,376,1.14296
F3 two-stage conditional,Control,377,1.09601
F3 two-stage conditional,Control,378,1.03142
F3 two-stage conditional,Control,379,1.2377
F3 two-stage conditional,Control,380,1.28048
F3 two-stage conditional,Control,381,1.24511
F3 two-stage conditional,Control,382,1.14978
F3 two-stage conditional,Control,383,1.13404
F3 two-stage conditional,Control,384,1.27642
F3 two-stage conditional,Control,385,1.22445
F3 two-stage conditional,Control,386,1.24157
F3 two-stage conditional,Control,387,1.52923
F3 two-stage conditional,Control,388,1.26186
F3 two-stage conditional,Control,389,1.29287
F3 two-stage conditional,Control,390,1.23875
F3 two-stage conditional,Control,391,1.11286
F3 two-stage conditional,Control,392,1.42031
F3 two-stage conditional,Control,393,1.25463
F3 two-stage conditional,Control,394,1.04444
F3 two-stage conditional,Control,395,1.28394
F3 two-stage conditional,Control,396,1.08011
F3 two-stage conditional,Control,397,1.09354
F3 two-stage conditional,Control,398,1.01955
F3 two-stage conditional,Control,399,1.05845
F3 two-stage conditional,Control,400,1.00601
F3 two-stage conditional,Control,401,1.10672
F3 two-stage conditional,Control,402,1.07143
F3 two-stage conditional,Control,403,1.06908
F3 two-stage conditional,Control,404,1.00176
F3 two-stage conditional,Control,405,1.01421
F3 two-stage conditional,Control,406,1.22745
F3 two-stage conditional,Control,407,1.13189
F3 two-stage conditional,Control,408,1.27739
F3 two-stage conditional,Control,409,1.1755
F3 two-stage conditional,Control,410,1.11126
F3 two-stage conditional,Control,411,1.03976
F3 two-stage conditional,Control,412,1.01479
F3 two-stage conditional,Control,413,1.1068
F3 two-stage conditional,Control,414,1.16597
F3 two-stage conditional,Control,415,1.08718
F3 two-stage conditional,Control,416,1.1456
F3 two-stage conditional,Control,417,1.16644
F3 two-stage conditional,Control,418,1.27262
F3 two-stage conditional,Control,419,1.18745
F3 two-stage conditional,Control,420,1.07186
F3 two-stage conditional,Control,421,1.07759
F3 two-stage conditional,Control,422,1.00793
F3 two-stage conditional,Control,423,1.0224
F3 two-stage conditional,Control,424,1.0216
F3 two-stage conditional,Control,425,1.03828
F3 two-stage conditional,Control,426,1.00254
F3 two-stage conditional,Control,427,1.07004
F3 two-stage conditional,Control,428,1.05613
F3 two-stage conditional,Control,429,1.06651
F3 two-stage conditional,Control,430,1.23602
F3 two-stage conditional,Control,431,1.01772
F3 two-stage conditional,Control,432,1.05095
F3 two-stage conditional,Control,433,1.0399
F3 two-stage conditional,Control,434,1.07277
F3 two-stage conditional,Control,435,1.35044
F3 two-stage conditional,Control,436,1.08566
F3 two-stage conditional,Control,437,1.09599
F3 two-stage conditional,Control,438,1.07516
F3 two-stage conditional,Control,439,1.00007
F3 two-stage conditional,Control,440,1.00013
F3 two-stage conditional,Control,441,1.02838
F3 two-stage conditional,Control,442,1.00756
F3 two-stage conditional,Control,443,1.27688
F3 two-stage conditional,Control,444,1.09958
F3 two-stage conditional,Control,445,1.11095
F3 two-stage conditional,Control,446,0.991749
F3 two-stage conditional,Control,447,1.01154
F3 two-stage conditional,Control,448,1.02224
F3 two-stage conditional,Control,449,1.22634
F3 two-stage conditional,Control,450,1.37288
F3 two-stage conditional,Control,451,1.3331
F3 two-stage conditional,Control,452,1.27892
F3 two-stage conditional,Control,453,1.35093
F3 two-stage conditional,Control,454,1.14173
F3 two-stage conditional,Control,455,1.19099
F3 two-stage conditional,Control,456,1.34881
F3 two-stage conditional,Control,457,1.14492
F3 two-stage conditional,Control,458,1.16003
F3 two-stage conditional,Control,459,1.24317
F3 two-stage conditional,Control,460,1.32523
F3 two-stage conditional,Control,461,1.18242
F3 two-stage conditional,Control,462,1.29112
F3 two-stage conditional,Control,463,1.16502
F3 two-stage conditional,Control,464,1.16532
F3 two-stage conditional,Control,465,1.13979
F3 two-stage conditional,Control,466,1.08091
F3 two-stage conditional,Control,467,1.16746
F3 two-stage conditional,Control,468,1.04187
F3 two-stage conditional,Control,469,1.12804
F3 two-stage conditional,Control,470,1.1057
F3 two-stage conditional,Control,471,1.0499
F3 two-stage conditional,Control,472,1.12605
F3 two-stage conditional,Control,473,1.17254
F3 two-stage conditional,Control,474,1.16326
F3 two-stage conditional,Control,475,1.27327
F3 two-stage conditional,Control,476,1.06021
F3 two-stage conditional,Control,477,1.0886
F3 two-stage conditional,Control,478,1.06925
F3 two-stage conditional,Control,479,1.03617
F3 two-stage conditional,Control,480,1.12114
F3 two-stage conditional,Control,481,1.21486
F3 two-stage conditional,Control,482,1.34625
F3 two-stage conditional,Control,483,1.20299
F3 two-stage conditional,Control,484,1.28046
F3 two-stage conditional,Control,485,1.55813
F3 two-stage conditional,Control,486,1.45326
F3 two-stage conditional,Control,487,1.14751
F3 two-stage conditional,Control,488,1.14339
F3 two-stage conditional,Control,489,1.20826
F3 two-stage conditional,Control,490,1.19688
F3 two-stage conditional,Control,491,1.2541
F3 two-stage conditional,Control,492,1.30178
F3 two-stage conditional,Control,493,1.18387
F3 two-stage conditional,Control,494,1.09841
F3 two-stage conditional,Control,495,1.19074
F3 two-stage conditional,Control,496,1.06923
F3 two-stage conditional,Control,497,1.19239
F3 two-stage conditional,Control,498,1.08171
F3 two-stage conditional,Control,499,1.17607
F3 two-stage conditional,Control,500,1.34308
F3 two-stage conditional,Control,501,1.07924
F3 two-stage conditional,Control,502,1.11423
F3 two-stage conditional,Control,503,1.24966
F3 two-stage conditional,Control,504,1.08732
F3 two-stage conditional,Control,505,1.00273
F3 two-stage conditional,Control,506,1.00101
F3 two-stage conditional,Control,507,1.01446
F3 two-stage conditional,Control,508,1.01181
F3 two-stage conditional,Control,509,1.00008
F3 two-stage conditional,Control,510,1.1004
F3 two-stage conditional,Control,511,0.969012
F3 two-stage conditional,Control,512,1.01125
F3 two-stage conditional,Control,513,1.2081
F3 two-stage conditional,Control,514,1.15132
F3 two-stage conditional,Control,515,1.31129
F3 two-stage conditional,Control,516,1.02358
F3 two-stage conditional,Control,517,1.00559
F3 two-stage conditional,Control,518,1.00191
F3 two-stage conditional,Control,519,1.08915
F3 two-stage conditional,Control,520,1.13751
F3 two-stage conditional,Control,521,1.36256
F3 two-stage conditional,Control,522,1.17028
F3 two-stage conditional,Control,523,1.11407
F3 two-stage conditional,Control,524,1.33089
F3 two-stage conditional,Control,525,1.13694
F3 two-stage conditional,Control,526,1.05217
F3 two-stage conditional,Control,527,1.3209
F3 two-stage conditional,Control,528,1.39669
F3 two-stage conditional,Control,529,1.00479
F3 two-stage conditional,Control,530,1.42242
F3 two-stage conditional,Control,531,1.00147
F3 two-stage conditional,Control,532,1.30358
F3 two-stage conditional,Control,533,1.21134
F3 two-stage conditional,Control,534,1.074
F3 two-stage conditional,Control,535,1.16231
F3 two-stage conditional,Control,536,1.11405
F3 two-stage conditional,Control,537,1.16993
F3 two-stage conditional,Control,538,1.14799
F3 two-stage conditional,Control,539,1.01766
F3 two-stage conditional,Control,540,1.02904
F3 two-stage conditional,Control,541,1.036
F3 two-stage conditional,Control,542,1.26349
F3 two-stage conditional,Control,543,1.10856
F3 two-stage conditional,Control,544,1.12071
F3 two-stage conditional,Control,545,1.05529
F3 two-stage conditional,Control,546,1.3461
F3 two-stage conditional,Control,547,1.20825
F3 two-stage conditional,Control,548,1.27859
F3 two-stage conditional,Control,549,1.16719
F3 two-stage conditional,Control,550,1.26601
F3 two-stage conditional,Control,551,1.19199
F3 two-stage conditional,Control,552,1.11193
F3 two-stage conditional,Control,553,1.19523
F3 two-stage conditional,Control,554,1.12302
F3 two-stage conditional,Control,555,1.05245
F3 two-stage conditional,Control,556,1.0352
F3 two-stage conditional,Control,557,1.00848
F3 two-stage conditional,Control,558,1.01802
F3 two-stage conditional,Control,559,1.00146
F3 two-stage conditional,Control,560,1.01473
F3 two-stage conditional,Control,561,1.02718
F3 two-stage conditional,Control,562,1.00179
F3 two-stage conditional,Control,563,1.00225
F3 two-stage conditional,Control,564,1.00564
F3 two-stage conditional,Control,565,1.00048
F3 two-stage conditional,Control,566,1.0005
F3 two-stage conditional,Control,567,1.00021
F3 two-stage conditional,Control,568,1.00046
F3 two-stage conditional,Control,569,1.15896
F3 two-stage conditional,Control,570,1.08631
F3 two-stage conditional,Control,571,1.0677
F3 two-stage conditional,Control,572,1.0257
F3 two-stage conditional,Control,573,1.10209
F3 two-stage conditional,Control,574,1.0714
F3 two-stage conditional,Control,575,1.01579
F3 two-stage conditional,Control,576,1.251
F3 two-stage conditional,Control,577,1.02549
F3 two-stage conditional,Control,578,1.10301
F3 two-stage conditional,Control,579,0.987042
F3 two-stage conditional,Control,580,1.20752
F3 two-stage conditional,Control,581,1.2636
F3 two-stage conditional,Control,582,1.27755
F3 two-stage conditional,Control,583,1.18189
F3 two-stage conditional,Control,584,1.16023
F3 two-stage conditional,Control,585,1.04081
F3 two-stage conditional,Control,586,1.02441
F3 two-stage conditional,Control,587,1.04807
F3 two-stage conditional,Control,588,1.07146
F3 two-stage conditional,Control,589,1.1408
F3 two-stage conditional,Control,590,1.06567
F3 two-stage conditional,Control,591,1.2519
F3 two-stage conditional,Control,592,1.19103
F3 two-stage conditional,Control,593,1.09699
F3 two-stage conditional,Control,594,1.21711
F3 two-stage conditional,Control,595,1.00116
F3 two-stage conditional,Control,596,1.00049
F3 two-stage conditional,Control,597,0.990271
F3 two-stage conditional,Control,598,1.24504
F3 two-stage conditional,Control,599,1.22862
F3 two-stage conditional,Control,600,1.2522200000000001
F3 two-stage conditional,Control,601,1.08849
F3 two-stage conditional,Control,602,1.10309
F3 two-stage conditional,Control,603,1.25495
F3 two-stage conditional,Control,604,1.1529
F3 two-stage conditional,Control,605,1.1278
F3 two-stage conditional,Control,606,1.09997
F3 two-stage conditional,Control,607,1.21121
F3 two-stage conditional,Control,608,1.22958
F3 two-stage conditional,Control,609,1.38065
F3 two-stage conditional,Control,610,1.07123
F3 two-stage conditional,Control,611,1.32163
F3 two-stage conditional,Control,612,1.12316
F3 two-stage conditional,Control,613,1.1561
F3 two-stage conditional,Control,614,1.07457
F3 two-stage conditional,Control,615,1.11702
F3 two-stage conditional,Control,616,1.16802
F3 two-stage conditional,Control,617,1.16528
F3 two-stage conditional,Control,618,1.07513
F3 two-stage conditional,Control,619,1.06511
F3 two-stage conditional,Control,620,1.16248
F3 two-stage conditional,Control,621,1.09601
F3 two-stage conditional,Control,622,1.06309
F3 two-stage conditional,Control,623,1.23365
F3 two-stage conditional,Control,624,1.13563
F3 two-stage conditional,Control,625,1.0356
F3 two-stage conditional,Control,626,1.12072
F3 two-stage conditional,Control,627,1.06953
F3 two-stage conditional,Control,628,1.01543
F3 two-stage conditional,Control,629,1.02841
F3 two-stage conditional,Control,630,1.01417
F3 two-stage conditional,Control,631,1.03597
F3 two-stage conditional,Control,632,1.03636
F3 two-stage conditional,Control,633,1.03568
F3 two-stage conditional,Control,634,1.02286
F3 two-stage conditional,Control,635,1.2492
F3 two-stage conditional,Control,636,1.03522
F3 two-stage conditional,Control,637,1.00421
F3 two-stage conditional,Control,638,1.0325
F3 two-stage conditional,Control,639,1.03773
F3 two-stage conditional,Control,640,1.02868
F3 two-stage conditional,Control,641,1.09219
F3 two-stage conditional,Control,642,1.02406
F3 two-stage conditional,Control,643,1.1106
F3 two-stage conditional,Control,644,1.01074
F3 two-stage conditional,Control,645,0.999033
F3 two-stage conditional,Control,646,1.00396
F3 two-stage conditional,Control,647,1.00994
F3 two-stage conditional,Control,648,1.00208
F3 two-stage conditional,Control,649,1.105
F3 two-stage conditional,Control,650,1.16019
F3 two-stage conditional,Control,651,1.02988
F3 two-stage conditional,Control,652,0.993189
F3 two-stage conditional,Control,653,1.00647
F3 two-stage conditional,Control,654,1.00789
F3 two-stage conditional,Control,655,1.1371
F3 two-stage conditional,Control,656,1.07433
F3 two-stage conditional,Control,657,1.04322
F3 two-stage conditional,Control,658,1.15146
F3 two-stage conditional,Control,659,1.14337
F3 two-stage conditional,Control,660,1.2436
F3 two-stage conditional,Control,661,1.07864
F3 two-stage conditional,Control,662,1.05326
F3 two-stage conditional,Control,663,1.12085
F3 two-stage conditional,Control,664,1.09129
F3 two-stage conditional,Control,665,1.12224
F3 two-stage conditional,Control,666,1.14624
F3 two-stage conditional,Control,667,1.2581
F3 two-stage conditional,Control,668,1.30403
F3 two-stage conditional,Control,669,1.01491
F3 two-stage conditional,Control,670,1.01343
F3 two-stage conditional,Control,671,1.26991
F3 two-stage conditional,Control,672,1.29685
F3 two-stage conditional,Control,673,1.20186
F3 two-stage conditional,Control,674,1.09023
F3 two-stage conditional,Control,675,1.12823
F3 two-stage conditional,Control,676,1.00457
F3 two-stage conditional,Control,677,1.04066
F3 two-stage conditional,Control,678,1.12741
F3 two-stage conditional,Control,679,1.03312
F3 two-stage conditional,Control,680,1.01776
F3 two-stage conditional,Control,681,1.06805
F3 two-stage conditional,Control,682,1.07937
F3 two-stage conditional,Control,683,1.09686
F3 two-stage conditional,Control,684,1.13792
F3 two-stage conditional,Control,685,1.1496
F3 two-stage conditional,Control,686,1.1023
F3 two-stage conditional,Control,687,1.09463
F3 two-stage conditional,Control,688,1.03737
F3 two-stage conditional,Control,689,1.12447
F3 two-stage conditional,Control,690,1.01761
F3 two-stage conditional,Control,691,1.00729
F3 two-stage conditional,Control,692,0.999807
F3 two-stage conditional,Control,693,1.01299
F3 two-stage conditional,Control,694,0.997617
F3 two-stage conditional,Control,695,1.00272
F3 two-stage conditional,Control,696,1.0012
F3 two-stage conditional,Control,697,1.06069
F3 two-stage conditional,Control,698,1.0939
F3 two-stage conditional,Control,699,1.01508
F3 two-stage conditional,Control,700,1.00321
F3 two-stage conditional,Control,701,1.1928
F3 two-stage conditional,Control,702,1.04539
F3 two-stage conditional,Control,703,1.00706
F3 two-stage conditional,Control,704,1.018
F3 two-stage conditional,Control,705,1.00647
F3 two-stage conditional,Control,706,1.23791
F3 two-stage conditional,Control,707,1.22108
F3 two-stage conditional,Control,708,1.14409
F3 two-stage conditional,Control,709,1.04393
F3 two-stage conditional,Control,710,0.973929
F3 two-stage conditional,Control,711,1.01222
F3 two-stage conditional,Control,712,1.00965
F3 two-stage conditional,Control,713,1.0353
F3 two-stage conditional,Control,714,1.03002
F3 two-stage conditional,Control,715,1.09922
F3 two-stage conditional,Control,716,1.03302
F3 two-stage conditional,Control,717,1.07805
F3 two-stage conditional,Control,718,1.01564
F3 two-stage conditional,Control,719,1.25095
F3 two-stage conditional,Control,720,1.3101
F3 two-stage conditional,Control,721,1.06904
F3 two-stage conditional,Control,722,1.18308
F3 two-stage conditional,Control,723,1.1956
F3 two-stage conditional,Control,724,1.11613
F3 two-stage conditional,Control,725,1.09368
F3 two-stage conditional,Control,726,1.14373
F3 two-stage conditional,Control,727,1.07391
F3 two-stage conditional,Control,728,1.26391
F3 two-stage conditional,Control,729,1.26346
F3 two-stage conditional,Control,730,1.26294
F3 two-stage conditional,Control,731,1.29
F3 two-stage conditional,Control,732,1.3763
F3 two-stage conditional,Control,733,1.25062
F3 two-stage conditional,Control,734,1.14419
F3 two-stage conditional,Control,735,1.19652
F3 two-stage conditional,Control,736,1.07227
F3 two-stage conditional,Control,737,0.968901
F3 two-stage conditional,Control,738,1.00098
F3 two-stage conditional,Control,739,1.45758
F3 two-stage conditional,Control,740,1.00042
F3 two-stage conditional,Control,741,1.41261
F3 two-stage conditional,Control,742,1.0847
F3 two-stage conditional,Control,743,1.09141
F3 two-stage conditional,Control,744,1.30273
F3 two-stage conditional,Control,745,1.13224
F3 two-stage conditional,Control,746,1.01777
F3 two-stage conditional,Control,747,1.03503
F3 two-stage conditional,Control,748,1.01022
F3 two-stage conditional,Control,749,1.00395
F3 two-stage conditional,Control,750,1.00146
F3 two-stage conditional,Control,751,1.00098
F3 two-stage conditional,Control,752,1.0183
F3 two-stage conditional,Control,753,0.999938
F3 two-stage conditional,Control,754,1.00321
F3 two-stage conditional,Control,755,1.00623
F3 two-stage conditional,Control,756,0.999925
F3 two-stage conditional,Control,757,1.00732
F3 two-stage conditional,Control,758,1.0224
F3 two-stage conditional,Control,759,1.07075
F3 two-stage conditional,Control,760,1.02255
F3 two-stage conditional,Control,761,1.0267
F3 two-stage conditional,Control,762,1.01779
F3 two-stage conditional,Control,763,1.01144
F3 two-stage conditional,Control,764,1.06445
F3 two-stage conditional,Control,765,1.09323
F3 two-stage conditional,Control,766,1.14153
F3 two-stage conditional,Control,767,1.13514
F3 two-stage conditional,Control,768,1.10161
F3 two-stage conditional,Control,769,1.14945
F3 two-stage conditional,Control,770,1.07913
F3 two-stage conditional,Control,771,1.01837
F3 two-stage conditional,Control,772,1.10083
F3 two-stage conditional,Control,773,1.01229
F3 two-stage conditional,Control,774,1.00366
F3 two-stage conditional,Control,775,1.01135
F3 two-stage conditional,Control,776,1.01136
F3 two-stage conditional,Control,777,1.33528
F3 two-stage conditional,Control,778,1.02049
F3 two-stage conditional,Control,779,1.01907
F3 two-stage conditional,Control,780,1.17364
F3 two-stage conditional,Control,781,1.18676
F3 two-stage conditional,Control,782,1.24699
F3 two-stage conditional,Control,783,1.33363
F3 two-stage conditional,Control,784,1.04356
F3 two-stage conditional,Control,785,1.23875
F3 two-stage conditional,Control,786,1.01519
F3 two-stage conditional,Control,787,1.15108
F3 two-stage conditional,Control,788,1.15466
F3 two-stage conditional,Control,789,1.08675
F3 two-stage conditional,Control,790,1.18464
F3 two-stage conditional,Control,791,1.14128
F3 two-stage conditional,Control,792,1.11826
F3 two-stage conditional,Control,793,1.12721
F3 two-stage conditional,Control,794,1.15736
F3 two-stage conditional,Control,795,1.20419
F3 two-stage conditional,Control,796,1.14785
F3 two-stage conditional,Control,797,1.08579
F3 two-stage conditional,Control,798,1.36854
F3 two-stage conditional,Control,799,1.09947
F3 two-stage conditional,Control,800,1.14131
F3 two-stage conditional,Control,801,1.03429
F3 two-stage conditional,Control,802,1.023
F3 two-stage conditional,Control,803,0.999821
F3 two-stage conditional,Control,804,0.974762
F3 two-stage conditional,Control,805,0.997892
F3 two-stage conditional,Control,806,1.00402
F3 two-stage conditional,Control,807,1.07733
F3 two-stage conditional,Control,808,1.17043
F3 two-stage conditional,Control,809,1.21533
F3 two-stage conditional,Control,810,1.23581
F3 two-stage conditional,Control,811,1.35327
F3 two-stage conditional,Control,812,1.25278
F3 two-stage conditional,Control,813,1.1477
F3 two-stage conditional,Control,814,1.18654
F3 two-stage conditional,Control,815,1.17106
F3 two-stage conditional,Control,816,1.21412
F3 two-stage conditional,Control,817,1.05203
F3 two-stage conditional,Control,818,1.10679
F3 two-stage conditional,Control,819,1.12301
F3 two-stage conditional,Control,820,1.09044
F3 two-stage conditional,Control,821,1.26557
F3 two-stage conditional,Control,822,1.43494
F3 two-stage conditional,Control,823,1.22733
F3 two-stage conditional,Control,824,1.04025
F3 two-stage conditional,Control,825,1.02101
F3 two-stage conditional,Control,826,1.01414
F3 two-stage conditional,Control,827,1.02794
F3 two-stage conditional,Control,828,1.03055
F3 two-stage conditional,Control,829,0.996038
F3 two-stage conditional,Control,830,1.00403
F3 two-stage conditional,Control,831,0.984144
F3 two-stage conditional,Control,832,1.22161
F3 two-stage conditional,Control,833,1.32735
F3 two-stage conditional,Control,834,1.3408
F3 two-stage conditional,Control,835,1.00168
F3 two-stage conditional,Control,836,1.00321
F3 two-stage conditional,Control,837,1.01222
F3 two-stage conditional,Control,838,1.00145
F3 two-stage conditional,Control,839,1.00184
F3 two-stage conditional,Control,840,1.00141
F3 two-stage conditional,Control,841,1.1447
F3 two-stage conditional,Control,842,1.21432
F3 two-stage conditional,Control,843,1.2115
F3 two-stage conditional,Control,844,1.2196
F3 two-stage conditional,Control,845,1.26801
F3 two-stage conditional,Control,846,1.06379
F3 two-stage conditional,Control,847,1.02301
F3 two-stage conditional,Control,848,1.05423
F3 two-stage conditional,Control,849,1.0967
F3 two-stage conditional,Control,850,1.19918
F3 two-stage conditional,Control,851,1.00123
F3 two-stage conditional,Control,852,1.01008
F3 two-stage conditional,Control,853,1.03035
F3 two-stage conditional,Control,854,1.17998
F3 two-stage conditional,Control,855,1.3673
F3 two-stage conditional,Control,856,1.00612
F3 two-stage conditional,Control,857,1.13476
F3 two-stage conditional,Control,858,1.19947
F3 two-stage conditional,Control,859,1.12281
F3 two-stage conditional,Control,860,1.10572
F3 two-stage conditional,Control,861,1.41718
F3 two-stage conditional,Control,862,1.20647
F3 two-stage conditional,Control,863,1.09944
F3 two-stage conditional,Control,864,1.04958
F3 two-stage conditional,Control,865,1.29312
F3 two-stage conditional,Control,866,1.02321
F3 two-stage conditional,Control,867,1.00167
F3 two-stage conditional,Control,868,1.03388
F3 two-stage conditional,Control,869,1.04091
F3 two-stage conditional,Control,870,1.00685
F3 two-stage conditional,Control,871,1.00064
F3 two-stage conditional,Control,872,1.01043
F3 two-stage conditional,Control,873,1.0186
F3 two-stage conditional,Control,874,1.04083
F3 two-stage conditional,Control,875,1.3151
F3 two-stage conditional,Control,876,1.19055
F3 two-stage conditional,Control,877,1.00343
F3 two-stage conditional,Control,878,1.00133
F3 two-stage conditional,Control,879,1.00029
F3 two-stage conditional,Control,880,0.999996
F3 two-stage conditional,Control,881,1.00017
F3 two-stage conditional,Control,882,1.00019
F3 two-stage conditional,Control,883,1.00002
F3 two-stage conditional,Control,884,0.999999
F3 two-stage conditional,Control,885,1.00003
F3 two-stage conditional,Control,886,1.00002
F3 two-stage conditional,Control,887,1
F3 two-stage conditional,Control,888,1
F3 two-stage conditional,Control,889,1
F3 two-stage conditional,Control,890,1.00028
F3 two-stage conditional,Control,891,1.00769
F3 two-stage conditional,Control,892,1.08391
F3 two-stage conditional,Control,893,1.01973
F3 two-stage conditional,Control,894,1.00385
F3 two-stage conditional,Control,895,1.11991
F3 two-stage conditional,Control,896,1.07043
F3 two-stage conditional,Control,897,1.12149
F3 two-stage conditional,Control,898,1.08746
F3 two-stage conditional,Control,899,1.00682
F3 two-stage conditional,Control,900,1.00057
F3 two-stage conditional,Control,901,1.07787
F3 two-stage conditional,Control,902,1.00466
F3 two-stage conditional,Control,903,1.06451
F3 two-stage conditional,Control,904,1.03533
F3 two-stage conditional,Control,905,1.02549
F3 two-stage conditional,Control,906,1.05059
F3 two-stage conditional,Control,907,1.15312
F3 two-stage conditional,Control,908,1.24465
F3 two-stage conditional,Control,909,1.23847
F3 two-stage conditional,Control,910,1.16491
F3 two-stage conditional,Control,911,1.09545
F3 two-stage conditional,Control,912,1.23138
F3 two-stage conditional,Control,913,1.22642
F3 two-stage conditional,Control,914,1.1384
F3 two-stage conditional,Control,915,1.02379
F3 two-stage conditional,Control,916,1.01456
F3 two-stage conditional,Control,917,1.08524
F3 two-stage conditional,Control,918,1.01009
F3 two-stage conditional,Control,919,1.05608
F3 two-stage conditional,Control,920,1.02251
F3 two-stage conditional,Control,921,1.05422
F3 two-stage conditional,Control,922,1.20804
F3 two-stage conditional,Control,923,1.16448
F3 two-stage conditional,Control,924,1.00968
F3 two-stage conditional,Control,925,1.26524
F3 two-stage conditional,Control,926,1.03217
F3 two-stage conditional,Control,927,1.0844800000000001
F3 two-stage conditional,Control,928,1.17481
F3 two-stage conditional,Control,929,1.25451
F3 two-stage conditional,Control,930,1.15914
F3 two-stage conditional,Control,931,1.21195
F3 two-stage conditional,Control,932,1.109
F3 two-stage conditional,Control,933,1.19051
F3 two-stage conditional,Control,934,1.22574
F3 two-stage conditional,Control,935,1.10956
F3 two-stage conditional,Control,936,1.25249
F3 two-stage conditional,Control,937,1.31655
F3 two-stage conditional,Control,938,1.15753
F3 two-stage conditional,Control,939,1.02832
F3 two-stage conditional,Control,940,1.03546
F3 two-stage conditional,Control,941,1.01641
F3 two-stage conditional,Control,942,1.24311
F3 two-stage conditional,Control,943,1.14688
F3 two-stage conditional,Control,944,1.23684
F3 two-stage conditional,Control,945,1.31681
F3 two-stage conditional,Control,946,1.2299
F3 two-stage conditional,Control,947,1.20252
F3 two-stage conditional,Control,948,1.07758
F3 two-stage conditional,Control,949,1.04239
F3 two-stage conditional,Control,950,1.26704
F3 two-stage conditional,Control,951,1.1742
F3 two-stage conditional,Control,952,1.31722
F3 two-stage conditional,Control,953,1.18659
F3 two-stage conditional,Control,954,1.20132
F3 two-stage conditional,Control,955,1.2741
F3 two-stage conditional,Control,956,1.36388
F3 two-stage conditional,Control,957,1.14776
F3 two-stage conditional,Control,958,1.10979
F3 two-stage conditional,Control,959,1.1941
F3 two-stage conditional,Control,960,1.39693
F3 two-stage conditional,Control,961,1.26018
F3 two-stage conditional,Control,962,1.1773
F3 two-stage conditional,Control,963,1.14404
F3 two-stage conditional,Control,964,1.22761
F3 two-stage conditional,Control,965,1.23604
F3 two-stage conditional,Control,966,1.10859
F3 two-stage conditional,Control,967,1.06657
F3 two-stage conditional,Control,968,1.16687
F3 two-stage conditional,Control,969,1.33651
F3 two-stage conditional,Control,970,1.35312
F3 two-stage conditional,Control,971,1.41019
F3 two-stage conditional,Control,972,1.10082
F3 two-stage conditional,Control,973,1.05333
F3 two-stage conditional,Control,974,1.04029
F3 two-stage conditional,Control,975,1.14159
F3 two-stage conditional,Control,976,1.05818
F3 two-stage conditional,Control,977,1.32065
F3 two-stage conditional,Control,978,1.26465
F3 two-stage conditional,Control,979,1.28583
F3 two-stage conditional,Control,980,1.25857
F3 two-stage conditional,Control,981,1.05445
F3 two-stage conditional,Control,982,1.07353
F3 two-stage conditional,Control,983,1.11685
F3 two-stage conditional,Control,984,1.20702
F3 two-stage conditional,Control,985,1.13457
F3 two-stage conditional,Control,986,1.13794
F3 two-stage conditional,Control,987,1.22607
F3 two-stage conditional,Control,988,1.12012
F3 two-stage conditional,Control,989,1.12457
F3 two-stage conditional,Control,990,1.15118
F3 two-stage conditional,Control,991,1.16265
F3 two-stage conditional,Control,992,1.18477
F3 two-stage conditional,Control,993,1.0852
F3 two-stage conditional,Control,994,1.16035
F3 two-stage conditional,Control,995,1.137
F3 two-stage conditional,Control,996,1.33507
F3 two-stage conditional,Control,997,1.18327
F3 two-stage conditional,Control,998,1.08868
F3 two-stage conditional,Control,999,1.17423
F3 two-stage conditional,Control,1000,1.16112
F3 two-stage conditional,Control,1001,1.1556
F3 two-stage conditional,Control,1002,1.15816
F3 two-stage conditional,Control,1003,1.21536
F3 two-stage conditional,Control,1004,1.0684
F3 two-stage conditional,Control,1005,1.09599
F3 two-stage conditional,Control,1006,1.11375
F3 two-stage conditional,Control,1007,1.13348
F3 two-stage conditional,Control,1008,1.10175
F3 two-stage conditional,Control,1009,1.21755
F3 two-stage conditional,Control,1010,1.2748
F3 two-stage conditional,Control,1011,1.02268
F3 two-stage conditional,Control,1012,1.00019
F3 two-stage conditional,Control,1013,1.00016
F3 two-stage conditional,Control,1014,1.03878
F3 two-stage conditional,Control,1015,1.00585
F3 two-stage conditional,Control,1016,1.00567
F3 two-stage conditional,Control,1017,1.00974
F3 two-stage conditional,Control,1018,1.00826
F3 two-stage conditional,Control,1019,1.05943
F3 two-stage conditional,Control,1020,1.01961
F3 two-stage conditional,Control,1021,1.13224
F3 two-stage conditional,Control,1022,1.11698
F3 two-stage conditional,Control,1023,1.16788
F3 two-stage conditional,Control,1024,1.08049
F3 two-stage conditional,Control,1025,1.0996
F3 two-stage conditional,Control,1026,0.970488
F3 two-stage conditional,Control,1027,1.01
F3 two-stage conditional,Control,1028,1.04105
F3 two-stage conditional,Control,1029,1.01027
F3 two-stage conditional,Control,1030,1.01787
F3 two-stage conditional,Control,1031,1.02518
F3 two-stage conditional,Control,1032,1.02627
F3 two-stage conditional,Control,1033,1.03509
F3 two-stage conditional,Control,1034,1.00578
F3 two-stage conditional,Control,1035,0.9946
F3 two-stage conditional,Control,1036,1.02876
F3 two-stage conditional,Control,1037,1.04175
F3 two-stage conditional,Control,1038,1.10358
F3 two-stage conditional,Control,1039,1.00828
F3 two-stage conditional,Control,1040,1.06448
F3 two-stage conditional,Control,1041,1.05495
F3 two-stage conditional,Control,1042,1.0009
F3 two-stage conditional,Control,1043,1.04577
F3 two-stage conditional,Control,1044,1.15886
F3 two-stage conditional,Control,1045,1.01048
F3 two-stage conditional,Control,1046,0.992536
F3 two-stage conditional,Control,1047,1.01495
F3 two-stage conditional,Control,1048,1.00945
F3 two-stage conditional,Control,1049,1.00705
F3 two-stage conditional,Control,1050,1.05101
F3 two-stage conditional,Control,1051,1.00192
F3 two-stage conditional,Control,1052,1.02078
F3 two-stage conditional,Control,1053,1.11494
F3 two-stage conditional,Control,1054,1.08735
F3 two-stage conditional,Control,1055,1.13663
F3 two-stage conditional,Control,1056,1.16615
F3 two-stage conditional,Control,1057,1.0958
F3 two-stage conditional,Control,1058,1.18148
F3 two-stage conditional,Control,1059,1.0635
F3 two-stage conditional,Control,1060,1.02095
F3 two-stage conditional,Control,1061,1.09314
F3 two-stage conditional,Control,1062,1.16323
F3 two-stage conditional,Control,1063,1.20716
F3 two-stage conditional,Control,1064,1.10762
F3 two-stage conditional,Control,1065,1.1986
F3 two-stage conditional,Control,1066,1.05447
F3 two-stage conditional,Control,1067,1.10299
F3 two-stage conditional,Control,1068,1.22454
F3 two-stage conditional,Control,1069,1.15252
F3 two-stage conditional,Control,1070,1.44934
F3 two-stage conditional,Control,1071,1.09386
F3 two-stage conditional,Control,1072,1.09689
F3 two-stage conditional,Control,1073,1.05864
F3 two-stage conditional,Control,1074,1.02029
F3 two-stage conditional,Control,1075,1.06311
F3 two-stage conditional,Control,1076,1.10739
F3 two-stage conditional,Control,1077,1.04329
F3 two-stage conditional,Control,1078,1.27427
F3 two-stage conditional,Control,1079,1.19255
F3 two-stage conditional,Control,1080,1.19367
F3 two-stage conditional,Control,1081,1.20381
F3 two-stage conditional,Control,1082,1.21336
F3 two-stage conditional,Control,1083,1.28316
F3 two-stage conditional,Control,1084,1.10465
F3 two-stage conditional,Control,1085,1.04443
F3 two-stage conditional,Control,1086,1.19234
F3 two-stage conditional,Control,1087,1.13655
F3 two-stage conditional,Control,1088,1.11407
F3 two-stage conditional,Control,1089,1.22512
F3 two-stage conditional,Control,1090,1.14565
F3 two-stage conditional,Control,1091,1.00643
F3 two-stage conditional,Control,1092,1.05046
F3 two-stage conditional,Control,1093,1.04745
F3 two-stage conditional,Control,1094,1.00321
F3 two-stage conditional,Control,1095,1.0060500000000001
F3 two-stage conditional,Control,1096,1.16566
F3 two-stage conditional,Control,1097,1.1022
F3 two-stage conditional,Control,1098,1.10637
F3 two-stage conditional,Control,1099,1.14993
F3 two-stage conditional,Control,1100,1.11251
F3 two-stage conditional,Control,1101,1.21839
F3 two-stage conditional,Control,1102,1.14107
F3 two-stage conditional,Control,1103,1.35175
F3 two-stage conditional,Control,1104,1.11421
F3 two-stage conditional,Control,1105,1.17934
F3 two-stage conditional,Control,1106,1.04155
F3 two-stage conditional,Control,1107,1.2366
F3 two-stage conditional,Control,1108,1.00459
F3 two-stage conditional,Control,1109,1.0024
F3 two-stage conditional,Control,1110,1.00468
F3 two-stage conditional,Control,1111,1.02332
F3 two-stage conditional,Control,1112,1.00804
F3 two-stage conditional,Control,1113,1.01068
F3 two-stage conditional,Control,1114,1.00215
F3 two-stage conditional,Control,1115,1.02131
F3 two-stage conditional,Control,1116,0.997027
F3 two-stage conditional,Control,1117,1.01031
F3 two-stage conditional,Control,1118,1.01874
F3 two-stage conditional,Control,1119,1.01021
F3 two-stage conditional,Control,1120,1.0128
F3 two-stage conditional,Control,1121,1.01883
F3 two-stage conditional,Control,1122,1.00687
F3 two-stage conditional,Control,1123,1.0059
F3 two-stage conditional,Control,1124,1.00125
F3 two-stage conditional,Control,1125,1.04736
F3 two-stage conditional,Control,1126,1.01875
F3 two-stage conditional,Control,1127,0.995141
F3 two-stage conditional,Control,1128,1.01318
F3 two-stage conditional,Control,1129,1.02611
F3 two-stage conditional,Control,1130,1.01391
F3 two-stage conditional,Control,1131,1.01168
F3 two-stage conditional,Control,1132,1.01431
F3 two-stage conditional,Control,1133,1.00086
F3 two-stage conditional,Control,1134,1.0152
F3 two-stage conditional,Control,1135,1.0133
F3 two-stage conditional,Control,1136,1.02127
F3 two-stage conditional,Control,1137,1.01151
F3 two-stage conditional,Control,1138,1.30972
F3 two-stage conditional,Control,1139,1.25544
F3 two-stage conditional,Control,1140,1.18563
F3 two-stage conditional,Control,1141,1.18513
F3 two-stage conditional,Control,1142,0.947456
F3 two-stage conditional,Control,1143,1.03738
F3 two-stage conditional,Control,1144,1.02127
F3 two-stage conditional,Control,1145,1.1386
F3 two-stage conditional,Control,1146,1.16132
F3 two-stage conditional,Control,1147,1.00847
F3 two-stage conditional,Control,1148,1.02347
F3 two-stage conditional,Control,1149,1.004
F3 two-stage conditional,Control,1150,0.989719
F3 two-stage conditional,Control,1151,1.00293
F3 two-stage conditional,Control,1152,1.01704
F3 two-stage conditional,Control,1153,1.06246
F3 two-stage conditional,Control,1154,1.02948
F3 two-stage conditional,Control,1155,1.00212
F3 two-stage conditional,Control,1156,0.998752
F3 two-stage conditional,Control,1157,1.18712
F3 two-stage conditional,Control,1158,1.2836
F3 two-stage conditional,Control,1159,1.16697
F3 two-stage conditional,Control,1160,1.05126
F3 two-stage conditional,Control,1161,1.34813
F3 two-stage conditional,Control,1162,1.12335
F3 two-stage conditional,Control,1163,1.13869
F3 two-stage conditional,Control,1164,1.03691
F3 two-stage conditional,Control,1165,1.07726
F3 two-stage conditional,Control,1166,1.02179
F3 two-stage conditional,Control,1167,1.04781
F3 two-stage conditional,Control,1168,1.09555
F3 two-stage conditional,Control,1169,1.1523
F3 two-stage conditional,Control,1170,1.43454
F3 two-stage conditional,Control,1171,1.00545
F3 two-stage conditional,Control,1172,1.01652
F3 two-stage conditional,Control,1173,1.07879
F3 two-stage conditional,Control,1174,1.04275
F3 two-stage conditional,Control,1175,1.05657
F3 two-stage conditional,Control,1176,1.03775
F3 two-stage conditional,Control,1177,1.01571
F3 two-stage conditional,Control,1178,1.05661
F3 two-stage conditional,Control,1179,1.0532300000000001
F3 two-stage conditional,Control,1180,1.01739
F3 two-stage conditional,Control,1181,0.992643
F3 two-stage conditional,Control,1182,1.00553
F3 two-stage conditional,Control,1183,1.00665
F3 two-stage conditional,Control,1184,1.00937
F3 two-stage conditional,Control,1185,1.00793
F3 two-stage conditional,Control,1186,1.09302
F3 two-stage conditional,Control,1187,1.16517
F3 two-stage conditional,Control,1188,1.10895
F3 two-stage conditional,Control,1189,1.11116
F3 two-stage conditional,Control,1190,1.30567
F3 two-stage conditional,Control,1191,1.15969
F3 two-stage conditional,Control,1192,1.14971
F3 two-stage conditional,Control,1193,1.04489
F3 two-stage conditional,Control,1194,1.08993
F3 two-stage conditional,Control,1195,1.22946
F3 two-stage conditional,Control,1196,1.16127
F3 two-stage conditional,Control,1197,1.05796
F3 two-stage conditional,Control,1198,1.35772
F3 two-stage conditional,Control,1199,1.3385
F3 two-stage conditional,Control,1200,1.22761
F3 two-stage conditional,Control,1201,1.19467
F3 two-stage conditional,Control,1202,1.08463
F3 two-stage conditional,Control,1203,1.13928
F3 two-stage conditional,Control,1204,1.21124
F3 two-stage conditional,Control,1205,1.33881
F3 two-stage conditional,Control,1206,1.30402
F3 two-stage conditional,Control,1207,1.15381
F3 two-stage conditional,Control,1208,1.09425
F3 two-stage conditional,Control,1209,1.28923
F3 two-stage conditional,Control,1210,1.11934
F3 two-stage conditional,Control,1211,1.098
F3 two-stage conditional,Control,1212,1.32705
F3 two-stage conditional,Control,1213,1.05197
F3 two-stage conditional,Control,1214,1.09289
F3 two-stage conditional,Control,1215,1.12111
F3 two-stage conditional,Control,1216,1.16121
F3 two-stage conditional,Control,1217,1.28425
F3 two-stage conditional,Control,1218,1.3863
F3 two-stage conditional,Control,1219,1.16161
F3 two-stage conditional,Control,1220,1.41685
F3 two-stage conditional,Control,1221,1.12755
F3 two-stage conditional,Control,1222,1.12343
F3 two-stage conditional,Control,1223,1.00446
F3 two-stage conditional,Control,1224,1.03082
F3 two-stage conditional,Control,1225,1.06716
F3 two-stage conditional,Control,1226,1.0345
F3 two-stage conditional,Control,1227,1.2887
F3 two-stage conditional,Control,1228,1.22094
F3 two-stage conditional,Control,1229,1.0803
F3 two-stage conditional,Control,1230,1.09625
F3 two-stage conditional,Control,1231,1.2796
F3 two-stage conditional,Control,1232,1.14073
F3 two-stage conditional,Control,1233,1.05754
F3 two-stage conditional,Control,1234,1.28949
F3 two-stage conditional,Control,1235,1.09513
F3 two-stage conditional,Control,1236,1.13069
F3 two-stage conditional,Control,1237,1.14213
F3 two-stage conditional,Control,1238,1.03272
F3 two-stage conditional,Control,1239,1.0146
F3 two-stage conditional,Control,1240,1.14323
F3 two-stage conditional,Control,1241,1.28696
F3 two-stage conditional,Control,1242,1.21602
F3 two-stage conditional,Control,1243,1.18168
F3 two-stage conditional,Control,1244,1.00013
F3 two-stage conditional,Control,1245,1.19891
F3 two-stage conditional,Control,1246,1.01918
F3 two-stage conditional,Control,1247,1.14259
F3 two-stage conditional,Control,1248,1.34738
F3 two-stage conditional,Control,1249,1.09043
F3 two-stage conditional,Control,1250,1.17961
F3 two-stage conditional,Control,1251,1.18549
F3 two-stage conditional,Control,1252,1.14027
F3 two-stage conditional,Control,1253,1.17097
F3 two-stage conditional,Control,1254,1.11649
F3 two-stage conditional,Control,1255,1.26839
F3 two-stage conditional,Control,1256,1.15836
F3 two-stage conditional,Control,1257,1.02341
F3 two-stage conditional,Control,1258,1.00541
F3 two-stage conditional,Control,1259,1.01412
F3 two-stage conditional,Control,1260,1.01425
F3 two-stage conditional,Control,1261,1.00806
F3 two-stage conditional,Control,1262,1.01105
F3 two-stage conditional,Control,1263,1.00677
F3 two-stage conditional,Control,1264,1.05375
F3 two-stage conditional,Control,1265,1.25248
F3 two-stage conditional,Control,1266,1.03778
F3 two-stage conditional,Control,1267,1.09876
F3 two-stage conditional,Control,1268,1.03355
F3 two-stage conditional,Control,1269,1.06913
F3 two-stage conditional,Control,1270,1.23609
F3 two-stage conditional,Control,1271,1.2485
F3 two-stage conditional,Control,1272,1.02838
F3 two-stage conditional,Control,1273,1.04837
F3 two-stage conditional,Control,1274,0.994652
F3 two-stage conditional,Control,1275,1.0153
F3 two-stage conditional,Control,1276,1.03903
F3 two-stage conditional,Control,1277,1.09065
F3 two-stage conditional,Control,1278,1.13305
F3 two-stage conditional,Control,1279,1.04633
F3 two-stage conditional,Control,1280,1.03294
F3 two-stage conditional,Control,1281,1.2143
F3 two-stage conditional,Control,1282,1.20186
F3 two-stage conditional,Control,1283,1.24988
F3 two-stage conditional,Control,1284,1.05179
F3 two-stage conditional,Control,1285,0.988845
F3 two-stage conditional,Control,1286,1.09931
F3 two-stage conditional,Control,1287,1.09609
F3 two-stage conditional,Control,1288,1.24489
F3 two-stage conditional,Control,1289,1.15872
F3 two-stage conditional,Control,1290,1.14256
F3 two-stage conditional,Control,1291,1.14933
F3 two-stage conditional,Control,1292,1.13758
F3 two-stage conditional,Control,1293,1.20051
F3 two-stage conditional,Control,1294,1.10294
F3 two-stage conditional,Control,1295,1.44463
F3 two-stage conditional,Control,1296,1.39496
F3 two-stage conditional,Control,1297,1.32583
F3 two-stage conditional,Control,1298,1.01883
F3 two-stage conditional,Control,1299,1.05301
F3 two-stage conditional,Control,1300,1.00157
F3 two-stage conditional,Control,1301,1.1214
F3 two-stage conditional,Control,1302,1.01432
F3 two-stage conditional,Control,1303,1.06206
F3 two-stage conditional,Control,1304,1.01482
F3 two-stage conditional,Control,1305,1.00693
F3 two-stage conditional,Control,1306,1.09394
F3 two-stage conditional,Control,1307,1.25646
F3 two-stage conditional,Control,1308,1.30469
F3 two-stage conditional,Control,1309,1.33578
F3 two-stage conditional,Control,1310,1.08401
F3 two-stage conditional,Control,1311,1.08786
F3 two-stage conditional,Control,1312,1.25383
F3 two-stage conditional,Control,1313,1.25561
F3 two-stage conditional,Control,1314,1.24266
F3 two-stage conditional,Control,1315,1.3669
F3 two-stage conditional,Control,1316,1.08745
F3 two-stage conditional,Control,1317,1.27038
F3 two-stage conditional,Control,1318,1.10269
F3 two-stage conditional,Control,1319,1.08772
F3 two-stage conditional,Control,1320,1.09854
F3 two-stage conditional,Control,1321,1.02419
F3 two-stage conditional,Control,1322,1.01333
F3 two-stage conditional,Control,1323,1.05424
F3 two-stage conditional,Control,1324,1.05627
F3 two-stage conditional,Control,1325,1.07379
F3 two-stage conditional,Control,1326,1.13651
F3 two-stage conditional,Control,1327,1.01832
F3 two-stage conditional,Control,1328,1.0983
F3 two-stage conditional,Control,1329,1.11706
F3 two-stage conditional,Control,1330,1.2212
F3 two-stage conditional,Control,1331,1.11954
F3 two-stage conditional,Control,1332,1.25721
F3 two-stage conditional,Control,1333,1.33083
F3 two-stage conditional,Control,1334,1.28103
F3 two-stage conditional,Control,1335,1.18582
F3 two-stage conditional,Control,1336,1.1155
F3 two-stage conditional,Control,1337,1.1273
F3 two-stage conditional,Control,1338,1.18471
F3 two-stage conditional,Control,1339,1.47808
F3 two-stage conditional,Control,1340,1.43159
F3 two-stage conditional,Control,1341,1.09538
F3 two-stage conditional,Control,1342,1.08052
F3 two-stage conditional,Control,1343,1.09525
F3 two-stage conditional,Control,1344,1.39061
F3 two-stage conditional,Control,1345,1.38209
F3 two-stage conditional,Control,1346,1.51168
F3 two-stage conditional,Control,1347,1.07969
F3 two-stage conditional,Control,1348,1.06549
F3 two-stage conditional,Control,1349,1.12057
F3 two-stage conditional,Control,1350,1.14764
F3 two-stage conditional,Control,1351,1.11854
F3 two-stage conditional,Control,1352,1.28002
F3 two-stage conditional,Control,1353,1.09662
F3 two-stage conditional,Control,1354,1.09816
F3 two-stage conditional,Control,1355,1.18196
F3 two-stage conditional,Control,1356,1.12978
F3 two-stage conditional,Control,1357,1.11997
F3 two-stage conditional,Control,1358,1.0659
F3 two-stage conditional,Control,1359,1.03924
F3 two-stage conditional,Control,1360,1.10598
F3 two-stage conditional,Control,1361,1.36026
F3 two-stage conditional,Control,1362,1.23148
F3 two-stage conditional,Control,1363,1.26581
F3 two-stage conditional,Control,1364,1.24859
F3 two-stage conditional,Control,1365,1.24633
F3 two-stage conditional,Control,1366,1.16099
F3 two-stage conditional,Control,1367,1.2816
F3 two-stage conditional,Control,1368,1.29769
F3 two-stage conditional,Control,1369,1.25165
F3 two-stage conditional,Control,1370,1.04625
F3 two-stage conditional,Control,1371,1.26198
F3 two-stage conditional,Control,1372,1.16099
F3 two-stage conditional,Control,1373,1.05286
F3 two-stage conditional,Control,1374,1.43967
F3 two-stage conditional,Control,1375,1.23954
F3 two-stage conditional,Control,1376,1.06311
F3 two-stage conditional,Control,1377,1.00058
F3 two-stage conditional,Control,1378,1.00012
F3 two-stage conditional,Control,1379,1.00229
F3 two-stage conditional,Control,1380,1.00253
F3 two-stage conditional,Control,1381,1.00329
F3 two-stage conditional,Control,1382,1.0085
F3 two-stage conditional,Control,1383,0.989982
F3 two-stage conditional,Control,1384,1.39704
F3 two-stage conditional,Control,1385,1.14064
F3 two-stage conditional,Control,1386,1.07922
F3 two-stage conditional,Control,1387,1.07121
F3 two-stage conditional,Control,1388,1.35772
F3 two-stage conditional,Control,1389,1.25181
F3 two-stage conditional,Control,1390,1.38166
F3 two-stage conditional,Control,1391,1.22043
F3 two-stage conditional,Control,1392,1.12896
F3 two-stage conditional,Control,1393,1.35541
F3 two-stage conditional,Control,1394,1.53391
F3 two-stage conditional,Control,1395,1.25379
F3 two-stage conditional,Control,1396,1.0342
F3 two-stage conditional,Control,1397,1.04073
F3 two-stage conditional,Control,1398,1.11371
F3 two-stage conditional,Control,1399,1.06594
F3 two-stage conditional,Control,1400,1.18898
F3 two-stage conditional,Control,1401,1.13836
F3 two-stage conditional,Control,1402,1.03282
F3 two-stage conditional,Control,1403,1.07462
F3 two-stage conditional,Control,1404,1.31282
F3 two-stage conditional,Control,1405,1.38575
F3 two-stage conditional,Control,1406,1.28338
F3 two-stage conditional,Control,1407,1.30375
F3 two-stage conditional,Control,1408,1.1157300000000001
F3 two-stage conditional,Control,1409,1.07305
F3 two-stage conditional,Control,1410,1.09104
F3 two-stage conditional,Control,1411,1.08449
F3 two-stage conditional,Control,1412,1.09908
F3 two-stage conditional,Control,1413,1.08117
F3 two-stage conditional,Control,1414,1.1102
F3 two-stage conditional,Control,1415,1.08924
F3 two-stage conditional,Control,1416,1.00189
F3 two-stage conditional,Control,1417,1.06236
F3 two-stage conditional,Control,1418,1.08251
F3 two-stage conditional,Control,1419,1.10324
F3 two-stage conditional,Control,1420,1.09067
F3 two-stage conditional,Control,1421,1.20792
F3 two-stage conditional,Control,1422,1.14505
F3 two-stage conditional,Control,1423,1.10151
F3 two-stage conditional,Control,1424,1.01757
F3 two-stage conditional,Control,1425,1.00478
F3 two-stage conditional,Control,1426,0.99786300000000006
F3 two-stage conditional,Control,1427,1.00194
F3 two-stage conditional,Control,1428,1.00069
F3 two-stage conditional,Control,1429,1.00538
F3 two-stage conditional,Control,1430,1.01524
F3 two-stage conditional,Control,1431,1.00447
F3 two-stage conditional,Control,1432,0.999705
F3 two-stage conditional,Control,1433,1.00908
F3 two-stage conditional,Control,1434,1.00648
F3 two-stage conditional,Control,1435,1.01084
F3 two-stage conditional,Control,1436,1.27156
F3 two-stage conditional,Control,1437,1.24379
F3 two-stage conditional,Control,1438,1.22121
F3 two-stage conditional,Control,1439,1.14813
F3 two-stage conditional,Control,1440,1.19595
F3 two-stage conditional,Control,1441,1.2472
F3 two-stage conditional,Control,1442,1.35631
F3 two-stage conditional,Control,1443,1.13072
F3 two-stage conditional,Control,1444,1.11161
F3 two-stage conditional,Control,1445,1.35239
F3 two-stage conditional,Control,1446,1.29704
F3 two-stage conditional,Control,1447,1.23862
F3 two-stage conditional,Control,1448,1.2572
F3 two-stage conditional,Control,1449,1.0579
F3 two-stage conditional,Control,1450,1.10008
F3 two-stage conditional,Control,1451,1.22848
F3 two-stage conditional,Control,1452,1.04397
F3 two-stage conditional,Control,1453,1.18221
F3 two-stage conditional,Control,1454,1.1399
F3 two-stage conditional,Control,1455,1.20835
F3 two-stage conditional,Control,1456,1.26099
F3 two-stage conditional,Control,1457,1.0328
F3 two-stage conditional,Control,1458,1.21522
F3 two-stage conditional,Control,1459,1.08751
F3 two-stage conditional,Control,1460,1.14101
F3 two-stage conditional,Control,1461,1.05046
F3 two-stage conditional,Control,1462,1.07446
F3 two-stage conditional,Control,1463,1.05597
F3 two-stage conditional,Control,1464,1.13761
F3 two-stage conditional,Control,1465,1.36339
F3 two-stage conditional,Control,1466,1.19587
F3 two-stage conditional,Control,1467,1.11547
F3 two-stage conditional,Control,1468,1.12585
F3 two-stage conditional,Control,1469,1.0687
F3 two-stage conditional,Control,1470,1.22602
F3 two-stage conditional,Control,1471,1.02471
F3 two-stage conditional,Control,1472,1.0236
F3 two-stage conditional,Control,1473,1.00313
F3 two-stage conditional,Control,1474,1.02351
F3 two-stage conditional,Control,1475,1.10297
F3 two-stage conditional,Control,1476,1.10587
F3 two-stage conditional,Control,1477,1.2684
F3 two-stage conditional,Control,1478,1.10217
F3 two-stage conditional,Control,1479,1.16665
F3 two-stage conditional,Control,1480,1.20105
F3 two-stage conditional,Control,1481,1.31795
F3 two-stage conditional,Control,1482,1.10601
F3 two-stage conditional,Control,1483,1.31573
F3 two-stage conditional,Control,1484,1.09265
F3 two-stage conditional,Control,1485,1.0195
F3 two-stage conditional,Control,1486,0.998626
F3 two-stage conditional,Control,1487,1.26219
F3 two-stage conditional,Control,1488,1.08247
F3 two-stage conditional,Control,1489,1.27277
F3 two-stage conditional,Control,1490,1.06123
F3 two-stage conditional,Control,1491,1.18776
F3 two-stage conditional,Control,1492,1.15781
F3 two-stage conditional,Control,1493,1.14003
F3 two-stage conditional,Control,1494,1.10552
F3 two-stage conditional,Control,1495,1.02528
F3 two-stage conditional,Control,1496,0.992977
F3 two-stage conditional,Control,1497,1.0815
F3 two-stage conditional,Control,1498,1.00013
F3 two-stage conditional,Control,1499,1.00342
F3 two-stage conditional,Control,1500,1.00034
F3 two-stage conditional,Control,1501,1.00152
F3 two-stage conditional,Control,1502,1.00005
F3 two-stage conditional,Control,1503,1.00003
F3 two-stage conditional,Control,1504,0.999993
F3 two-stage conditional,Control,1505,1.00004
F3 two-stage conditional,Control,1506,1.01124
F3 two-stage conditional,Control,1507,1.02889
F3 two-stage conditional,Control,1508,1.05352
F3 two-stage conditional,Control,1509,1.014
F3 two-stage conditional,Control,1510,1.06777
F3 two-stage conditional,Control,1511,1.09726
F3 two-stage conditional,Control,1512,1.02992
F3 two-stage conditional,Control,1513,1.03502
F3 two-stage conditional,Control,1514,1.16001
F3 two-stage conditional,Control,1515,1.20366
F3 two-stage conditional,Control,1516,1.00059
F3 two-stage conditional,Control,1517,1.00188
F3 two-stage conditional,Control,1518,1.00522
F3 two-stage conditional,Control,1519,1.01992
F3 two-stage conditional,Control,1520,1.09336
F3 two-stage conditional,Control,1521,1.11216
F3 two-stage conditional,Control,1522,1.0622
F3 two-stage conditional,Control,1523,1.14337
F3 two-stage conditional,Control,1524,1.1995
F3 two-stage conditional,Control,1525,1.21024
F3 two-stage conditional,Control,1526,1.14611
F3 two-stage conditional,Control,1527,1.14605
F3 two-stage conditional,Control,1528,1.26495
F3 two-stage conditional,Control,1529,1.13263
F3 two-stage conditional,Control,1530,1.19825
F3 two-stage conditional,Control,1531,1.03393
F3 two-stage conditional,Control,1532,1.08023
F3 two-stage conditional,Control,1533,1.19867
F3 two-stage conditional,Control,1534,1.21512
F3 two-stage conditional,Control,1535,0.9445
F3 two-stage conditional,Control,1536,1.30222
F3 two-stage conditional,Control,1537,1.25387
F3 two-stage conditional,Control,1538,1.24763
F3 two-stage conditional,Control,1539,1.21727
F3 two-stage conditional,Control,1540,1.21598
F3 two-stage conditional,Control,1541,0.972271
F3 two-stage conditional,Control,1542,1.67226
F3 two-stage conditional,Control,1543,1.65185
F3 two-stage conditional,Control,1544,1.08788
F3 two-stage conditional,Control,1545,1.07196
F3 two-stage conditional,Control,1546,1.02764
F3 two-stage conditional,Control,1547,1.1155
F3 two-stage conditional,Control,1548,1.06982
F3 two-stage conditional,Control,1549,1.13111
F3 two-stage conditional,Control,1550,1.18265
F3 two-stage conditional,Control,1551,1.10643
F3 two-stage conditional,Control,1552,1.22162
F3 two-stage conditional,Control,1553,1.26191
F3 two-stage conditional,Control,1554,1.19702
F3 two-stage conditional,Control,1555,1.2037
F3 two-stage conditional,Control,1556,1.1977
F3 two-stage conditional,Control,1557,1.03902
F3 two-stage conditional,Control,1558,1.39325
F3 two-stage conditional,Control,1559,1.277
F3 two-stage conditional,Control,1560,1.12543
F3 two-stage conditional,Control,1561,1.0561
F3 two-stage conditional,Control,1562,1.39424
F3 two-stage conditional,Control,1563,1.09177
F3 two-stage conditional,Control,1564,1.1265
F3 two-stage conditional,Control,1565,1.22373
F3 two-stage conditional,Control,1566,1.06595
F3 two-stage conditional,Control,1567,1.12833
F3 two-stage conditional,Control,1568,1.16724
F3 two-stage conditional,Control,1569,1.01062
F3 two-stage conditional,Control,1570,1.05418
F3 two-stage conditional,Control,1571,1.19889
F3 two-stage conditional,Control,1572,1.01665
F3 two-stage conditional,Control,1573,1.20127
F3 two-stage conditional,Control,1574,1.07199
F3 two-stage conditional,Control,1575,1.17181
F3 two-stage conditional,Control,1576,1.19815
F3 two-stage conditional,Control,1577,1.1183
F3 two-stage conditional,Control,1578,1.07894
F3 two-stage conditional,Control,1579,1.09284
F3 two-stage conditional,Control,1580,1.11135
F3 two-stage conditional,Control,1581,1.11559
F3 two-stage conditional,Control,1582,1.10119
F3 two-stage conditional,Control,1583,1.17849
F3 two-stage conditional,Control,1584,1.0923
F3 two-stage conditional,Control,1585,1.05124
F3 two-stage conditional,Control,1586,1.04278
F3 two-stage conditional,Control,1587,1.02557
F3 two-stage conditional,Control,1588,1.4459
F3 two-stage conditional,Control,1589,1.51447
F3 two-stage conditional,Control,1590,1.0545
F3 two-stage conditional,Control,1591,1.07762
F3 two-stage conditional,Control,1592,1.06312
F3 two-stage conditional,Control,1593,1.02382
F3 two-stage conditional,Control,1594,1.03008
F3 two-stage conditional,Control,1595,1.03005
F3 two-stage conditional,Control,1596,1.05021
F3 two-stage conditional,Control,1597,1.03229
F3 two-stage conditional,Control,1598,1.01821
F3 two-stage conditional,Control,1599,1.0163
F3 two-stage conditional,Control,1600,1.02877
F3 two-stage conditional,Ink,1,1.04101
F3 two-stage conditional,Ink,2,1.05523
F3 two-stage conditional,Ink,3,1.00979
F3 two-stage conditional,Ink,4,1.01884
F3 two-stage conditional,Ink,5,1.05612
F3 two-stage conditional,Ink,6,1.03692
F3 two-stage conditional,Ink,7,1.01434
F3 two-stage conditional,Ink,8,1.0172
F3 two-stage conditional,Ink,9,1.03028
F3 two-stage conditional,Ink,10,1.01311
F3 two-stage conditional,Ink,11,1.00049
F3 two-stage conditional,Ink,12,1.00146
F3 two-stage conditional,Ink,13,1.0113
F3 two-stage conditional,Ink,14,1.00621
F3 two-stage conditional,Ink,15,1.00426
F3 two-stage conditional,Ink,16,1.00241
F3 two-stage conditional,Ink,17,1.00638
F3 two-stage conditional,Ink,18,1.0066
F3 two-stage conditional,Ink,19,1.00242
F3 two-stage conditional,Ink,20,1.00077
F3 two-stage conditional,Ink,21,1.00001
F3 two-stage conditional,Ink,22,1.00008
F3 two-stage conditional,Ink,23,1.00012
F3 two-stage conditional,Ink,24,1.00469
F3 two-stage conditional,Ink,25,1.00832
F3 two-stage conditional,Ink,26,1.01082
F3 two-stage conditional,Ink,27,1.02011
F3 two-stage conditional,Ink,28,0.993795
F3 two-stage conditional,Ink,29,1.03412
F3 two-stage conditional,Ink,30,1.00974
F3 two-stage conditional,Ink,31,1.08201
F3 two-stage conditional,Ink,32,1.07358
F3 two-stage conditional,Ink,33,1.05016
F3 two-stage conditional,Ink,34,1.04281
F3 two-stage conditional,Ink,35,1.02381
F3 two-stage conditional,Ink,36,1.02723
F3 two-stage conditional,Ink,37,1.11705
F3 two-stage conditional,Ink,38,1.00757
F3 two-stage conditional,Ink,39,1.09255
F3 two-stage conditional,Ink,40,1.02804
F3 two-stage conditional,Ink,41,0.995846
F3 two-stage conditional,Ink,42,1.00932
F3 two-stage conditional,Ink,43,0.997065
F3 two-stage conditional,Ink,44,1.06504
F3 two-stage conditional,Ink,45,1.01823
F3 two-stage conditional,Ink,46,1.02283
F3 two-stage conditional,Ink,47,1.00093
F3 two-stage conditional,Ink,48,1.06223
F3 two-stage conditional,Ink,49,1.04343
F3 two-stage conditional,Ink,50,1.0272
F3 two-stage conditional,Ink,51,1.06622
F3 two-stage conditional,Ink,52,1.01743
F3 two-stage conditional,Ink,53,1.06443
F3 two-stage conditional,Ink,54,1.10036
F3 two-stage conditional,Ink,55,1.00483
F3 two-stage conditional,Ink,56,1.0137
F3 two-stage conditional,Ink,57,1.02886
F3 two-stage conditional,Ink,58,1.05441
F3 two-stage conditional,Ink,59,1.01946
F3 two-stage conditional,Ink,60,1.05171
F3 two-stage conditional,Ink,61,1.02929
F3 two-stage conditional,Ink,62,1.04863
F3 two-stage conditional,Ink,63,1.11991
F3 two-stage conditional,Ink,64,1.02954
F3 two-stage conditional,Ink,65,1.00862
F3 two-stage conditional,Ink,66,1.04612
F3 two-stage conditional,Ink,67,1.06456
F3 two-stage conditional,Ink,68,1.04142
F3 two-stage conditional,Ink,69,1.06679
F3 two-stage conditional,Ink,70,1.07703
F3 two-stage conditional,Ink,71,1.01844
F3 two-stage conditional,Ink,72,1.02153
F3 two-stage conditional,Ink,73,1.07209
F3 two-stage conditional,Ink,74,1.05466
F3 two-stage conditional,Ink,75,1.00078
F3 two-stage conditional,Ink,76,1.00158
F3 two-stage conditional,Ink,77,1.00146
F3 two-stage conditional,Ink,78,1.00194
F3 two-stage conditional,Ink,79,1.03461
F3 two-stage conditional,Ink,80,0.998694
F3 two-stage conditional,Ink,81,1.0084
F3 two-stage conditional,Ink,82,1.01451
F3 two-stage conditional,Ink,83,1.01019
F3 two-stage conditional,Ink,84,1.05303
F3 two-stage conditional,Ink,85,1.06852
F3 two-stage conditional,Ink,86,1.04539
F3 two-stage conditional,Ink,87,1.0191
F3 two-stage conditional,Ink,88,1.07746
F3 two-stage conditional,Ink,89,1.04181
F3 two-stage conditional,Ink,90,1.09449
F3 two-stage conditional,Ink,91,0.998693
F3 two-stage conditional,Ink,92,1.04377
F3 two-stage conditional,Ink,93,1.06667
F3 two-stage conditional,Ink,94,1.07975
F3 two-stage conditional,Ink,95,1.02221
F3 two-stage conditional,Ink,96,1.08093
F3 two-stage conditional,Ink,97,1.00446
F3 two-stage conditional,Ink,98,1.01127
F3 two-stage conditional,Ink,99,1.00402
F3 two-stage conditional,Ink,100,1.01386
F3 two-stage conditional,Ink,101,1.00523
F3 two-stage conditional,Ink,102,1.00674
F3 two-stage conditional,Ink,103,1.00611
F3 two-stage conditional,Ink,104,1.00424
F3 two-stage conditional,Ink,105,1.00786
F3 two-stage conditional,Ink,106,1.00518
F3 two-stage conditional,Ink,107,1.01572
F3 two-stage conditional,Ink,108,1.03596
F3 two-stage conditional,Ink,109,1.01942
F3 two-stage conditional,Ink,110,1.03658
F3 two-stage conditional,Ink,111,1.08908
F3 two-stage conditional,Ink,112,0.99386
F3 two-stage conditional,Ink,113,1.01348
F3 two-stage conditional,Ink,114,1.09994
F3 two-stage conditional,Ink,115,1.02685
F3 two-stage conditional,Ink,116,1.03734
F3 two-stage conditional,Ink,117,1.04184
F3 two-stage conditional,Ink,118,1.01021
F3 two-stage conditional,Ink,119,1.04617
F3 two-stage conditional,Ink,120,1.03307
F3 two-stage conditional,Ink,121,1.02816
F3 two-stage conditional,Ink,122,1.07592
F3 two-stage conditional,Ink,123,1.04356
F3 two-stage conditional,Ink,124,1.02424
F3 two-stage conditional,Ink,125,1.04099
F3 two-stage conditional,Ink,126,1.07298
F3 two-stage conditional,Ink,127,1.02611
F3 two-stage conditional,Ink,128,1.02641
F3 two-stage conditional,Ink,129,1.02051
F3 two-stage conditional,Ink,130,1.1545
F3 two-stage conditional,Ink,131,1.00391
F3 two-stage conditional,Ink,132,1.06932
F3 two-stage conditional,Ink,133,1.05973
F3 two-stage conditional,Ink,134,1.05001
F3 two-stage conditional,Ink,135,1.09484
F3 two-stage conditional,Ink,136,1.06291
F3 two-stage conditional,Ink,137,1.02032
F3 two-stage conditional,Ink,138,1.06642
F3 two-stage conditional,Ink,139,1.01813
F3 two-stage conditional,Ink,140,1.04413
F3 two-stage conditional,Ink,141,1.04975
F3 two-stage conditional,Ink,142,1.01019
F3 two-stage conditional,Ink,143,1.02917
F3 two-stage conditional,Ink,144,1.02559
F3 two-stage conditional,Ink,145,0.884087
F3 two-stage conditional,Ink,146,1.01314
F3 two-stage conditional,Ink,147,0.991469
F3 two-stage conditional,Ink,148,1.00302
F3 two-stage conditional,Ink,149,1.05822
F3 two-stage conditional,Ink,150,1.05001
F3 two-stage conditional,Ink,151,1.00768
F3 two-stage conditional,Ink,152,1.09385
F3 two-stage conditional,Ink,153,1.00212
F3 two-stage conditional,Ink,154,1.01678
F3 two-stage conditional,Ink,155,1.00325
F3 two-stage conditional,Ink,156,1.01705
F3 two-stage conditional,Ink,157,1.00785
F3 two-stage conditional,Ink,158,1.01231
F3 two-stage conditional,Ink,159,1.00062
F3 two-stage conditional,Ink,160,1.00015
F3 two-stage conditional,Ink,161,1.00316
F3 two-stage conditional,Ink,162,1.00125
F3 two-stage conditional,Ink,163,1.00042
F3 two-stage conditional,Ink,164,1.00287
F3 two-stage conditional,Ink,165,1.01083
F3 two-stage conditional,Ink,166,1.02753
F3 two-stage conditional,Ink,167,1.00732
F3 two-stage conditional,Ink,168,1.02254
F3 two-stage conditional,Ink,169,1.00307
F3 two-stage conditional,Ink,170,1.0789
F3 two-stage conditional,Ink,171,1.03018
F3 two-stage conditional,Ink,172,1.00042
F3 two-stage conditional,Ink,173,1.01775
F3 two-stage conditional,Ink,174,1.00311
F3 two-stage conditional,Ink,175,1.0066
F3 two-stage conditional,Ink,176,1.01185
F3 two-stage conditional,Ink,177,1.00886
F3 two-stage conditional,Ink,178,1.0192
F3 two-stage conditional,Ink,179,1.01433
F3 two-stage conditional,Ink,180,1.06552
F3 two-stage conditional,Ink,181,1.06495
F3 two-stage conditional,Ink,182,0.979599
F3 two-stage conditional,Ink,183,1.10134
F3 two-stage conditional,Ink,184,1.09911
F3 two-stage conditional,Ink,185,1.09471
F3 two-stage conditional,Ink,186,1.15301
F3 two-stage conditional,Ink,187,1.09391
F3 two-stage conditional,Ink,188,1.00924
F3 two-stage conditional,Ink,189,1.00753
F3 two-stage conditional,Ink,190,0.996402
F3 two-stage conditional,Ink,191,1.00224
F3 two-stage conditional,Ink,192,1.01314
F3 two-stage conditional,Ink,193,1.0118
F3 two-stage conditional,Ink,194,1.00162
F3 two-stage conditional,Ink,195,1.00016
F3 two-stage conditional,Ink,196,1.00245
F3 two-stage conditional,Ink,197,1.00528
F3 two-stage conditional,Ink,198,1.00152
F3 two-stage conditional,Ink,199,1.03235
F3 two-stage conditional,Ink,200,1.01998
F3 two-stage conditional,Ink,201,1.03736
F3 two-stage conditional,Ink,202,1.00458
F3 two-stage conditional,Ink,203,1.00887
F3 two-stage conditional,Ink,204,1.08388
F3 two-stage conditional,Ink,205,1.0005
F3 two-stage conditional,Ink,206,1.11945
F3 two-stage conditional,Ink,207,1.00576
F3 two-stage conditional,Ink,208,1.05568
F3 two-stage conditional,Ink,209,1.06444
F3 two-stage conditional,Ink,210,1.03354
F3 two-stage conditional,Ink,211,1.04997
F3 two-stage conditional,Ink,212,1.04797
F3 two-stage conditional,Ink,213,1.03016
F3 two-stage conditional,Ink,214,1.01956
F3 two-stage conditional,Ink,215,1.00251
F3 two-stage conditional,Ink,216,1.08711
F3 two-stage conditional,Ink,217,1.07278
F3 two-stage conditional,Ink,218,1.06339
F3 two-stage conditional,Ink,219,1.01439
F3 two-stage conditional,Ink,220,1.12723
F3 two-stage conditional,Ink,221,1.06195
F3 two-stage conditional,Ink,222,1.08005
F3 two-stage conditional,Ink,223,1.0436
F3 two-stage conditional,Ink,224,1.03026
F3 two-stage conditional,Ink,225,1.0546
F3 two-stage conditional,Ink,226,1.02469
F3 two-stage conditional,Ink,227,1.01933
F3 two-stage conditional,Ink,228,1.00155
F3 two-stage conditional,Ink,229,0.99312
F3 two-stage conditional,Ink,230,1.0131
F3 two-stage conditional,Ink,231,1.01183
F3 two-stage conditional,Ink,232,1.04452
F3 two-stage conditional,Ink,233,0.971696
F3 two-stage conditional,Ink,234,1.01381
F3 two-stage conditional,Ink,235,1.0022200000000001
F3 two-stage conditional,Ink,236,1.00259
F3 two-stage conditional,Ink,237,1.00552
F3 two-stage conditional,Ink,238,1.00839
F3 two-stage conditional,Ink,239,1.00055
F3 two-stage conditional,Ink,240,1.00509
F3 two-stage conditional,Ink,241,1.00133
F3 two-stage conditional,Ink,242,1.00441
F3 two-stage conditional,Ink,243,1.00295
F3 two-stage conditional,Ink,244,0.999233
F3 two-stage conditional,Ink,245,1.00754
F3 two-stage conditional,Ink,246,1.00114
F3 two-stage conditional,Ink,247,1.06197
F3 two-stage conditional,Ink,248,1.0188
F3 two-stage conditional,Ink,249,1.06102
F3 two-stage conditional,Ink,250,1.03607
F3 two-stage conditional,Ink,251,1.15883
F3 two-stage conditional,Ink,252,1.14021
F3 two-stage conditional,Ink,253,1.07637
F3 two-stage conditional,Ink,254,1.04467
F3 two-stage conditional,Ink,255,1.08952
F3 two-stage conditional,Ink,256,1.00146
F3 two-stage conditional,Ink,257,1.14329
F3 two-stage conditional,Ink,258,1.0282
F3 two-stage conditional,Ink,259,1.01069
F3 two-stage conditional,Ink,260,1.03822
F3 two-stage conditional,Ink,261,1.02816
F3 two-stage conditional,Ink,262,1.05013
F3 two-stage conditional,Ink,263,1.02213
F3 two-stage conditional,Ink,264,1.0429
F3 two-stage conditional,Ink,265,1.05332
F3 two-stage conditional,Ink,266,1.04568
F3 two-stage conditional,Ink,267,1.05699
F3 two-stage conditional,Ink,268,1.04899
F3 two-stage conditional,Ink,269,1.04955
F3 two-stage conditional,Ink,270,1.05677
F3 two-stage conditional,Ink,271,1.0108
F3 two-stage conditional,Ink,272,1.10941
F3 two-stage conditional,Ink,273,1.04721
F3 two-stage conditional,Ink,274,1.06314
F3 two-stage conditional,Ink,275,1.05904
F3 two-stage conditional,Ink,276,1.041
F3 two-stage conditional,Ink,277,1.03993
F3 two-stage conditional,Ink,278,1.0156
F3 two-stage conditional,Ink,279,1.01766
F3 two-stage conditional,Ink,280,0.987029
F3 two-stage conditional,Ink,281,1.09668
F3 two-stage conditional,Ink,282,1.05982
F3 two-stage conditional,Ink,283,1.00371
F3 two-stage conditional,Ink,284,1.00513
F3 two-stage conditional,Ink,285,1.00462
F3 two-stage conditional,Ink,286,1.00484
F3 two-stage conditional,Ink,287,1.0002
F3 two-stage conditional,Ink,288,1.00018
F3 two-stage conditional,Ink,289,1.00109
F3 two-stage conditional,Ink,290,1.00134
F3 two-stage conditional,Ink,291,1.00119
F3 two-stage conditional,Ink,292,1.00835
F3 two-stage conditional,Ink,293,1.00153
F3 two-stage conditional,Ink,294,1.00353
F3 two-stage conditional,Ink,295,1.00461
F3 two-stage conditional,Ink,296,0.972473
F3 two-stage conditional,Ink,297,0.971278
F3 two-stage conditional,Ink,298,1.0462
F3 two-stage conditional,Ink,299,1.00087
F3 two-stage conditional,Ink,300,1.00238
F3 two-stage conditional,Ink,301,1.00064
F3 two-stage conditional,Ink,302,1.00144
F3 two-stage conditional,Ink,303,1.00261
F3 two-stage conditional,Ink,304,1.00365
F3 two-stage conditional,Ink,305,1.0085
F3 two-stage conditional,Ink,306,0.99929
F3 two-stage conditional,Ink,307,1.10004
F3 two-stage conditional,Ink,308,1.04392
F3 two-stage conditional,Ink,309,1.05846
F3 two-stage conditional,Ink,310,1.03705
F3 two-stage conditional,Ink,311,1.01494
F3 two-stage conditional,Ink,312,1.10762
F3 two-stage conditional,Ink,313,1.00884
F3 two-stage conditional,Ink,314,1.14319
F3 two-stage conditional,Ink,315,1.04301
F3 two-stage conditional,Ink,316,1.01309
F3 two-stage conditional,Ink,317,1.01172
F3 two-stage conditional,Ink,318,1.0403
F3 two-stage conditional,Ink,319,1.03608
F3 two-stage conditional,Ink,320,1.02051
F3 two-stage conditional,Ink,321,1.0228
F3 two-stage conditional,Ink,322,1.0505
F3 two-stage conditional,Ink,323,1.03697
F3 two-stage conditional,Ink,324,1.0566
F3 two-stage conditional,Ink,325,1.04077
F3 two-stage conditional,Ink,326,1.04799
F3 two-stage conditional,Ink,327,1.08226
F3 two-stage conditional,Ink,328,1.03126
F3 two-stage conditional,Ink,329,1.03802
F3 two-stage conditional,Ink,330,1.01565
F3 two-stage conditional,Ink,331,1.00439
F3 two-stage conditional,Ink,332,1.01104
F3 two-stage conditional,Ink,333,1.01363
F3 two-stage conditional,Ink,334,1.07069
F3 two-stage conditional,Ink,335,1.03028
F3 two-stage conditional,Ink,336,1.04885
F3 two-stage conditional,Ink,337,1.03186
F3 two-stage conditional,Ink,338,1.03264
F3 two-stage conditional,Ink,339,1.05616
F3 two-stage conditional,Ink,340,1.0105
F3 two-stage conditional,Ink,341,1.04311
F3 two-stage conditional,Ink,342,1.09063
F3 two-stage conditional,Ink,343,0.981198
F3 two-stage conditional,Ink,344,1.06043
F3 two-stage conditional,Ink,345,1.03661
F3 two-stage conditional,Ink,346,1.04274
F3 two-stage conditional,Ink,347,1.02237
F3 two-stage conditional,Ink,348,1.05367
F3 two-stage conditional,Ink,349,1.05274
F3 two-stage conditional,Ink,350,1.00425
F3 two-stage conditional,Ink,351,1.00612
F3 two-stage conditional,Ink,352,1.05123
F3 two-stage conditional,Ink,353,1.07107
F3 two-stage conditional,Ink,354,1.06161
F3 two-stage conditional,Ink,355,1.03856
F3 two-stage conditional,Ink,356,1.06786
F3 two-stage conditional,Ink,357,1.00494
F3 two-stage conditional,Ink,358,1.00407
F3 two-stage conditional,Ink,359,0.925652
F3 two-stage conditional,Ink,360,1.00019
F3 two-stage conditional,Ink,361,1.01126
F3 two-stage conditional,Ink,362,0.998092
F3 two-stage conditional,Ink,363,1.03348
F3 two-stage conditional,Ink,364,1.02468
F3 two-stage conditional,Ink,365,1.04017
F3 two-stage conditional,Ink,366,1.04645
F3 two-stage conditional,Ink,367,1.00594
F3 two-stage conditional,Ink,368,1.0849
F3 two-stage conditional,Ink,369,1.00541
F3 two-stage conditional,Ink,370,1.00269
F3 two-stage conditional,Ink,371,1.01468
F3 two-stage conditional,Ink,372,1.011
F3 two-stage conditional,Ink,373,1.04642
F3 two-stage conditional,Ink,374,1.02079
F3 two-stage conditional,Ink,375,0.999857
F3 two-stage conditional,Ink,376,1.04208
F3 two-stage conditional,Ink,377,1.03053
F3 two-stage conditional,Ink,378,1.00042
F3 two-stage conditional,Ink,379,1.08046
F3 two-stage conditional,Ink,380,1.03621
F3 two-stage conditional,Ink,381,1.03366
F3 two-stage conditional,Ink,382,1.04644
F3 two-stage conditional,Ink,383,1.02816
F3 two-stage conditional,Ink,384,1.05722
F3 two-stage conditional,Ink,385,1.05268
F3 two-stage conditional,Ink,386,0.975216
F3 two-stage conditional,Ink,387,1.18555
F3 two-stage conditional,Ink,388,1.14274
F3 two-stage conditional,Ink,389,1.00703
F3 two-stage conditional,Ink,390,1.0236
F3 two-stage conditional,Ink,391,1.03002
F3 two-stage conditional,Ink,392,1.03653
F3 two-stage conditional,Ink,393,1.04773
F3 two-stage conditional,Ink,394,1.00863
F3 two-stage conditional,Ink,395,1.09262
F3 two-stage conditional,Ink,396,1.01992
F3 two-stage conditional,Ink,397,1.02563
F3 two-stage conditional,Ink,398,1.00885
F3 two-stage conditional,Ink,399,1.01539
F3 two-stage conditional,Ink,400,1.00186
F3 two-stage conditional,Ink,401,1.01894
F3 two-stage conditional,Ink,402,1.01353
F3 two-stage conditional,Ink,403,1.01239
F3 two-stage conditional,Ink,404,1.00223
F3 two-stage conditional,Ink,405,1.0031
F3 two-stage conditional,Ink,406,1.04817
F3 two-stage conditional,Ink,407,1.02783
F3 two-stage conditional,Ink,408,1.0559
F3 two-stage conditional,Ink,409,1.02017
F3 two-stage conditional,Ink,410,1.0616
F3 two-stage conditional,Ink,411,0.993579
F3 two-stage conditional,Ink,412,1.00898
F3 two-stage conditional,Ink,413,1.05241
F3 two-stage conditional,Ink,414,1.04997
F3 two-stage conditional,Ink,415,1.03246
F3 two-stage conditional,Ink,416,1.03978
F3 two-stage conditional,Ink,417,1.04226
F3 two-stage conditional,Ink,418,1.12845
F3 two-stage conditional,Ink,419,0.981592
F3 two-stage conditional,Ink,420,0.990182
F3 two-stage conditional,Ink,421,0.967958
F3 two-stage conditional,Ink,422,1.00245
F3 two-stage conditional,Ink,423,1.00784
F3 two-stage conditional,Ink,424,1.00415
F3 two-stage conditional,Ink,425,1.01068
F3 two-stage conditional,Ink,426,1.00094
F3 two-stage conditional,Ink,427,1.00465
F3 two-stage conditional,Ink,428,1.00098
F3 two-stage conditional,Ink,429,1.02351
F3 two-stage conditional,Ink,430,1.00217
F3 two-stage conditional,Ink,431,0.974678
F3 two-stage conditional,Ink,432,0.984312
F3 two-stage conditional,Ink,433,1.01879
F3 two-stage conditional,Ink,434,1.01356
F3 two-stage conditional,Ink,435,1.04134
F3 two-stage conditional,Ink,436,1.02132
F3 two-stage conditional,Ink,437,1.02409
F3 two-stage conditional,Ink,438,1.01304
F3 two-stage conditional,Ink,439,1.00001
F3 two-stage conditional,Ink,440,1.00004
F3 two-stage conditional,Ink,441,1.00364
F3 two-stage conditional,Ink,442,1.00276
F3 two-stage conditional,Ink,443,1.11382
F3 two-stage conditional,Ink,444,1.02024
F3 two-stage conditional,Ink,445,1.03695
F3 two-stage conditional,Ink,446,0.998799
F3 two-stage conditional,Ink,447,1.00221
F3 two-stage conditional,Ink,448,1.00963
F3 two-stage conditional,Ink,449,1.08468
F3 two-stage conditional,Ink,450,1.04771
F3 two-stage conditional,Ink,451,1.0922
F3 two-stage conditional,Ink,452,1.03363
F3 two-stage conditional,Ink,453,1.03609
F3 two-stage conditional,Ink,454,1.04121
F3 two-stage conditional,Ink,455,1.0428
F3 two-stage conditional,Ink,456,1.12521
F3 two-stage conditional,Ink,457,1.01442
F3 two-stage conditional,Ink,458,1.05916
F3 two-stage conditional,Ink,459,1.02321
F3 two-stage conditional,Ink,460,1.0378
F3 two-stage conditional,Ink,461,1.06009
F3 two-stage conditional,Ink,462,1.04534
F3 two-stage conditional,Ink,463,1.02939
F3 two-stage conditional,Ink,464,1.05301
F3 two-stage conditional,Ink,465,1.04005
F3 two-stage conditional,Ink,466,1.02152
F3 two-stage conditional,Ink,467,1.05824
F3 two-stage conditional,Ink,468,1.01084
F3 two-stage conditional,Ink,469,1.03813
F3 two-stage conditional,Ink,470,1.0551
F3 two-stage conditional,Ink,471,1.017
F3 two-stage conditional,Ink,472,1.04012
F3 two-stage conditional,Ink,473,1.02048
F3 two-stage conditional,Ink,474,1.002
F3 two-stage conditional,Ink,475,1.06074
F3 two-stage conditional,Ink,476,1.01587
F3 two-stage conditional,Ink,477,1.02283
F3 two-stage conditional,Ink,478,1.02491
F3 two-stage conditional,Ink,479,1.00784
F3 two-stage conditional,Ink,480,1.06119
F3 two-stage conditional,Ink,481,1.06444
F3 two-stage conditional,Ink,482,1.06315
F3 two-stage conditional,Ink,483,1.0543
F3 two-stage conditional,Ink,484,1.07483
F3 two-stage conditional,Ink,485,1.11474
F3 two-stage conditional,Ink,486,1.08076
F3 two-stage conditional,Ink,487,1.03745
F3 two-stage conditional,Ink,488,1.02853
F3 two-stage conditional,Ink,489,1.04589
F3 two-stage conditional,Ink,490,1.04214
F3 two-stage conditional,Ink,491,1.03649
F3 two-stage conditional,Ink,492,1.09218
F3 two-stage conditional,Ink,493,1.04722
F3 two-stage conditional,Ink,494,1.05418
F3 two-stage conditional,Ink,495,1.0347
F3 two-stage conditional,Ink,496,1.02487
F3 two-stage conditional,Ink,497,1.03499
F3 two-stage conditional,Ink,498,1.01341
F3 two-stage conditional,Ink,499,1.0408
F3 two-stage conditional,Ink,500,1.05607
F3 two-stage conditional,Ink,501,1.02552
F3 two-stage conditional,Ink,502,1.04069
F3 two-stage conditional,Ink,503,1.05457
F3 two-stage conditional,Ink,504,1.01216
F3 two-stage conditional,Ink,505,1.00089
F3 two-stage conditional,Ink,506,1.00038
F3 two-stage conditional,Ink,507,1.00388
F3 two-stage conditional,Ink,508,1.00091
F3 two-stage conditional,Ink,509,0.999808
F3 two-stage conditional,Ink,510,1.04668
F3 two-stage conditional,Ink,511,0.968865
F3 two-stage conditional,Ink,512,1.00276
F3 two-stage conditional,Ink,513,1.04791
F3 two-stage conditional,Ink,514,1.02854
F3 two-stage conditional,Ink,515,1.0193
F3 two-stage conditional,Ink,516,1.00398
F3 two-stage conditional,Ink,517,1.00175
F3 two-stage conditional,Ink,518,1.00076
F3 two-stage conditional,Ink,519,1.03138
F3 two-stage conditional,Ink,520,1.02415
F3 two-stage conditional,Ink,521,1.05519
F3 two-stage conditional,Ink,522,1.05738
F3 two-stage conditional,Ink,523,1.01378
F3 two-stage conditional,Ink,524,1.0658
F3 two-stage conditional,Ink,525,1.04935
F3 two-stage conditional,Ink,526,0.987755
F3 two-stage conditional,Ink,527,1.06188
F3 two-stage conditional,Ink,528,1.06316
F3 two-stage conditional,Ink,529,1.00162
F3 two-stage conditional,Ink,530,1.0469
F3 two-stage conditional,Ink,531,1.00104
F3 two-stage conditional,Ink,532,1.06889
F3 two-stage conditional,Ink,533,1.02931
F3 two-stage conditional,Ink,534,1.02616
F3 two-stage conditional,Ink,535,1.02357
F3 two-stage conditional,Ink,536,1.042
F3 two-stage conditional,Ink,537,1.02826
F3 two-stage conditional,Ink,538,1.03358
F3 two-stage conditional,Ink,539,1.00734
F3 two-stage conditional,Ink,540,1.00547
F3 two-stage conditional,Ink,541,1.00817
F3 two-stage conditional,Ink,542,1.06931
F3 two-stage conditional,Ink,543,1.02
F3 two-stage conditional,Ink,544,1.02227
F3 two-stage conditional,Ink,545,1.00489
F3 two-stage conditional,Ink,546,1.04498
F3 two-stage conditional,Ink,547,1.0475
F3 two-stage conditional,Ink,548,1.09628
F3 two-stage conditional,Ink,549,1.05361
F3 two-stage conditional,Ink,550,1.05673
F3 two-stage conditional,Ink,551,1.02941
F3 two-stage conditional,Ink,552,1.05059
F3 two-stage conditional,Ink,553,1.05979
F3 two-stage conditional,Ink,554,1.03551
F3 two-stage conditional,Ink,555,1.02651
F3 two-stage conditional,Ink,556,1.01666
F3 two-stage conditional,Ink,557,1.01979
F3 two-stage conditional,Ink,558,1.01085
F3 two-stage conditional,Ink,559,1.00034
F3 two-stage conditional,Ink,560,0.999521
F3 two-stage conditional,Ink,561,1.00218
F3 two-stage conditional,Ink,562,1.00163
F3 two-stage conditional,Ink,563,1.00077
F3 two-stage conditional,Ink,564,1.00763
F3 two-stage conditional,Ink,565,1.00022
F3 two-stage conditional,Ink,566,1.00025
F3 two-stage conditional,Ink,567,1.00002
F3 two-stage conditional,Ink,568,1.00016
F3 two-stage conditional,Ink,569,1.03976
F3 two-stage conditional,Ink,570,0.99674
F3 two-stage conditional,Ink,571,1.01391
F3 two-stage conditional,Ink,572,1.01162
F3 two-stage conditional,Ink,573,1.0383
F3 two-stage conditional,Ink,574,1.01972
F3 two-stage conditional,Ink,575,1.00408
F3 two-stage conditional,Ink,576,1.05316
F3 two-stage conditional,Ink,577,1.00681
F3 two-stage conditional,Ink,578,1.03693
F3 two-stage conditional,Ink,579,0.976476
F3 two-stage conditional,Ink,580,1.05054
F3 two-stage conditional,Ink,581,1.06028
F3 two-stage conditional,Ink,582,1.07265
F3 two-stage conditional,Ink,583,1.04507
F3 two-stage conditional,Ink,584,1.01432
F3 two-stage conditional,Ink,585,1.01324
F3 two-stage conditional,Ink,586,1.01009
F3 two-stage conditional,Ink,587,1.01504
F3 two-stage conditional,Ink,588,1.02033
F3 two-stage conditional,Ink,589,1.02172
F3 two-stage conditional,Ink,590,1.02975
F3 two-stage conditional,Ink,591,1.04783
F3 two-stage conditional,Ink,592,1.03751
F3 two-stage conditional,Ink,593,1.02504
F3 two-stage conditional,Ink,594,1.07009
F3 two-stage conditional,Ink,595,1.00554
F3 two-stage conditional,Ink,596,1.00056
F3 two-stage conditional,Ink,597,0.99558
F3 two-stage conditional,Ink,598,1.02953
F3 two-stage conditional,Ink,599,1.00708
F3 two-stage conditional,Ink,600,1.06493
F3 two-stage conditional,Ink,601,1.00432
F3 two-stage conditional,Ink,602,1.02546
F3 two-stage conditional,Ink,603,1.06392
F3 two-stage conditional,Ink,604,1.06363
F3 two-stage conditional,Ink,605,1.02658
F3 two-stage conditional,Ink,606,1.02347
F3 two-stage conditional,Ink,607,1.04768
F3 two-stage conditional,Ink,608,1.02569
F3 two-stage conditional,Ink,609,1.11928
F3 two-stage conditional,Ink,610,1.01205
F3 two-stage conditional,Ink,611,1.03192
F3 two-stage conditional,Ink,612,1.07107
F3 two-stage conditional,Ink,613,1.00769
F3 two-stage conditional,Ink,614,1.01654
F3 two-stage conditional,Ink,615,1.03834
F3 two-stage conditional,Ink,616,1.03911
F3 two-stage conditional,Ink,617,1.06879
F3 two-stage conditional,Ink,618,1.00732
F3 two-stage conditional,Ink,619,1.0366
F3 two-stage conditional,Ink,620,1.04227
F3 two-stage conditional,Ink,621,1.02617
F3 two-stage conditional,Ink,622,1.02682
F3 two-stage conditional,Ink,623,1.07625
F3 two-stage conditional,Ink,624,1.02442
F3 two-stage conditional,Ink,625,1.00359
F3 two-stage conditional,Ink,626,1.02106
F3 two-stage conditional,Ink,627,1.02035
F3 two-stage conditional,Ink,628,1.00103
F3 two-stage conditional,Ink,629,1.00618
F3 two-stage conditional,Ink,630,1.00349
F3 two-stage conditional,Ink,631,1.01465
F3 two-stage conditional,Ink,632,1.01385
F3 two-stage conditional,Ink,633,1.01165
F3 two-stage conditional,Ink,634,1.00872
F3 two-stage conditional,Ink,635,1.03637
F3 two-stage conditional,Ink,636,1.01438
F3 two-stage conditional,Ink,637,1.00076
F3 two-stage conditional,Ink,638,1.01404
F3 two-stage conditional,Ink,639,1.00961
F3 two-stage conditional,Ink,640,1.00474
F3 two-stage conditional,Ink,641,1.02747
F3 two-stage conditional,Ink,642,1.00889
F3 two-stage conditional,Ink,643,1.02067
F3 two-stage conditional,Ink,644,1.00391
F3 two-stage conditional,Ink,645,1.00469
F3 two-stage conditional,Ink,646,1.00013
F3 two-stage conditional,Ink,647,1.00125
F3 two-stage conditional,Ink,648,1.00203
F3 two-stage conditional,Ink,649,1.03043
F3 two-stage conditional,Ink,650,1.06088
F3 two-stage conditional,Ink,651,1.00541
F3 two-stage conditional,Ink,652,1.0005
F3 two-stage conditional,Ink,653,1.00093
F3 two-stage conditional,Ink,654,1.00256
F3 two-stage conditional,Ink,655,1.02482
F3 two-stage conditional,Ink,656,1.02849
F3 two-stage conditional,Ink,657,1.00467
F3 two-stage conditional,Ink,658,1.02039
F3 two-stage conditional,Ink,659,1.03396
F3 two-stage conditional,Ink,660,1.03787
F3 two-stage conditional,Ink,661,1.04164
F3 two-stage conditional,Ink,662,1.01188
F3 two-stage conditional,Ink,663,1.02667
F3 two-stage conditional,Ink,664,1.05051
F3 two-stage conditional,Ink,665,1.02376
F3 two-stage conditional,Ink,666,1.02475
F3 two-stage conditional,Ink,667,1.0583
F3 two-stage conditional,Ink,668,1.05944
F3 two-stage conditional,Ink,669,1.00262
F3 two-stage conditional,Ink,670,1.0024
F3 two-stage conditional,Ink,671,1.08777
F3 two-stage conditional,Ink,672,1.03669
F3 two-stage conditional,Ink,673,1.01984
F3 two-stage conditional,Ink,674,1.04456
F3 two-stage conditional,Ink,675,1.05476
F3 two-stage conditional,Ink,676,1.00133
F3 two-stage conditional,Ink,677,1.01535
F3 two-stage conditional,Ink,678,1.02679
F3 two-stage conditional,Ink,679,1.00928
F3 two-stage conditional,Ink,680,1.00414
F3 two-stage conditional,Ink,681,1.01365
F3 two-stage conditional,Ink,682,1.01607
F3 two-stage conditional,Ink,683,1.01867
F3 two-stage conditional,Ink,684,1.03954
F3 two-stage conditional,Ink,685,1.05819
F3 two-stage conditional,Ink,686,1.02583
F3 two-stage conditional,Ink,687,1.02632
F3 two-stage conditional,Ink,688,1.00883
F3 two-stage conditional,Ink,689,1.02395
F3 two-stage conditional,Ink,690,1.01108
F3 two-stage conditional,Ink,691,1.00085
F3 two-stage conditional,Ink,692,0.999486
F3 two-stage conditional,Ink,693,1.00313
F3 two-stage conditional,Ink,694,0.999447
F3 two-stage conditional,Ink,695,1.001
F3 two-stage conditional,Ink,696,1.00031
F3 two-stage conditional,Ink,697,1.00978
F3 two-stage conditional,Ink,698,1.02382
F3 two-stage conditional,Ink,699,1.0055
F3 two-stage conditional,Ink,700,1.00229
F3 two-stage conditional,Ink,701,1.04683
F3 two-stage conditional,Ink,702,1.01489
F3 two-stage conditional,Ink,703,1.00246
F3 two-stage conditional,Ink,704,1.00457
F3 two-stage conditional,Ink,705,1.00366
F3 two-stage conditional,Ink,706,1.03258
F3 two-stage conditional,Ink,707,1.02987
F3 two-stage conditional,Ink,708,1.04723
F3 two-stage conditional,Ink,709,1.0056
F3 two-stage conditional,Ink,710,1.00159
F3 two-stage conditional,Ink,711,0.999615
F3 two-stage conditional,Ink,712,1.02668
F3 two-stage conditional,Ink,713,1.01107
F3 two-stage conditional,Ink,714,1.00174
F3 two-stage conditional,Ink,715,1.0186
F3 two-stage conditional,Ink,716,0.996182
F3 two-stage conditional,Ink,717,1.01982
F3 two-stage conditional,Ink,718,1.00115
F3 two-stage conditional,Ink,719,1.10852
F3 two-stage conditional,Ink,720,1.0016
F3 two-stage conditional,Ink,721,1.06594
F3 two-stage conditional,Ink,722,1.09726
F3 two-stage conditional,Ink,723,1.09007
F3 two-stage conditional,Ink,724,1.01574
F3 two-stage conditional,Ink,725,1.03076
F3 two-stage conditional,Ink,726,1.0226
F3 two-stage conditional,Ink,727,1.01443
F3 two-stage conditional,Ink,728,1.0694
F3 two-stage conditional,Ink,729,1.07594
F3 two-stage conditional,Ink,730,1.08899
F3 two-stage conditional,Ink,731,1.02643
F3 two-stage conditional,Ink,732,1.03945
F3 two-stage conditional,Ink,733,1.02687
F3 two-stage conditional,Ink,734,1.04791
F3 two-stage conditional,Ink,735,1.04109
F3 two-stage conditional,Ink,736,1.01918
F3 two-stage conditional,Ink,737,0.989051
F3 two-stage conditional,Ink,738,1.00045
F3 two-stage conditional,Ink,739,1.08366
F3 two-stage conditional,Ink,740,1.00103
F3 two-stage conditional,Ink,741,1.06121
F3 two-stage conditional,Ink,742,1.02861
F3 two-stage conditional,Ink,743,1.02806
F3 two-stage conditional,Ink,744,1.06229
F3 two-stage conditional,Ink,745,1.04586
F3 two-stage conditional,Ink,746,0.997642
F3 two-stage conditional,Ink,747,1.02104
F3 two-stage conditional,Ink,748,1.00156
F3 two-stage conditional,Ink,749,1.00142
F3 two-stage conditional,Ink,750,0.999784
F3 two-stage conditional,Ink,751,1.00065
F3 two-stage conditional,Ink,752,1.00558
F3 two-stage conditional,Ink,753,1.00314
F3 two-stage conditional,Ink,754,1.00052
F3 two-stage conditional,Ink,755,1.00323
F3 two-stage conditional,Ink,756,1.00054
F3 two-stage conditional,Ink,757,1.00357
F3 two-stage conditional,Ink,758,1.00448
F3 two-stage conditional,Ink,759,1.02818
F3 two-stage conditional,Ink,760,1.00473
F3 two-stage conditional,Ink,761,1.0035
F3 two-stage conditional,Ink,762,1.00734
F3 two-stage conditional,Ink,763,1.00184
F3 two-stage conditional,Ink,764,1.00792
F3 two-stage conditional,Ink,765,1.03814
F3 two-stage conditional,Ink,766,1.05751
F3 two-stage conditional,Ink,767,1.04607
F3 two-stage conditional,Ink,768,1.04664
F3 two-stage conditional,Ink,769,1.05581
F3 two-stage conditional,Ink,770,1.01019
F3 two-stage conditional,Ink,771,1.00449
F3 two-stage conditional,Ink,772,1.01184
F3 two-stage conditional,Ink,773,1.00175
F3 two-stage conditional,Ink,774,1.002
F3 two-stage conditional,Ink,775,1.00054
F3 two-stage conditional,Ink,776,0.999671
F3 two-stage conditional,Ink,777,1.08952
F3 two-stage conditional,Ink,778,1.01928
F3 two-stage conditional,Ink,779,1.00947
F3 two-stage conditional,Ink,780,1.05535
F3 two-stage conditional,Ink,781,1.02226
F3 two-stage conditional,Ink,782,1.07094
F3 two-stage conditional,Ink,783,1.05481
F3 two-stage conditional,Ink,784,1.02211
F3 two-stage conditional,Ink,785,1.09591
F3 two-stage conditional,Ink,786,0.998502
F3 two-stage conditional,Ink,787,1.05376
F3 two-stage conditional,Ink,788,1.03788
F3 two-stage conditional,Ink,789,1.01648
F3 two-stage conditional,Ink,790,1.06408
F3 two-stage conditional,Ink,791,1.04234
F3 two-stage conditional,Ink,792,1.02702
F3 two-stage conditional,Ink,793,1.03494
F3 two-stage conditional,Ink,794,1.04793
F3 two-stage conditional,Ink,795,1.05155
F3 two-stage conditional,Ink,796,1.03501
F3 two-stage conditional,Ink,797,1.01788
F3 two-stage conditional,Ink,798,1.0709
F3 two-stage conditional,Ink,799,1.02844
F3 two-stage conditional,Ink,800,0.98493
F3 two-stage conditional,Ink,801,1.01339
F3 two-stage conditional,Ink,802,1.00406
F3 two-stage conditional,Ink,803,0.999276
F3 two-stage conditional,Ink,804,1.00195
F3 two-stage conditional,Ink,805,0.999145
F3 two-stage conditional,Ink,806,0.999125
F3 two-stage conditional,Ink,807,1.02684
F3 two-stage conditional,Ink,808,1.02223
F3 two-stage conditional,Ink,809,1.03192
F3 two-stage conditional,Ink,810,1.06158
F3 two-stage conditional,Ink,811,1.04294
F3 two-stage conditional,Ink,812,1.07983
F3 two-stage conditional,Ink,813,1.02254
F3 two-stage conditional,Ink,814,1.05114
F3 two-stage conditional,Ink,815,1.0363
F3 two-stage conditional,Ink,816,1.07101
F3 two-stage conditional,Ink,817,1.00861
F3 two-stage conditional,Ink,818,1.02479
F3 two-stage conditional,Ink,819,1.04256
F3 two-stage conditional,Ink,820,1.0131
F3 two-stage conditional,Ink,821,1.07574
F3 two-stage conditional,Ink,822,1.06861
F3 two-stage conditional,Ink,823,1.0339
F3 two-stage conditional,Ink,824,1.01779
F3 two-stage conditional,Ink,825,1.00727
F3 two-stage conditional,Ink,826,1.00552
F3 two-stage conditional,Ink,827,1.01118
F3 two-stage conditional,Ink,828,1.00725
F3 two-stage conditional,Ink,829,1.01271
F3 two-stage conditional,Ink,830,1.00101
F3 two-stage conditional,Ink,831,1.00505
F3 two-stage conditional,Ink,832,1.05177
F3 two-stage conditional,Ink,833,1.02655
F3 two-stage conditional,Ink,834,1.04072
F3 two-stage conditional,Ink,835,1.00164
F3 two-stage conditional,Ink,836,1.00131
F3 two-stage conditional,Ink,837,0.994073
F3 two-stage conditional,Ink,838,1.00034
F3 two-stage conditional,Ink,839,1.00124
F3 two-stage conditional,Ink,840,1.00027
F3 two-stage conditional,Ink,841,1.03446
F3 two-stage conditional,Ink,842,1.07214
F3 two-stage conditional,Ink,843,1.03013
F3 two-stage conditional,Ink,844,1.03368
F3 two-stage conditional,Ink,845,1.03502
F3 two-stage conditional,Ink,846,1.02026
F3 two-stage conditional,Ink,847,0.995307
F3 two-stage conditional,Ink,848,1.00801
F3 two-stage conditional,Ink,849,1.04514
F3 two-stage conditional,Ink,850,1.0658
F3 two-stage conditional,Ink,851,1.00129
F3 two-stage conditional,Ink,852,0.999601
F3 two-stage conditional,Ink,853,1.0185
F3 two-stage conditional,Ink,854,1.02811
F3 two-stage conditional,Ink,855,1.0818
F3 two-stage conditional,Ink,856,1.00141
F3 two-stage conditional,Ink,857,1.03729
F3 two-stage conditional,Ink,858,1.03444
F3 two-stage conditional,Ink,859,1.04466
F3 two-stage conditional,Ink,860,1.01614
F3 two-stage conditional,Ink,861,1.17641
F3 two-stage conditional,Ink,862,1.01344
F3 two-stage conditional,Ink,863,0.995763
F3 two-stage conditional,Ink,864,0.998051
F3 two-stage conditional,Ink,865,1.04923
F3 two-stage conditional,Ink,866,1.00397
F3 two-stage conditional,Ink,867,1.00085
F3 two-stage conditional,Ink,868,1.00583
F3 two-stage conditional,Ink,869,1.00969
F3 two-stage conditional,Ink,870,1.00296
F3 two-stage conditional,Ink,871,0.999816
F3 two-stage conditional,Ink,872,1.00042
F3 two-stage conditional,Ink,873,1.00704
F3 two-stage conditional,Ink,874,1.01355
F3 two-stage conditional,Ink,875,1.05015
F3 two-stage conditional,Ink,876,1.08776
F3 two-stage conditional,Ink,877,1.0001
F3 two-stage conditional,Ink,878,1.00061
F3 two-stage conditional,Ink,879,1.00017
F3 two-stage conditional,Ink,880,1
F3 two-stage conditional,Ink,881,1.00005
F3 two-stage conditional,Ink,882,1.0002
F3 two-stage conditional,Ink,883,1.00008
F3 two-stage conditional,Ink,884,1.00005
F3 two-stage conditional,Ink,885,1.00001
F3 two-stage conditional,Ink,886,1
F3 two-stage conditional,Ink,887,1
F3 two-stage conditional,Ink,888,1
F3 two-stage conditional,Ink,889,1
F3 two-stage conditional,Ink,890,1.00005
F3 two-stage conditional,Ink,891,1.0017
F3 two-stage conditional,Ink,892,1.02498
F3 two-stage conditional,Ink,893,1.00446
F3 two-stage conditional,Ink,894,1.00146
F3 two-stage conditional,Ink,895,1.01425
F3 two-stage conditional,Ink,896,1.01958
F3 two-stage conditional,Ink,897,1.03562
F3 two-stage conditional,Ink,898,1.02743
F3 two-stage conditional,Ink,899,1.00118
F3 two-stage conditional,Ink,900,1.00046
F3 two-stage conditional,Ink,901,1.01881
F3 two-stage conditional,Ink,902,1.00194
F3 two-stage conditional,Ink,903,1.01686
F3 two-stage conditional,Ink,904,0.995084
F3 two-stage conditional,Ink,905,0.994859
F3 two-stage conditional,Ink,906,0.994406
F3 two-stage conditional,Ink,907,1.04063
F3 two-stage conditional,Ink,908,1.08399
F3 two-stage conditional,Ink,909,1.09472
F3 two-stage conditional,Ink,910,1.08018
F3 two-stage conditional,Ink,911,1.02828
F3 two-stage conditional,Ink,912,1.02805
F3 two-stage conditional,Ink,913,1.07378
F3 two-stage conditional,Ink,914,1.03612
F3 two-stage conditional,Ink,915,1.02896
F3 two-stage conditional,Ink,916,1.00161
F3 two-stage conditional,Ink,917,1.0101
F3 two-stage conditional,Ink,918,0.98651
F3 two-stage conditional,Ink,919,1.00262
F3 two-stage conditional,Ink,920,0.99613
F3 two-stage conditional,Ink,921,1.00031
F3 two-stage conditional,Ink,922,1.05738
F3 two-stage conditional,Ink,923,1.02465
F3 two-stage conditional,Ink,924,1.00503
F3 two-stage conditional,Ink,925,1.05263
F3 two-stage conditional,Ink,926,0.997388
F3 two-stage conditional,Ink,927,1.07978
F3 two-stage conditional,Ink,928,1.04513
F3 two-stage conditional,Ink,929,1.03238
F3 two-stage conditional,Ink,930,1.03241
F3 two-stage conditional,Ink,931,1.04312
F3 two-stage conditional,Ink,932,1.01497
F3 two-stage conditional,Ink,933,1.02544
F3 two-stage conditional,Ink,934,1.05332
F3 two-stage conditional,Ink,935,1.02785
F3 two-stage conditional,Ink,936,1.05707
F3 two-stage conditional,Ink,937,1.06308
F3 two-stage conditional,Ink,938,1.05387
F3 two-stage conditional,Ink,939,0.998896
F3 two-stage conditional,Ink,940,0.994917
F3 two-stage conditional,Ink,941,1.00717
F3 two-stage conditional,Ink,942,1.0172
F3 two-stage conditional,Ink,943,1.03061
F3 two-stage conditional,Ink,944,1.0183
F3 two-stage conditional,Ink,945,1.05632
F3 two-stage conditional,Ink,946,1.03262
F3 two-stage conditional,Ink,947,1.04083
F3 two-stage conditional,Ink,948,1.01223
F3 two-stage conditional,Ink,949,1.0114
F3 two-stage conditional,Ink,950,1.05517
F3 two-stage conditional,Ink,951,1.0392
F3 two-stage conditional,Ink,952,1.07696
F3 two-stage conditional,Ink,953,1.06561
F3 two-stage conditional,Ink,954,1.05049
F3 two-stage conditional,Ink,955,1.07968
F3 two-stage conditional,Ink,956,1.06076
F3 two-stage conditional,Ink,957,1.01476
F3 two-stage conditional,Ink,958,1.03341
F3 two-stage conditional,Ink,959,1.03362
F3 two-stage conditional,Ink,960,1.06122
F3 two-stage conditional,Ink,961,1.04975
F3 two-stage conditional,Ink,962,1.02203
F3 two-stage conditional,Ink,963,1.02707
F3 two-stage conditional,Ink,964,1.06589
F3 two-stage conditional,Ink,965,1.0357
F3 two-stage conditional,Ink,966,1.03117
F3 two-stage conditional,Ink,967,1.01548
F3 two-stage conditional,Ink,968,1.03127
F3 two-stage conditional,Ink,969,1.0676
F3 two-stage conditional,Ink,970,1.07088
F3 two-stage conditional,Ink,971,1.07683
F3 two-stage conditional,Ink,972,1.03273
F3 two-stage conditional,Ink,973,1.0149
F3 two-stage conditional,Ink,974,1.01997
F3 two-stage conditional,Ink,975,1.03069
F3 two-stage conditional,Ink,976,1.01442
F3 two-stage conditional,Ink,977,1.10391
F3 two-stage conditional,Ink,978,1.0378
F3 two-stage conditional,Ink,979,1.0978
F3 two-stage conditional,Ink,980,1.08424
F3 two-stage conditional,Ink,981,1.02863
F3 two-stage conditional,Ink,982,1.03159
F3 two-stage conditional,Ink,983,1.02954
F3 two-stage conditional,Ink,984,1.07595
F3 two-stage conditional,Ink,985,1.01953
F3 two-stage conditional,Ink,986,0.982554
F3 two-stage conditional,Ink,987,1.06765
F3 two-stage conditional,Ink,988,1.03546
F3 two-stage conditional,Ink,989,1.0373000000000001
F3 two-stage conditional,Ink,990,1.01893
F3 two-stage conditional,Ink,991,1.04569
F3 two-stage conditional,Ink,992,1.06898
F3 two-stage conditional,Ink,993,1.03968
F3 two-stage conditional,Ink,994,1.01033
F3 two-stage conditional,Ink,995,1.01922
F3 two-stage conditional,Ink,996,1.10374
F3 two-stage conditional,Ink,997,1.02472
F3 two-stage conditional,Ink,998,1.01493
F3 two-stage conditional,Ink,999,1.03493
F3 two-stage conditional,Ink,1000,1.02507
F3 two-stage conditional,Ink,1001,1.05228
F3 two-stage conditional,Ink,1002,1.02507
F3 two-stage conditional,Ink,1003,1.06944
F3 two-stage conditional,Ink,1004,1.02192
F3 two-stage conditional,Ink,1005,1.07954
F3 two-stage conditional,Ink,1006,1.0352
F3 two-stage conditional,Ink,1007,1.01987
F3 two-stage conditional,Ink,1008,1.04162
F3 two-stage conditional,Ink,1009,1.06179
F3 two-stage conditional,Ink,1010,1.04952
F3 two-stage conditional,Ink,1011,0.980854
F3 two-stage conditional,Ink,1012,1.00007
F3 two-stage conditional,Ink,1013,1.00005
F3 two-stage conditional,Ink,1014,1.00709
F3 two-stage conditional,Ink,1015,1.00083
F3 two-stage conditional,Ink,1016,1.0016
F3 two-stage conditional,Ink,1017,1.00252
F3 two-stage conditional,Ink,1018,1.00228
F3 two-stage conditional,Ink,1019,1.02076
F3 two-stage conditional,Ink,1020,1.0041
F3 two-stage conditional,Ink,1021,1.04652
F3 two-stage conditional,Ink,1022,1.03098
F3 two-stage conditional,Ink,1023,1.05812
F3 two-stage conditional,Ink,1024,1.03001
F3 two-stage conditional,Ink,1025,1.01459
F3 two-stage conditional,Ink,1026,1.00214
F3 two-stage conditional,Ink,1027,1.00121
F3 two-stage conditional,Ink,1028,1.02062
F3 two-stage conditional,Ink,1029,1.00475
F3 two-stage conditional,Ink,1030,1.00795
F3 two-stage conditional,Ink,1031,1.01183
F3 two-stage conditional,Ink,1032,1.00399
F3 two-stage conditional,Ink,1033,1.00302
F3 two-stage conditional,Ink,1034,0.998759
F3 two-stage conditional,Ink,1035,0.998763
F3 two-stage conditional,Ink,1036,1.00834
F3 two-stage conditional,Ink,1037,1.01252
F3 two-stage conditional,Ink,1038,1.0302
F3 two-stage conditional,Ink,1039,1.00326
F3 two-stage conditional,Ink,1040,1.01317
F3 two-stage conditional,Ink,1041,1.0221
F3 two-stage conditional,Ink,1042,1.00032
F3 two-stage conditional,Ink,1043,1.02148
F3 two-stage conditional,Ink,1044,1.0556
F3 two-stage conditional,Ink,1045,1.00366
F3 two-stage conditional,Ink,1046,1.00275
F3 two-stage conditional,Ink,1047,1.00656
F3 two-stage conditional,Ink,1048,1.00242
F3 two-stage conditional,Ink,1049,0.99743
F3 two-stage conditional,Ink,1050,1.02419
F3 two-stage conditional,Ink,1051,1.00051
F3 two-stage conditional,Ink,1052,1.0061
F3 two-stage conditional,Ink,1053,1.04131
F3 two-stage conditional,Ink,1054,1.03395
F3 two-stage conditional,Ink,1055,1.07461
F3 two-stage conditional,Ink,1056,1.03666
F3 two-stage conditional,Ink,1057,1.01041
F3 two-stage conditional,Ink,1058,1.01268
F3 two-stage conditional,Ink,1059,1.01867
F3 two-stage conditional,Ink,1060,0.997763
F3 two-stage conditional,Ink,1061,1.01556
F3 two-stage conditional,Ink,1062,1.02984
F3 two-stage conditional,Ink,1063,1.07021
F3 two-stage conditional,Ink,1064,1.04789
F3 two-stage conditional,Ink,1065,1.06292
F3 two-stage conditional,Ink,1066,1.01535
F3 two-stage conditional,Ink,1067,1.02815
F3 two-stage conditional,Ink,1068,1.06106
F3 two-stage conditional,Ink,1069,1.05387
F3 two-stage conditional,Ink,1070,1.0916
F3 two-stage conditional,Ink,1071,1.02779
F3 two-stage conditional,Ink,1072,1.05646
F3 two-stage conditional,Ink,1073,1.01254
F3 two-stage conditional,Ink,1074,1.00305
F3 two-stage conditional,Ink,1075,1.00328
F3 two-stage conditional,Ink,1076,1.04703
F3 two-stage conditional,Ink,1077,1.01018
F3 two-stage conditional,Ink,1078,1.07299
F3 two-stage conditional,Ink,1079,1.07358
F3 two-stage conditional,Ink,1080,1.04047
F3 two-stage conditional,Ink,1081,1.06648
F3 two-stage conditional,Ink,1082,1.06606
F3 two-stage conditional,Ink,1083,1.05804
F3 two-stage conditional,Ink,1084,1.01315
F3 two-stage conditional,Ink,1085,1.02112
F3 two-stage conditional,Ink,1086,1.06705
F3 two-stage conditional,Ink,1087,1.01503
F3 two-stage conditional,Ink,1088,1.0638
F3 two-stage conditional,Ink,1089,1.0423
F3 two-stage conditional,Ink,1090,1.02349
F3 two-stage conditional,Ink,1091,1.00434
F3 two-stage conditional,Ink,1092,1.01179
F3 two-stage conditional,Ink,1093,1.01633
F3 two-stage conditional,Ink,1094,1.00105
F3 two-stage conditional,Ink,1095,1.00267
F3 two-stage conditional,Ink,1096,1.03854
F3 two-stage conditional,Ink,1097,1.02175
F3 two-stage conditional,Ink,1098,1.02764
F3 two-stage conditional,Ink,1099,1.02982
F3 two-stage conditional,Ink,1100,1.06615
F3 two-stage conditional,Ink,1101,1.05535
F3 two-stage conditional,Ink,1102,1.04028
F3 two-stage conditional,Ink,1103,1.04954
F3 two-stage conditional,Ink,1104,1.02566
F3 two-stage conditional,Ink,1105,1.06015
F3 two-stage conditional,Ink,1106,0.995061
F3 two-stage conditional,Ink,1107,1.08681
F3 two-stage conditional,Ink,1108,1.00112
F3 two-stage conditional,Ink,1109,1.00044
F3 two-stage conditional,Ink,1110,1.00293
F3 two-stage conditional,Ink,1111,1.00381
F3 two-stage conditional,Ink,1112,1.00221
F3 two-stage conditional,Ink,1113,1.00477
F3 two-stage conditional,Ink,1114,1.00096
F3 two-stage conditional,Ink,1115,1.00567
F3 two-stage conditional,Ink,1116,0.999507
F3 two-stage conditional,Ink,1117,1.00285
F3 two-stage conditional,Ink,1118,1.00444
F3 two-stage conditional,Ink,1119,1.00358
F3 two-stage conditional,Ink,1120,1.00308
F3 two-stage conditional,Ink,1121,1.01387
F3 two-stage conditional,Ink,1122,1.00189
F3 two-stage conditional,Ink,1123,1.00177
F3 two-stage conditional,Ink,1124,1.00155
F3 two-stage conditional,Ink,1125,1.01109
F3 two-stage conditional,Ink,1126,1.00202
F3 two-stage conditional,Ink,1127,0.999894
F3 two-stage conditional,Ink,1128,1.00383
F3 two-stage conditional,Ink,1129,1.00502
F3 two-stage conditional,Ink,1130,1.00537
F3 two-stage conditional,Ink,1131,1.00394
F3 two-stage conditional,Ink,1132,1.00285
F3 two-stage conditional,Ink,1133,1.00035
F3 two-stage conditional,Ink,1134,1.00411
F3 two-stage conditional,Ink,1135,1.00406
F3 two-stage conditional,Ink,1136,1.00428
F3 two-stage conditional,Ink,1137,1.00183
F3 two-stage conditional,Ink,1138,1.08646
F3 two-stage conditional,Ink,1139,1.03422
F3 two-stage conditional,Ink,1140,1.04541
F3 two-stage conditional,Ink,1141,1.05214
F3 two-stage conditional,Ink,1142,1.03212
F3 two-stage conditional,Ink,1143,1.01209
F3 two-stage conditional,Ink,1144,1.00457
F3 two-stage conditional,Ink,1145,1.04066
F3 two-stage conditional,Ink,1146,1.02869
F3 two-stage conditional,Ink,1147,1.00422
F3 two-stage conditional,Ink,1148,1.01402
F3 two-stage conditional,Ink,1149,1.00225
F3 two-stage conditional,Ink,1150,0.997787
F3 two-stage conditional,Ink,1151,1.00156
F3 two-stage conditional,Ink,1152,1.0046
F3 two-stage conditional,Ink,1153,1.012
F3 two-stage conditional,Ink,1154,1.03095
F3 two-stage conditional,Ink,1155,1.01423
F3 two-stage conditional,Ink,1156,1.00588
F3 two-stage conditional,Ink,1157,1.04216
F3 two-stage conditional,Ink,1158,1.07645
F3 two-stage conditional,Ink,1159,1.03695
F3 two-stage conditional,Ink,1160,1.00691
F3 two-stage conditional,Ink,1161,1.01779
F3 two-stage conditional,Ink,1162,0.998154
F3 two-stage conditional,Ink,1163,1.02623
F3 two-stage conditional,Ink,1164,1.0556
F3 two-stage conditional,Ink,1165,1.01613
F3 two-stage conditional,Ink,1166,1.00257
F3 two-stage conditional,Ink,1167,1.03358
F3 two-stage conditional,Ink,1168,1.01543
F3 two-stage conditional,Ink,1169,1.05606
F3 two-stage conditional,Ink,1170,1.20698
F3 two-stage conditional,Ink,1171,1.00054
F3 two-stage conditional,Ink,1172,1.01614
F3 two-stage conditional,Ink,1173,1.00895
F3 two-stage conditional,Ink,1174,1.01638
F3 two-stage conditional,Ink,1175,1.02848
F3 two-stage conditional,Ink,1176,1.01713
F3 two-stage conditional,Ink,1177,1.0066
F3 two-stage conditional,Ink,1178,1.01237
F3 two-stage conditional,Ink,1179,1.0163
F3 two-stage conditional,Ink,1180,1.00739
F3 two-stage conditional,Ink,1181,0.993981
F3 two-stage conditional,Ink,1182,1.00113
F3 two-stage conditional,Ink,1183,1.00168
F3 two-stage conditional,Ink,1184,1.00672
F3 two-stage conditional,Ink,1185,1.00246
F3 two-stage conditional,Ink,1186,1.02668
F3 two-stage conditional,Ink,1187,1.01805
F3 two-stage conditional,Ink,1188,1.02081
F3 two-stage conditional,Ink,1189,1.01893
F3 two-stage conditional,Ink,1190,1.06011
F3 two-stage conditional,Ink,1191,1.04363
F3 two-stage conditional,Ink,1192,1.03964
F3 two-stage conditional,Ink,1193,1.00386
F3 two-stage conditional,Ink,1194,1.0147
F3 two-stage conditional,Ink,1195,1.03777
F3 two-stage conditional,Ink,1196,1.02249
F3 two-stage conditional,Ink,1197,1.02094
F3 two-stage conditional,Ink,1198,1.11777
F3 two-stage conditional,Ink,1199,1.04276
F3 two-stage conditional,Ink,1200,1.01939
F3 two-stage conditional,Ink,1201,1.04484
F3 two-stage conditional,Ink,1202,1.02494
F3 two-stage conditional,Ink,1203,1.0266
F3 two-stage conditional,Ink,1204,1.0223
F3 two-stage conditional,Ink,1205,1.04896
F3 two-stage conditional,Ink,1206,1.03986
F3 two-stage conditional,Ink,1207,1.01898
F3 two-stage conditional,Ink,1208,1.01841
F3 two-stage conditional,Ink,1209,1.06507
F3 two-stage conditional,Ink,1210,1.03463
F3 two-stage conditional,Ink,1211,1.01475
F3 two-stage conditional,Ink,1212,1.09601
F3 two-stage conditional,Ink,1213,1.01323
F3 two-stage conditional,Ink,1214,1.03506
F3 two-stage conditional,Ink,1215,1.02534
F3 two-stage conditional,Ink,1216,1.03564
F3 two-stage conditional,Ink,1217,1.08501
F3 two-stage conditional,Ink,1218,1.09161
F3 two-stage conditional,Ink,1219,1.01315
F3 two-stage conditional,Ink,1220,1.10834
F3 two-stage conditional,Ink,1221,1.00268
F3 two-stage conditional,Ink,1222,1.04562
F3 two-stage conditional,Ink,1223,1.00043
F3 two-stage conditional,Ink,1224,1.00964
F3 two-stage conditional,Ink,1225,1.01055
F3 two-stage conditional,Ink,1226,1.03024
F3 two-stage conditional,Ink,1227,1.03249
F3 two-stage conditional,Ink,1228,1.05632
F3 two-stage conditional,Ink,1229,1.00776
F3 two-stage conditional,Ink,1230,1.03031
F3 two-stage conditional,Ink,1231,1.05084
F3 two-stage conditional,Ink,1232,1.02336
F3 two-stage conditional,Ink,1233,1.01271
F3 two-stage conditional,Ink,1234,1.05699
F3 two-stage conditional,Ink,1235,1.02482
F3 two-stage conditional,Ink,1236,1.02904
F3 two-stage conditional,Ink,1237,1.02631
F3 two-stage conditional,Ink,1238,1.01074
F3 two-stage conditional,Ink,1239,1.01101
F3 two-stage conditional,Ink,1240,1.05083
F3 two-stage conditional,Ink,1241,1.0181
F3 two-stage conditional,Ink,1242,1.04608
F3 two-stage conditional,Ink,1243,0.96774
F3 two-stage conditional,Ink,1244,0.9907
F3 two-stage conditional,Ink,1245,1.04911
F3 two-stage conditional,Ink,1246,0.938559
F3 two-stage conditional,Ink,1247,1.0461
F3 two-stage conditional,Ink,1248,1.07505
F3 two-stage conditional,Ink,1249,1.02181
F3 two-stage conditional,Ink,1250,1.0599
F3 two-stage conditional,Ink,1251,1.04624
F3 two-stage conditional,Ink,1252,1.03309
F3 two-stage conditional,Ink,1253,1.04799
F3 two-stage conditional,Ink,1254,1.02857
F3 two-stage conditional,Ink,1255,1.06279
F3 two-stage conditional,Ink,1256,1.03914
F3 two-stage conditional,Ink,1257,1.01073
F3 two-stage conditional,Ink,1258,1.00815
F3 two-stage conditional,Ink,1259,1.00442
F3 two-stage conditional,Ink,1260,1.00291
F3 two-stage conditional,Ink,1261,1.00282
F3 two-stage conditional,Ink,1262,1.00225
F3 two-stage conditional,Ink,1263,1.00156
F3 two-stage conditional,Ink,1264,1.00009
F3 two-stage conditional,Ink,1265,1.02266
F3 two-stage conditional,Ink,1266,1.03638
F3 two-stage conditional,Ink,1267,1.01715
F3 two-stage conditional,Ink,1268,0.998381
F3 two-stage conditional,Ink,1269,1.01146
F3 two-stage conditional,Ink,1270,1.03011
F3 two-stage conditional,Ink,1271,1.05273
F3 two-stage conditional,Ink,1272,1.00307
F3 two-stage conditional,Ink,1273,1.01479
F3 two-stage conditional,Ink,1274,0.999068
F3 two-stage conditional,Ink,1275,1.00308
F3 two-stage conditional,Ink,1276,1.00705
F3 two-stage conditional,Ink,1277,1.01402
F3 two-stage conditional,Ink,1278,1.10084
F3 two-stage conditional,Ink,1279,1.00544
F3 two-stage conditional,Ink,1280,0.986754
F3 two-stage conditional,Ink,1281,1.0486
F3 two-stage conditional,Ink,1282,1.05061
F3 two-stage conditional,Ink,1283,1.05169
F3 two-stage conditional,Ink,1284,1.01715
F3 two-stage conditional,Ink,1285,1.03527
F3 two-stage conditional,Ink,1286,1.04439
F3 two-stage conditional,Ink,1287,1.04021
F3 two-stage conditional,Ink,1288,1.0427
F3 two-stage conditional,Ink,1289,1.02597
F3 two-stage conditional,Ink,1290,1.03424
F3 two-stage conditional,Ink,1291,1.02448
F3 two-stage conditional,Ink,1292,1.03944
F3 two-stage conditional,Ink,1293,1.06321
F3 two-stage conditional,Ink,1294,1.02043
F3 two-stage conditional,Ink,1295,1.09723
F3 two-stage conditional,Ink,1296,1.09549
F3 two-stage conditional,Ink,1297,1.10019
F3 two-stage conditional,Ink,1298,0.99449
F3 two-stage conditional,Ink,1299,1.03166
F3 two-stage conditional,Ink,1300,0.999625
F3 two-stage conditional,Ink,1301,1.06353
F3 two-stage conditional,Ink,1302,1.00385
F3 two-stage conditional,Ink,1303,1.01896
F3 two-stage conditional,Ink,1304,1.00239
F3 two-stage conditional,Ink,1305,1.00382
F3 two-stage conditional,Ink,1306,1.0337
F3 two-stage conditional,Ink,1307,1.06974
F3 two-stage conditional,Ink,1308,1.05641
F3 two-stage conditional,Ink,1309,1.08669
F3 two-stage conditional,Ink,1310,1.01609
F3 two-stage conditional,Ink,1311,1.0349
F3 two-stage conditional,Ink,1312,1.02938
F3 two-stage conditional,Ink,1313,1.02916
F3 two-stage conditional,Ink,1314,1.04555
F3 two-stage conditional,Ink,1315,1.05733
F3 two-stage conditional,Ink,1316,1.02901
F3 two-stage conditional,Ink,1317,1.02195
F3 two-stage conditional,Ink,1318,1.02608
F3 two-stage conditional,Ink,1319,1.02232
F3 two-stage conditional,Ink,1320,1.02562
F3 two-stage conditional,Ink,1321,1.0057
F3 two-stage conditional,Ink,1322,1.00327
F3 two-stage conditional,Ink,1323,1.02967
F3 two-stage conditional,Ink,1324,1.00124
F3 two-stage conditional,Ink,1325,1.03546
F3 two-stage conditional,Ink,1326,1.00257
F3 two-stage conditional,Ink,1327,0.991043
F3 two-stage conditional,Ink,1328,1.02881
F3 two-stage conditional,Ink,1329,1.03966
F3 two-stage conditional,Ink,1330,1.06542
F3 two-stage conditional,Ink,1331,1.03065
F3 two-stage conditional,Ink,1332,1.05795
F3 two-stage conditional,Ink,1333,1.05647
F3 two-stage conditional,Ink,1334,1.03529
F3 two-stage conditional,Ink,1335,1.02929
F3 two-stage conditional,Ink,1336,1.02656
F3 two-stage conditional,Ink,1337,0.996239
F3 two-stage conditional,Ink,1338,1.05774
F3 two-stage conditional,Ink,1339,1.07152
F3 two-stage conditional,Ink,1340,1.0761
F3 two-stage conditional,Ink,1341,1.01692
F3 two-stage conditional,Ink,1342,1.02314
F3 two-stage conditional,Ink,1343,1.01731
F3 two-stage conditional,Ink,1344,1.0408
F3 two-stage conditional,Ink,1345,1.04807
F3 two-stage conditional,Ink,1346,1.05519
F3 two-stage conditional,Ink,1347,1.02595
F3 two-stage conditional,Ink,1348,1.02988
F3 two-stage conditional,Ink,1349,1.01711
F3 two-stage conditional,Ink,1350,1.02744
F3 two-stage conditional,Ink,1351,1.01887
F3 two-stage conditional,Ink,1352,1.01571
F3 two-stage conditional,Ink,1353,1.03544
F3 two-stage conditional,Ink,1354,1.04637
F3 two-stage conditional,Ink,1355,1.02509
F3 two-stage conditional,Ink,1356,0.996117
F3 two-stage conditional,Ink,1357,1.01941
F3 two-stage conditional,Ink,1358,1.0184
F3 two-stage conditional,Ink,1359,1.02647
F3 two-stage conditional,Ink,1360,0.997053
F3 two-stage conditional,Ink,1361,1.06266
F3 two-stage conditional,Ink,1362,1.04474
F3 two-stage conditional,Ink,1363,1.0694
F3 two-stage conditional,Ink,1364,1.04668
F3 two-stage conditional,Ink,1365,1.06998
F3 two-stage conditional,Ink,1366,1.02691
F3 two-stage conditional,Ink,1367,1.07749
F3 two-stage conditional,Ink,1368,1.0712
F3 two-stage conditional,Ink,1369,1.06556
F3 two-stage conditional,Ink,1370,1.00566
F3 two-stage conditional,Ink,1371,1.12762
F3 two-stage conditional,Ink,1372,1.03882
F3 two-stage conditional,Ink,1373,1.0098800000000001
F3 two-stage conditional,Ink,1374,1.04466
F3 two-stage conditional,Ink,1375,1.06115
F3 two-stage conditional,Ink,1376,1.02518
F3 two-stage conditional,Ink,1377,0.999957
F3 two-stage conditional,Ink,1378,1.00017
F3 two-stage conditional,Ink,1379,1.00063
F3 two-stage conditional,Ink,1380,1.00007
F3 two-stage conditional,Ink,1381,1.00096
F3 two-stage conditional,Ink,1382,1.00718
F3 two-stage conditional,Ink,1383,0.994153
F3 two-stage conditional,Ink,1384,1.12495
F3 two-stage conditional,Ink,1385,1.02149
F3 two-stage conditional,Ink,1386,1.01786
F3 two-stage conditional,Ink,1387,0.981468
F3 two-stage conditional,Ink,1388,1.05013
F3 two-stage conditional,Ink,1389,1.03976
F3 two-stage conditional,Ink,1390,1.06363
F3 two-stage conditional,Ink,1391,1.06277
F3 two-stage conditional,Ink,1392,1.01961
F3 two-stage conditional,Ink,1393,1.0639
F3 two-stage conditional,Ink,1394,1.10846
F3 two-stage conditional,Ink,1395,1.02333
F3 two-stage conditional,Ink,1396,1.00872
F3 two-stage conditional,Ink,1397,1.00225
F3 two-stage conditional,Ink,1398,1.03308
F3 two-stage conditional,Ink,1399,1.00657
F3 two-stage conditional,Ink,1400,1.03631
F3 two-stage conditional,Ink,1401,1.04523
F3 two-stage conditional,Ink,1402,1.00963
F3 two-stage conditional,Ink,1403,1.0227
F3 two-stage conditional,Ink,1404,1.07594
F3 two-stage conditional,Ink,1405,1.05403
F3 two-stage conditional,Ink,1406,1.0599
F3 two-stage conditional,Ink,1407,1.08591
F3 two-stage conditional,Ink,1408,1.02726
F3 two-stage conditional,Ink,1409,1.02825
F3 two-stage conditional,Ink,1410,1.05123
F3 two-stage conditional,Ink,1411,1.03579
F3 two-stage conditional,Ink,1412,1.03929
F3 two-stage conditional,Ink,1413,1.00497
F3 two-stage conditional,Ink,1414,1.0376
F3 two-stage conditional,Ink,1415,1.02039
F3 two-stage conditional,Ink,1416,1.00032
F3 two-stage conditional,Ink,1417,1.027
F3 two-stage conditional,Ink,1418,1.02059
F3 two-stage conditional,Ink,1419,1.03362
F3 two-stage conditional,Ink,1420,1.03659
F3 two-stage conditional,Ink,1421,1.07496
F3 two-stage conditional,Ink,1422,1.03927
F3 two-stage conditional,Ink,1423,1.07797
F3 two-stage conditional,Ink,1424,1.00211
F3 two-stage conditional,Ink,1425,1.00269
F3 two-stage conditional,Ink,1426,1.0006
F3 two-stage conditional,Ink,1427,1.00064
F3 two-stage conditional,Ink,1428,1.00088
F3 two-stage conditional,Ink,1429,1.00096
F3 two-stage conditional,Ink,1430,1.00403
F3 two-stage conditional,Ink,1431,1.00068
F3 two-stage conditional,Ink,1432,1.0004
F3 two-stage conditional,Ink,1433,1.00504
F3 two-stage conditional,Ink,1434,1.00097
F3 two-stage conditional,Ink,1435,1.00584
F3 two-stage conditional,Ink,1436,1.05384
F3 two-stage conditional,Ink,1437,1.05177
F3 two-stage conditional,Ink,1438,1.03032
F3 two-stage conditional,Ink,1439,1.02655
F3 two-stage conditional,Ink,1440,1.03117
F3 two-stage conditional,Ink,1441,1.04011
F3 two-stage conditional,Ink,1442,1.05571
F3 two-stage conditional,Ink,1443,1.02243
F3 two-stage conditional,Ink,1444,1.03008
F3 two-stage conditional,Ink,1445,1.04956
F3 two-stage conditional,Ink,1446,1.04885
F3 two-stage conditional,Ink,1447,1.07047
F3 two-stage conditional,Ink,1448,1.04678
F3 two-stage conditional,Ink,1449,1.03243
F3 two-stage conditional,Ink,1450,1.02656
F3 two-stage conditional,Ink,1451,1.12176
F3 two-stage conditional,Ink,1452,1.01523
F3 two-stage conditional,Ink,1453,1.01863
F3 two-stage conditional,Ink,1454,1.02323
F3 two-stage conditional,Ink,1455,1.05654
F3 two-stage conditional,Ink,1456,1.06107
F3 two-stage conditional,Ink,1457,1.00826
F3 two-stage conditional,Ink,1458,1.04287
F3 two-stage conditional,Ink,1459,1.01447
F3 two-stage conditional,Ink,1460,1.06736
F3 two-stage conditional,Ink,1461,1.01379
F3 two-stage conditional,Ink,1462,1.02997
F3 two-stage conditional,Ink,1463,1.01922
F3 two-stage conditional,Ink,1464,1.04385
F3 two-stage conditional,Ink,1465,1.11302
F3 two-stage conditional,Ink,1466,0.992237
F3 two-stage conditional,Ink,1467,1.02951
F3 two-stage conditional,Ink,1468,1.02817
F3 two-stage conditional,Ink,1469,1.01953
F3 two-stage conditional,Ink,1470,1.11024
F3 two-stage conditional,Ink,1471,1.01643
F3 two-stage conditional,Ink,1472,1.00598
F3 two-stage conditional,Ink,1473,1.00168
F3 two-stage conditional,Ink,1474,1.00554
F3 two-stage conditional,Ink,1475,1.03329
F3 two-stage conditional,Ink,1476,1.03592
F3 two-stage conditional,Ink,1477,1.03628
F3 two-stage conditional,Ink,1478,1.04488
F3 two-stage conditional,Ink,1479,1.01889
F3 two-stage conditional,Ink,1480,1.06886
F3 two-stage conditional,Ink,1481,1.07911
F3 two-stage conditional,Ink,1482,1.02954
F3 two-stage conditional,Ink,1483,1.07718
F3 two-stage conditional,Ink,1484,1.02174
F3 two-stage conditional,Ink,1485,1.0028
F3 two-stage conditional,Ink,1486,0.999851
F3 two-stage conditional,Ink,1487,1.04321
F3 two-stage conditional,Ink,1488,1.04281
F3 two-stage conditional,Ink,1489,1.05981
F3 two-stage conditional,Ink,1490,1.02403
F3 two-stage conditional,Ink,1491,1.03441
F3 two-stage conditional,Ink,1492,1.04807
F3 two-stage conditional,Ink,1493,1.0183
F3 two-stage conditional,Ink,1494,1.05
F3 two-stage conditional,Ink,1495,1.0109
F3 two-stage conditional,Ink,1496,0.996368
F3 two-stage conditional,Ink,1497,1.02368
F3 two-stage conditional,Ink,1498,0.999924
F3 two-stage conditional,Ink,1499,0.999097
F3 two-stage conditional,Ink,1500,1.00232
F3 two-stage conditional,Ink,1501,1.00185
F3 two-stage conditional,Ink,1502,1.00003
F3 two-stage conditional,Ink,1503,1.00002
F3 two-stage conditional,Ink,1504,1.00001
F3 two-stage conditional,Ink,1505,1.00001
F3 two-stage conditional,Ink,1506,1.00539
F3 two-stage conditional,Ink,1507,1.00736
F3 two-stage conditional,Ink,1508,1.02087
F3 two-stage conditional,Ink,1509,0.999175
F3 two-stage conditional,Ink,1510,1.02011
F3 two-stage conditional,Ink,1511,1.01884
F3 two-stage conditional,Ink,1512,1.00312
F3 two-stage conditional,Ink,1513,1.01271
F3 two-stage conditional,Ink,1514,1.02203
F3 two-stage conditional,Ink,1515,1.04328
F3 two-stage conditional,Ink,1516,1.0003
F3 two-stage conditional,Ink,1517,1.00035
F3 two-stage conditional,Ink,1518,1.00105
F3 two-stage conditional,Ink,1519,1.00245
F3 two-stage conditional,Ink,1520,1.07747
F3 two-stage conditional,Ink,1521,1.01777
F3 two-stage conditional,Ink,1522,1.02754
F3 two-stage conditional,Ink,1523,1.02105
F3 two-stage conditional,Ink,1524,1.04614
F3 two-stage conditional,Ink,1525,1.05123
F3 two-stage conditional,Ink,1526,1.04196
F3 two-stage conditional,Ink,1527,1.0319
F3 two-stage conditional,Ink,1528,1.09571
F3 two-stage conditional,Ink,1529,1.02876
F3 two-stage conditional,Ink,1530,1.06454
F3 two-stage conditional,Ink,1531,1.02176
F3 two-stage conditional,Ink,1532,1.02909
F3 two-stage conditional,Ink,1533,1.01612
F3 two-stage conditional,Ink,1534,0.996989
F3 two-stage conditional,Ink,1535,0.987142
F3 two-stage conditional,Ink,1536,1.07332
F3 two-stage conditional,Ink,1537,1.04242
F3 two-stage conditional,Ink,1538,1.04755
F3 two-stage conditional,Ink,1539,1.05137
F3 two-stage conditional,Ink,1540,1.02601
F3 two-stage conditional,Ink,1541,0.99484
F3 two-stage conditional,Ink,1542,1.16201
F3 two-stage conditional,Ink,1543,1.22365
F3 two-stage conditional,Ink,1544,1.01743
F3 two-stage conditional,Ink,1545,1.02536
F3 two-stage conditional,Ink,1546,1.0069
F3 two-stage conditional,Ink,1547,1.01574
F3 two-stage conditional,Ink,1548,1.02648
F3 two-stage conditional,Ink,1549,1.04716
F3 two-stage conditional,Ink,1550,1.0347
F3 two-stage conditional,Ink,1551,1.02447
F3 two-stage conditional,Ink,1552,1.10239
F3 two-stage conditional,Ink,1553,1.08697
F3 two-stage conditional,Ink,1554,1.02463
F3 two-stage conditional,Ink,1555,1.05442
F3 two-stage conditional,Ink,1556,1.08292
F3 two-stage conditional,Ink,1557,1.02558
F3 two-stage conditional,Ink,1558,1.03059
F3 two-stage conditional,Ink,1559,1.08103
F3 two-stage conditional,Ink,1560,1.02226
F3 two-stage conditional,Ink,1561,1.01416
F3 two-stage conditional,Ink,1562,1.03034
F3 two-stage conditional,Ink,1563,1.04477
F3 two-stage conditional,Ink,1564,1.03789
F3 two-stage conditional,Ink,1565,1.04019
F3 two-stage conditional,Ink,1566,1.02677
F3 two-stage conditional,Ink,1567,1.01002
F3 two-stage conditional,Ink,1568,1.03457
F3 two-stage conditional,Ink,1569,1.01014
F3 two-stage conditional,Ink,1570,1.01854
F3 two-stage conditional,Ink,1571,1.06063
F3 two-stage conditional,Ink,1572,1.01593
F3 two-stage conditional,Ink,1573,1.10807
F3 two-stage conditional,Ink,1574,1.00483
F3 two-stage conditional,Ink,1575,1.01952
F3 two-stage conditional,Ink,1576,1.03924
F3 two-stage conditional,Ink,1577,1.03433
F3 two-stage conditional,Ink,1578,1.01832
F3 two-stage conditional,Ink,1579,1.04444
F3 two-stage conditional,Ink,1580,1.06818
F3 two-stage conditional,Ink,1581,1.15309
F3 two-stage conditional,Ink,1582,1.05688
F3 two-stage conditional,Ink,1583,1.04072
F3 two-stage conditional,Ink,1584,1.01438
F3 two-stage conditional,Ink,1585,1.03635
F3 two-stage conditional,Ink,1586,1.01168
F3 two-stage conditional,Ink,1587,1.00536
F3 two-stage conditional,Ink,1588,1.12692
F3 two-stage conditional,Ink,1589,1.14389
F3 two-stage conditional,Ink,1590,1.00982
F3 two-stage conditional,Ink,1591,1.01718
F3 two-stage conditional,Ink,1592,1.02944
F3 two-stage conditional,Ink,1593,1.00255
F3 two-stage conditional,Ink,1594,1.00854
F3 two-stage conditional,Ink,1595,1.0038
F3 two-stage conditional,Ink,1596,1.01357
F3 two-stage conditional,Ink,1597,1.00886
F3 two-stage conditional,Ink,1598,1.00711
F3 two-stage conditional,Ink,1599,1.00611
F3 two-stage conditional,Ink,1600,1.0091
F3 two-stage conditional,Calendar,1,1.0667
F3 two-stage conditional,Calendar,2,1.03374
F3 two-stage conditional,Calendar,3,1.04739
F3 two-stage conditional,Calendar,4,1.03547
F3 two-stage conditional,Calendar,5,1.05895
F3 two-stage conditional,Calendar,6,1.0608
F3 two-stage conditional,Calendar,7,1.01461
F3 two-stage conditional,Calendar,8,1.03029
F3 two-stage conditional,Calendar,9,1.06967
F3 two-stage conditional,Calendar,10,1.02307
F3 two-stage conditional,Calendar,11,1.02056
F3 two-stage conditional,Calendar,12,1.00561
F3 two-stage conditional,Calendar,13,1.01764
F3 two-stage conditional,Calendar,14,1.06971
F3 two-stage conditional,Calendar,15,1.00539
F3 two-stage conditional,Calendar,16,1.01727
F3 two-stage conditional,Calendar,17,1.00317
F3 two-stage conditional,Calendar,18,1.02957
F3 two-stage conditional,Calendar,19,1.00239
F3 two-stage conditional,Calendar,20,1.00116
F3 two-stage conditional,Calendar,21,1.00004
F3 two-stage conditional,Calendar,22,1.00019
F3 two-stage conditional,Calendar,23,1.00034
F3 two-stage conditional,Calendar,24,1.0151
F3 two-stage conditional,Calendar,25,1.01909
F3 two-stage conditional,Calendar,26,1.01699
F3 two-stage conditional,Calendar,27,1.00924
F3 two-stage conditional,Calendar,28,1.05197
F3 two-stage conditional,Calendar,29,1.08841
F3 two-stage conditional,Calendar,30,1.03004
F3 two-stage conditional,Calendar,31,1.08144
F3 two-stage conditional,Calendar,32,1.07362
F3 two-stage conditional,Calendar,33,1.11482
F3 two-stage conditional,Calendar,34,1.04541
F3 two-stage conditional,Calendar,35,1.04561
F3 two-stage conditional,Calendar,36,1.12002
F3 two-stage conditional,Calendar,37,1.22542
F3 two-stage conditional,Calendar,38,1.0014
F3 two-stage conditional,Calendar,39,1.12211
F3 two-stage conditional,Calendar,40,1.04861
F3 two-stage conditional,Calendar,41,1.00931
F3 two-stage conditional,Calendar,42,1.01459
F3 two-stage conditional,Calendar,43,1.00521
F3 two-stage conditional,Calendar,44,1.03005
F3 two-stage conditional,Calendar,45,1.07667
F3 two-stage conditional,Calendar,46,1.04439
F3 two-stage conditional,Calendar,47,1.0679
F3 two-stage conditional,Calendar,48,1.02974
F3 two-stage conditional,Calendar,49,1.06367
F3 two-stage conditional,Calendar,50,1.07701
F3 two-stage conditional,Calendar,51,1.14304
F3 two-stage conditional,Calendar,52,1.03021
F3 two-stage conditional,Calendar,53,1.17878
F3 two-stage conditional,Calendar,54,1.08959
F3 two-stage conditional,Calendar,55,1.00593
F3 two-stage conditional,Calendar,56,1.01554
F3 two-stage conditional,Calendar,57,1.01196
F3 two-stage conditional,Calendar,58,1.07149
F3 two-stage conditional,Calendar,59,0.981393
F3 two-stage conditional,Calendar,60,0.993058
F3 two-stage conditional,Calendar,61,1.03521
F3 two-stage conditional,Calendar,62,1.1357
F3 two-stage conditional,Calendar,63,1.1129
F3 two-stage conditional,Calendar,64,1.06279
F3 two-stage conditional,Calendar,65,1.0248
F3 two-stage conditional,Calendar,66,1.08182
F3 two-stage conditional,Calendar,67,1.06771
F3 two-stage conditional,Calendar,68,1.06963
F3 two-stage conditional,Calendar,69,1.10514
F3 two-stage conditional,Calendar,70,1.11404
F3 two-stage conditional,Calendar,71,1.04522
F3 two-stage conditional,Calendar,72,1.06641
F3 two-stage conditional,Calendar,73,1.07488
F3 two-stage conditional,Calendar,74,1.17343
F3 two-stage conditional,Calendar,75,1.00052
F3 two-stage conditional,Calendar,76,1.00483
F3 two-stage conditional,Calendar,77,1.00216
F3 two-stage conditional,Calendar,78,1.00424
F3 two-stage conditional,Calendar,79,1.03836
F3 two-stage conditional,Calendar,80,1.00409
F3 two-stage conditional,Calendar,81,1.01152
F3 two-stage conditional,Calendar,82,1.03487
F3 two-stage conditional,Calendar,83,1.01589
F3 two-stage conditional,Calendar,84,1.06112
F3 two-stage conditional,Calendar,85,1.06054
F3 two-stage conditional,Calendar,86,1.0783
F3 two-stage conditional,Calendar,87,1.04823
F3 two-stage conditional,Calendar,88,1.11938
F3 two-stage conditional,Calendar,89,1.07442
F3 two-stage conditional,Calendar,90,1.12553
F3 two-stage conditional,Calendar,91,0.986437
F3 two-stage conditional,Calendar,92,1.06872
F3 two-stage conditional,Calendar,93,1.07069
F3 two-stage conditional,Calendar,94,1.09496
F3 two-stage conditional,Calendar,95,0.99802
F3 two-stage conditional,Calendar,96,1.04016
F3 two-stage conditional,Calendar,97,1.19548
F3 two-stage conditional,Calendar,98,0.99948
F3 two-stage conditional,Calendar,99,1.01057
F3 two-stage conditional,Calendar,100,1.02508
F3 two-stage conditional,Calendar,101,1.00401
F3 two-stage conditional,Calendar,102,1.00645
F3 two-stage conditional,Calendar,103,1.006
F3 two-stage conditional,Calendar,104,1.01464
F3 two-stage conditional,Calendar,105,1.00875
F3 two-stage conditional,Calendar,106,1.01815
F3 two-stage conditional,Calendar,107,1.01836
F3 two-stage conditional,Calendar,108,1.02387
F3 two-stage conditional,Calendar,109,0.998176
F3 two-stage conditional,Calendar,110,1.0834
F3 two-stage conditional,Calendar,111,1.12
F3 two-stage conditional,Calendar,112,1.0647
F3 two-stage conditional,Calendar,113,1.07249
F3 two-stage conditional,Calendar,114,1.08742
F3 two-stage conditional,Calendar,115,1.05515
F3 two-stage conditional,Calendar,116,1.0364
F3 two-stage conditional,Calendar,117,1.0791
F3 two-stage conditional,Calendar,118,1.01641
F3 two-stage conditional,Calendar,119,1.06194
F3 two-stage conditional,Calendar,120,1.05638
F3 two-stage conditional,Calendar,121,1.05329
F3 two-stage conditional,Calendar,122,1.08513
F3 two-stage conditional,Calendar,123,1.18886
F3 two-stage conditional,Calendar,124,1.02745
F3 two-stage conditional,Calendar,125,1.05994
F3 two-stage conditional,Calendar,126,1.11366
F3 two-stage conditional,Calendar,127,1.02934
F3 two-stage conditional,Calendar,128,1.03251
F3 two-stage conditional,Calendar,129,1.04945
F3 two-stage conditional,Calendar,130,1.12874
F3 two-stage conditional,Calendar,131,1.01942
F3 two-stage conditional,Calendar,132,1.07002
F3 two-stage conditional,Calendar,133,1.07743
F3 two-stage conditional,Calendar,134,1.0957
F3 two-stage conditional,Calendar,135,1.13169
F3 two-stage conditional,Calendar,136,1.06211
F3 two-stage conditional,Calendar,137,1.04228
F3 two-stage conditional,Calendar,138,1.08644
F3 two-stage conditional,Calendar,139,1.00726
F3 two-stage conditional,Calendar,140,1.06082
F3 two-stage conditional,Calendar,141,1.04328
F3 two-stage conditional,Calendar,142,1.02449
F3 two-stage conditional,Calendar,143,1.05964
F3 two-stage conditional,Calendar,144,1.05236
F3 two-stage conditional,Calendar,145,1.07058
F3 two-stage conditional,Calendar,146,1.01365
F3 two-stage conditional,Calendar,147,1.01985
F3 two-stage conditional,Calendar,148,1.0035
F3 two-stage conditional,Calendar,149,1.15653
F3 two-stage conditional,Calendar,150,1.04273
F3 two-stage conditional,Calendar,151,1.04821
F3 two-stage conditional,Calendar,152,1.04311
F3 two-stage conditional,Calendar,153,1.01284
F3 two-stage conditional,Calendar,154,1.03644
F3 two-stage conditional,Calendar,155,1.00544
F3 two-stage conditional,Calendar,156,1.02484
F3 two-stage conditional,Calendar,157,1.01379
F3 two-stage conditional,Calendar,158,1.03523
F3 two-stage conditional,Calendar,159,1.0008
F3 two-stage conditional,Calendar,160,1.00089
F3 two-stage conditional,Calendar,161,1.00477
F3 two-stage conditional,Calendar,162,1.00234
F3 two-stage conditional,Calendar,163,1.00123
F3 two-stage conditional,Calendar,164,1.00233
F3 two-stage conditional,Calendar,165,1.03426
F3 two-stage conditional,Calendar,166,1.02627
F3 two-stage conditional,Calendar,167,1.01182
F3 two-stage conditional,Calendar,168,1.0337
F3 two-stage conditional,Calendar,169,1.02656
F3 two-stage conditional,Calendar,170,1.04774
F3 two-stage conditional,Calendar,171,1.04743
F3 two-stage conditional,Calendar,172,1.00217
F3 two-stage conditional,Calendar,173,1.02203
F3 two-stage conditional,Calendar,174,1.002
F3 two-stage conditional,Calendar,175,1.01698
F3 two-stage conditional,Calendar,176,1.02685
F3 two-stage conditional,Calendar,177,1.01923
F3 two-stage conditional,Calendar,178,1.0521
F3 two-stage conditional,Calendar,179,1.01873
F3 two-stage conditional,Calendar,180,1.10644
F3 two-stage conditional,Calendar,181,1.09309
F3 two-stage conditional,Calendar,182,1.01485
F3 two-stage conditional,Calendar,183,1.10464
F3 two-stage conditional,Calendar,184,1.05696
F3 two-stage conditional,Calendar,185,1.0796
F3 two-stage conditional,Calendar,186,1.14192
F3 two-stage conditional,Calendar,187,1.09599
F3 two-stage conditional,Calendar,188,1.03131
F3 two-stage conditional,Calendar,189,1.00636
F3 two-stage conditional,Calendar,190,0.997918
F3 two-stage conditional,Calendar,191,1.0021
F3 two-stage conditional,Calendar,192,1.01139
F3 two-stage conditional,Calendar,193,1.03513
F3 two-stage conditional,Calendar,194,1.00001
F3 two-stage conditional,Calendar,195,1.00025
F3 two-stage conditional,Calendar,196,1.00429
F3 two-stage conditional,Calendar,197,1.00995
F3 two-stage conditional,Calendar,198,1.00097
F3 two-stage conditional,Calendar,199,1.03182
F3 two-stage conditional,Calendar,200,1.08361
F3 two-stage conditional,Calendar,201,1.03074
F3 two-stage conditional,Calendar,202,1.01092
F3 two-stage conditional,Calendar,203,1.0177
F3 two-stage conditional,Calendar,204,1.10188
F3 two-stage conditional,Calendar,205,0.999672
F3 two-stage conditional,Calendar,206,1.18811
F3 two-stage conditional,Calendar,207,1.0231
F3 two-stage conditional,Calendar,208,1.11538
F3 two-stage conditional,Calendar,209,1.1246
F3 two-stage conditional,Calendar,210,1.05863
F3 two-stage conditional,Calendar,211,1.08483
F3 two-stage conditional,Calendar,212,1.05181
F3 two-stage conditional,Calendar,213,1.15368
F3 two-stage conditional,Calendar,214,1.03468
F3 two-stage conditional,Calendar,215,1.08497
F3 two-stage conditional,Calendar,216,1.09992
F3 two-stage conditional,Calendar,217,1.06368
F3 two-stage conditional,Calendar,218,1.10935
F3 two-stage conditional,Calendar,219,1.04361
F3 two-stage conditional,Calendar,220,1.0491
F3 two-stage conditional,Calendar,221,1.0177
F3 two-stage conditional,Calendar,222,1.16506
F3 two-stage conditional,Calendar,223,1.03904
F3 two-stage conditional,Calendar,224,1.04567
F3 two-stage conditional,Calendar,225,1.05194
F3 two-stage conditional,Calendar,226,1.05305
F3 two-stage conditional,Calendar,227,1.0752
F3 two-stage conditional,Calendar,228,1.00115
F3 two-stage conditional,Calendar,229,1.00827
F3 two-stage conditional,Calendar,230,1.01975
F3 two-stage conditional,Calendar,231,1.02558
F3 two-stage conditional,Calendar,232,1.08989
F3 two-stage conditional,Calendar,233,1.00435
F3 two-stage conditional,Calendar,234,1.02617
F3 two-stage conditional,Calendar,235,1.00714
F3 two-stage conditional,Calendar,236,1.00154
F3 two-stage conditional,Calendar,237,1.00977
F3 two-stage conditional,Calendar,238,1.00186
F3 two-stage conditional,Calendar,239,1.0015
F3 two-stage conditional,Calendar,240,1.00615
F3 two-stage conditional,Calendar,241,0.999893
F3 two-stage conditional,Calendar,242,1.00854
F3 two-stage conditional,Calendar,243,1.00387
F3 two-stage conditional,Calendar,244,0.998559
F3 two-stage conditional,Calendar,245,1.01139
F3 two-stage conditional,Calendar,246,1.00212
F3 two-stage conditional,Calendar,247,1.08845
F3 two-stage conditional,Calendar,248,1.02657
F3 two-stage conditional,Calendar,249,1.05006
F3 two-stage conditional,Calendar,250,1.07774
F3 two-stage conditional,Calendar,251,1.1753
F3 two-stage conditional,Calendar,252,1.15389
F3 two-stage conditional,Calendar,253,1.09729
F3 two-stage conditional,Calendar,254,1.06375
F3 two-stage conditional,Calendar,255,1.09836
F3 two-stage conditional,Calendar,256,0.995377
F3 two-stage conditional,Calendar,257,1.17893
F3 two-stage conditional,Calendar,258,1.03704
F3 two-stage conditional,Calendar,259,1.0061
F3 two-stage conditional,Calendar,260,1.06136
F3 two-stage conditional,Calendar,261,1.051
F3 two-stage conditional,Calendar,262,1.08473
F3 two-stage conditional,Calendar,263,0.995011
F3 two-stage conditional,Calendar,264,1.06331
F3 two-stage conditional,Calendar,265,1.15124
F3 two-stage conditional,Calendar,266,1.06094
F3 two-stage conditional,Calendar,267,1.06239
F3 two-stage conditional,Calendar,268,1.04614
F3 two-stage conditional,Calendar,269,1.06766
F3 two-stage conditional,Calendar,270,1.07215
F3 two-stage conditional,Calendar,271,1.02747
F3 two-stage conditional,Calendar,272,1.11295
F3 two-stage conditional,Calendar,273,1.06581
F3 two-stage conditional,Calendar,274,1.12565
F3 two-stage conditional,Calendar,275,1.03603
F3 two-stage conditional,Calendar,276,1.05395
F3 two-stage conditional,Calendar,277,1.07155
F3 two-stage conditional,Calendar,278,1.04217
F3 two-stage conditional,Calendar,279,1.00147
F3 two-stage conditional,Calendar,280,0.99643
F3 two-stage conditional,Calendar,281,1.15755
F3 two-stage conditional,Calendar,282,1.12299
F3 two-stage conditional,Calendar,283,0.995005
F3 two-stage conditional,Calendar,284,1.00305
F3 two-stage conditional,Calendar,285,1.01159
F3 two-stage conditional,Calendar,286,1.00659
F3 two-stage conditional,Calendar,287,1.00073
F3 two-stage conditional,Calendar,288,1.00047
F3 two-stage conditional,Calendar,289,1.00204
F3 two-stage conditional,Calendar,290,1.0019
F3 two-stage conditional,Calendar,291,1.00255
F3 two-stage conditional,Calendar,292,1.00707
F3 two-stage conditional,Calendar,293,1.00284
F3 two-stage conditional,Calendar,294,1.01236
F3 two-stage conditional,Calendar,295,1.008
F3 two-stage conditional,Calendar,296,1.02354
F3 two-stage conditional,Calendar,297,0.995896
F3 two-stage conditional,Calendar,298,1.08055
F3 two-stage conditional,Calendar,299,1.01202
F3 two-stage conditional,Calendar,300,1.00314
F3 two-stage conditional,Calendar,301,1.00148
F3 two-stage conditional,Calendar,302,1.00224
F3 two-stage conditional,Calendar,303,0.996397
F3 two-stage conditional,Calendar,304,1.00779
F3 two-stage conditional,Calendar,305,1.01337
F3 two-stage conditional,Calendar,306,1.00497
F3 two-stage conditional,Calendar,307,1.09811
F3 two-stage conditional,Calendar,308,1.11291
F3 two-stage conditional,Calendar,309,1.06004
F3 two-stage conditional,Calendar,310,1.07002
F3 two-stage conditional,Calendar,311,0.990945
F3 two-stage conditional,Calendar,312,1.08466
F3 two-stage conditional,Calendar,313,1.03457
F3 two-stage conditional,Calendar,314,1.14432
F3 two-stage conditional,Calendar,315,1.09671
F3 two-stage conditional,Calendar,316,1.04193
F3 two-stage conditional,Calendar,317,1.02822
F3 two-stage conditional,Calendar,318,1.07056
F3 two-stage conditional,Calendar,319,1.05519
F3 two-stage conditional,Calendar,320,1.04292
F3 two-stage conditional,Calendar,321,1.05113
F3 two-stage conditional,Calendar,322,1.0838
F3 two-stage conditional,Calendar,323,1.06189
F3 two-stage conditional,Calendar,324,1.08444
F3 two-stage conditional,Calendar,325,1.10123
F3 two-stage conditional,Calendar,326,1.0639
F3 two-stage conditional,Calendar,327,1.06892
F3 two-stage conditional,Calendar,328,1.05705
F3 two-stage conditional,Calendar,329,1.0479
F3 two-stage conditional,Calendar,330,1.04242
F3 two-stage conditional,Calendar,331,1.00487
F3 two-stage conditional,Calendar,332,1.02548
F3 two-stage conditional,Calendar,333,1.03456
F3 two-stage conditional,Calendar,334,1.05792
F3 two-stage conditional,Calendar,335,1.05803
F3 two-stage conditional,Calendar,336,1.08953
F3 two-stage conditional,Calendar,337,1.05598
F3 two-stage conditional,Calendar,338,1.06681
F3 two-stage conditional,Calendar,339,1.09741
F3 two-stage conditional,Calendar,340,1.0647
F3 two-stage conditional,Calendar,341,1.04677
F3 two-stage conditional,Calendar,342,1.11495
F3 two-stage conditional,Calendar,343,1.02727
F3 two-stage conditional,Calendar,344,1.09794
F3 two-stage conditional,Calendar,345,1.04191
F3 two-stage conditional,Calendar,346,1.05983
F3 two-stage conditional,Calendar,347,1.04765
F3 two-stage conditional,Calendar,348,1.04581
F3 two-stage conditional,Calendar,349,1.05832
F3 two-stage conditional,Calendar,350,1.0178
F3 two-stage conditional,Calendar,351,1.00976
F3 two-stage conditional,Calendar,352,1.06657
F3 two-stage conditional,Calendar,353,1.08429
F3 two-stage conditional,Calendar,354,1.13213
F3 two-stage conditional,Calendar,355,1.07909
F3 two-stage conditional,Calendar,356,1.00695
F3 two-stage conditional,Calendar,357,1.02833
F3 two-stage conditional,Calendar,358,1.00401
F3 two-stage conditional,Calendar,359,0.956213
F3 two-stage conditional,Calendar,360,1.0309
F3 two-stage conditional,Calendar,361,1.02308
F3 two-stage conditional,Calendar,362,0.987511
F3 two-stage conditional,Calendar,363,1.05282
F3 two-stage conditional,Calendar,364,1.04726
F3 two-stage conditional,Calendar,365,1.07826
F3 two-stage conditional,Calendar,366,1.06162
F3 two-stage conditional,Calendar,367,1.05754
F3 two-stage conditional,Calendar,368,1.14916
F3 two-stage conditional,Calendar,369,1.01948
F3 two-stage conditional,Calendar,370,1.00244
F3 two-stage conditional,Calendar,371,1.01519
F3 two-stage conditional,Calendar,372,1.02855
F3 two-stage conditional,Calendar,373,1.04852
F3 two-stage conditional,Calendar,374,1.02912
F3 two-stage conditional,Calendar,375,0.99244
F3 two-stage conditional,Calendar,376,1.05609
F3 two-stage conditional,Calendar,377,1.0436
F3 two-stage conditional,Calendar,378,1.01912
F3 two-stage conditional,Calendar,379,1.06838
F3 two-stage conditional,Calendar,380,1.07057
F3 two-stage conditional,Calendar,381,1.05451
F3 two-stage conditional,Calendar,382,1.09427
F3 two-stage conditional,Calendar,383,1.02644
F3 two-stage conditional,Calendar,384,1.08446
F3 two-stage conditional,Calendar,385,1.06651
F3 two-stage conditional,Calendar,386,1.03878
F3 two-stage conditional,Calendar,387,1.10797
F3 two-stage conditional,Calendar,388,1.04689
F3 two-stage conditional,Calendar,389,1.09572
F3 two-stage conditional,Calendar,390,1.04121
F3 two-stage conditional,Calendar,391,1.07567
F3 two-stage conditional,Calendar,392,1.08634
F3 two-stage conditional,Calendar,393,1.08231
F3 two-stage conditional,Calendar,394,1.02055
F3 two-stage conditional,Calendar,395,1.05431
F3 two-stage conditional,Calendar,396,1.04059
F3 two-stage conditional,Calendar,397,1.04823
F3 two-stage conditional,Calendar,398,1.00542
F3 two-stage conditional,Calendar,399,1.01414
F3 two-stage conditional,Calendar,400,1.01056
F3 two-stage conditional,Calendar,401,1.02395
F3 two-stage conditional,Calendar,402,1.03382
F3 two-stage conditional,Calendar,403,1.02143
F3 two-stage conditional,Calendar,404,1.00476
F3 two-stage conditional,Calendar,405,1.00579
F3 two-stage conditional,Calendar,406,1.10187
F3 two-stage conditional,Calendar,407,1.00876
F3 two-stage conditional,Calendar,408,1.01351
F3 two-stage conditional,Calendar,409,1.04963
F3 two-stage conditional,Calendar,410,1.04838
F3 two-stage conditional,Calendar,411,0.987137
F3 two-stage conditional,Calendar,412,1.00849
F3 two-stage conditional,Calendar,413,1.07254
F3 two-stage conditional,Calendar,414,1.087
F3 two-stage conditional,Calendar,415,1.05625
F3 two-stage conditional,Calendar,416,1.03049
F3 two-stage conditional,Calendar,417,1.0934
F3 two-stage conditional,Calendar,418,1.06837
F3 two-stage conditional,Calendar,419,1.01305
F3 two-stage conditional,Calendar,420,1.06188
F3 two-stage conditional,Calendar,421,1.02114
F3 two-stage conditional,Calendar,422,1.00776
F3 two-stage conditional,Calendar,423,1.01613
F3 two-stage conditional,Calendar,424,1.01228
F3 two-stage conditional,Calendar,425,1.0274
F3 two-stage conditional,Calendar,426,1.00164
F3 two-stage conditional,Calendar,427,1.02522
F3 two-stage conditional,Calendar,428,1.03531
F3 two-stage conditional,Calendar,429,1.01561
F3 two-stage conditional,Calendar,430,1.09323
F3 two-stage conditional,Calendar,431,1.00589
F3 two-stage conditional,Calendar,432,1.02448
F3 two-stage conditional,Calendar,433,1.02426
F3 two-stage conditional,Calendar,434,1.02542
F3 two-stage conditional,Calendar,435,1.0772
F3 two-stage conditional,Calendar,436,1.01285
F3 two-stage conditional,Calendar,437,1.05963
F3 two-stage conditional,Calendar,438,1.04546
F3 two-stage conditional,Calendar,439,1.00008
F3 two-stage conditional,Calendar,440,1.00011
F3 two-stage conditional,Calendar,441,1.00702
F3 two-stage conditional,Calendar,442,1.00623
F3 two-stage conditional,Calendar,443,1.19461
F3 two-stage conditional,Calendar,444,1.06116
F3 two-stage conditional,Calendar,445,1.05758
F3 two-stage conditional,Calendar,446,0.999447
F3 two-stage conditional,Calendar,447,1.00865
F3 two-stage conditional,Calendar,448,1.01342
F3 two-stage conditional,Calendar,449,1.08793
F3 two-stage conditional,Calendar,450,1.11035
F3 two-stage conditional,Calendar,451,1.07769
F3 two-stage conditional,Calendar,452,1.0828
F3 two-stage conditional,Calendar,453,1.24383
F3 two-stage conditional,Calendar,454,1.03248
F3 two-stage conditional,Calendar,455,1.02136
F3 two-stage conditional,Calendar,456,1.12082
F3 two-stage conditional,Calendar,457,1.05103
F3 two-stage conditional,Calendar,458,1.05305
F3 two-stage conditional,Calendar,459,1.07137
F3 two-stage conditional,Calendar,460,1.09091
F3 two-stage conditional,Calendar,461,1.03489
F3 two-stage conditional,Calendar,462,1.10296
F3 two-stage conditional,Calendar,463,1.03252
F3 two-stage conditional,Calendar,464,1.06795
F3 two-stage conditional,Calendar,465,1.05721
F3 two-stage conditional,Calendar,466,1.02491
F3 two-stage conditional,Calendar,467,1.05218
F3 two-stage conditional,Calendar,468,1.0219800000000001
F3 two-stage conditional,Calendar,469,1.06486
F3 two-stage conditional,Calendar,470,1.06006
F3 two-stage conditional,Calendar,471,1.02442
F3 two-stage conditional,Calendar,472,1.03341
F3 two-stage conditional,Calendar,473,1.04179
F3 two-stage conditional,Calendar,474,1.01313
F3 two-stage conditional,Calendar,475,1.08309
F3 two-stage conditional,Calendar,476,1.02265
F3 two-stage conditional,Calendar,477,1.03728
F3 two-stage conditional,Calendar,478,1.02962
F3 two-stage conditional,Calendar,479,1.02441
F3 two-stage conditional,Calendar,480,1.04066
F3 two-stage conditional,Calendar,481,1.08688
F3 two-stage conditional,Calendar,482,1.12657
F3 two-stage conditional,Calendar,483,1.08035
F3 two-stage conditional,Calendar,484,1.15738
F3 two-stage conditional,Calendar,485,1.28629
F3 two-stage conditional,Calendar,486,1.14834
F3 two-stage conditional,Calendar,487,1.06934
F3 two-stage conditional,Calendar,488,1.04987
F3 two-stage conditional,Calendar,489,1.0595
F3 two-stage conditional,Calendar,490,1.08717
F3 two-stage conditional,Calendar,491,1.095
F3 two-stage conditional,Calendar,492,1.09305
F3 two-stage conditional,Calendar,493,1.06489
F3 two-stage conditional,Calendar,494,1.0364
F3 two-stage conditional,Calendar,495,1.09546
F3 two-stage conditional,Calendar,496,1.01838
F3 two-stage conditional,Calendar,497,1.07068
F3 two-stage conditional,Calendar,498,1.02037
F3 two-stage conditional,Calendar,499,1.0989
F3 two-stage conditional,Calendar,500,1.082
F3 two-stage conditional,Calendar,501,1.04522
F3 two-stage conditional,Calendar,502,1.08561
F3 two-stage conditional,Calendar,503,1.09386
F3 two-stage conditional,Calendar,504,1.03512
F3 two-stage conditional,Calendar,505,1.00245
F3 two-stage conditional,Calendar,506,1.00078
F3 two-stage conditional,Calendar,507,1.01255
F3 two-stage conditional,Calendar,508,1.00515
F3 two-stage conditional,Calendar,509,0.999992
F3 two-stage conditional,Calendar,510,1.04849
F3 two-stage conditional,Calendar,511,0.961338
F3 two-stage conditional,Calendar,512,1.00533
F3 two-stage conditional,Calendar,513,1.10514
F3 two-stage conditional,Calendar,514,1.05327
F3 two-stage conditional,Calendar,515,1.11191
F3 two-stage conditional,Calendar,516,1.01601
F3 two-stage conditional,Calendar,517,1.00266
F3 two-stage conditional,Calendar,518,1.00056
F3 two-stage conditional,Calendar,519,1.05132
F3 two-stage conditional,Calendar,520,1.01366
F3 two-stage conditional,Calendar,521,1.14689
F3 two-stage conditional,Calendar,522,1.03977
F3 two-stage conditional,Calendar,523,1.07292
F3 two-stage conditional,Calendar,524,1.13235
F3 two-stage conditional,Calendar,525,1.08422
F3 two-stage conditional,Calendar,526,0.990709
F3 two-stage conditional,Calendar,527,1.08493
F3 two-stage conditional,Calendar,528,1.11232
F3 two-stage conditional,Calendar,529,1.01256
F3 two-stage conditional,Calendar,530,1.09062
F3 two-stage conditional,Calendar,531,1.00456
F3 two-stage conditional,Calendar,532,1.11273
F3 two-stage conditional,Calendar,533,1.04847
F3 two-stage conditional,Calendar,534,1.02123
F3 two-stage conditional,Calendar,535,1.07714
F3 two-stage conditional,Calendar,536,1.05939
F3 two-stage conditional,Calendar,537,1.03465
F3 two-stage conditional,Calendar,538,1.0456
F3 two-stage conditional,Calendar,539,1.01118
F3 two-stage conditional,Calendar,540,1.02511
F3 two-stage conditional,Calendar,541,1.0174
F3 two-stage conditional,Calendar,542,1.08645
F3 two-stage conditional,Calendar,543,0.984107
F3 two-stage conditional,Calendar,544,1.0493
F3 two-stage conditional,Calendar,545,1.0088
F3 two-stage conditional,Calendar,546,1.12835
F3 two-stage conditional,Calendar,547,1.07704
F3 two-stage conditional,Calendar,548,1.1422
F3 two-stage conditional,Calendar,549,1.06347
F3 two-stage conditional,Calendar,550,1.07823
F3 two-stage conditional,Calendar,551,1.05677
F3 two-stage conditional,Calendar,552,1.05102
F3 two-stage conditional,Calendar,553,1.06824
F3 two-stage conditional,Calendar,554,1.0586
F3 two-stage conditional,Calendar,555,1.03728
F3 two-stage conditional,Calendar,556,1.00575
F3 two-stage conditional,Calendar,557,1.01617
F3 two-stage conditional,Calendar,558,1.00598
F3 two-stage conditional,Calendar,559,1.0016
F3 two-stage conditional,Calendar,560,1.01392
F3 two-stage conditional,Calendar,561,1.02682
F3 two-stage conditional,Calendar,562,1.00177
F3 two-stage conditional,Calendar,563,1.00185
F3 two-stage conditional,Calendar,564,1.01391
F3 two-stage conditional,Calendar,565,1.00042
F3 two-stage conditional,Calendar,566,1.0003
F3 two-stage conditional,Calendar,567,1.00033
F3 two-stage conditional,Calendar,568,1.00034
F3 two-stage conditional,Calendar,569,1.07394
F3 two-stage conditional,Calendar,570,1.06681
F3 two-stage conditional,Calendar,571,1.01675
F3 two-stage conditional,Calendar,572,1.0073
F3 two-stage conditional,Calendar,573,1.05315
F3 two-stage conditional,Calendar,574,1.01871
F3 two-stage conditional,Calendar,575,1.01491
F3 two-stage conditional,Calendar,576,1.07766
F3 two-stage conditional,Calendar,577,1.00827
F3 two-stage conditional,Calendar,578,1.03528
F3 two-stage conditional,Calendar,579,0.99756
F3 two-stage conditional,Calendar,580,1.04547
F3 two-stage conditional,Calendar,581,1.17986
F3 two-stage conditional,Calendar,582,1.14272
F3 two-stage conditional,Calendar,583,1.06529
F3 two-stage conditional,Calendar,584,1.02659
F3 two-stage conditional,Calendar,585,1.02356
F3 two-stage conditional,Calendar,586,1.0113
F3 two-stage conditional,Calendar,587,1.02635
F3 two-stage conditional,Calendar,588,1.03026
F3 two-stage conditional,Calendar,589,1.0482
F3 two-stage conditional,Calendar,590,1.00043
F3 two-stage conditional,Calendar,591,1.16743
F3 two-stage conditional,Calendar,592,1.03913
F3 two-stage conditional,Calendar,593,1.04998
F3 two-stage conditional,Calendar,594,1.02141
F3 two-stage conditional,Calendar,595,1.02366
F3 two-stage conditional,Calendar,596,1.00592
F3 two-stage conditional,Calendar,597,1.00488
F3 two-stage conditional,Calendar,598,1.11048
F3 two-stage conditional,Calendar,599,1.1285
F3 two-stage conditional,Calendar,600,1.06686
F3 two-stage conditional,Calendar,601,1.04439
F3 two-stage conditional,Calendar,602,1.04154
F3 two-stage conditional,Calendar,603,1.0945
F3 two-stage conditional,Calendar,604,1.07073
F3 two-stage conditional,Calendar,605,1.01575
F3 two-stage conditional,Calendar,606,1.07214
F3 two-stage conditional,Calendar,607,1.01658
F3 two-stage conditional,Calendar,608,1.15243
F3 two-stage conditional,Calendar,609,1.11731
F3 two-stage conditional,Calendar,610,1.03324
F3 two-stage conditional,Calendar,611,1.09779
F3 two-stage conditional,Calendar,612,1.08181
F3 two-stage conditional,Calendar,613,0.993873
F3 two-stage conditional,Calendar,614,1.02599
F3 two-stage conditional,Calendar,615,1.04931
F3 two-stage conditional,Calendar,616,1.05893
F3 two-stage conditional,Calendar,617,1.09448
F3 two-stage conditional,Calendar,618,1.02606
F3 two-stage conditional,Calendar,619,1.02891
F3 two-stage conditional,Calendar,620,1.07328
F3 two-stage conditional,Calendar,621,1.02807
F3 two-stage conditional,Calendar,622,1.02318
F3 two-stage conditional,Calendar,623,1.10787
F3 two-stage conditional,Calendar,624,1.02739
F3 two-stage conditional,Calendar,625,1.00949
F3 two-stage conditional,Calendar,626,1.03883
F3 two-stage conditional,Calendar,627,1.04271
F3 two-stage conditional,Calendar,628,1.01223
F3 two-stage conditional,Calendar,629,1.01339
F3 two-stage conditional,Calendar,630,1.01201
F3 two-stage conditional,Calendar,631,1.03737
F3 two-stage conditional,Calendar,632,1.03372
F3 two-stage conditional,Calendar,633,1.02059
F3 two-stage conditional,Calendar,634,1.01197
F3 two-stage conditional,Calendar,635,1.10119
F3 two-stage conditional,Calendar,636,1.03029
F3 two-stage conditional,Calendar,637,1.00183
F3 two-stage conditional,Calendar,638,1.01677
F3 two-stage conditional,Calendar,639,1.00777
F3 two-stage conditional,Calendar,640,1.00401
F3 two-stage conditional,Calendar,641,1.02172
F3 two-stage conditional,Calendar,642,1.02589
F3 two-stage conditional,Calendar,643,1.04932
F3 two-stage conditional,Calendar,644,1.00644
F3 two-stage conditional,Calendar,645,1.00139
F3 two-stage conditional,Calendar,646,1.00256
F3 two-stage conditional,Calendar,647,1.00694
F3 two-stage conditional,Calendar,648,1.00004
F3 two-stage conditional,Calendar,649,1.03129
F3 two-stage conditional,Calendar,650,1.06393
F3 two-stage conditional,Calendar,651,1.01943
F3 two-stage conditional,Calendar,652,0.998379
F3 two-stage conditional,Calendar,653,1.00631
F3 two-stage conditional,Calendar,654,1.00284
F3 two-stage conditional,Calendar,655,1.02331
F3 two-stage conditional,Calendar,656,1.043
F3 two-stage conditional,Calendar,657,1.01619
F3 two-stage conditional,Calendar,658,1.04362
F3 two-stage conditional,Calendar,659,1.07955
F3 two-stage conditional,Calendar,660,1.06386
F3 two-stage conditional,Calendar,661,1.04241
F3 two-stage conditional,Calendar,662,1.01849
F3 two-stage conditional,Calendar,663,1.04568
F3 two-stage conditional,Calendar,664,1.07131
F3 two-stage conditional,Calendar,665,1.03825
F3 two-stage conditional,Calendar,666,1.04041
F3 two-stage conditional,Calendar,667,1.08746
F3 two-stage conditional,Calendar,668,1.1281
F3 two-stage conditional,Calendar,669,1.00641
F3 two-stage conditional,Calendar,670,1.0057
F3 two-stage conditional,Calendar,671,1.07846
F3 two-stage conditional,Calendar,672,1.09542
F3 two-stage conditional,Calendar,673,1.06804
F3 two-stage conditional,Calendar,674,1.06273
F3 two-stage conditional,Calendar,675,1.04257
F3 two-stage conditional,Calendar,676,1.00347
F3 two-stage conditional,Calendar,677,1.01868
F3 two-stage conditional,Calendar,678,1.07203
F3 two-stage conditional,Calendar,679,1.00343
F3 two-stage conditional,Calendar,680,1.00686
F3 two-stage conditional,Calendar,681,1.02411
F3 two-stage conditional,Calendar,682,1.02609
F3 two-stage conditional,Calendar,683,1.04037
F3 two-stage conditional,Calendar,684,1.07193
F3 two-stage conditional,Calendar,685,1.09884
F3 two-stage conditional,Calendar,686,1.13947
F3 two-stage conditional,Calendar,687,1.04445
F3 two-stage conditional,Calendar,688,1.04046
F3 two-stage conditional,Calendar,689,1.07207
F3 two-stage conditional,Calendar,690,1.01052
F3 two-stage conditional,Calendar,691,1.00526
F3 two-stage conditional,Calendar,692,0.997732
F3 two-stage conditional,Calendar,693,1.01726
F3 two-stage conditional,Calendar,694,1.00237
F3 two-stage conditional,Calendar,695,1.00061
F3 two-stage conditional,Calendar,696,1.00109
F3 two-stage conditional,Calendar,697,1.01895
F3 two-stage conditional,Calendar,698,1.04578
F3 two-stage conditional,Calendar,699,1.0119
F3 two-stage conditional,Calendar,700,1.00162
F3 two-stage conditional,Calendar,701,1.07326
F3 two-stage conditional,Calendar,702,1.02118
F3 two-stage conditional,Calendar,703,1.00442
F3 two-stage conditional,Calendar,704,1.02231
F3 two-stage conditional,Calendar,705,1.00939
F3 two-stage conditional,Calendar,706,1.03772
F3 two-stage conditional,Calendar,707,1.03232
F3 two-stage conditional,Calendar,708,1.05843
F3 two-stage conditional,Calendar,709,1.04353
F3 two-stage conditional,Calendar,710,1.00689
F3 two-stage conditional,Calendar,711,1.00973
F3 two-stage conditional,Calendar,712,1.01542
F3 two-stage conditional,Calendar,713,1.01422
F3 two-stage conditional,Calendar,714,0.983023
F3 two-stage conditional,Calendar,715,0.960587
F3 two-stage conditional,Calendar,716,0.957676
F3 two-stage conditional,Calendar,717,1.07224
F3 two-stage conditional,Calendar,718,0.999771
F3 two-stage conditional,Calendar,719,1.15444
F3 two-stage conditional,Calendar,720,1.07669
F3 two-stage conditional,Calendar,721,1.02389
F3 two-stage conditional,Calendar,722,1.07789
F3 two-stage conditional,Calendar,723,1.04954
F3 two-stage conditional,Calendar,724,1.03787
F3 two-stage conditional,Calendar,725,1.02873
F3 two-stage conditional,Calendar,726,1.04675
F3 two-stage conditional,Calendar,727,1.0142
F3 two-stage conditional,Calendar,728,1.06803
F3 two-stage conditional,Calendar,729,1.06067
F3 two-stage conditional,Calendar,730,1.09984
F3 two-stage conditional,Calendar,731,1.09318
F3 two-stage conditional,Calendar,732,1.13023
F3 two-stage conditional,Calendar,733,1.0838
F3 two-stage conditional,Calendar,734,1.04743
F3 two-stage conditional,Calendar,735,1.01916
F3 two-stage conditional,Calendar,736,1.02095
F3 two-stage conditional,Calendar,737,0.990637
F3 two-stage conditional,Calendar,738,1.00097
F3 two-stage conditional,Calendar,739,1.08318
F3 two-stage conditional,Calendar,740,0.9999
F3 two-stage conditional,Calendar,741,1.02885
F3 two-stage conditional,Calendar,742,1.0828
F3 two-stage conditional,Calendar,743,0.987122
F3 two-stage conditional,Calendar,744,1.16942
F3 two-stage conditional,Calendar,745,1.0199
F3 two-stage conditional,Calendar,746,1.00769
F3 two-stage conditional,Calendar,747,1.01699
F3 two-stage conditional,Calendar,748,1.00694
F3 two-stage conditional,Calendar,749,1.00305
F3 two-stage conditional,Calendar,750,1.0003
F3 two-stage conditional,Calendar,751,1.00098
F3 two-stage conditional,Calendar,752,1.00973
F3 two-stage conditional,Calendar,753,1.00623
F3 two-stage conditional,Calendar,754,1.00232
F3 two-stage conditional,Calendar,755,1.00966
F3 two-stage conditional,Calendar,756,1.00597
F3 two-stage conditional,Calendar,757,1.01181
F3 two-stage conditional,Calendar,758,1.01255
F3 two-stage conditional,Calendar,759,1.04181
F3 two-stage conditional,Calendar,760,1.00726
F3 two-stage conditional,Calendar,761,1.00416
F3 two-stage conditional,Calendar,762,1.00609
F3 two-stage conditional,Calendar,763,1.0178
F3 two-stage conditional,Calendar,764,1.0066
F3 two-stage conditional,Calendar,765,1.07347
F3 two-stage conditional,Calendar,766,1.02117
F3 two-stage conditional,Calendar,767,1.02413
F3 two-stage conditional,Calendar,768,1.04052
F3 two-stage conditional,Calendar,769,1.06111
F3 two-stage conditional,Calendar,770,1.03048
F3 two-stage conditional,Calendar,771,1.00833
F3 two-stage conditional,Calendar,772,1.04685
F3 two-stage conditional,Calendar,773,1.00511
F3 two-stage conditional,Calendar,774,1.00402
F3 two-stage conditional,Calendar,775,0.998004
F3 two-stage conditional,Calendar,776,0.996294
F3 two-stage conditional,Calendar,777,1.11519
F3 two-stage conditional,Calendar,778,1.0006
F3 two-stage conditional,Calendar,779,1.01406
F3 two-stage conditional,Calendar,780,1.10918
F3 two-stage conditional,Calendar,781,1.07586
F3 two-stage conditional,Calendar,782,1.03751
F3 two-stage conditional,Calendar,783,1.16637
F3 two-stage conditional,Calendar,784,1.04288
F3 two-stage conditional,Calendar,785,1.07837
F3 two-stage conditional,Calendar,786,1.00626
F3 two-stage conditional,Calendar,787,1.09055
F3 two-stage conditional,Calendar,788,1.07221
F3 two-stage conditional,Calendar,789,1.01081
F3 two-stage conditional,Calendar,790,1.14418
F3 two-stage conditional,Calendar,791,1.11783
F3 two-stage conditional,Calendar,792,1.07155
F3 two-stage conditional,Calendar,793,1.08011
F3 two-stage conditional,Calendar,794,1.07104
F3 two-stage conditional,Calendar,795,1.06525
F3 two-stage conditional,Calendar,796,1.0556
F3 two-stage conditional,Calendar,797,1.00215
F3 two-stage conditional,Calendar,798,1.09622
F3 two-stage conditional,Calendar,799,0.979381
F3 two-stage conditional,Calendar,800,1.00461
F3 two-stage conditional,Calendar,801,1.04612
F3 two-stage conditional,Calendar,802,1.01676
F3 two-stage conditional,Calendar,803,0.998718
F3 two-stage conditional,Calendar,804,1.0081
F3 two-stage conditional,Calendar,805,0.997846
F3 two-stage conditional,Calendar,806,1.00064
F3 two-stage conditional,Calendar,807,1.00298
F3 two-stage conditional,Calendar,808,1.12355
F3 two-stage conditional,Calendar,809,1.0921400000000001
F3 two-stage conditional,Calendar,810,1.05555
F3 two-stage conditional,Calendar,811,1.03499
F3 two-stage conditional,Calendar,812,1.10856
F3 two-stage conditional,Calendar,813,1.06247
F3 two-stage conditional,Calendar,814,1.11059
F3 two-stage conditional,Calendar,815,1.0378
F3 two-stage conditional,Calendar,816,1.08031
F3 two-stage conditional,Calendar,817,1.01633
F3 two-stage conditional,Calendar,818,1.05361
F3 two-stage conditional,Calendar,819,1.04734
F3 two-stage conditional,Calendar,820,1.03165
F3 two-stage conditional,Calendar,821,1.12219
F3 two-stage conditional,Calendar,822,1.10879
F3 two-stage conditional,Calendar,823,1.07976
F3 two-stage conditional,Calendar,824,1.02141
F3 two-stage conditional,Calendar,825,1.01238
F3 two-stage conditional,Calendar,826,1.00908
F3 two-stage conditional,Calendar,827,1.02194
F3 two-stage conditional,Calendar,828,1.01597
F3 two-stage conditional,Calendar,829,1.05085
F3 two-stage conditional,Calendar,830,1.00281
F3 two-stage conditional,Calendar,831,1.07512
F3 two-stage conditional,Calendar,832,1.02374
F3 two-stage conditional,Calendar,833,1.09065
F3 two-stage conditional,Calendar,834,1.12499
F3 two-stage conditional,Calendar,835,1.00618
F3 two-stage conditional,Calendar,836,1.00207
F3 two-stage conditional,Calendar,837,1.0183
F3 two-stage conditional,Calendar,838,1.00069
F3 two-stage conditional,Calendar,839,0.998432
F3 two-stage conditional,Calendar,840,1.0022
F3 two-stage conditional,Calendar,841,1.04493
F3 two-stage conditional,Calendar,842,1.10682
F3 two-stage conditional,Calendar,843,1.05159
F3 two-stage conditional,Calendar,844,1.07302
F3 two-stage conditional,Calendar,845,1.07247
F3 two-stage conditional,Calendar,846,1.02511
F3 two-stage conditional,Calendar,847,1.02079
F3 two-stage conditional,Calendar,848,1.02179
F3 two-stage conditional,Calendar,849,1.05369
F3 two-stage conditional,Calendar,850,1.08938
F3 two-stage conditional,Calendar,851,0.997982
F3 two-stage conditional,Calendar,852,0.997902
F3 two-stage conditional,Calendar,853,1.03229
F3 two-stage conditional,Calendar,854,1.04397
F3 two-stage conditional,Calendar,855,1.10511
F3 two-stage conditional,Calendar,856,1.00639
F3 two-stage conditional,Calendar,857,1.01957
F3 two-stage conditional,Calendar,858,1.08606
F3 two-stage conditional,Calendar,859,1.0332
F3 two-stage conditional,Calendar,860,1.07702
F3 two-stage conditional,Calendar,861,1.15779
F3 two-stage conditional,Calendar,862,1.02812
F3 two-stage conditional,Calendar,863,1.05153
F3 two-stage conditional,Calendar,864,1.08769
F3 two-stage conditional,Calendar,865,1.05344
F3 two-stage conditional,Calendar,866,1.01593
F3 two-stage conditional,Calendar,867,1.00109
F3 two-stage conditional,Calendar,868,1.02277
F3 two-stage conditional,Calendar,869,1.02108
F3 two-stage conditional,Calendar,870,1.00219
F3 two-stage conditional,Calendar,871,1.00108
F3 two-stage conditional,Calendar,872,1.00085
F3 two-stage conditional,Calendar,873,1.00837
F3 two-stage conditional,Calendar,874,1.02328
F3 two-stage conditional,Calendar,875,1.12304
F3 two-stage conditional,Calendar,876,1.0905
F3 two-stage conditional,Calendar,877,1.00089
F3 two-stage conditional,Calendar,878,1.00199
F3 two-stage conditional,Calendar,879,1.00036
F3 two-stage conditional,Calendar,880,0.999998
F3 two-stage conditional,Calendar,881,1.00009
F3 two-stage conditional,Calendar,882,1.0003
F3 two-stage conditional,Calendar,883,1.00008
F3 two-stage conditional,Calendar,884,1.00009
F3 two-stage conditional,Calendar,885,1.00002
F3 two-stage conditional,Calendar,886,1.00001
F3 two-stage conditional,Calendar,887,0.999998
F3 two-stage conditional,Calendar,888,1
F3 two-stage conditional,Calendar,889,1
F3 two-stage conditional,Calendar,890,1.00028
F3 two-stage conditional,Calendar,891,1.00474
F3 two-stage conditional,Calendar,892,1.04005
F3 two-stage conditional,Calendar,893,1.00951
F3 two-stage conditional,Calendar,894,1.00192
F3 two-stage conditional,Calendar,895,1.06106
F3 two-stage conditional,Calendar,896,1.03316
F3 two-stage conditional,Calendar,897,1.04493
F3 two-stage conditional,Calendar,898,1.06993
F3 two-stage conditional,Calendar,899,1.00766
F3 two-stage conditional,Calendar,900,1.00037
F3 two-stage conditional,Calendar,901,1.05441
F3 two-stage conditional,Calendar,902,1.00444
F3 two-stage conditional,Calendar,903,1.01349
F3 two-stage conditional,Calendar,904,1.06268
F3 two-stage conditional,Calendar,905,1.0324
F3 two-stage conditional,Calendar,906,1.01114
F3 two-stage conditional,Calendar,907,1.06785
F3 two-stage conditional,Calendar,908,1.09623
F3 two-stage conditional,Calendar,909,1.12821
F3 two-stage conditional,Calendar,910,1.05681
F3 two-stage conditional,Calendar,911,1.05561
F3 two-stage conditional,Calendar,912,1.06877
F3 two-stage conditional,Calendar,913,1.04739
F3 two-stage conditional,Calendar,914,1.05017
F3 two-stage conditional,Calendar,915,1.05522
F3 two-stage conditional,Calendar,916,1.00544
F3 two-stage conditional,Calendar,917,1.00549
F3 two-stage conditional,Calendar,918,0.961643
F3 two-stage conditional,Calendar,919,0.971898
F3 two-stage conditional,Calendar,920,0.997801
F3 two-stage conditional,Calendar,921,1.01257
F3 two-stage conditional,Calendar,922,1.0759
F3 two-stage conditional,Calendar,923,1.06368
F3 two-stage conditional,Calendar,924,1.03142
F3 two-stage conditional,Calendar,925,1.09136
F3 two-stage conditional,Calendar,926,1.00472
F3 two-stage conditional,Calendar,927,1.05757
F3 two-stage conditional,Calendar,928,1.02165
F3 two-stage conditional,Calendar,929,1.10788
F3 two-stage conditional,Calendar,930,1.04307
F3 two-stage conditional,Calendar,931,1.11197
F3 two-stage conditional,Calendar,932,1.02506
F3 two-stage conditional,Calendar,933,1.08049
F3 two-stage conditional,Calendar,934,1.07825
F3 two-stage conditional,Calendar,935,1.06201
F3 two-stage conditional,Calendar,936,1.10166
F3 two-stage conditional,Calendar,937,1.10215
F3 two-stage conditional,Calendar,938,1.05974
F3 two-stage conditional,Calendar,939,1.00543
F3 two-stage conditional,Calendar,940,0.98513
F3 two-stage conditional,Calendar,941,1.00327
F3 two-stage conditional,Calendar,942,1.09112
F3 two-stage conditional,Calendar,943,1.07502
F3 two-stage conditional,Calendar,944,1.09066
F3 two-stage conditional,Calendar,945,1.11603
F3 two-stage conditional,Calendar,946,1.06307
F3 two-stage conditional,Calendar,947,1.0563
F3 two-stage conditional,Calendar,948,1.02436
F3 two-stage conditional,Calendar,949,1.01199
F3 two-stage conditional,Calendar,950,1.07898
F3 two-stage conditional,Calendar,951,1.07801
F3 two-stage conditional,Calendar,952,1.06672
F3 two-stage conditional,Calendar,953,1.07656
F3 two-stage conditional,Calendar,954,1.07432
F3 two-stage conditional,Calendar,955,1.08236
F3 two-stage conditional,Calendar,956,1.18722
F3 two-stage conditional,Calendar,957,1.07855
F3 two-stage conditional,Calendar,958,1.11346
F3 two-stage conditional,Calendar,959,1.04503
F3 two-stage conditional,Calendar,960,1.12073
F3 two-stage conditional,Calendar,961,1.07797
F3 two-stage conditional,Calendar,962,1.06808
F3 two-stage conditional,Calendar,963,1.02622
F3 two-stage conditional,Calendar,964,1.09363
F3 two-stage conditional,Calendar,965,1.05496
F3 two-stage conditional,Calendar,966,1.10206
F3 two-stage conditional,Calendar,967,1.00964
F3 two-stage conditional,Calendar,968,1.09679
F3 two-stage conditional,Calendar,969,1.11177
F3 two-stage conditional,Calendar,970,1.13631
F3 two-stage conditional,Calendar,971,1.12438
F3 two-stage conditional,Calendar,972,1.04418
F3 two-stage conditional,Calendar,973,1.02422
F3 two-stage conditional,Calendar,974,1.01892
F3 two-stage conditional,Calendar,975,1.05351
F3 two-stage conditional,Calendar,976,1.03547
F3 two-stage conditional,Calendar,977,1.11294
F3 two-stage conditional,Calendar,978,1.10411
F3 two-stage conditional,Calendar,979,1.05374
F3 two-stage conditional,Calendar,980,1.04553
F3 two-stage conditional,Calendar,981,1.0487
F3 two-stage conditional,Calendar,982,1.05564
F3 two-stage conditional,Calendar,983,1.04769
F3 two-stage conditional,Calendar,984,1.0598
F3 two-stage conditional,Calendar,985,1.03945
F3 two-stage conditional,Calendar,986,1.0497
F3 two-stage conditional,Calendar,987,1.13985
F3 two-stage conditional,Calendar,988,1.03955
F3 two-stage conditional,Calendar,989,1.04887
F3 two-stage conditional,Calendar,990,1.03855
F3 two-stage conditional,Calendar,991,1.02342
F3 two-stage conditional,Calendar,992,1.06329
F3 two-stage conditional,Calendar,993,1.0289
F3 two-stage conditional,Calendar,994,1.02335
F3 two-stage conditional,Calendar,995,1.04021
F3 two-stage conditional,Calendar,996,1.11456
F3 two-stage conditional,Calendar,997,1.05779
F3 two-stage conditional,Calendar,998,1.02329
F3 two-stage conditional,Calendar,999,1.09053
F3 two-stage conditional,Calendar,1000,1.08562
F3 two-stage conditional,Calendar,1001,1.10203
F3 two-stage conditional,Calendar,1002,1.06571
F3 two-stage conditional,Calendar,1003,1.09037
F3 two-stage conditional,Calendar,1004,1.02661
F3 two-stage conditional,Calendar,1005,1.07007
F3 two-stage conditional,Calendar,1006,1.05134
F3 two-stage conditional,Calendar,1007,1.06032
F3 two-stage conditional,Calendar,1008,1.032
F3 two-stage conditional,Calendar,1009,1.10233
F3 two-stage conditional,Calendar,1010,1.09786
F3 two-stage conditional,Calendar,1011,1.01418
F3 two-stage conditional,Calendar,1012,1.00013
F3 two-stage conditional,Calendar,1013,1.00014
F3 two-stage conditional,Calendar,1014,1.0146
F3 two-stage conditional,Calendar,1015,1.00177
F3 two-stage conditional,Calendar,1016,1.00236
F3 two-stage conditional,Calendar,1017,1.00852
F3 two-stage conditional,Calendar,1018,1.00851
F3 two-stage conditional,Calendar,1019,1.01729
F3 two-stage conditional,Calendar,1020,1.00732
F3 two-stage conditional,Calendar,1021,1.0715
F3 two-stage conditional,Calendar,1022,1.05963
F3 two-stage conditional,Calendar,1023,1.05281
F3 two-stage conditional,Calendar,1024,1.01974
F3 two-stage conditional,Calendar,1025,1.05128
F3 two-stage conditional,Calendar,1026,0.992847
F3 two-stage conditional,Calendar,1027,1.00611
F3 two-stage conditional,Calendar,1028,1.05233
F3 two-stage conditional,Calendar,1029,1.0025
F3 two-stage conditional,Calendar,1030,1.02128
F3 two-stage conditional,Calendar,1031,1.02649
F3 two-stage conditional,Calendar,1032,1.0138
F3 two-stage conditional,Calendar,1033,1.01742
F3 two-stage conditional,Calendar,1034,1.00057
F3 two-stage conditional,Calendar,1035,0.996557
F3 two-stage conditional,Calendar,1036,1.01991
F3 two-stage conditional,Calendar,1037,1.0226
F3 two-stage conditional,Calendar,1038,1.01082
F3 two-stage conditional,Calendar,1039,1.01076
F3 two-stage conditional,Calendar,1040,1.01584
F3 two-stage conditional,Calendar,1041,1.02898
F3 two-stage conditional,Calendar,1042,1.00263
F3 two-stage conditional,Calendar,1043,1.02956
F3 two-stage conditional,Calendar,1044,1.03562
F3 two-stage conditional,Calendar,1045,1.03079
F3 two-stage conditional,Calendar,1046,0.999093
F3 two-stage conditional,Calendar,1047,1.01317
F3 two-stage conditional,Calendar,1048,1.00928
F3 two-stage conditional,Calendar,1049,1.00664
F3 two-stage conditional,Calendar,1050,1.02837
F3 two-stage conditional,Calendar,1051,1.00114
F3 two-stage conditional,Calendar,1052,1.0117
F3 two-stage conditional,Calendar,1053,1.04576
F3 two-stage conditional,Calendar,1054,1.0379
F3 two-stage conditional,Calendar,1055,1.03743
F3 two-stage conditional,Calendar,1056,1.02043
F3 two-stage conditional,Calendar,1057,1.09613
F3 two-stage conditional,Calendar,1058,1.07117
F3 two-stage conditional,Calendar,1059,1.02462
F3 two-stage conditional,Calendar,1060,1.05477
F3 two-stage conditional,Calendar,1061,1.01427
F3 two-stage conditional,Calendar,1062,1.04038
F3 two-stage conditional,Calendar,1063,1.12473
F3 two-stage conditional,Calendar,1064,1.05026
F3 two-stage conditional,Calendar,1065,1.10271
F3 two-stage conditional,Calendar,1066,1.02607
F3 two-stage conditional,Calendar,1067,1.04734
F3 two-stage conditional,Calendar,1068,1.06513
F3 two-stage conditional,Calendar,1069,1.11002
F3 two-stage conditional,Calendar,1070,1.09008
F3 two-stage conditional,Calendar,1071,1.10388
F3 two-stage conditional,Calendar,1072,1.04456
F3 two-stage conditional,Calendar,1073,1.01399
F3 two-stage conditional,Calendar,1074,1.0141
F3 two-stage conditional,Calendar,1075,1.02819
F3 two-stage conditional,Calendar,1076,1.04966
F3 two-stage conditional,Calendar,1077,1.02843
F3 two-stage conditional,Calendar,1078,1.0159
F3 two-stage conditional,Calendar,1079,1.07753
F3 two-stage conditional,Calendar,1080,1.07004
F3 two-stage conditional,Calendar,1081,1.06136
F3 two-stage conditional,Calendar,1082,1.06717
F3 two-stage conditional,Calendar,1083,1.08521
F3 two-stage conditional,Calendar,1084,1.0279
F3 two-stage conditional,Calendar,1085,1.01302
F3 two-stage conditional,Calendar,1086,1.10774
F3 two-stage conditional,Calendar,1087,1.03201
F3 two-stage conditional,Calendar,1088,1.06275
F3 two-stage conditional,Calendar,1089,1.07145
F3 two-stage conditional,Calendar,1090,1.0478
F3 two-stage conditional,Calendar,1091,1.00665
F3 two-stage conditional,Calendar,1092,1.02473
F3 two-stage conditional,Calendar,1093,1.01623
F3 two-stage conditional,Calendar,1094,1.00199
F3 two-stage conditional,Calendar,1095,1.00975
F3 two-stage conditional,Calendar,1096,1.03867
F3 two-stage conditional,Calendar,1097,1.06571
F3 two-stage conditional,Calendar,1098,1.04208
F3 two-stage conditional,Calendar,1099,1.03293
F3 two-stage conditional,Calendar,1100,1.07209
F3 two-stage conditional,Calendar,1101,1.07064
F3 two-stage conditional,Calendar,1102,1.07524
F3 two-stage conditional,Calendar,1103,1.04535
F3 two-stage conditional,Calendar,1104,1.04961
F3 two-stage conditional,Calendar,1105,1.07357
F3 two-stage conditional,Calendar,1106,0.959693
F3 two-stage conditional,Calendar,1107,1.14065
F3 two-stage conditional,Calendar,1108,1.00262
F3 two-stage conditional,Calendar,1109,1.00114
F3 two-stage conditional,Calendar,1110,1.00746
F3 two-stage conditional,Calendar,1111,1.01036
F3 two-stage conditional,Calendar,1112,1.00239
F3 two-stage conditional,Calendar,1113,1.00832
F3 two-stage conditional,Calendar,1114,1.00289
F3 two-stage conditional,Calendar,1115,1.01142
F3 two-stage conditional,Calendar,1116,1.0021
F3 two-stage conditional,Calendar,1117,1.00724
F3 two-stage conditional,Calendar,1118,1.00374
F3 two-stage conditional,Calendar,1119,1.00299
F3 two-stage conditional,Calendar,1120,1.01244
F3 two-stage conditional,Calendar,1121,1.01088
F3 two-stage conditional,Calendar,1122,1.00518
F3 two-stage conditional,Calendar,1123,1.00412
F3 two-stage conditional,Calendar,1124,1.00349
F3 two-stage conditional,Calendar,1125,1.0218
F3 two-stage conditional,Calendar,1126,1.01103
F3 two-stage conditional,Calendar,1127,0.996711
F3 two-stage conditional,Calendar,1128,1.00459
F3 two-stage conditional,Calendar,1129,1.01486
F3 two-stage conditional,Calendar,1130,1.01574
F3 two-stage conditional,Calendar,1131,1.01962
F3 two-stage conditional,Calendar,1132,1.0071
F3 two-stage conditional,Calendar,1133,1.0015
F3 two-stage conditional,Calendar,1134,1.00819
F3 two-stage conditional,Calendar,1135,1.00564
F3 two-stage conditional,Calendar,1136,1.01165
F3 two-stage conditional,Calendar,1137,1.01509
F3 two-stage conditional,Calendar,1138,1.10879
F3 two-stage conditional,Calendar,1139,1.0861
F3 two-stage conditional,Calendar,1140,1.05381
F3 two-stage conditional,Calendar,1141,1.03302
F3 two-stage conditional,Calendar,1142,1.0006
F3 two-stage conditional,Calendar,1143,1.02622
F3 two-stage conditional,Calendar,1144,1.01674
F3 two-stage conditional,Calendar,1145,1.04787
F3 two-stage conditional,Calendar,1146,1.06017
F3 two-stage conditional,Calendar,1147,1.00906
F3 two-stage conditional,Calendar,1148,1.02256
F3 two-stage conditional,Calendar,1149,1.03083
F3 two-stage conditional,Calendar,1150,1.01418
F3 two-stage conditional,Calendar,1151,1.01156
F3 two-stage conditional,Calendar,1152,1.00563
F3 two-stage conditional,Calendar,1153,1.0242
F3 two-stage conditional,Calendar,1154,1.0427
F3 two-stage conditional,Calendar,1155,1.02945
F3 two-stage conditional,Calendar,1156,1.03737
F3 two-stage conditional,Calendar,1157,1.04797
F3 two-stage conditional,Calendar,1158,1.09443
F3 two-stage conditional,Calendar,1159,1.07488
F3 two-stage conditional,Calendar,1160,1.03074
F3 two-stage conditional,Calendar,1161,1.12731
F3 two-stage conditional,Calendar,1162,1.09684
F3 two-stage conditional,Calendar,1163,1.0368
F3 two-stage conditional,Calendar,1164,1.04087
F3 two-stage conditional,Calendar,1165,1.03993
F3 two-stage conditional,Calendar,1166,1.01419
F3 two-stage conditional,Calendar,1167,1.05522
F3 two-stage conditional,Calendar,1168,1.02211
F3 two-stage conditional,Calendar,1169,1.06074
F3 two-stage conditional,Calendar,1170,1.14792
F3 two-stage conditional,Calendar,1171,1.00258
F3 two-stage conditional,Calendar,1172,1.03708
F3 two-stage conditional,Calendar,1173,1.04268
F3 two-stage conditional,Calendar,1174,1.03901
F3 two-stage conditional,Calendar,1175,1.0277
F3 two-stage conditional,Calendar,1176,1.02043
F3 two-stage conditional,Calendar,1177,1.0228
F3 two-stage conditional,Calendar,1178,1.02805
F3 two-stage conditional,Calendar,1179,1.05181
F3 two-stage conditional,Calendar,1180,1.00788
F3 two-stage conditional,Calendar,1181,1.00004
F3 two-stage conditional,Calendar,1182,1.00175
F3 two-stage conditional,Calendar,1183,1.0067
F3 two-stage conditional,Calendar,1184,1.00808
F3 two-stage conditional,Calendar,1185,1.00761
F3 two-stage conditional,Calendar,1186,1.03249
F3 two-stage conditional,Calendar,1187,1.048
F3 two-stage conditional,Calendar,1188,1.03369
F3 two-stage conditional,Calendar,1189,1.02093
F3 two-stage conditional,Calendar,1190,1.17412
F3 two-stage conditional,Calendar,1191,1.0274
F3 two-stage conditional,Calendar,1192,1.00333
F3 two-stage conditional,Calendar,1193,0.994308
F3 two-stage conditional,Calendar,1194,1.00618
F3 two-stage conditional,Calendar,1195,1.07147
F3 two-stage conditional,Calendar,1196,1.0596
F3 two-stage conditional,Calendar,1197,1.02703
F3 two-stage conditional,Calendar,1198,1.12785
F3 two-stage conditional,Calendar,1199,1.09825
F3 two-stage conditional,Calendar,1200,1.05103
F3 two-stage conditional,Calendar,1201,1.07112
F3 two-stage conditional,Calendar,1202,1.03591
F3 two-stage conditional,Calendar,1203,1.05984
F3 two-stage conditional,Calendar,1204,1.05143
F3 two-stage conditional,Calendar,1205,1.14163
F3 two-stage conditional,Calendar,1206,1.05245
F3 two-stage conditional,Calendar,1207,1.05108
F3 two-stage conditional,Calendar,1208,1.04358
F3 two-stage conditional,Calendar,1209,1.06173
F3 two-stage conditional,Calendar,1210,1.03387
F3 two-stage conditional,Calendar,1211,1.03449
F3 two-stage conditional,Calendar,1212,1.10404
F3 two-stage conditional,Calendar,1213,1.02121
F3 two-stage conditional,Calendar,1214,1.04251
F3 two-stage conditional,Calendar,1215,1.02805
F3 two-stage conditional,Calendar,1216,1.06911
F3 two-stage conditional,Calendar,1217,1.06904
F3 two-stage conditional,Calendar,1218,1.12189
F3 two-stage conditional,Calendar,1219,1.05073
F3 two-stage conditional,Calendar,1220,1.07809
F3 two-stage conditional,Calendar,1221,1.05349
F3 two-stage conditional,Calendar,1222,1.01908
F3 two-stage conditional,Calendar,1223,1.00385
F3 two-stage conditional,Calendar,1224,1.01445
F3 two-stage conditional,Calendar,1225,1.04249
F3 two-stage conditional,Calendar,1226,1.0402
F3 two-stage conditional,Calendar,1227,1.09864
F3 two-stage conditional,Calendar,1228,1.10157
F3 two-stage conditional,Calendar,1229,1.06338
F3 two-stage conditional,Calendar,1230,1.0342
F3 two-stage conditional,Calendar,1231,1.11863
F3 two-stage conditional,Calendar,1232,1.05509
F3 two-stage conditional,Calendar,1233,1.0556
F3 two-stage conditional,Calendar,1234,1.09059
F3 two-stage conditional,Calendar,1235,1.05011
F3 two-stage conditional,Calendar,1236,1.04948
F3 two-stage conditional,Calendar,1237,1.04448
F3 two-stage conditional,Calendar,1238,1.02043
F3 two-stage conditional,Calendar,1239,1.00806
F3 two-stage conditional,Calendar,1240,1.1221
F3 two-stage conditional,Calendar,1241,1.13862
F3 two-stage conditional,Calendar,1242,1.04544
F3 two-stage conditional,Calendar,1243,0.992167
F3 two-stage conditional,Calendar,1244,0.955439
F3 two-stage conditional,Calendar,1245,1.03499
F3 two-stage conditional,Calendar,1246,0.959287
F3 two-stage conditional,Calendar,1247,1.08627
F3 two-stage conditional,Calendar,1248,1.21787
F3 two-stage conditional,Calendar,1249,1.0193
F3 two-stage conditional,Calendar,1250,1.10878
F3 two-stage conditional,Calendar,1251,1.06357
F3 two-stage conditional,Calendar,1252,1.05934
F3 two-stage conditional,Calendar,1253,1.06523
F3 two-stage conditional,Calendar,1254,1.06368
F3 two-stage conditional,Calendar,1255,1.09188
F3 two-stage conditional,Calendar,1256,1.05812
F3 two-stage conditional,Calendar,1257,1.01595
F3 two-stage conditional,Calendar,1258,1.01877
F3 two-stage conditional,Calendar,1259,1.00945
F3 two-stage conditional,Calendar,1260,1.00315
F3 two-stage conditional,Calendar,1261,1.00501
F3 two-stage conditional,Calendar,1262,1.0052
F3 two-stage conditional,Calendar,1263,1.00338
F3 two-stage conditional,Calendar,1264,1.05109
F3 two-stage conditional,Calendar,1265,1.09155
F3 two-stage conditional,Calendar,1266,1.02771
F3 two-stage conditional,Calendar,1267,1.00027
F3 two-stage conditional,Calendar,1268,1.07958
F3 two-stage conditional,Calendar,1269,1.10296
F3 two-stage conditional,Calendar,1270,1.07135
F3 two-stage conditional,Calendar,1271,1.04651
F3 two-stage conditional,Calendar,1272,1.02065
F3 two-stage conditional,Calendar,1273,1.03215
F3 two-stage conditional,Calendar,1274,1.00136
F3 two-stage conditional,Calendar,1275,1.0084
F3 two-stage conditional,Calendar,1276,1.01848
F3 two-stage conditional,Calendar,1277,1.02297
F3 two-stage conditional,Calendar,1278,1.09154
F3 two-stage conditional,Calendar,1279,0.996982
F3 two-stage conditional,Calendar,1280,0.987224
F3 two-stage conditional,Calendar,1281,1.02941
F3 two-stage conditional,Calendar,1282,1.04633
F3 two-stage conditional,Calendar,1283,1.05296
F3 two-stage conditional,Calendar,1284,1.01808
F3 two-stage conditional,Calendar,1285,0.980679
F3 two-stage conditional,Calendar,1286,1.05326
F3 two-stage conditional,Calendar,1287,1.03463
F3 two-stage conditional,Calendar,1288,1.1377
F3 two-stage conditional,Calendar,1289,1.0648
F3 two-stage conditional,Calendar,1290,1.05793
F3 two-stage conditional,Calendar,1291,1.03278
F3 two-stage conditional,Calendar,1292,1.05953
F3 two-stage conditional,Calendar,1293,1.01976
F3 two-stage conditional,Calendar,1294,1.06673
F3 two-stage conditional,Calendar,1295,1.11525
F3 two-stage conditional,Calendar,1296,1.08153
F3 two-stage conditional,Calendar,1297,1.05052
F3 two-stage conditional,Calendar,1298,1.01625
F3 two-stage conditional,Calendar,1299,0.997016
F3 two-stage conditional,Calendar,1300,1.00631
F3 two-stage conditional,Calendar,1301,1.06141
F3 two-stage conditional,Calendar,1302,1.00969
F3 two-stage conditional,Calendar,1303,1.02644
F3 two-stage conditional,Calendar,1304,1.00383
F3 two-stage conditional,Calendar,1305,1.01163
F3 two-stage conditional,Calendar,1306,1.02064
F3 two-stage conditional,Calendar,1307,1.08216
F3 two-stage conditional,Calendar,1308,1.07355
F3 two-stage conditional,Calendar,1309,1.06519
F3 two-stage conditional,Calendar,1310,1.04157
F3 two-stage conditional,Calendar,1311,1.03172
F3 two-stage conditional,Calendar,1312,1.07989
F3 two-stage conditional,Calendar,1313,1.08996
F3 two-stage conditional,Calendar,1314,1.07709
F3 two-stage conditional,Calendar,1315,1.05028
F3 two-stage conditional,Calendar,1316,1.03407
F3 two-stage conditional,Calendar,1317,1.10399
F3 two-stage conditional,Calendar,1318,1.03479
F3 two-stage conditional,Calendar,1319,1.04474
F3 two-stage conditional,Calendar,1320,1.07111
F3 two-stage conditional,Calendar,1321,1.01453
F3 two-stage conditional,Calendar,1322,1.0093
F3 two-stage conditional,Calendar,1323,1.04609
F3 two-stage conditional,Calendar,1324,1.02915
F3 two-stage conditional,Calendar,1325,1.02658
F3 two-stage conditional,Calendar,1326,1.0507
F3 two-stage conditional,Calendar,1327,0.992019
F3 two-stage conditional,Calendar,1328,1.02472
F3 two-stage conditional,Calendar,1329,1.05744
F3 two-stage conditional,Calendar,1330,1.10081
F3 two-stage conditional,Calendar,1331,1.04693
F3 two-stage conditional,Calendar,1332,1.1518
F3 two-stage conditional,Calendar,1333,1.17206
F3 two-stage conditional,Calendar,1334,1.0503
F3 two-stage conditional,Calendar,1335,1.09014
F3 two-stage conditional,Calendar,1336,1.03514
F3 two-stage conditional,Calendar,1337,0.993174
F3 two-stage conditional,Calendar,1338,1.06946
F3 two-stage conditional,Calendar,1339,1.31827
F3 two-stage conditional,Calendar,1340,1.08054
F3 two-stage conditional,Calendar,1341,1.03556
F3 two-stage conditional,Calendar,1342,1.0323
F3 two-stage conditional,Calendar,1343,1.03792
F3 two-stage conditional,Calendar,1344,1.14154
F3 two-stage conditional,Calendar,1345,1.10565
F3 two-stage conditional,Calendar,1346,1.10832
F3 two-stage conditional,Calendar,1347,0.999961
F3 two-stage conditional,Calendar,1348,1.05776
F3 two-stage conditional,Calendar,1349,1.01537
F3 two-stage conditional,Calendar,1350,1.10251
F3 two-stage conditional,Calendar,1351,1.0522
F3 two-stage conditional,Calendar,1352,1.07479
F3 two-stage conditional,Calendar,1353,1.06271
F3 two-stage conditional,Calendar,1354,1.04036
F3 two-stage conditional,Calendar,1355,1.06858
F3 two-stage conditional,Calendar,1356,1.01897
F3 two-stage conditional,Calendar,1357,1.0457
F3 two-stage conditional,Calendar,1358,1.02064
F3 two-stage conditional,Calendar,1359,1.01848
F3 two-stage conditional,Calendar,1360,0.973864
F3 two-stage conditional,Calendar,1361,1.14131
F3 two-stage conditional,Calendar,1362,1.07263
F3 two-stage conditional,Calendar,1363,1.05609
F3 two-stage conditional,Calendar,1364,1.06393
F3 two-stage conditional,Calendar,1365,1.08815
F3 two-stage conditional,Calendar,1366,1.05899
F3 two-stage conditional,Calendar,1367,1.0681
F3 two-stage conditional,Calendar,1368,1.07305
F3 two-stage conditional,Calendar,1369,1.0716
F3 two-stage conditional,Calendar,1370,1.03169
F3 two-stage conditional,Calendar,1371,1.12082
F3 two-stage conditional,Calendar,1372,1.08202
F3 two-stage conditional,Calendar,1373,1.01063
F3 two-stage conditional,Calendar,1374,1.17081
F3 two-stage conditional,Calendar,1375,1.06014
F3 two-stage conditional,Calendar,1376,1.02911
F3 two-stage conditional,Calendar,1377,1.00045
F3 two-stage conditional,Calendar,1378,1.00009
F3 two-stage conditional,Calendar,1379,1.00118
F3 two-stage conditional,Calendar,1380,1.00053
F3 two-stage conditional,Calendar,1381,1.00219
F3 two-stage conditional,Calendar,1382,1.00539
F3 two-stage conditional,Calendar,1383,0.986233
F3 two-stage conditional,Calendar,1384,1.10444
F3 two-stage conditional,Calendar,1385,1.05594
F3 two-stage conditional,Calendar,1386,1.01516
F3 two-stage conditional,Calendar,1387,0.981506
F3 two-stage conditional,Calendar,1388,1.07284
F3 two-stage conditional,Calendar,1389,1.06851
F3 two-stage conditional,Calendar,1390,1.07785
F3 two-stage conditional,Calendar,1391,1.10259
F3 two-stage conditional,Calendar,1392,1.05086
F3 two-stage conditional,Calendar,1393,1.10907
F3 two-stage conditional,Calendar,1394,1.10695
F3 two-stage conditional,Calendar,1395,1.09871
F3 two-stage conditional,Calendar,1396,1.01608
F3 two-stage conditional,Calendar,1397,0.996359
F3 two-stage conditional,Calendar,1398,1.04505
F3 two-stage conditional,Calendar,1399,1.0107
F3 two-stage conditional,Calendar,1400,1.09392
F3 two-stage conditional,Calendar,1401,1.08017
F3 two-stage conditional,Calendar,1402,1.00918
F3 two-stage conditional,Calendar,1403,1.04426
F3 two-stage conditional,Calendar,1404,1.1302
F3 two-stage conditional,Calendar,1405,1.07704
F3 two-stage conditional,Calendar,1406,1.06798
F3 two-stage conditional,Calendar,1407,1.14127
F3 two-stage conditional,Calendar,1408,1.0391
F3 two-stage conditional,Calendar,1409,1.0172
F3 two-stage conditional,Calendar,1410,1.0712
F3 two-stage conditional,Calendar,1411,1.0367
F3 two-stage conditional,Calendar,1412,1.05432
F3 two-stage conditional,Calendar,1413,1.01905
F3 two-stage conditional,Calendar,1414,1.02984
F3 two-stage conditional,Calendar,1415,1.02888
F3 two-stage conditional,Calendar,1416,1.00129
F3 two-stage conditional,Calendar,1417,1.04486
F3 two-stage conditional,Calendar,1418,1.05206
F3 two-stage conditional,Calendar,1419,1.03633
F3 two-stage conditional,Calendar,1420,1.03253
F3 two-stage conditional,Calendar,1421,1.06893
F3 two-stage conditional,Calendar,1422,1.05671
F3 two-stage conditional,Calendar,1423,1.05252
F3 two-stage conditional,Calendar,1424,1.00191
F3 two-stage conditional,Calendar,1425,1.00033
F3 two-stage conditional,Calendar,1426,0.998556
F3 two-stage conditional,Calendar,1427,1.00194
F3 two-stage conditional,Calendar,1428,0.997979
F3 two-stage conditional,Calendar,1429,1.00414
F3 two-stage conditional,Calendar,1430,1.00465
F3 two-stage conditional,Calendar,1431,1.00303
F3 two-stage conditional,Calendar,1432,1.00023
F3 two-stage conditional,Calendar,1433,1.0103
F3 two-stage conditional,Calendar,1434,1.00347
F3 two-stage conditional,Calendar,1435,1.007
F3 two-stage conditional,Calendar,1436,1.11454
F3 two-stage conditional,Calendar,1437,1.09888
F3 two-stage conditional,Calendar,1438,1.08685
F3 two-stage conditional,Calendar,1439,1.04793
F3 two-stage conditional,Calendar,1440,1.06823
F3 two-stage conditional,Calendar,1441,1.13126
F3 two-stage conditional,Calendar,1442,1.08045
F3 two-stage conditional,Calendar,1443,1.05754
F3 two-stage conditional,Calendar,1444,1.0525
F3 two-stage conditional,Calendar,1445,1.06901
F3 two-stage conditional,Calendar,1446,1.17138
F3 two-stage conditional,Calendar,1447,1.10956
F3 two-stage conditional,Calendar,1448,1.10835
F3 two-stage conditional,Calendar,1449,1.03447
F3 two-stage conditional,Calendar,1450,1.01186
F3 two-stage conditional,Calendar,1451,1.16517
F3 two-stage conditional,Calendar,1452,1.01319
F3 two-stage conditional,Calendar,1453,1.10112
F3 two-stage conditional,Calendar,1454,1.0165
F3 two-stage conditional,Calendar,1455,1.08147
F3 two-stage conditional,Calendar,1456,1.05497
F3 two-stage conditional,Calendar,1457,1.0218
F3 two-stage conditional,Calendar,1458,1.09435
F3 two-stage conditional,Calendar,1459,1.01824
F3 two-stage conditional,Calendar,1460,1.0847
F3 two-stage conditional,Calendar,1461,1.0271
F3 two-stage conditional,Calendar,1462,1.02924
F3 two-stage conditional,Calendar,1463,1.04019
F3 two-stage conditional,Calendar,1464,1.04824
F3 two-stage conditional,Calendar,1465,1.22222
F3 two-stage conditional,Calendar,1466,1.00528
F3 two-stage conditional,Calendar,1467,1.02389
F3 two-stage conditional,Calendar,1468,1.02732
F3 two-stage conditional,Calendar,1469,1.02841
F3 two-stage conditional,Calendar,1470,1.07052
F3 two-stage conditional,Calendar,1471,1.02494
F3 two-stage conditional,Calendar,1472,1.00587
F3 two-stage conditional,Calendar,1473,1.0045
F3 two-stage conditional,Calendar,1474,0.9996
F3 two-stage conditional,Calendar,1475,1.06247
F3 two-stage conditional,Calendar,1476,1.03629
F3 two-stage conditional,Calendar,1477,1.09695
F3 two-stage conditional,Calendar,1478,1.04657
F3 two-stage conditional,Calendar,1479,1.04829
F3 two-stage conditional,Calendar,1480,1.07546
F3 two-stage conditional,Calendar,1481,1.0726
F3 two-stage conditional,Calendar,1482,1.03369
F3 two-stage conditional,Calendar,1483,1.08978
F3 two-stage conditional,Calendar,1484,1.03896
F3 two-stage conditional,Calendar,1485,1.01312
F3 two-stage conditional,Calendar,1486,0.969832
F3 two-stage conditional,Calendar,1487,1.09152
F3 two-stage conditional,Calendar,1488,1.04059
F3 two-stage conditional,Calendar,1489,1.03412
F3 two-stage conditional,Calendar,1490,1.03274
F3 two-stage conditional,Calendar,1491,1.09713
F3 two-stage conditional,Calendar,1492,1.07187
F3 two-stage conditional,Calendar,1493,1.06147
F3 two-stage conditional,Calendar,1494,1.06324
F3 two-stage conditional,Calendar,1495,1.01481
F3 two-stage conditional,Calendar,1496,0.998045
F3 two-stage conditional,Calendar,1497,1.04037
F3 two-stage conditional,Calendar,1498,0.999818
F3 two-stage conditional,Calendar,1499,0.995599
F3 two-stage conditional,Calendar,1500,1.00407
F3 two-stage conditional,Calendar,1501,1.00361
F3 two-stage conditional,Calendar,1502,1.00005
F3 two-stage conditional,Calendar,1503,1.00004
F3 two-stage conditional,Calendar,1504,0.999941
F3 two-stage conditional,Calendar,1505,1.00004
F3 two-stage conditional,Calendar,1506,1.0061
F3 two-stage conditional,Calendar,1507,1.01627
F3 two-stage conditional,Calendar,1508,1.03133
F3 two-stage conditional,Calendar,1509,1.00176
F3 two-stage conditional,Calendar,1510,1.05367
F3 two-stage conditional,Calendar,1511,1.07255
F3 two-stage conditional,Calendar,1512,1.00525
F3 two-stage conditional,Calendar,1513,1.06041
F3 two-stage conditional,Calendar,1514,1.05367
F3 two-stage conditional,Calendar,1515,1.13068
F3 two-stage conditional,Calendar,1516,1.00029
F3 two-stage conditional,Calendar,1517,1.0004
F3 two-stage conditional,Calendar,1518,1.00175
F3 two-stage conditional,Calendar,1519,1.00707
F3 two-stage conditional,Calendar,1520,1.08068
F3 two-stage conditional,Calendar,1521,1.03587
F3 two-stage conditional,Calendar,1522,1.0375
F3 two-stage conditional,Calendar,1523,1.0475
F3 two-stage conditional,Calendar,1524,1.14933
F3 two-stage conditional,Calendar,1525,1.03918
F3 two-stage conditional,Calendar,1526,1.03061
F3 two-stage conditional,Calendar,1527,1.045
F3 two-stage conditional,Calendar,1528,1.15125
F3 two-stage conditional,Calendar,1529,1.04296
F3 two-stage conditional,Calendar,1530,1.06152
F3 two-stage conditional,Calendar,1531,0.966915
F3 two-stage conditional,Calendar,1532,1.03745
F3 two-stage conditional,Calendar,1533,1.05325
F3 two-stage conditional,Calendar,1534,0.972553
F3 two-stage conditional,Calendar,1535,0.998964
F3 two-stage conditional,Calendar,1536,1.04785
F3 two-stage conditional,Calendar,1537,1.09442
F3 two-stage conditional,Calendar,1538,1.06123
F3 two-stage conditional,Calendar,1539,1.06043
F3 two-stage conditional,Calendar,1540,1.04887
F3 two-stage conditional,Calendar,1541,0.977027
F3 two-stage conditional,Calendar,1542,1.17574
F3 two-stage conditional,Calendar,1543,1.18573
F3 two-stage conditional,Calendar,1544,1.03469
F3 two-stage conditional,Calendar,1545,1.0445
F3 two-stage conditional,Calendar,1546,1.01078
F3 two-stage conditional,Calendar,1547,1.04412
F3 two-stage conditional,Calendar,1548,1.02097
F3 two-stage conditional,Calendar,1549,1.04848
F3 two-stage conditional,Calendar,1550,1.06279
F3 two-stage conditional,Calendar,1551,1.0363
F3 two-stage conditional,Calendar,1552,1.07599
F3 two-stage conditional,Calendar,1553,1.10647
F3 two-stage conditional,Calendar,1554,1.06743
F3 two-stage conditional,Calendar,1555,1.03376
F3 two-stage conditional,Calendar,1556,1.09609
F3 two-stage conditional,Calendar,1557,1.00401
F3 two-stage conditional,Calendar,1558,1.12259
F3 two-stage conditional,Calendar,1559,1.09824
F3 two-stage conditional,Calendar,1560,1.04415
F3 two-stage conditional,Calendar,1561,1.01981
F3 two-stage conditional,Calendar,1562,1.15816
F3 two-stage conditional,Calendar,1563,1.05223
F3 two-stage conditional,Calendar,1564,1.03353
F3 two-stage conditional,Calendar,1565,1.13728
F3 two-stage conditional,Calendar,1566,1.03787
F3 two-stage conditional,Calendar,1567,1.06462
F3 two-stage conditional,Calendar,1568,1.05281
F3 two-stage conditional,Calendar,1569,1.00141
F3 two-stage conditional,Calendar,1570,1.03172
F3 two-stage conditional,Calendar,1571,1.10271
F3 two-stage conditional,Calendar,1572,1.00807
F3 two-stage conditional,Calendar,1573,1.0885
F3 two-stage conditional,Calendar,1574,1.01043
F3 two-stage conditional,Calendar,1575,1.09746
F3 two-stage conditional,Calendar,1576,1.04414
F3 two-stage conditional,Calendar,1577,1.05144
F3 two-stage conditional,Calendar,1578,1.05467
F3 two-stage conditional,Calendar,1579,1.06592
F3 two-stage conditional,Calendar,1580,1.04353
F3 two-stage conditional,Calendar,1581,1.08903
F3 two-stage conditional,Calendar,1582,1.04674
F3 two-stage conditional,Calendar,1583,1.10461
F3 two-stage conditional,Calendar,1584,1.03866
F3 two-stage conditional,Calendar,1585,1.0372
F3 two-stage conditional,Calendar,1586,1.04283
F3 two-stage conditional,Calendar,1587,0.998313
F3 two-stage conditional,Calendar,1588,1.12975
F3 two-stage conditional,Calendar,1589,1.14053
F3 two-stage conditional,Calendar,1590,1.00972
F3 two-stage conditional,Calendar,1591,1.01967
F3 two-stage conditional,Calendar,1592,1.03249
F3 two-stage conditional,Calendar,1593,1.01366
F3 two-stage conditional,Calendar,1594,1.01909
F3 two-stage conditional,Calendar,1595,1.01487
F3 two-stage conditional,Calendar,1596,1.02965
F3 two-stage conditional,Calendar,1597,1.01384
F3 two-stage conditional,Calendar,1598,1.01024
F3 two-stage conditional,Calendar,1599,1.00832
F3 two-stage conditional,Calendar,1600,1.0166
F3 two-stage conditional,Bracelet,1,1.055
F3 two-stage conditional,Bracelet,2,1.07973
F3 two-stage conditional,Bracelet,3,1.0209
F3 two-stage conditional,Bracelet,4,1.04556
F3 two-stage conditional,Bracelet,5,1.05787
F3 two-stage conditional,Bracelet,6,1.0658
F3 two-stage conditional,Bracelet,7,1.02371
F3 two-stage conditional,Bracelet,8,1.01387
F3 two-stage conditional,Bracelet,9,1.03507
F3 two-stage conditional,Bracelet,10,1.01833
F3 two-stage conditional,Bracelet,11,1.00014
F3 two-stage conditional,Bracelet,12,1.00824
F3 two-stage conditional,Bracelet,13,1.0081
F3 two-stage conditional,Bracelet,14,1.01112
F3 two-stage conditional,Bracelet,15,1.00401
F3 two-stage conditional,Bracelet,16,1.00252
F3 two-stage conditional,Bracelet,17,1.00433
F3 two-stage conditional,Bracelet,18,1.01007
F3 two-stage conditional,Bracelet,19,1.00135
F3 two-stage conditional,Bracelet,20,1.00023
F3 two-stage conditional,Bracelet,21,1.00004
F3 two-stage conditional,Bracelet,22,1.00013
F3 two-stage conditional,Bracelet,23,1.00022
F3 two-stage conditional,Bracelet,24,1.00429
F3 two-stage conditional,Bracelet,25,1.00655
F3 two-stage conditional,Bracelet,26,1.01283
F3 two-stage conditional,Bracelet,27,1.08767
F3 two-stage conditional,Bracelet,28,0.99509
F3 two-stage conditional,Bracelet,29,1.03445
F3 two-stage conditional,Bracelet,30,1.05343
F3 two-stage conditional,Bracelet,31,1.01457
F3 two-stage conditional,Bracelet,32,1.05239
F3 two-stage conditional,Bracelet,33,1.04711
F3 two-stage conditional,Bracelet,34,1.05427
F3 two-stage conditional,Bracelet,35,1.03317
F3 two-stage conditional,Bracelet,36,1.04897
F3 two-stage conditional,Bracelet,37,1.1401
F3 two-stage conditional,Bracelet,38,1.01824
F3 two-stage conditional,Bracelet,39,1.08896
F3 two-stage conditional,Bracelet,40,1.04225
F3 two-stage conditional,Bracelet,41,1.00354
F3 two-stage conditional,Bracelet,42,1.00805
F3 two-stage conditional,Bracelet,43,1.00436
F3 two-stage conditional,Bracelet,44,1.05508
F3 two-stage conditional,Bracelet,45,1.06109
F3 two-stage conditional,Bracelet,46,1.0258
F3 two-stage conditional,Bracelet,47,1.03457
F3 two-stage conditional,Bracelet,48,1.03828
F3 two-stage conditional,Bracelet,49,1.04197
F3 two-stage conditional,Bracelet,50,1.07501
F3 two-stage conditional,Bracelet,51,1.1552
F3 two-stage conditional,Bracelet,52,1.0127
F3 two-stage conditional,Bracelet,53,1.19283
F3 two-stage conditional,Bracelet,54,1.12314
F3 two-stage conditional,Bracelet,55,1.02933
F3 two-stage conditional,Bracelet,56,1.04542
F3 two-stage conditional,Bracelet,57,1.01193
F3 two-stage conditional,Bracelet,58,1.05197
F3 two-stage conditional,Bracelet,59,1.03437
F3 two-stage conditional,Bracelet,60,1.06692
F3 two-stage conditional,Bracelet,61,1.06247
F3 two-stage conditional,Bracelet,62,1.11464
F3 two-stage conditional,Bracelet,63,1.12281
F3 two-stage conditional,Bracelet,64,1.05844
F3 two-stage conditional,Bracelet,65,1.01274
F3 two-stage conditional,Bracelet,66,1.07688
F3 two-stage conditional,Bracelet,67,1.08466
F3 two-stage conditional,Bracelet,68,1.0668
F3 two-stage conditional,Bracelet,69,1.07633
F3 two-stage conditional,Bracelet,70,1.0877
F3 two-stage conditional,Bracelet,71,1.05058
F3 two-stage conditional,Bracelet,72,1.03384
F3 two-stage conditional,Bracelet,73,1.09394
F3 two-stage conditional,Bracelet,74,1.13241
F3 two-stage conditional,Bracelet,75,1.00016
F3 two-stage conditional,Bracelet,76,1.00057
F3 two-stage conditional,Bracelet,77,1.00016
F3 two-stage conditional,Bracelet,78,1.00434
F3 two-stage conditional,Bracelet,79,1.02832
F3 two-stage conditional,Bracelet,80,1.00087
F3 two-stage conditional,Bracelet,81,1.0047
F3 two-stage conditional,Bracelet,82,1.02034
F3 two-stage conditional,Bracelet,83,1.01039
F3 two-stage conditional,Bracelet,84,1.08271
F3 two-stage conditional,Bracelet,85,1.07088
F3 two-stage conditional,Bracelet,86,1.09459
F3 two-stage conditional,Bracelet,87,1.04881
F3 two-stage conditional,Bracelet,88,1.12077
F3 two-stage conditional,Bracelet,89,1.05274
F3 two-stage conditional,Bracelet,90,1.11905
F3 two-stage conditional,Bracelet,91,1.03465
F3 two-stage conditional,Bracelet,92,1.08671
F3 two-stage conditional,Bracelet,93,1.06001
F3 two-stage conditional,Bracelet,94,1.10192
F3 two-stage conditional,Bracelet,95,1.03551
F3 two-stage conditional,Bracelet,96,1.12145
F3 two-stage conditional,Bracelet,97,1.14654
F3 two-stage conditional,Bracelet,98,1.0071
F3 two-stage conditional,Bracelet,99,1.00383
F3 two-stage conditional,Bracelet,100,1.00689
F3 two-stage conditional,Bracelet,101,1.00446
F3 two-stage conditional,Bracelet,102,1.00618
F3 two-stage conditional,Bracelet,103,1.00634
F3 two-stage conditional,Bracelet,104,1.00326
F3 two-stage conditional,Bracelet,105,1.00685
F3 two-stage conditional,Bracelet,106,1.00586
F3 two-stage conditional,Bracelet,107,1.01676
F3 two-stage conditional,Bracelet,108,1.03417
F3 two-stage conditional,Bracelet,109,1.02453
F3 two-stage conditional,Bracelet,110,1.07913
F3 two-stage conditional,Bracelet,111,1.09895
F3 two-stage conditional,Bracelet,112,1.02642
F3 two-stage conditional,Bracelet,113,1.02989
F3 two-stage conditional,Bracelet,114,1.08641
F3 two-stage conditional,Bracelet,115,1.0661
F3 two-stage conditional,Bracelet,116,1.04478
F3 two-stage conditional,Bracelet,117,1.10036
F3 two-stage conditional,Bracelet,118,1.0124
F3 two-stage conditional,Bracelet,119,1.08134
F3 two-stage conditional,Bracelet,120,1.04112
F3 two-stage conditional,Bracelet,121,1.06544
F3 two-stage conditional,Bracelet,122,1.11381
F3 two-stage conditional,Bracelet,123,1.09557
F3 two-stage conditional,Bracelet,124,1.02559
F3 two-stage conditional,Bracelet,125,1.05244
F3 two-stage conditional,Bracelet,126,1.0943
F3 two-stage conditional,Bracelet,127,1.03812
F3 two-stage conditional,Bracelet,128,1.04644
F3 two-stage conditional,Bracelet,129,1.06774
F3 two-stage conditional,Bracelet,130,1.09517
F3 two-stage conditional,Bracelet,131,1.01073
F3 two-stage conditional,Bracelet,132,1.10243
F3 two-stage conditional,Bracelet,133,1.08459
F3 two-stage conditional,Bracelet,134,1.08067
F3 two-stage conditional,Bracelet,135,1.10434
F3 two-stage conditional,Bracelet,136,1.05983
F3 two-stage conditional,Bracelet,137,1.03268
F3 two-stage conditional,Bracelet,138,1.09846
F3 two-stage conditional,Bracelet,139,1.03005
F3 two-stage conditional,Bracelet,140,1.05317
F3 two-stage conditional,Bracelet,141,1.05257
F3 two-stage conditional,Bracelet,142,1.03872
F3 two-stage conditional,Bracelet,143,1.03597
F3 two-stage conditional,Bracelet,144,1.06338
F3 two-stage conditional,Bracelet,145,0.993922
F3 two-stage conditional,Bracelet,146,1.02279
F3 two-stage conditional,Bracelet,147,1.00041
F3 two-stage conditional,Bracelet,148,1.00238
F3 two-stage conditional,Bracelet,149,1.08598
F3 two-stage conditional,Bracelet,150,1.05498
F3 two-stage conditional,Bracelet,151,1.0451
F3 two-stage conditional,Bracelet,152,1.07362
F3 two-stage conditional,Bracelet,153,1.0079
F3 two-stage conditional,Bracelet,154,1.01834
F3 two-stage conditional,Bracelet,155,1.00255
F3 two-stage conditional,Bracelet,156,1.0106
F3 two-stage conditional,Bracelet,157,1.01055
F3 two-stage conditional,Bracelet,158,1.01996
F3 two-stage conditional,Bracelet,159,1.00059
F3 two-stage conditional,Bracelet,160,0.999986
F3 two-stage conditional,Bracelet,161,1.00104
F3 two-stage conditional,Bracelet,162,1.0016
F3 two-stage conditional,Bracelet,163,1.0004
F3 two-stage conditional,Bracelet,164,1.00033
F3 two-stage conditional,Bracelet,165,1.02299
F3 two-stage conditional,Bracelet,166,1.00883
F3 two-stage conditional,Bracelet,167,1.00501
F3 two-stage conditional,Bracelet,168,1.05812
F3 two-stage conditional,Bracelet,169,1.01719
F3 two-stage conditional,Bracelet,170,1.05624
F3 two-stage conditional,Bracelet,171,1.03084
F3 two-stage conditional,Bracelet,172,1.00063
F3 two-stage conditional,Bracelet,173,1.01398
F3 two-stage conditional,Bracelet,174,1.00871
F3 two-stage conditional,Bracelet,175,1.00297
F3 two-stage conditional,Bracelet,176,1.0224
F3 two-stage conditional,Bracelet,177,1.00765
F3 two-stage conditional,Bracelet,178,1.04163
F3 two-stage conditional,Bracelet,179,1.01176
F3 two-stage conditional,Bracelet,180,1.11738
F3 two-stage conditional,Bracelet,181,1.06363
F3 two-stage conditional,Bracelet,182,0.994339
F3 two-stage conditional,Bracelet,183,1.09904
F3 two-stage conditional,Bracelet,184,1.07611
F3 two-stage conditional,Bracelet,185,1.0694
F3 two-stage conditional,Bracelet,186,1.10366
F3 two-stage conditional,Bracelet,187,1.09444
F3 two-stage conditional,Bracelet,188,1.01391
F3 two-stage conditional,Bracelet,189,1.00691
F3 two-stage conditional,Bracelet,190,0.997853
F3 two-stage conditional,Bracelet,191,1.00358
F3 two-stage conditional,Bracelet,192,1.01066
F3 two-stage conditional,Bracelet,193,1.0236
F3 two-stage conditional,Bracelet,194,1.00044
F3 two-stage conditional,Bracelet,195,1.00012
F3 two-stage conditional,Bracelet,196,1.00105
F3 two-stage conditional,Bracelet,197,1.00355
F3 two-stage conditional,Bracelet,198,1.00957
F3 two-stage conditional,Bracelet,199,1.04639
F3 two-stage conditional,Bracelet,200,1.10315
F3 two-stage conditional,Bracelet,201,1.0236
F3 two-stage conditional,Bracelet,202,1.02892
F3 two-stage conditional,Bracelet,203,1.04379
F3 two-stage conditional,Bracelet,204,1.07598
F3 two-stage conditional,Bracelet,205,1.00413
F3 two-stage conditional,Bracelet,206,1.17087
F3 two-stage conditional,Bracelet,207,1.02424
F3 two-stage conditional,Bracelet,208,1.08761
F3 two-stage conditional,Bracelet,209,1.09946
F3 two-stage conditional,Bracelet,210,1.0508
F3 two-stage conditional,Bracelet,211,1.09486
F3 two-stage conditional,Bracelet,212,1.05133
F3 two-stage conditional,Bracelet,213,1.10362
F3 two-stage conditional,Bracelet,214,1.01904
F3 two-stage conditional,Bracelet,215,1.02074
F3 two-stage conditional,Bracelet,216,1.10796
F3 two-stage conditional,Bracelet,217,1.02823
F3 two-stage conditional,Bracelet,218,1.09111
F3 two-stage conditional,Bracelet,219,1.04844
F3 two-stage conditional,Bracelet,220,1.0569
F3 two-stage conditional,Bracelet,221,1.0354
F3 two-stage conditional,Bracelet,222,1.13798
F3 two-stage conditional,Bracelet,223,1.05793
F3 two-stage conditional,Bracelet,224,1.05432
F3 two-stage conditional,Bracelet,225,1.05956
F3 two-stage conditional,Bracelet,226,1.03766
F3 two-stage conditional,Bracelet,227,1.03414
F3 two-stage conditional,Bracelet,228,1.00062
F3 two-stage conditional,Bracelet,229,1.00131
F3 two-stage conditional,Bracelet,230,1.01098
F3 two-stage conditional,Bracelet,231,1.00985
F3 two-stage conditional,Bracelet,232,1.08566
F3 two-stage conditional,Bracelet,233,1.02568
F3 two-stage conditional,Bracelet,234,1.01489
F3 two-stage conditional,Bracelet,235,1.00238
F3 two-stage conditional,Bracelet,236,1.0024
F3 two-stage conditional,Bracelet,237,1.00889
F3 two-stage conditional,Bracelet,238,1.00869
F3 two-stage conditional,Bracelet,239,0.999983
F3 two-stage conditional,Bracelet,240,1.00586
F3 two-stage conditional,Bracelet,241,0.997986
F3 two-stage conditional,Bracelet,242,1.00537
F3 two-stage conditional,Bracelet,243,1.00203
F3 two-stage conditional,Bracelet,244,1.00135
F3 two-stage conditional,Bracelet,245,1.00188
F3 two-stage conditional,Bracelet,246,1.00176
F3 two-stage conditional,Bracelet,247,1.05851
F3 two-stage conditional,Bracelet,248,1.01687
F3 two-stage conditional,Bracelet,249,1.05983
F3 two-stage conditional,Bracelet,250,1.08258
F3 two-stage conditional,Bracelet,251,1.15838
F3 two-stage conditional,Bracelet,252,1.11536
F3 two-stage conditional,Bracelet,253,1.10089
F3 two-stage conditional,Bracelet,254,1.07532
F3 two-stage conditional,Bracelet,255,1.13108
F3 two-stage conditional,Bracelet,256,1.00074
F3 two-stage conditional,Bracelet,257,1.1942
F3 two-stage conditional,Bracelet,258,1.03869
F3 two-stage conditional,Bracelet,259,1.0036
F3 two-stage conditional,Bracelet,260,1.04912
F3 two-stage conditional,Bracelet,261,1.04244
F3 two-stage conditional,Bracelet,262,1.06578
F3 two-stage conditional,Bracelet,263,1.02327
F3 two-stage conditional,Bracelet,264,1.04703
F3 two-stage conditional,Bracelet,265,1.16694
F3 two-stage conditional,Bracelet,266,1.06413
F3 two-stage conditional,Bracelet,267,1.06209
F3 two-stage conditional,Bracelet,268,1.05298
F3 two-stage conditional,Bracelet,269,1.06406
F3 two-stage conditional,Bracelet,270,1.08288
F3 two-stage conditional,Bracelet,271,1.03448
F3 two-stage conditional,Bracelet,272,1.10999
F3 two-stage conditional,Bracelet,273,1.06706
F3 two-stage conditional,Bracelet,274,1.10669
F3 two-stage conditional,Bracelet,275,1.06963
F3 two-stage conditional,Bracelet,276,1.0595
F3 two-stage conditional,Bracelet,277,1.06027
F3 two-stage conditional,Bracelet,278,1.02929
F3 two-stage conditional,Bracelet,279,1.01552
F3 two-stage conditional,Bracelet,280,1.00065
F3 two-stage conditional,Bracelet,281,1.14935
F3 two-stage conditional,Bracelet,282,1.07839
F3 two-stage conditional,Bracelet,283,0.997248
F3 two-stage conditional,Bracelet,284,1.00557
F3 two-stage conditional,Bracelet,285,1.00561
F3 two-stage conditional,Bracelet,286,1.00411
F3 two-stage conditional,Bracelet,287,1.00016
F3 two-stage conditional,Bracelet,288,1.00001
F3 two-stage conditional,Bracelet,289,1.00052
F3 two-stage conditional,Bracelet,290,1.00072
F3 two-stage conditional,Bracelet,291,1.00009
F3 two-stage conditional,Bracelet,292,1.0053
F3 two-stage conditional,Bracelet,293,1.00136
F3 two-stage conditional,Bracelet,294,1.00381
F3 two-stage conditional,Bracelet,295,1.00192
F3 two-stage conditional,Bracelet,296,0.999122
F3 two-stage conditional,Bracelet,297,0.987652
F3 two-stage conditional,Bracelet,298,1.06245
F3 two-stage conditional,Bracelet,299,1.00167
F3 two-stage conditional,Bracelet,300,1.0026
F3 two-stage conditional,Bracelet,301,1.0008
F3 two-stage conditional,Bracelet,302,1.00143
F3 two-stage conditional,Bracelet,303,1.00419
F3 two-stage conditional,Bracelet,304,1.00448
F3 two-stage conditional,Bracelet,305,1.00786
F3 two-stage conditional,Bracelet,306,1.00437
F3 two-stage conditional,Bracelet,307,1.10489
F3 two-stage conditional,Bracelet,308,1.09862
F3 two-stage conditional,Bracelet,309,1.09274
F3 two-stage conditional,Bracelet,310,1.04286
F3 two-stage conditional,Bracelet,311,1.03997
F3 two-stage conditional,Bracelet,312,1.13305
F3 two-stage conditional,Bracelet,313,1.04615
F3 two-stage conditional,Bracelet,314,1.13101
F3 two-stage conditional,Bracelet,315,1.09762
F3 two-stage conditional,Bracelet,316,1.02268
F3 two-stage conditional,Bracelet,317,1.01663
F3 two-stage conditional,Bracelet,318,1.04814
F3 two-stage conditional,Bracelet,319,1.04924
F3 two-stage conditional,Bracelet,320,1.05631
F3 two-stage conditional,Bracelet,321,1.08
F3 two-stage conditional,Bracelet,322,1.07082
F3 two-stage conditional,Bracelet,323,1.03924
F3 two-stage conditional,Bracelet,324,1.04763
F3 two-stage conditional,Bracelet,325,1.0786
F3 two-stage conditional,Bracelet,326,1.07465
F3 two-stage conditional,Bracelet,327,1.08574
F3 two-stage conditional,Bracelet,328,1.08775
F3 two-stage conditional,Bracelet,329,1.03767
F3 two-stage conditional,Bracelet,330,1.0159
F3 two-stage conditional,Bracelet,331,1.00421
F3 two-stage conditional,Bracelet,332,1.02404
F3 two-stage conditional,Bracelet,333,1.02167
F3 two-stage conditional,Bracelet,334,1.09484
F3 two-stage conditional,Bracelet,335,1.03164
F3 two-stage conditional,Bracelet,336,1.08757
F3 two-stage conditional,Bracelet,337,1.08705
F3 two-stage conditional,Bracelet,338,1.0724
F3 two-stage conditional,Bracelet,339,1.08134
F3 two-stage conditional,Bracelet,340,1.08785
F3 two-stage conditional,Bracelet,341,1.05607
F3 two-stage conditional,Bracelet,342,1.13445
F3 two-stage conditional,Bracelet,343,1.01028
F3 two-stage conditional,Bracelet,344,1.06967
F3 two-stage conditional,Bracelet,345,1.07294
F3 two-stage conditional,Bracelet,346,1.05081
F3 two-stage conditional,Bracelet,347,1.09488
F3 two-stage conditional,Bracelet,348,1.03417
F3 two-stage conditional,Bracelet,349,1.04459
F3 two-stage conditional,Bracelet,350,0.994726
F3 two-stage conditional,Bracelet,351,1.0224
F3 two-stage conditional,Bracelet,352,1.04848
F3 two-stage conditional,Bracelet,353,1.06616
F3 two-stage conditional,Bracelet,354,1.14901
F3 two-stage conditional,Bracelet,355,1.09426
F3 two-stage conditional,Bracelet,356,1.08501
F3 two-stage conditional,Bracelet,357,1.00774
F3 two-stage conditional,Bracelet,358,1.04394
F3 two-stage conditional,Bracelet,359,0.978213
F3 two-stage conditional,Bracelet,360,0.998484
F3 two-stage conditional,Bracelet,361,1.01488
F3 two-stage conditional,Bracelet,362,1.03897
F3 two-stage conditional,Bracelet,363,1.02975
F3 two-stage conditional,Bracelet,364,1.07492
F3 two-stage conditional,Bracelet,365,1.05008
F3 two-stage conditional,Bracelet,366,1.07776
F3 two-stage conditional,Bracelet,367,1.01143
F3 two-stage conditional,Bracelet,368,1.11451
F3 two-stage conditional,Bracelet,369,1.01883
F3 two-stage conditional,Bracelet,370,1.0014
F3 two-stage conditional,Bracelet,371,1.00998
F3 two-stage conditional,Bracelet,372,1.02823
F3 two-stage conditional,Bracelet,373,1.04604
F3 two-stage conditional,Bracelet,374,1.03521
F3 two-stage conditional,Bracelet,375,1.00558
F3 two-stage conditional,Bracelet,376,1.049
F3 two-stage conditional,Bracelet,377,1.07657
F3 two-stage conditional,Bracelet,378,1.01649
F3 two-stage conditional,Bracelet,379,1.08757
F3 two-stage conditional,Bracelet,380,1.0936
F3 two-stage conditional,Bracelet,381,1.08132
F3 two-stage conditional,Bracelet,382,1.06549
F3 two-stage conditional,Bracelet,383,1.05609
F3 two-stage conditional,Bracelet,384,1.11502
F3 two-stage conditional,Bracelet,385,1.06909
F3 two-stage conditional,Bracelet,386,1.05436
F3 two-stage conditional,Bracelet,387,1.09643
F3 two-stage conditional,Bracelet,388,1.05047
F3 two-stage conditional,Bracelet,389,1.11289
F3 two-stage conditional,Bracelet,390,1.04648
F3 two-stage conditional,Bracelet,391,1.0654
F3 two-stage conditional,Bracelet,392,1.0703
F3 two-stage conditional,Bracelet,393,1.06565
F3 two-stage conditional,Bracelet,394,0.993328
F3 two-stage conditional,Bracelet,395,1.09653
F3 two-stage conditional,Bracelet,396,1.0169
F3 two-stage conditional,Bracelet,397,1.02496
F3 two-stage conditional,Bracelet,398,1.00464
F3 two-stage conditional,Bracelet,399,1.01752
F3 two-stage conditional,Bracelet,400,0.99801
F3 two-stage conditional,Bracelet,401,1.0564
F3 two-stage conditional,Bracelet,402,1.01539
F3 two-stage conditional,Bracelet,403,1.01567
F3 two-stage conditional,Bracelet,404,1.00092
F3 two-stage conditional,Bracelet,405,1.00327
F3 two-stage conditional,Bracelet,406,1.04526
F3 two-stage conditional,Bracelet,407,1.042
F3 two-stage conditional,Bracelet,408,1.06679
F3 two-stage conditional,Bracelet,409,1.05177
F3 two-stage conditional,Bracelet,410,1.0587
F3 two-stage conditional,Bracelet,411,0.976453
F3 two-stage conditional,Bracelet,412,1.01541
F3 two-stage conditional,Bracelet,413,1.05024
F3 two-stage conditional,Bracelet,414,1.11289
F3 two-stage conditional,Bracelet,415,1.01944
F3 two-stage conditional,Bracelet,416,1.04626
F3 two-stage conditional,Bracelet,417,1.0845
F3 two-stage conditional,Bracelet,418,1.11539
F3 two-stage conditional,Bracelet,419,1.07479
F3 two-stage conditional,Bracelet,420,1.0043
F3 two-stage conditional,Bracelet,421,0.99432
F3 two-stage conditional,Bracelet,422,1.00247
F3 two-stage conditional,Bracelet,423,1.00641
F3 two-stage conditional,Bracelet,424,1.00357
F3 two-stage conditional,Bracelet,425,1.01559
F3 two-stage conditional,Bracelet,426,1.00055
F3 two-stage conditional,Bracelet,427,1.01495
F3 two-stage conditional,Bracelet,428,1.01728
F3 two-stage conditional,Bracelet,429,1.01094
F3 two-stage conditional,Bracelet,430,1.0724
F3 two-stage conditional,Bracelet,431,0.955589
F3 two-stage conditional,Bracelet,432,0.976602
F3 two-stage conditional,Bracelet,433,1.01227
F3 two-stage conditional,Bracelet,434,1.02458
F3 two-stage conditional,Bracelet,435,1.09307
F3 two-stage conditional,Bracelet,436,1.02679
F3 two-stage conditional,Bracelet,437,1.07216
F3 two-stage conditional,Bracelet,438,1.02282
F3 two-stage conditional,Bracelet,439,1.00005
F3 two-stage conditional,Bracelet,440,1.00003
F3 two-stage conditional,Bracelet,441,1.00364
F3 two-stage conditional,Bracelet,442,1.00487
F3 two-stage conditional,Bracelet,443,1.11984
F3 two-stage conditional,Bracelet,444,1.04199
F3 two-stage conditional,Bracelet,445,1.02371
F3 two-stage conditional,Bracelet,446,0.996332
F3 two-stage conditional,Bracelet,447,1.00787
F3 two-stage conditional,Bracelet,448,1.01181
F3 two-stage conditional,Bracelet,449,1.06984
F3 two-stage conditional,Bracelet,450,1.10901
F3 two-stage conditional,Bracelet,451,1.07796
F3 two-stage conditional,Bracelet,452,1.10267
F3 two-stage conditional,Bracelet,453,1.17675
F3 two-stage conditional,Bracelet,454,1.05612
F3 two-stage conditional,Bracelet,455,1.03061
F3 two-stage conditional,Bracelet,456,1.09845
F3 two-stage conditional,Bracelet,457,1.0635
F3 two-stage conditional,Bracelet,458,1.0568
F3 two-stage conditional,Bracelet,459,1.07899
F3 two-stage conditional,Bracelet,460,1.10783
F3 two-stage conditional,Bracelet,461,1.05548
F3 two-stage conditional,Bracelet,462,1.05692
F3 two-stage conditional,Bracelet,463,1.06744
F3 two-stage conditional,Bracelet,464,1.04056
F3 two-stage conditional,Bracelet,465,1.03457
F3 two-stage conditional,Bracelet,466,1.04376
F3 two-stage conditional,Bracelet,467,1.05631
F3 two-stage conditional,Bracelet,468,1.01912
F3 two-stage conditional,Bracelet,469,1.06688
F3 two-stage conditional,Bracelet,470,1.04936
F3 two-stage conditional,Bracelet,471,1.01904
F3 two-stage conditional,Bracelet,472,1.05786
F3 two-stage conditional,Bracelet,473,1.05791
F3 two-stage conditional,Bracelet,474,1.04315
F3 two-stage conditional,Bracelet,475,1.11183
F3 two-stage conditional,Bracelet,476,1.01137
F3 two-stage conditional,Bracelet,477,1.02774
F3 two-stage conditional,Bracelet,478,1.01751
F3 two-stage conditional,Bracelet,479,1.01022
F3 two-stage conditional,Bracelet,480,1.08682
F3 two-stage conditional,Bracelet,481,1.07763
F3 two-stage conditional,Bracelet,482,1.11771
F3 two-stage conditional,Bracelet,483,1.09256
F3 two-stage conditional,Bracelet,484,1.11692
F3 two-stage conditional,Bracelet,485,1.17614
F3 two-stage conditional,Bracelet,486,1.13143
F3 two-stage conditional,Bracelet,487,1.05613
F3 two-stage conditional,Bracelet,488,1.05188
F3 two-stage conditional,Bracelet,489,1.06809
F3 two-stage conditional,Bracelet,490,1.08495
F3 two-stage conditional,Bracelet,491,1.08873
F3 two-stage conditional,Bracelet,492,1.11569
F3 two-stage conditional,Bracelet,493,1.08441
F3 two-stage conditional,Bracelet,494,1.04108
F3 two-stage conditional,Bracelet,495,1.08764
F3 two-stage conditional,Bracelet,496,1.03267
F3 two-stage conditional,Bracelet,497,1.07952
F3 two-stage conditional,Bracelet,498,1.01428
F3 two-stage conditional,Bracelet,499,1.05206
F3 two-stage conditional,Bracelet,500,1.09226
F3 two-stage conditional,Bracelet,501,1.02577
F3 two-stage conditional,Bracelet,502,1.07002
F3 two-stage conditional,Bracelet,503,1.07527
F3 two-stage conditional,Bracelet,504,1.01761
F3 two-stage conditional,Bracelet,505,1.00059
F3 two-stage conditional,Bracelet,506,1.00022
F3 two-stage conditional,Bracelet,507,1.00266
F3 two-stage conditional,Bracelet,508,1.00644
F3 two-stage conditional,Bracelet,509,1.00031
F3 two-stage conditional,Bracelet,510,1.03909
F3 two-stage conditional,Bracelet,511,1.00358
F3 two-stage conditional,Bracelet,512,1.0021
F3 two-stage conditional,Bracelet,513,1.0775
F3 two-stage conditional,Bracelet,514,1.03762
F3 two-stage conditional,Bracelet,515,1.10243
F3 two-stage conditional,Bracelet,516,1.01049
F3 two-stage conditional,Bracelet,517,1.00114
F3 two-stage conditional,Bracelet,518,1.00014
F3 two-stage conditional,Bracelet,519,1.03491
F3 two-stage conditional,Bracelet,520,1.04458
F3 two-stage conditional,Bracelet,521,1.11914
F3 two-stage conditional,Bracelet,522,1.05539
F3 two-stage conditional,Bracelet,523,1.07413
F3 two-stage conditional,Bracelet,524,1.10109
F3 two-stage conditional,Bracelet,525,1.08222
F3 two-stage conditional,Bracelet,526,1.00767
F3 two-stage conditional,Bracelet,527,1.0706
F3 two-stage conditional,Bracelet,528,1.08865
F3 two-stage conditional,Bracelet,529,1.00487
F3 two-stage conditional,Bracelet,530,1.05521
F3 two-stage conditional,Bracelet,531,0.99993
F3 two-stage conditional,Bracelet,532,1.08824
F3 two-stage conditional,Bracelet,533,1.04057
F3 two-stage conditional,Bracelet,534,1.01503
F3 two-stage conditional,Bracelet,535,1.04874
F3 two-stage conditional,Bracelet,536,1.05094
F3 two-stage conditional,Bracelet,537,1.051
F3 two-stage conditional,Bracelet,538,1.0599
F3 two-stage conditional,Bracelet,539,1.00604
F3 two-stage conditional,Bracelet,540,1.01224
F3 two-stage conditional,Bracelet,541,1.00918
F3 two-stage conditional,Bracelet,542,1.11348
F3 two-stage conditional,Bracelet,543,1.04465
F3 two-stage conditional,Bracelet,544,1.04834
F3 two-stage conditional,Bracelet,545,0.968944
F3 two-stage conditional,Bracelet,546,1.0878
F3 two-stage conditional,Bracelet,547,1.08145
F3 two-stage conditional,Bracelet,548,1.11697
F3 two-stage conditional,Bracelet,549,1.05977
F3 two-stage conditional,Bracelet,550,1.08818
F3 two-stage conditional,Bracelet,551,1.07091
F3 two-stage conditional,Bracelet,552,1.07639
F3 two-stage conditional,Bracelet,553,1.05676
F3 two-stage conditional,Bracelet,554,1.03976
F3 two-stage conditional,Bracelet,555,1.02294
F3 two-stage conditional,Bracelet,556,1.01275
F3 two-stage conditional,Bracelet,557,1.02294
F3 two-stage conditional,Bracelet,558,1.01509
F3 two-stage conditional,Bracelet,559,1.00036
F3 two-stage conditional,Bracelet,560,1.00067
F3 two-stage conditional,Bracelet,561,1.00643
F3 two-stage conditional,Bracelet,562,1.00009
F3 two-stage conditional,Bracelet,563,1.00053
F3 two-stage conditional,Bracelet,564,1.00599
F3 two-stage conditional,Bracelet,565,1.00026
F3 two-stage conditional,Bracelet,566,1.00022
F3 two-stage conditional,Bracelet,567,1.00004
F3 two-stage conditional,Bracelet,568,1.00024
F3 two-stage conditional,Bracelet,569,1.06335
F3 two-stage conditional,Bracelet,570,1.10254
F3 two-stage conditional,Bracelet,571,1.02713
F3 two-stage conditional,Bracelet,572,1.00852
F3 two-stage conditional,Bracelet,573,1.07354
F3 two-stage conditional,Bracelet,574,1.04257
F3 two-stage conditional,Bracelet,575,1.01489
F3 two-stage conditional,Bracelet,576,1.09025
F3 two-stage conditional,Bracelet,577,1.00481
F3 two-stage conditional,Bracelet,578,1.03629
F3 two-stage conditional,Bracelet,579,0.985847
F3 two-stage conditional,Bracelet,580,1.03513
F3 two-stage conditional,Bracelet,581,1.10314
F3 two-stage conditional,Bracelet,582,1.13386
F3 two-stage conditional,Bracelet,583,1.05563
F3 two-stage conditional,Bracelet,584,1.03295
F3 two-stage conditional,Bracelet,585,1.01565
F3 two-stage conditional,Bracelet,586,1.00976
F3 two-stage conditional,Bracelet,587,1.018
F3 two-stage conditional,Bracelet,588,1.01714
F3 two-stage conditional,Bracelet,589,1.04246
F3 two-stage conditional,Bracelet,590,1.01997
F3 two-stage conditional,Bracelet,591,1.11891
F3 two-stage conditional,Bracelet,592,1.03371
F3 two-stage conditional,Bracelet,593,1.04935
F3 two-stage conditional,Bracelet,594,1.07042
F3 two-stage conditional,Bracelet,595,1.00286
F3 two-stage conditional,Bracelet,596,1.00565
F3 two-stage conditional,Bracelet,597,1.01391
F3 two-stage conditional,Bracelet,598,1.05386
F3 two-stage conditional,Bracelet,599,1.11748
F3 two-stage conditional,Bracelet,600,1.0746
F3 two-stage conditional,Bracelet,601,1.0666
F3 two-stage conditional,Bracelet,602,1.02946
F3 two-stage conditional,Bracelet,603,1.1099
F3 two-stage conditional,Bracelet,604,1.04807
F3 two-stage conditional,Bracelet,605,1.0634
F3 two-stage conditional,Bracelet,606,1.0417
F3 two-stage conditional,Bracelet,607,1.03369
F3 two-stage conditional,Bracelet,608,1.10803
F3 two-stage conditional,Bracelet,609,1.13993
F3 two-stage conditional,Bracelet,610,1.03005
F3 two-stage conditional,Bracelet,611,1.12193
F3 two-stage conditional,Bracelet,612,1.06187
F3 two-stage conditional,Bracelet,613,1.01085
F3 two-stage conditional,Bracelet,614,1.02998
F3 two-stage conditional,Bracelet,615,1.04764
F3 two-stage conditional,Bracelet,616,1.08217
F3 two-stage conditional,Bracelet,617,1.0674
F3 two-stage conditional,Bracelet,618,1.02208
F3 two-stage conditional,Bracelet,619,1.02939
F3 two-stage conditional,Bracelet,620,1.05029
F3 two-stage conditional,Bracelet,621,1.03967
F3 two-stage conditional,Bracelet,622,1.02585
F3 two-stage conditional,Bracelet,623,1.09451
F3 two-stage conditional,Bracelet,624,1.02273
F3 two-stage conditional,Bracelet,625,1.02232
F3 two-stage conditional,Bracelet,626,1.03916
F3 two-stage conditional,Bracelet,627,1.02816
F3 two-stage conditional,Bracelet,628,0.998941
F3 two-stage conditional,Bracelet,629,1.00248
F3 two-stage conditional,Bracelet,630,1.00112
F3 two-stage conditional,Bracelet,631,1.02893
F3 two-stage conditional,Bracelet,632,1.01896
F3 two-stage conditional,Bracelet,633,1.0115
F3 two-stage conditional,Bracelet,634,1.0111
F3 two-stage conditional,Bracelet,635,1.05313
F3 two-stage conditional,Bracelet,636,1.01824
F3 two-stage conditional,Bracelet,637,1.00049
F3 two-stage conditional,Bracelet,638,1.00997
F3 two-stage conditional,Bracelet,639,1.00769
F3 two-stage conditional,Bracelet,640,1.01468
F3 two-stage conditional,Bracelet,641,1.01842
F3 two-stage conditional,Bracelet,642,1.01249
F3 two-stage conditional,Bracelet,643,1.04061
F3 two-stage conditional,Bracelet,644,1.00129
F3 two-stage conditional,Bracelet,645,1.00035
F3 two-stage conditional,Bracelet,646,1.00128
F3 two-stage conditional,Bracelet,647,1.00368
F3 two-stage conditional,Bracelet,648,0.999903
F3 two-stage conditional,Bracelet,649,1.02609
F3 two-stage conditional,Bracelet,650,1.05231
F3 two-stage conditional,Bracelet,651,1.00431
F3 two-stage conditional,Bracelet,652,1.00537
F3 two-stage conditional,Bracelet,653,1.00007
F3 two-stage conditional,Bracelet,654,1.00321
F3 two-stage conditional,Bracelet,655,1.10307
F3 two-stage conditional,Bracelet,656,1.03012
F3 two-stage conditional,Bracelet,657,1.01635
F3 two-stage conditional,Bracelet,658,1.04025
F3 two-stage conditional,Bracelet,659,1.06084
F3 two-stage conditional,Bracelet,660,1.06622
F3 two-stage conditional,Bracelet,661,1.05247
F3 two-stage conditional,Bracelet,662,1.02146
F3 two-stage conditional,Bracelet,663,1.02765
F3 two-stage conditional,Bracelet,664,1.04491
F3 two-stage conditional,Bracelet,665,1.04499
F3 two-stage conditional,Bracelet,666,1.04474
F3 two-stage conditional,Bracelet,667,1.05479
F3 two-stage conditional,Bracelet,668,1.14326
F3 two-stage conditional,Bracelet,669,1.00591
F3 two-stage conditional,Bracelet,670,1.00533
F3 two-stage conditional,Bracelet,671,1.1167
F3 two-stage conditional,Bracelet,672,1.06346
F3 two-stage conditional,Bracelet,673,1.06716
F3 two-stage conditional,Bracelet,674,1.04969
F3 two-stage conditional,Bracelet,675,1.06718
F3 two-stage conditional,Bracelet,676,1.00156
F3 two-stage conditional,Bracelet,677,1.01014
F3 two-stage conditional,Bracelet,678,1.03549
F3 two-stage conditional,Bracelet,679,1.00917
F3 two-stage conditional,Bracelet,680,1.00828
F3 two-stage conditional,Bracelet,681,1.01219
F3 two-stage conditional,Bracelet,682,1.02311
F3 two-stage conditional,Bracelet,683,1.0353
F3 two-stage conditional,Bracelet,684,1.0529
F3 two-stage conditional,Bracelet,685,1.06895
F3 two-stage conditional,Bracelet,686,1.05595
F3 two-stage conditional,Bracelet,687,1.0336
F3 two-stage conditional,Bracelet,688,1.02066
F3 two-stage conditional,Bracelet,689,1.04503
F3 two-stage conditional,Bracelet,690,1.00377
F3 two-stage conditional,Bracelet,691,1.00194
F3 two-stage conditional,Bracelet,692,1.00018
F3 two-stage conditional,Bracelet,693,1.00521
F3 two-stage conditional,Bracelet,694,0.999417
F3 two-stage conditional,Bracelet,695,1.00084
F3 two-stage conditional,Bracelet,696,1.00047
F3 two-stage conditional,Bracelet,697,1.01076
F3 two-stage conditional,Bracelet,698,1.02642
F3 two-stage conditional,Bracelet,699,1.00603
F3 two-stage conditional,Bracelet,700,1.0034
F3 two-stage conditional,Bracelet,701,1.06278
F3 two-stage conditional,Bracelet,702,1.01927
F3 two-stage conditional,Bracelet,703,1.00306
F3 two-stage conditional,Bracelet,704,1.00453
F3 two-stage conditional,Bracelet,705,1.00187
F3 two-stage conditional,Bracelet,706,1.05758
F3 two-stage conditional,Bracelet,707,1.05492
F3 two-stage conditional,Bracelet,708,1.03671
F3 two-stage conditional,Bracelet,709,1.02456
F3 two-stage conditional,Bracelet,710,1.0095
F3 two-stage conditional,Bracelet,711,1.00412
F3 two-stage conditional,Bracelet,712,1.0268
F3 two-stage conditional,Bracelet,713,1.01548
F3 two-stage conditional,Bracelet,714,0.998992
F3 two-stage conditional,Bracelet,715,1.00747
F3 two-stage conditional,Bracelet,716,1.00119
F3 two-stage conditional,Bracelet,717,1.05165
F3 two-stage conditional,Bracelet,718,0.990361
F3 two-stage conditional,Bracelet,719,1.11723
F3 two-stage conditional,Bracelet,720,1.04444
F3 two-stage conditional,Bracelet,721,1.03683
F3 two-stage conditional,Bracelet,722,1.07719
F3 two-stage conditional,Bracelet,723,1.07572
F3 two-stage conditional,Bracelet,724,1.03521
F3 two-stage conditional,Bracelet,725,1.02983
F3 two-stage conditional,Bracelet,726,1.05412
F3 two-stage conditional,Bracelet,727,1.01403
F3 two-stage conditional,Bracelet,728,1.0514
F3 two-stage conditional,Bracelet,729,1.04576
F3 two-stage conditional,Bracelet,730,1.0816
F3 two-stage conditional,Bracelet,731,1.09798
F3 two-stage conditional,Bracelet,732,1.11268
F3 two-stage conditional,Bracelet,733,1.08308
F3 two-stage conditional,Bracelet,734,1.0334
F3 two-stage conditional,Bracelet,735,1.04937
F3 two-stage conditional,Bracelet,736,1.02991
F3 two-stage conditional,Bracelet,737,1.02815
F3 two-stage conditional,Bracelet,738,1.0001
F3 two-stage conditional,Bracelet,739,1.04422
F3 two-stage conditional,Bracelet,740,0.999991
F3 two-stage conditional,Bracelet,741,1.00639
F3 two-stage conditional,Bracelet,742,1.07705
F3 two-stage conditional,Bracelet,743,0.996534
F3 two-stage conditional,Bracelet,744,1.11386
F3 two-stage conditional,Bracelet,745,1.02281
F3 two-stage conditional,Bracelet,746,1.00801
F3 two-stage conditional,Bracelet,747,1.01328
F3 two-stage conditional,Bracelet,748,1.00228
F3 two-stage conditional,Bracelet,749,1.00085
F3 two-stage conditional,Bracelet,750,1.0012
F3 two-stage conditional,Bracelet,751,1.00023
F3 two-stage conditional,Bracelet,752,1.00243
F3 two-stage conditional,Bracelet,753,1.00208
F3 two-stage conditional,Bracelet,754,1.005
F3 two-stage conditional,Bracelet,755,0.998449
F3 two-stage conditional,Bracelet,756,1.00153
F3 two-stage conditional,Bracelet,757,1.00438
F3 two-stage conditional,Bracelet,758,1.00334
F3 two-stage conditional,Bracelet,759,1.02422
F3 two-stage conditional,Bracelet,760,1.00711
F3 two-stage conditional,Bracelet,761,1.00325
F3 two-stage conditional,Bracelet,762,1.00558
F3 two-stage conditional,Bracelet,763,1.00487
F3 two-stage conditional,Bracelet,764,1.01996
F3 two-stage conditional,Bracelet,765,1.04989
F3 two-stage conditional,Bracelet,766,1.04797
F3 two-stage conditional,Bracelet,767,1.04321
F3 two-stage conditional,Bracelet,768,1.04178
F3 two-stage conditional,Bracelet,769,1.05729
F3 two-stage conditional,Bracelet,770,1.01903
F3 two-stage conditional,Bracelet,771,1.00307
F3 two-stage conditional,Bracelet,772,1.01977
F3 two-stage conditional,Bracelet,773,1.00312
F3 two-stage conditional,Bracelet,774,1.00105
F3 two-stage conditional,Bracelet,775,0.998971
F3 two-stage conditional,Bracelet,776,0.998429
F3 two-stage conditional,Bracelet,777,1.0824
F3 two-stage conditional,Bracelet,778,1.00916
F3 two-stage conditional,Bracelet,779,1.01453
F3 two-stage conditional,Bracelet,780,1.07043
F3 two-stage conditional,Bracelet,781,1.07642
F3 two-stage conditional,Bracelet,782,1.05075
F3 two-stage conditional,Bracelet,783,1.11276
F3 two-stage conditional,Bracelet,784,1.03059
F3 two-stage conditional,Bracelet,785,1.0808
F3 two-stage conditional,Bracelet,786,1.00851
F3 two-stage conditional,Bracelet,787,1.04819
F3 two-stage conditional,Bracelet,788,1.10979
F3 two-stage conditional,Bracelet,789,1.02081
F3 two-stage conditional,Bracelet,790,1.117
F3 two-stage conditional,Bracelet,791,1.09252
F3 two-stage conditional,Bracelet,792,1.06685
F3 two-stage conditional,Bracelet,793,1.07836
F3 two-stage conditional,Bracelet,794,1.06963
F3 two-stage conditional,Bracelet,795,1.06935
F3 two-stage conditional,Bracelet,796,1.08515
F3 two-stage conditional,Bracelet,797,1.04278
F3 two-stage conditional,Bracelet,798,1.079
F3 two-stage conditional,Bracelet,799,1.02631
F3 two-stage conditional,Bracelet,800,1.007
F3 two-stage conditional,Bracelet,801,1.0457
F3 two-stage conditional,Bracelet,802,1.0069
F3 two-stage conditional,Bracelet,803,0.999263
F3 two-stage conditional,Bracelet,804,1.00211
F3 two-stage conditional,Bracelet,805,0.999981
F3 two-stage conditional,Bracelet,806,0.998007
F3 two-stage conditional,Bracelet,807,1.04367
F3 two-stage conditional,Bracelet,808,1.06746
F3 two-stage conditional,Bracelet,809,1.0723800000000001
F3 two-stage conditional,Bracelet,810,1.04104
F3 two-stage conditional,Bracelet,811,1.03679
F3 two-stage conditional,Bracelet,812,1.1072
F3 two-stage conditional,Bracelet,813,1.0593
F3 two-stage conditional,Bracelet,814,1.10439
F3 two-stage conditional,Bracelet,815,1.03813
F3 two-stage conditional,Bracelet,816,1.08153
F3 two-stage conditional,Bracelet,817,1.01585
F3 two-stage conditional,Bracelet,818,1.04282
F3 two-stage conditional,Bracelet,819,1.04072
F3 two-stage conditional,Bracelet,820,1.04245
F3 two-stage conditional,Bracelet,821,1.07858
F3 two-stage conditional,Bracelet,822,1.1089
F3 two-stage conditional,Bracelet,823,1.07324
F3 two-stage conditional,Bracelet,824,1.02146
F3 two-stage conditional,Bracelet,825,1.00654
F3 two-stage conditional,Bracelet,826,1.00281
F3 two-stage conditional,Bracelet,827,1.00781
F3 two-stage conditional,Bracelet,828,1.00529
F3 two-stage conditional,Bracelet,829,1.00277
F3 two-stage conditional,Bracelet,830,1.00084
F3 two-stage conditional,Bracelet,831,0.991927
F3 two-stage conditional,Bracelet,832,1.0548
F3 two-stage conditional,Bracelet,833,1.04752
F3 two-stage conditional,Bracelet,834,1.11458
F3 two-stage conditional,Bracelet,835,1.00289
F3 two-stage conditional,Bracelet,836,1.00068
F3 two-stage conditional,Bracelet,837,0.999271
F3 two-stage conditional,Bracelet,838,1.00039
F3 two-stage conditional,Bracelet,839,1.00083
F3 two-stage conditional,Bracelet,840,1.00026
F3 two-stage conditional,Bracelet,841,1.07035
F3 two-stage conditional,Bracelet,842,1.08761
F3 two-stage conditional,Bracelet,843,1.07214
F3 two-stage conditional,Bracelet,844,1.06363
F3 two-stage conditional,Bracelet,845,1.07308
F3 two-stage conditional,Bracelet,846,1.0133
F3 two-stage conditional,Bracelet,847,1.00542
F3 two-stage conditional,Bracelet,848,1.01214
F3 two-stage conditional,Bracelet,849,1.06169
F3 two-stage conditional,Bracelet,850,1.04509
F3 two-stage conditional,Bracelet,851,1.00156
F3 two-stage conditional,Bracelet,852,0.999919
F3 two-stage conditional,Bracelet,853,1.0212
F3 two-stage conditional,Bracelet,854,1.04202
F3 two-stage conditional,Bracelet,855,1.09449
F3 two-stage conditional,Bracelet,856,1.00204
F3 two-stage conditional,Bracelet,857,1.05359
F3 two-stage conditional,Bracelet,858,1.08369
F3 two-stage conditional,Bracelet,859,1.0291
F3 two-stage conditional,Bracelet,860,1.06965
F3 two-stage conditional,Bracelet,861,1.10261
F3 two-stage conditional,Bracelet,862,1.0256
F3 two-stage conditional,Bracelet,863,1.04341
F3 two-stage conditional,Bracelet,864,1.04197
F3 two-stage conditional,Bracelet,865,1.05645
F3 two-stage conditional,Bracelet,866,1.00933
F3 two-stage conditional,Bracelet,867,1.00057
F3 two-stage conditional,Bracelet,868,1.00849
F3 two-stage conditional,Bracelet,869,1.0064
F3 two-stage conditional,Bracelet,870,1.00194
F3 two-stage conditional,Bracelet,871,0.998622
F3 two-stage conditional,Bracelet,872,1.00193
F3 two-stage conditional,Bracelet,873,1.00814
F3 two-stage conditional,Bracelet,874,1.02929
F3 two-stage conditional,Bracelet,875,1.07423
F3 two-stage conditional,Bracelet,876,1.11488
F3 two-stage conditional,Bracelet,877,1.00097
F3 two-stage conditional,Bracelet,878,1.0004
F3 two-stage conditional,Bracelet,879,1.00033
F3 two-stage conditional,Bracelet,880,1
F3 two-stage conditional,Bracelet,881,1.00007
F3 two-stage conditional,Bracelet,882,1.00012
F3 two-stage conditional,Bracelet,883,1.00004
F3 two-stage conditional,Bracelet,884,1.00003
F3 two-stage conditional,Bracelet,885,1.00001
F3 two-stage conditional,Bracelet,886,1
F3 two-stage conditional,Bracelet,887,0.999996
F3 two-stage conditional,Bracelet,888,1
F3 two-stage conditional,Bracelet,889,1
F3 two-stage conditional,Bracelet,890,1.00007
F3 two-stage conditional,Bracelet,891,1.0015
F3 two-stage conditional,Bracelet,892,1.01845
F3 two-stage conditional,Bracelet,893,1.00648
F3 two-stage conditional,Bracelet,894,1.0007
F3 two-stage conditional,Bracelet,895,1.02099
F3 two-stage conditional,Bracelet,896,1.01874
F3 two-stage conditional,Bracelet,897,1.05293
F3 two-stage conditional,Bracelet,898,1.05587
F3 two-stage conditional,Bracelet,899,1.00078
F3 two-stage conditional,Bracelet,900,1.00043
F3 two-stage conditional,Bracelet,901,1.0417
F3 two-stage conditional,Bracelet,902,1.00571
F3 two-stage conditional,Bracelet,903,1.02985
F3 two-stage conditional,Bracelet,904,1.00146
F3 two-stage conditional,Bracelet,905,1.009
F3 two-stage conditional,Bracelet,906,1.02769
F3 two-stage conditional,Bracelet,907,1.05641
F3 two-stage conditional,Bracelet,908,1.10837
F3 two-stage conditional,Bracelet,909,1.13444
F3 two-stage conditional,Bracelet,910,1.12691
F3 two-stage conditional,Bracelet,911,1.02133
F3 two-stage conditional,Bracelet,912,1.04662
F3 two-stage conditional,Bracelet,913,1.07306
F3 two-stage conditional,Bracelet,914,1.04743
F3 two-stage conditional,Bracelet,915,1.01803
F3 two-stage conditional,Bracelet,916,1.00349
F3 two-stage conditional,Bracelet,917,1.02401
F3 two-stage conditional,Bracelet,918,0.936975
F3 two-stage conditional,Bracelet,919,1.00637
F3 two-stage conditional,Bracelet,920,1.00368
F3 two-stage conditional,Bracelet,921,1.00653
F3 two-stage conditional,Bracelet,922,1.11311
F3 two-stage conditional,Bracelet,923,1.045
F3 two-stage conditional,Bracelet,924,1.01273
F3 two-stage conditional,Bracelet,925,1.1033
F3 two-stage conditional,Bracelet,926,1.01969
F3 two-stage conditional,Bracelet,927,1.06713
F3 two-stage conditional,Bracelet,928,1.04238
F3 two-stage conditional,Bracelet,929,1.05465
F3 two-stage conditional,Bracelet,930,1.04975
F3 two-stage conditional,Bracelet,931,1.09404
F3 two-stage conditional,Bracelet,932,1.02616
F3 two-stage conditional,Bracelet,933,1.05826
F3 two-stage conditional,Bracelet,934,1.10766
F3 two-stage conditional,Bracelet,935,1.08996
F3 two-stage conditional,Bracelet,936,1.08023
F3 two-stage conditional,Bracelet,937,1.14524
F3 two-stage conditional,Bracelet,938,1.04694
F3 two-stage conditional,Bracelet,939,1.00761
F3 two-stage conditional,Bracelet,940,0.998493
F3 two-stage conditional,Bracelet,941,1.00472
F3 two-stage conditional,Bracelet,942,1.11549
F3 two-stage conditional,Bracelet,943,1.07892
F3 two-stage conditional,Bracelet,944,1.08884
F3 two-stage conditional,Bracelet,945,1.0959700000000001
F3 two-stage conditional,Bracelet,946,1.06871
F3 two-stage conditional,Bracelet,947,1.03734
F3 two-stage conditional,Bracelet,948,1.01604
F3 two-stage conditional,Bracelet,949,1.0052
F3 two-stage conditional,Bracelet,950,1.09069
F3 two-stage conditional,Bracelet,951,1.07796
F3 two-stage conditional,Bracelet,952,1.0919
F3 two-stage conditional,Bracelet,953,1.057
F3 two-stage conditional,Bracelet,954,1.0344
F3 two-stage conditional,Bracelet,955,1.06425
F3 two-stage conditional,Bracelet,956,1.10922
F3 two-stage conditional,Bracelet,957,1.07409
F3 two-stage conditional,Bracelet,958,1.03442
F3 two-stage conditional,Bracelet,959,1.05721
F3 two-stage conditional,Bracelet,960,1.09041
F3 two-stage conditional,Bracelet,961,1.02977
F3 two-stage conditional,Bracelet,962,1.08941
F3 two-stage conditional,Bracelet,963,1.02974
F3 two-stage conditional,Bracelet,964,1.11281
F3 two-stage conditional,Bracelet,965,1.05741
F3 two-stage conditional,Bracelet,966,1.08049
F3 two-stage conditional,Bracelet,967,1.02013
F3 two-stage conditional,Bracelet,968,1.07032
F3 two-stage conditional,Bracelet,969,1.12947
F3 two-stage conditional,Bracelet,970,1.12788
F3 two-stage conditional,Bracelet,971,1.13022
F3 two-stage conditional,Bracelet,972,1.0422
F3 two-stage conditional,Bracelet,973,1.01738
F3 two-stage conditional,Bracelet,974,1.02167
F3 two-stage conditional,Bracelet,975,1.03729
F3 two-stage conditional,Bracelet,976,1.02183
F3 two-stage conditional,Bracelet,977,1.12443
F3 two-stage conditional,Bracelet,978,1.10454
F3 two-stage conditional,Bracelet,979,1.06562
F3 two-stage conditional,Bracelet,980,1.05736
F3 two-stage conditional,Bracelet,981,1.05492
F3 two-stage conditional,Bracelet,982,1.05557
F3 two-stage conditional,Bracelet,983,1.063
F3 two-stage conditional,Bracelet,984,1.04834
F3 two-stage conditional,Bracelet,985,1.04446
F3 two-stage conditional,Bracelet,986,1.03447
F3 two-stage conditional,Bracelet,987,1.12417
F3 two-stage conditional,Bracelet,988,1.03596
F3 two-stage conditional,Bracelet,989,1.02775
F3 two-stage conditional,Bracelet,990,1.04386
F3 two-stage conditional,Bracelet,991,1.0554
F3 two-stage conditional,Bracelet,992,1.0944
F3 two-stage conditional,Bracelet,993,1.04525
F3 two-stage conditional,Bracelet,994,1.04948
F3 two-stage conditional,Bracelet,995,1.04864
F3 two-stage conditional,Bracelet,996,1.09876
F3 two-stage conditional,Bracelet,997,1.05801
F3 two-stage conditional,Bracelet,998,1.01678
F3 two-stage conditional,Bracelet,999,1.12181
F3 two-stage conditional,Bracelet,1000,1.098
F3 two-stage conditional,Bracelet,1001,1.1008
F3 two-stage conditional,Bracelet,1002,1.05037
F3 two-stage conditional,Bracelet,1003,1.07333
F3 two-stage conditional,Bracelet,1004,1.04349
F3 two-stage conditional,Bracelet,1005,1.05923
F3 two-stage conditional,Bracelet,1006,1.07411
F3 two-stage conditional,Bracelet,1007,1.0487
F3 two-stage conditional,Bracelet,1008,1.03708
F3 two-stage conditional,Bracelet,1009,1.08158
F3 two-stage conditional,Bracelet,1010,1.08428
F3 two-stage conditional,Bracelet,1011,1.02275
F3 two-stage conditional,Bracelet,1012,1.00006
F3 two-stage conditional,Bracelet,1013,1.00002
F3 two-stage conditional,Bracelet,1014,1.00628
F3 two-stage conditional,Bracelet,1015,1.00071
F3 two-stage conditional,Bracelet,1016,1.00112
F3 two-stage conditional,Bracelet,1017,1.00316
F3 two-stage conditional,Bracelet,1018,1.00353
F3 two-stage conditional,Bracelet,1019,1.02431
F3 two-stage conditional,Bracelet,1020,1.0033
F3 two-stage conditional,Bracelet,1021,1.04124
F3 two-stage conditional,Bracelet,1022,1.06493
F3 two-stage conditional,Bracelet,1023,1.05645
F3 two-stage conditional,Bracelet,1024,1.02648
F3 two-stage conditional,Bracelet,1025,1.03766
F3 two-stage conditional,Bracelet,1026,0.990654
F3 two-stage conditional,Bracelet,1027,1.00229
F3 two-stage conditional,Bracelet,1028,1.02136
F3 two-stage conditional,Bracelet,1029,1.00324
F3 two-stage conditional,Bracelet,1030,1.00879
F3 two-stage conditional,Bracelet,1031,1.01101
F3 two-stage conditional,Bracelet,1032,1.01028
F3 two-stage conditional,Bracelet,1033,1.00972
F3 two-stage conditional,Bracelet,1034,1.00233
F3 two-stage conditional,Bracelet,1035,0.997657
F3 two-stage conditional,Bracelet,1036,1.00917
F3 two-stage conditional,Bracelet,1037,1.01822
F3 two-stage conditional,Bracelet,1038,1.06209
F3 two-stage conditional,Bracelet,1039,1.00238
F3 two-stage conditional,Bracelet,1040,1.01436
F3 two-stage conditional,Bracelet,1041,1.01813
F3 two-stage conditional,Bracelet,1042,1.00235
F3 two-stage conditional,Bracelet,1043,1.01
F3 two-stage conditional,Bracelet,1044,1.06468
F3 two-stage conditional,Bracelet,1045,1.00656
F3 two-stage conditional,Bracelet,1046,1.00135
F3 two-stage conditional,Bracelet,1047,1.00651
F3 two-stage conditional,Bracelet,1048,1.00324
F3 two-stage conditional,Bracelet,1049,0.996996
F3 two-stage conditional,Bracelet,1050,1.02268
F3 two-stage conditional,Bracelet,1051,1.00033
F3 two-stage conditional,Bracelet,1052,1.00642
F3 two-stage conditional,Bracelet,1053,1.039
F3 two-stage conditional,Bracelet,1054,1.03102
F3 two-stage conditional,Bracelet,1055,1.04516
F3 two-stage conditional,Bracelet,1056,1.04036
F3 two-stage conditional,Bracelet,1057,1.04582
F3 two-stage conditional,Bracelet,1058,1.07411
F3 two-stage conditional,Bracelet,1059,1.06082
F3 two-stage conditional,Bracelet,1060,1.02426
F3 two-stage conditional,Bracelet,1061,1.02649
F3 two-stage conditional,Bracelet,1062,1.04754
F3 two-stage conditional,Bracelet,1063,1.1497
F3 two-stage conditional,Bracelet,1064,1.03598
F3 two-stage conditional,Bracelet,1065,1.04928
F3 two-stage conditional,Bracelet,1066,1.03339
F3 two-stage conditional,Bracelet,1067,1.04991
F3 two-stage conditional,Bracelet,1068,1.08337
F3 two-stage conditional,Bracelet,1069,1.09312
F3 two-stage conditional,Bracelet,1070,1.10677
F3 two-stage conditional,Bracelet,1071,1.05615
F3 two-stage conditional,Bracelet,1072,1.04131
F3 two-stage conditional,Bracelet,1073,1.01418
F3 two-stage conditional,Bracelet,1074,1.00365
F3 two-stage conditional,Bracelet,1075,1.02101
F3 two-stage conditional,Bracelet,1076,1.04775
F3 two-stage conditional,Bracelet,1077,1.017
F3 two-stage conditional,Bracelet,1078,1.06034
F3 two-stage conditional,Bracelet,1079,1.0634
F3 two-stage conditional,Bracelet,1080,1.08146
F3 two-stage conditional,Bracelet,1081,1.07589
F3 two-stage conditional,Bracelet,1082,1.09593
F3 two-stage conditional,Bracelet,1083,1.09072
F3 two-stage conditional,Bracelet,1084,1.0157
F3 two-stage conditional,Bracelet,1085,1.01877
F3 two-stage conditional,Bracelet,1086,1.09549
F3 two-stage conditional,Bracelet,1087,1.03358
F3 two-stage conditional,Bracelet,1088,1.06292
F3 two-stage conditional,Bracelet,1089,1.05241
F3 two-stage conditional,Bracelet,1090,1.0414
F3 two-stage conditional,Bracelet,1091,1.00151
F3 two-stage conditional,Bracelet,1092,1.01196
F3 two-stage conditional,Bracelet,1093,1.00899
F3 two-stage conditional,Bracelet,1094,1.00079
F3 two-stage conditional,Bracelet,1095,1.00228
F3 two-stage conditional,Bracelet,1096,1.06869
F3 two-stage conditional,Bracelet,1097,1.0825
F3 two-stage conditional,Bracelet,1098,1.02809
F3 two-stage conditional,Bracelet,1099,1.04001
F3 two-stage conditional,Bracelet,1100,1.08926
F3 two-stage conditional,Bracelet,1101,1.08928
F3 two-stage conditional,Bracelet,1102,1.0716
F3 two-stage conditional,Bracelet,1103,1.06633
F3 two-stage conditional,Bracelet,1104,1.02054
F3 two-stage conditional,Bracelet,1105,1.06769
F3 two-stage conditional,Bracelet,1106,0.990851
F3 two-stage conditional,Bracelet,1107,1.08886
F3 two-stage conditional,Bracelet,1108,1.00077
F3 two-stage conditional,Bracelet,1109,1.00067
F3 two-stage conditional,Bracelet,1110,1.00091
F3 two-stage conditional,Bracelet,1111,1.01225
F3 two-stage conditional,Bracelet,1112,1.00296
F3 two-stage conditional,Bracelet,1113,1.0056
F3 two-stage conditional,Bracelet,1114,1.00235
F3 two-stage conditional,Bracelet,1115,1.00612
F3 two-stage conditional,Bracelet,1116,0.999543
F3 two-stage conditional,Bracelet,1117,1.00053
F3 two-stage conditional,Bracelet,1118,1.00488
F3 two-stage conditional,Bracelet,1119,1.00329
F3 two-stage conditional,Bracelet,1120,1.00533
F3 two-stage conditional,Bracelet,1121,1.00632
F3 two-stage conditional,Bracelet,1122,1.00163
F3 two-stage conditional,Bracelet,1123,1.00149
F3 two-stage conditional,Bracelet,1124,1.0013
F3 two-stage conditional,Bracelet,1125,1.01708
F3 two-stage conditional,Bracelet,1126,1.00289
F3 two-stage conditional,Bracelet,1127,1.00048
F3 two-stage conditional,Bracelet,1128,1.00279
F3 two-stage conditional,Bracelet,1129,1.00363
F3 two-stage conditional,Bracelet,1130,1.00628
F3 two-stage conditional,Bracelet,1131,1.00561
F3 two-stage conditional,Bracelet,1132,1.00302
F3 two-stage conditional,Bracelet,1133,1.00024
F3 two-stage conditional,Bracelet,1134,1.0074
F3 two-stage conditional,Bracelet,1135,1.00935
F3 two-stage conditional,Bracelet,1136,1.00766
F3 two-stage conditional,Bracelet,1137,0.998514
F3 two-stage conditional,Bracelet,1138,1.10163
F3 two-stage conditional,Bracelet,1139,1.08013
F3 two-stage conditional,Bracelet,1140,1.0503
F3 two-stage conditional,Bracelet,1141,1.06681
F3 two-stage conditional,Bracelet,1142,0.995754
F3 two-stage conditional,Bracelet,1143,1.01562
F3 two-stage conditional,Bracelet,1144,1.00646
F3 two-stage conditional,Bracelet,1145,1.04773
F3 two-stage conditional,Bracelet,1146,1.03318
F3 two-stage conditional,Bracelet,1147,1.00543
F3 two-stage conditional,Bracelet,1148,1.00755
F3 two-stage conditional,Bracelet,1149,1.01621
F3 two-stage conditional,Bracelet,1150,1.00539
F3 two-stage conditional,Bracelet,1151,1.00777
F3 two-stage conditional,Bracelet,1152,1.00228
F3 two-stage conditional,Bracelet,1153,1.01422
F3 two-stage conditional,Bracelet,1154,1.05446
F3 two-stage conditional,Bracelet,1155,1.05525
F3 two-stage conditional,Bracelet,1156,1.0193
F3 two-stage conditional,Bracelet,1157,1.06481
F3 two-stage conditional,Bracelet,1158,1.09007
F3 two-stage conditional,Bracelet,1159,1.0496
F3 two-stage conditional,Bracelet,1160,1.01016
F3 two-stage conditional,Bracelet,1161,1.07219
F3 two-stage conditional,Bracelet,1162,1.02895
F3 two-stage conditional,Bracelet,1163,1.05909
F3 two-stage conditional,Bracelet,1164,1.00261
F3 two-stage conditional,Bracelet,1165,1.01858
F3 two-stage conditional,Bracelet,1166,1.01742
F3 two-stage conditional,Bracelet,1167,1.04431
F3 two-stage conditional,Bracelet,1168,1.05334
F3 two-stage conditional,Bracelet,1169,1.08049
F3 two-stage conditional,Bracelet,1170,1.13425
F3 two-stage conditional,Bracelet,1171,1.00067
F3 two-stage conditional,Bracelet,1172,1.01698
F3 two-stage conditional,Bracelet,1173,1.01932
F3 two-stage conditional,Bracelet,1174,1.01798
F3 two-stage conditional,Bracelet,1175,1.00796
F3 two-stage conditional,Bracelet,1176,1.00626
F3 two-stage conditional,Bracelet,1177,1.01004
F3 two-stage conditional,Bracelet,1178,1.02603
F3 two-stage conditional,Bracelet,1179,1.04759
F3 two-stage conditional,Bracelet,1180,1.00612
F3 two-stage conditional,Bracelet,1181,0.998867
F3 two-stage conditional,Bracelet,1182,1.00157
F3 two-stage conditional,Bracelet,1183,1.00387
F3 two-stage conditional,Bracelet,1184,1.00614
F3 two-stage conditional,Bracelet,1185,1.00238
F3 two-stage conditional,Bracelet,1186,1.0255
F3 two-stage conditional,Bracelet,1187,1.04241
F3 two-stage conditional,Bracelet,1188,1.02391
F3 two-stage conditional,Bracelet,1189,1.02434
F3 two-stage conditional,Bracelet,1190,1.16206
F3 two-stage conditional,Bracelet,1191,1.02857
F3 two-stage conditional,Bracelet,1192,1.03918
F3 two-stage conditional,Bracelet,1193,1.01075
F3 two-stage conditional,Bracelet,1194,1.02265
F3 two-stage conditional,Bracelet,1195,1.0686
F3 two-stage conditional,Bracelet,1196,1.04512
F3 two-stage conditional,Bracelet,1197,1.02982
F3 two-stage conditional,Bracelet,1198,1.08474
F3 two-stage conditional,Bracelet,1199,1.12458
F3 two-stage conditional,Bracelet,1200,1.06117
F3 two-stage conditional,Bracelet,1201,1.07479
F3 two-stage conditional,Bracelet,1202,1.03517
F3 two-stage conditional,Bracelet,1203,1.04949
F3 two-stage conditional,Bracelet,1204,1.05196
F3 two-stage conditional,Bracelet,1205,1.11958
F3 two-stage conditional,Bracelet,1206,1.04513
F3 two-stage conditional,Bracelet,1207,1.0563
F3 two-stage conditional,Bracelet,1208,1.04819
F3 two-stage conditional,Bracelet,1209,1.07059
F3 two-stage conditional,Bracelet,1210,1.04887
F3 two-stage conditional,Bracelet,1211,1.05462
F3 two-stage conditional,Bracelet,1212,1.1008
F3 two-stage conditional,Bracelet,1213,1.03828
F3 two-stage conditional,Bracelet,1214,1.0408
F3 two-stage conditional,Bracelet,1215,1.05659
F3 two-stage conditional,Bracelet,1216,1.05684
F3 two-stage conditional,Bracelet,1217,1.10841
F3 two-stage conditional,Bracelet,1218,1.15965
F3 two-stage conditional,Bracelet,1219,1.04095
F3 two-stage conditional,Bracelet,1220,1.10448
F3 two-stage conditional,Bracelet,1221,1.04849
F3 two-stage conditional,Bracelet,1222,1.03073
F3 two-stage conditional,Bracelet,1223,1.0029
F3 two-stage conditional,Bracelet,1224,1.00735
F3 two-stage conditional,Bracelet,1225,1.02029
F3 two-stage conditional,Bracelet,1226,1.04642
F3 two-stage conditional,Bracelet,1227,1.06315
F3 two-stage conditional,Bracelet,1228,1.09659
F3 two-stage conditional,Bracelet,1229,1.01628
F3 two-stage conditional,Bracelet,1230,1.02926
F3 two-stage conditional,Bracelet,1231,1.11255
F3 two-stage conditional,Bracelet,1232,1.05309
F3 two-stage conditional,Bracelet,1233,1.01571
F3 two-stage conditional,Bracelet,1234,1.07684
F3 two-stage conditional,Bracelet,1235,1.04697
F3 two-stage conditional,Bracelet,1236,1.01758
F3 two-stage conditional,Bracelet,1237,1.03104
F3 two-stage conditional,Bracelet,1238,1.0086
F3 two-stage conditional,Bracelet,1239,1.01007
F3 two-stage conditional,Bracelet,1240,1.07198
F3 two-stage conditional,Bracelet,1241,1.19367
F3 two-stage conditional,Bracelet,1242,1.10075
F3 two-stage conditional,Bracelet,1243,1.04775
F3 two-stage conditional,Bracelet,1244,0.995117
F3 two-stage conditional,Bracelet,1245,1.03145
F3 two-stage conditional,Bracelet,1246,1.04054
F3 two-stage conditional,Bracelet,1247,1.07428
F3 two-stage conditional,Bracelet,1248,1.18342
F3 two-stage conditional,Bracelet,1249,1.02932
F3 two-stage conditional,Bracelet,1250,1.06419
F3 two-stage conditional,Bracelet,1251,1.08696
F3 two-stage conditional,Bracelet,1252,1.04506
F3 two-stage conditional,Bracelet,1253,1.098
F3 two-stage conditional,Bracelet,1254,1.05029
F3 two-stage conditional,Bracelet,1255,1.09951
F3 two-stage conditional,Bracelet,1256,1.04931
F3 two-stage conditional,Bracelet,1257,1.00728
F3 two-stage conditional,Bracelet,1258,1.00826
F3 two-stage conditional,Bracelet,1259,1.00292
F3 two-stage conditional,Bracelet,1260,1.00087
F3 two-stage conditional,Bracelet,1261,1.00139
F3 two-stage conditional,Bracelet,1262,1.00405
F3 two-stage conditional,Bracelet,1263,1.00201
F3 two-stage conditional,Bracelet,1264,1.01696
F3 two-stage conditional,Bracelet,1265,1.08914
F3 two-stage conditional,Bracelet,1266,1.03984
F3 two-stage conditional,Bracelet,1267,1.03105
F3 two-stage conditional,Bracelet,1268,1.04382
F3 two-stage conditional,Bracelet,1269,1.0913
F3 two-stage conditional,Bracelet,1270,1.06854
F3 two-stage conditional,Bracelet,1271,1.10122
F3 two-stage conditional,Bracelet,1272,1.02613
F3 two-stage conditional,Bracelet,1273,1.01752
F3 two-stage conditional,Bracelet,1274,1.00469
F3 two-stage conditional,Bracelet,1275,1.00191
F3 two-stage conditional,Bracelet,1276,1.00857
F3 two-stage conditional,Bracelet,1277,1.01538
F3 two-stage conditional,Bracelet,1278,1.07574
F3 two-stage conditional,Bracelet,1279,1.01286
F3 two-stage conditional,Bracelet,1280,0.99663
F3 two-stage conditional,Bracelet,1281,1.07715
F3 two-stage conditional,Bracelet,1282,1.05615
F3 two-stage conditional,Bracelet,1283,1.04801
F3 two-stage conditional,Bracelet,1284,1.03537
F3 two-stage conditional,Bracelet,1285,1.01232
F3 two-stage conditional,Bracelet,1286,1.05098
F3 two-stage conditional,Bracelet,1287,1.03373
F3 two-stage conditional,Bracelet,1288,1.07957
F3 two-stage conditional,Bracelet,1289,1.07353
F3 two-stage conditional,Bracelet,1290,1.06816
F3 two-stage conditional,Bracelet,1291,1.08081
F3 two-stage conditional,Bracelet,1292,1.0354
F3 two-stage conditional,Bracelet,1293,1.04301
F3 two-stage conditional,Bracelet,1294,1.0469
F3 two-stage conditional,Bracelet,1295,1.11851
F3 two-stage conditional,Bracelet,1296,1.09148
F3 two-stage conditional,Bracelet,1297,1.0801
F3 two-stage conditional,Bracelet,1298,1.03001
F3 two-stage conditional,Bracelet,1299,1.00448
F3 two-stage conditional,Bracelet,1300,1.00542
F3 two-stage conditional,Bracelet,1301,1.08209
F3 two-stage conditional,Bracelet,1302,1.00564
F3 two-stage conditional,Bracelet,1303,1.013
F3 two-stage conditional,Bracelet,1304,1.00915
F3 two-stage conditional,Bracelet,1305,0.996116
F3 two-stage conditional,Bracelet,1306,1.05198
F3 two-stage conditional,Bracelet,1307,1.07091
F3 two-stage conditional,Bracelet,1308,1.09277
F3 two-stage conditional,Bracelet,1309,1.09649
F3 two-stage conditional,Bracelet,1310,1.04967
F3 two-stage conditional,Bracelet,1311,1.03568
F3 two-stage conditional,Bracelet,1312,1.08084
F3 two-stage conditional,Bracelet,1313,1.0742
F3 two-stage conditional,Bracelet,1314,1.08477
F3 two-stage conditional,Bracelet,1315,1.08173
F3 two-stage conditional,Bracelet,1316,1.0402
F3 two-stage conditional,Bracelet,1317,1.10618
F3 two-stage conditional,Bracelet,1318,1.02487
F3 two-stage conditional,Bracelet,1319,1.0327
F3 two-stage conditional,Bracelet,1320,1.04152
F3 two-stage conditional,Bracelet,1321,1.00395
F3 two-stage conditional,Bracelet,1322,1.00516
F3 two-stage conditional,Bracelet,1323,1.02514
F3 two-stage conditional,Bracelet,1324,1.01022
F3 two-stage conditional,Bracelet,1325,1.02583
F3 two-stage conditional,Bracelet,1326,1.02458
F3 two-stage conditional,Bracelet,1327,0.994977
F3 two-stage conditional,Bracelet,1328,1.03907
F3 two-stage conditional,Bracelet,1329,1.05282
F3 two-stage conditional,Bracelet,1330,1.09549
F3 two-stage conditional,Bracelet,1331,1.0588
F3 two-stage conditional,Bracelet,1332,1.10782
F3 two-stage conditional,Bracelet,1333,1.13264
F3 two-stage conditional,Bracelet,1334,1.09977
F3 two-stage conditional,Bracelet,1335,1.0579
F3 two-stage conditional,Bracelet,1336,1.02875
F3 two-stage conditional,Bracelet,1337,1.03389
F3 two-stage conditional,Bracelet,1338,1.06065
F3 two-stage conditional,Bracelet,1339,1.27019
F3 two-stage conditional,Bracelet,1340,1.08891
F3 two-stage conditional,Bracelet,1341,1.03741
F3 two-stage conditional,Bracelet,1342,1.03118
F3 two-stage conditional,Bracelet,1343,1.02236
F3 two-stage conditional,Bracelet,1344,1.07882
F3 two-stage conditional,Bracelet,1345,1.08465
F3 two-stage conditional,Bracelet,1346,1.12994
F3 two-stage conditional,Bracelet,1347,1.0644
F3 two-stage conditional,Bracelet,1348,1.03678
F3 two-stage conditional,Bracelet,1349,1.06282
F3 two-stage conditional,Bracelet,1350,1.06608
F3 two-stage conditional,Bracelet,1351,1.04691
F3 two-stage conditional,Bracelet,1352,1.0722
F3 two-stage conditional,Bracelet,1353,1.06029
F3 two-stage conditional,Bracelet,1354,1.03849
F3 two-stage conditional,Bracelet,1355,1.07694
F3 two-stage conditional,Bracelet,1356,1.00886
F3 two-stage conditional,Bracelet,1357,1.02152
F3 two-stage conditional,Bracelet,1358,1.0304
F3 two-stage conditional,Bracelet,1359,1.0344
F3 two-stage conditional,Bracelet,1360,1.034
F3 two-stage conditional,Bracelet,1361,1.11733
F3 two-stage conditional,Bracelet,1362,1.0769
F3 two-stage conditional,Bracelet,1363,1.06366
F3 two-stage conditional,Bracelet,1364,1.08651
F3 two-stage conditional,Bracelet,1365,1.07319
F3 two-stage conditional,Bracelet,1366,1.05802
F3 two-stage conditional,Bracelet,1367,1.06696
F3 two-stage conditional,Bracelet,1368,1.10191
F3 two-stage conditional,Bracelet,1369,1.08582
F3 two-stage conditional,Bracelet,1370,1.01538
F3 two-stage conditional,Bracelet,1371,1.15887
F3 two-stage conditional,Bracelet,1372,1.04565
F3 two-stage conditional,Bracelet,1373,1.00698
F3 two-stage conditional,Bracelet,1374,1.11305
F3 two-stage conditional,Bracelet,1375,1.06238
F3 two-stage conditional,Bracelet,1376,1.0222
F3 two-stage conditional,Bracelet,1377,1.00084
F3 two-stage conditional,Bracelet,1378,1.00007
F3 two-stage conditional,Bracelet,1379,1.00062
F3 two-stage conditional,Bracelet,1380,1.00304
F3 two-stage conditional,Bracelet,1381,1.0004
F3 two-stage conditional,Bracelet,1382,1.00379
F3 two-stage conditional,Bracelet,1383,0.991636
F3 two-stage conditional,Bracelet,1384,1.13326
F3 two-stage conditional,Bracelet,1385,1.03553
F3 two-stage conditional,Bracelet,1386,1.01134
F3 two-stage conditional,Bracelet,1387,1.08079
F3 two-stage conditional,Bracelet,1388,1.04799
F3 two-stage conditional,Bracelet,1389,1.12814
F3 two-stage conditional,Bracelet,1390,1.10299
F3 two-stage conditional,Bracelet,1391,1.08991
F3 two-stage conditional,Bracelet,1392,1.04536
F3 two-stage conditional,Bracelet,1393,1.08547
F3 two-stage conditional,Bracelet,1394,1.22023
F3 two-stage conditional,Bracelet,1395,1.0556
F3 two-stage conditional,Bracelet,1396,1.00895
F3 two-stage conditional,Bracelet,1397,1.03731
F3 two-stage conditional,Bracelet,1398,1.0363
F3 two-stage conditional,Bracelet,1399,1.02498
F3 two-stage conditional,Bracelet,1400,1.05365
F3 two-stage conditional,Bracelet,1401,1.06906
F3 two-stage conditional,Bracelet,1402,1.00813
F3 two-stage conditional,Bracelet,1403,1.04587
F3 two-stage conditional,Bracelet,1404,1.11855
F3 two-stage conditional,Bracelet,1405,1.08333
F3 two-stage conditional,Bracelet,1406,1.08665
F3 two-stage conditional,Bracelet,1407,1.08005
F3 two-stage conditional,Bracelet,1408,1.03856
F3 two-stage conditional,Bracelet,1409,1.02201
F3 two-stage conditional,Bracelet,1410,1.05931
F3 two-stage conditional,Bracelet,1411,1.03705
F3 two-stage conditional,Bracelet,1412,1.03235
F3 two-stage conditional,Bracelet,1413,1.08909
F3 two-stage conditional,Bracelet,1414,1.03954
F3 two-stage conditional,Bracelet,1415,1.02781
F3 two-stage conditional,Bracelet,1416,1.00029
F3 two-stage conditional,Bracelet,1417,1.02505
F3 two-stage conditional,Bracelet,1418,1.03228
F3 two-stage conditional,Bracelet,1419,1.04651
F3 two-stage conditional,Bracelet,1420,1.0366
F3 two-stage conditional,Bracelet,1421,1.05742
F3 two-stage conditional,Bracelet,1422,1.06592
F3 two-stage conditional,Bracelet,1423,1.05423
F3 two-stage conditional,Bracelet,1424,1.00346
F3 two-stage conditional,Bracelet,1425,1.00089
F3 two-stage conditional,Bracelet,1426,1.0069
F3 two-stage conditional,Bracelet,1427,1.00024
F3 two-stage conditional,Bracelet,1428,1.00165
F3 two-stage conditional,Bracelet,1429,1.00135
F3 two-stage conditional,Bracelet,1430,1.0061
F3 two-stage conditional,Bracelet,1431,1.00087
F3 two-stage conditional,Bracelet,1432,0.999933
F3 two-stage conditional,Bracelet,1433,1.00223
F3 two-stage conditional,Bracelet,1434,1.00231
F3 two-stage conditional,Bracelet,1435,1.00208
F3 two-stage conditional,Bracelet,1436,1.13299
F3 two-stage conditional,Bracelet,1437,1.12169
F3 two-stage conditional,Bracelet,1438,1.0685
F3 two-stage conditional,Bracelet,1439,1.06823
F3 two-stage conditional,Bracelet,1440,1.08529
F3 two-stage conditional,Bracelet,1441,1.11424
F3 two-stage conditional,Bracelet,1442,1.08966
F3 two-stage conditional,Bracelet,1443,1.06986
F3 two-stage conditional,Bracelet,1444,1.04957
F3 two-stage conditional,Bracelet,1445,1.08422
F3 two-stage conditional,Bracelet,1446,1.15021
F3 two-stage conditional,Bracelet,1447,1.1109
F3 two-stage conditional,Bracelet,1448,1.0956
F3 two-stage conditional,Bracelet,1449,1.04646
F3 two-stage conditional,Bracelet,1450,1.03711
F3 two-stage conditional,Bracelet,1451,1.11248
F3 two-stage conditional,Bracelet,1452,1.01883
F3 two-stage conditional,Bracelet,1453,1.05351
F3 two-stage conditional,Bracelet,1454,1.04084
F3 two-stage conditional,Bracelet,1455,1.0613
F3 two-stage conditional,Bracelet,1456,1.09926
F3 two-stage conditional,Bracelet,1457,1.01471
F3 two-stage conditional,Bracelet,1458,1.09551
F3 two-stage conditional,Bracelet,1459,1.00582
F3 two-stage conditional,Bracelet,1460,1.12541
F3 two-stage conditional,Bracelet,1461,1.0063
F3 two-stage conditional,Bracelet,1462,0.997181
F3 two-stage conditional,Bracelet,1463,1.02462
F3 two-stage conditional,Bracelet,1464,1.05764
F3 two-stage conditional,Bracelet,1465,1.17261
F3 two-stage conditional,Bracelet,1466,1.05858
F3 two-stage conditional,Bracelet,1467,1.02315
F3 two-stage conditional,Bracelet,1468,1.01782
F3 two-stage conditional,Bracelet,1469,1.0164
F3 two-stage conditional,Bracelet,1470,1.0754
F3 two-stage conditional,Bracelet,1471,1.02256
F3 two-stage conditional,Bracelet,1472,1.00576
F3 two-stage conditional,Bracelet,1473,1.00099
F3 two-stage conditional,Bracelet,1474,1.01248
F3 two-stage conditional,Bracelet,1475,1.02866
F3 two-stage conditional,Bracelet,1476,1.05891
F3 two-stage conditional,Bracelet,1477,1.0923
F3 two-stage conditional,Bracelet,1478,1.02939
F3 two-stage conditional,Bracelet,1479,1.03636
F3 two-stage conditional,Bracelet,1480,1.08349
F3 two-stage conditional,Bracelet,1481,1.06988
F3 two-stage conditional,Bracelet,1482,1.01765
F3 two-stage conditional,Bracelet,1483,1.11207
F3 two-stage conditional,Bracelet,1484,1.02496
F3 two-stage conditional,Bracelet,1485,1.017
F3 two-stage conditional,Bracelet,1486,1.00518
F3 two-stage conditional,Bracelet,1487,1.06371
F3 two-stage conditional,Bracelet,1488,1.03725
F3 two-stage conditional,Bracelet,1489,1.04704
F3 two-stage conditional,Bracelet,1490,1.02718
F3 two-stage conditional,Bracelet,1491,1.09571
F3 two-stage conditional,Bracelet,1492,1.09321
F3 two-stage conditional,Bracelet,1493,1.07731
F3 two-stage conditional,Bracelet,1494,1.03954
F3 two-stage conditional,Bracelet,1495,1.01021
F3 two-stage conditional,Bracelet,1496,0.996606
F3 two-stage conditional,Bracelet,1497,1.03715
F3 two-stage conditional,Bracelet,1498,1
F3 two-stage conditional,Bracelet,1499,0.999356
F3 two-stage conditional,Bracelet,1500,1.00165
F3 two-stage conditional,Bracelet,1501,1.00156
F3 two-stage conditional,Bracelet,1502,1.00001
F3 two-stage conditional,Bracelet,1503,1.00001
F3 two-stage conditional,Bracelet,1504,1.00001
F3 two-stage conditional,Bracelet,1505,1.00002
F3 two-stage conditional,Bracelet,1506,1.0028
F3 two-stage conditional,Bracelet,1507,1.00717
F3 two-stage conditional,Bracelet,1508,1.01067
F3 two-stage conditional,Bracelet,1509,1.00179
F3 two-stage conditional,Bracelet,1510,1.02841
F3 two-stage conditional,Bracelet,1511,1.03437
F3 two-stage conditional,Bracelet,1512,1.00753
F3 two-stage conditional,Bracelet,1513,1.03318
F3 two-stage conditional,Bracelet,1514,1.0435
F3 two-stage conditional,Bracelet,1515,1.09805
F3 two-stage conditional,Bracelet,1516,1.00014
F3 two-stage conditional,Bracelet,1517,1.00041
F3 two-stage conditional,Bracelet,1518,1.00052
F3 two-stage conditional,Bracelet,1519,1.00224
F3 two-stage conditional,Bracelet,1520,1.10418
F3 two-stage conditional,Bracelet,1521,1.02856
F3 two-stage conditional,Bracelet,1522,1.06883
F3 two-stage conditional,Bracelet,1523,1.05541
F3 two-stage conditional,Bracelet,1524,1.09777
F3 two-stage conditional,Bracelet,1525,1.04845
F3 two-stage conditional,Bracelet,1526,1.05548
F3 two-stage conditional,Bracelet,1527,1.06304
F3 two-stage conditional,Bracelet,1528,1.08846
F3 two-stage conditional,Bracelet,1529,1.04552
F3 two-stage conditional,Bracelet,1530,1.0826
F3 two-stage conditional,Bracelet,1531,1.0282
F3 two-stage conditional,Bracelet,1532,1.02536
F3 two-stage conditional,Bracelet,1533,1.06245
F3 two-stage conditional,Bracelet,1534,1.03585
F3 two-stage conditional,Bracelet,1535,1.00111
F3 two-stage conditional,Bracelet,1536,1.07956
F3 two-stage conditional,Bracelet,1537,1.07623
F3 two-stage conditional,Bracelet,1538,1.07794
F3 two-stage conditional,Bracelet,1539,1.06786
F3 two-stage conditional,Bracelet,1540,1.04273
F3 two-stage conditional,Bracelet,1541,1.01909
F3 two-stage conditional,Bracelet,1542,1.13044
F3 two-stage conditional,Bracelet,1543,1.17658
F3 two-stage conditional,Bracelet,1544,1.03034
F3 two-stage conditional,Bracelet,1545,1.01624
F3 two-stage conditional,Bracelet,1546,1.00315
F3 two-stage conditional,Bracelet,1547,1.0258100000000001
F3 two-stage conditional,Bracelet,1548,1.04246
F3 two-stage conditional,Bracelet,1549,1.04237
F3 two-stage conditional,Bracelet,1550,1.05511
F3 two-stage conditional,Bracelet,1551,1.03631
F3 two-stage conditional,Bracelet,1552,1.09845
F3 two-stage conditional,Bracelet,1553,1.09732
F3 two-stage conditional,Bracelet,1554,1.0819
F3 two-stage conditional,Bracelet,1555,1.07046
F3 two-stage conditional,Bracelet,1556,1.08961
F3 two-stage conditional,Bracelet,1557,1.02006
F3 two-stage conditional,Bracelet,1558,1.14454
F3 two-stage conditional,Bracelet,1559,1.06852
F3 two-stage conditional,Bracelet,1560,1.06713
F3 two-stage conditional,Bracelet,1561,1.03981
F3 two-stage conditional,Bracelet,1562,1.18613
F3 two-stage conditional,Bracelet,1563,1.04608
F3 two-stage conditional,Bracelet,1564,1.04147
F3 two-stage conditional,Bracelet,1565,1.1359
F3 two-stage conditional,Bracelet,1566,1.01548
F3 two-stage conditional,Bracelet,1567,1.06944
F3 two-stage conditional,Bracelet,1568,1.06295
F3 two-stage conditional,Bracelet,1569,1.00211
F3 two-stage conditional,Bracelet,1570,1.02214
F3 two-stage conditional,Bracelet,1571,1.08158
F3 two-stage conditional,Bracelet,1572,1.01293
F3 two-stage conditional,Bracelet,1573,1.08857
F3 two-stage conditional,Bracelet,1574,1.00386
F3 two-stage conditional,Bracelet,1575,1.03372
F3 two-stage conditional,Bracelet,1576,1.07279
F3 two-stage conditional,Bracelet,1577,1.03253
F3 two-stage conditional,Bracelet,1578,1.05842
F3 two-stage conditional,Bracelet,1579,1.06097
F3 two-stage conditional,Bracelet,1580,1.0599
F3 two-stage conditional,Bracelet,1581,1.08221
F3 two-stage conditional,Bracelet,1582,1.04832
F3 two-stage conditional,Bracelet,1583,1.07974
F3 two-stage conditional,Bracelet,1584,1.0329
F3 two-stage conditional,Bracelet,1585,1.07503
F3 two-stage conditional,Bracelet,1586,1.02694
F3 two-stage conditional,Bracelet,1587,1.0145
F3 two-stage conditional,Bracelet,1588,1.12711
F3 two-stage conditional,Bracelet,1589,1.17414
F3 two-stage conditional,Bracelet,1590,1.02136
F3 two-stage conditional,Bracelet,1591,1.01913
F3 two-stage conditional,Bracelet,1592,1.02998
F3 two-stage conditional,Bracelet,1593,1.00395
F3 two-stage conditional,Bracelet,1594,1.00598
F3 two-stage conditional,Bracelet,1595,1.01703
F3 two-stage conditional,Bracelet,1596,1.01412
F3 two-stage conditional,Bracelet,1597,1.00549
F3 two-stage conditional,Bracelet,1598,1.00512
F3 two-stage conditional,Bracelet,1599,1.00442
F3 two-stage conditional,Bracelet,1600,1.0071
U3 two-stage unconditional,Control,1,1.00557
U3 two-stage unconditional,Control,2,1.00048
U3 two-stage unconditional,Control,3,1.00052
U3 two-stage unconditional,Control,4,1.0023
U3 two-stage unconditional,Control,5,1.01953
U3 two-stage unconditional,Control,6,0.998786
U3 two-stage unconditional,Control,7,0.99324
U3 two-stage unconditional,Control,8,1.01753
U3 two-stage unconditional,Control,9,1.02259
U3 two-stage unconditional,Control,10,1.01244
U3 two-stage unconditional,Control,11,1.03004
U3 two-stage unconditional,Control,12,1.09489
U3 two-stage unconditional,Control,13,1.03558
U3 two-stage unconditional,Control,14,1.01348
U3 two-stage unconditional,Control,15,1.00752
U3 two-stage unconditional,Control,16,1.0127
U3 two-stage unconditional,Control,17,1.03116
U3 two-stage unconditional,Control,18,1.00185
U3 two-stage unconditional,Control,19,1.00269
U3 two-stage unconditional,Control,20,1.00645
U3 two-stage unconditional,Control,21,1.00491
U3 two-stage unconditional,Control,22,1.0006
U3 two-stage unconditional,Control,23,1.00479
U3 two-stage unconditional,Control,24,1.07292
U3 two-stage unconditional,Control,25,1.00307
U3 two-stage unconditional,Control,26,1.01919
U3 two-stage unconditional,Control,27,1.01737
U3 two-stage unconditional,Control,28,1.02063
U3 two-stage unconditional,Control,29,1.00822
U3 two-stage unconditional,Control,30,1.0022
U3 two-stage unconditional,Control,31,1.00399
U3 two-stage unconditional,Control,32,1.02373
U3 two-stage unconditional,Control,33,1.00653
U3 two-stage unconditional,Control,34,1.00761
U3 two-stage unconditional,Control,35,1.05967
U3 two-stage unconditional,Control,36,1.00163
U3 two-stage unconditional,Control,37,1.03607
U3 two-stage unconditional,Control,38,1.02216
U3 two-stage unconditional,Control,39,1.01849
U3 two-stage unconditional,Control,40,1.00333
U3 two-stage unconditional,Control,41,1.00334
U3 two-stage unconditional,Control,42,1.01606
U3 two-stage unconditional,Control,43,1.0112
U3 two-stage unconditional,Control,44,1.00798
U3 two-stage unconditional,Control,45,1.02471
U3 two-stage unconditional,Control,46,1.0748
U3 two-stage unconditional,Control,47,1.03172
U3 two-stage unconditional,Control,48,1.08245
U3 two-stage unconditional,Control,49,1.00395
U3 two-stage unconditional,Control,50,1.0267
U3 two-stage unconditional,Control,51,0.995937
U3 two-stage unconditional,Control,52,1.0133
U3 two-stage unconditional,Control,53,1.0055
U3 two-stage unconditional,Control,54,1.00628
U3 two-stage unconditional,Control,55,1.02889
U3 two-stage unconditional,Control,56,1.02462
U3 two-stage unconditional,Control,57,1.00171
U3 two-stage unconditional,Control,58,1.00034
U3 two-stage unconditional,Control,59,0.99977
U3 two-stage unconditional,Control,60,1.03868
U3 two-stage unconditional,Control,61,1.00665
U3 two-stage unconditional,Control,62,1.00024
U3 two-stage unconditional,Control,63,1.00052
U3 two-stage unconditional,Control,64,1.00041
U3 two-stage unconditional,Control,65,1.0442
U3 two-stage unconditional,Control,66,0.995676
U3 two-stage unconditional,Control,67,1.00304
U3 two-stage unconditional,Control,68,1.0078
U3 two-stage unconditional,Control,69,1.0058
U3 two-stage unconditional,Control,70,1.1578
U3 two-stage unconditional,Control,71,1.01637
U3 two-stage unconditional,Control,72,1.01367
U3 two-stage unconditional,Control,73,1.00526
U3 two-stage unconditional,Control,74,1.01183
U3 two-stage unconditional,Control,75,0.999714
U3 two-stage unconditional,Control,76,1.00519
U3 two-stage unconditional,Control,77,1.07432
U3 two-stage unconditional,Control,78,1.00122
U3 two-stage unconditional,Control,79,1.03297
U3 two-stage unconditional,Control,80,1.01718
U3 two-stage unconditional,Control,81,1.01079
U3 two-stage unconditional,Control,82,1.002
U3 two-stage unconditional,Control,83,1.01064
U3 two-stage unconditional,Control,84,1.00468
U3 two-stage unconditional,Control,85,1.00702
U3 two-stage unconditional,Control,86,1.00299
U3 two-stage unconditional,Control,87,1.00414
U3 two-stage unconditional,Control,88,1.00095
U3 two-stage unconditional,Control,89,1.00782
U3 two-stage unconditional,Control,90,1.00275
U3 two-stage unconditional,Control,91,1.01742
U3 two-stage unconditional,Control,92,1.06882
U3 two-stage unconditional,Control,93,1.0722
U3 two-stage unconditional,Control,94,1.08601
U3 two-stage unconditional,Control,95,1.01831
U3 two-stage unconditional,Control,96,0.993544
U3 two-stage unconditional,Control,97,1.01755
U3 two-stage unconditional,Control,98,1.0024
U3 two-stage unconditional,Control,99,1.00029
U3 two-stage unconditional,Control,100,1.0001
U3 two-stage unconditional,Control,101,1.00084
U3 two-stage unconditional,Control,102,0.999588
U3 two-stage unconditional,Control,103,1.05248
U3 two-stage unconditional,Control,104,1.00117
U3 two-stage unconditional,Control,105,1.01127
U3 two-stage unconditional,Control,106,1.02945
U3 two-stage unconditional,Control,107,1.02813
U3 two-stage unconditional,Control,108,1.02933
U3 two-stage unconditional,Control,109,1.02928
U3 two-stage unconditional,Control,110,1.03785
U3 two-stage unconditional,Control,111,1.0126
U3 two-stage unconditional,Control,112,1.0146
U3 two-stage unconditional,Control,113,1.00407
U3 two-stage unconditional,Control,114,1.0005
U3 two-stage unconditional,Control,115,1.02167
U3 two-stage unconditional,Control,116,1.00758
U3 two-stage unconditional,Control,117,1.03196
U3 two-stage unconditional,Control,118,0.996978
U3 two-stage unconditional,Control,119,1.0205
U3 two-stage unconditional,Control,120,1.02636
U3 two-stage unconditional,Control,121,1.01103
U3 two-stage unconditional,Control,122,1.04675
U3 two-stage unconditional,Control,123,1.0571
U3 two-stage unconditional,Control,124,0.999975
U3 two-stage unconditional,Control,125,1.04773
U3 two-stage unconditional,Control,126,1.05428
U3 two-stage unconditional,Control,127,1.14722
U3 two-stage unconditional,Control,128,1.12367
U3 two-stage unconditional,Control,129,1.06333
U3 two-stage unconditional,Control,130,1.04843
U3 two-stage unconditional,Control,131,1.10375
U3 two-stage unconditional,Control,132,1.17153
U3 two-stage unconditional,Control,133,1.05862
U3 two-stage unconditional,Control,134,1.0054
U3 two-stage unconditional,Control,135,1.01665
U3 two-stage unconditional,Control,136,1.0049
U3 two-stage unconditional,Control,137,1.0022
U3 two-stage unconditional,Control,138,1.00406
U3 two-stage unconditional,Control,139,1.04896
U3 two-stage unconditional,Control,140,1.05066
U3 two-stage unconditional,Control,141,1.02577
U3 two-stage unconditional,Control,142,1.01309
U3 two-stage unconditional,Control,143,1.03277
U3 two-stage unconditional,Control,144,0.989195
U3 two-stage unconditional,Control,145,1.06173
U3 two-stage unconditional,Control,146,1.08479
U3 two-stage unconditional,Control,147,1.05413
U3 two-stage unconditional,Control,148,1.04525
U3 two-stage unconditional,Control,149,1.00277
U3 two-stage unconditional,Control,150,1.00828
U3 two-stage unconditional,Control,151,1.0001
U3 two-stage unconditional,Control,152,0.999426
U3 two-stage unconditional,Control,153,0.99212
U3 two-stage unconditional,Control,154,1.00616
U3 two-stage unconditional,Control,155,1.00506
U3 two-stage unconditional,Control,156,1.01505
U3 two-stage unconditional,Control,157,1.01277
U3 two-stage unconditional,Control,158,1.01724
U3 two-stage unconditional,Control,159,1.0158
U3 two-stage unconditional,Control,160,1.01803
U3 two-stage unconditional,Control,161,1.00948
U3 two-stage unconditional,Control,162,1.00133
U3 two-stage unconditional,Control,163,1.0039
U3 two-stage unconditional,Control,164,1.00544
U3 two-stage unconditional,Control,165,1.01039
U3 two-stage unconditional,Control,166,1.00873
U3 two-stage unconditional,Control,167,1.01312
U3 two-stage unconditional,Control,168,1.13471
U3 two-stage unconditional,Control,169,1.02132
U3 two-stage unconditional,Control,170,1.01823
U3 two-stage unconditional,Control,171,0.999246
U3 two-stage unconditional,Control,172,1.00352
U3 two-stage unconditional,Control,173,0.999634
U3 two-stage unconditional,Control,174,1.01772
U3 two-stage unconditional,Control,175,1.00099
U3 two-stage unconditional,Control,176,1.03394
U3 two-stage unconditional,Control,177,1.01128
U3 two-stage unconditional,Control,178,1.07015
U3 two-stage unconditional,Control,179,1.02731
U3 two-stage unconditional,Control,180,1.00935
U3 two-stage unconditional,Control,181,1.02675
U3 two-stage unconditional,Control,182,0.999973
U3 two-stage unconditional,Control,183,1.01268
U3 two-stage unconditional,Control,184,1.01935
U3 two-stage unconditional,Control,185,1.00408
U3 two-stage unconditional,Control,186,1.01036
U3 two-stage unconditional,Control,187,1.02732
U3 two-stage unconditional,Control,188,1.04811
U3 two-stage unconditional,Control,189,1.051
U3 two-stage unconditional,Control,190,1.03802
U3 two-stage unconditional,Control,191,1.00582
U3 two-stage unconditional,Control,192,1.00028
U3 two-stage unconditional,Control,193,1.00143
U3 two-stage unconditional,Control,194,1.00349
U3 two-stage unconditional,Control,195,1.00016
U3 two-stage unconditional,Control,196,1.00299
U3 two-stage unconditional,Control,197,1.06708
U3 two-stage unconditional,Control,198,1.00408
U3 two-stage unconditional,Control,199,1.06374
U3 two-stage unconditional,Control,200,1.00092
U3 two-stage unconditional,Control,201,1.0175
U3 two-stage unconditional,Control,202,1.00288
U3 two-stage unconditional,Control,203,1.00875
U3 two-stage unconditional,Control,204,0.998975
U3 two-stage unconditional,Control,205,1.01548
U3 two-stage unconditional,Control,206,1.10546
U3 two-stage unconditional,Control,207,1.09207
U3 two-stage unconditional,Control,208,1.03526
U3 two-stage unconditional,Control,209,1.02829
U3 two-stage unconditional,Control,210,0.991233
U3 two-stage unconditional,Control,211,1.00047
U3 two-stage unconditional,Control,212,0.983778
U3 two-stage unconditional,Control,213,1.00075
U3 two-stage unconditional,Control,214,1.00824
U3 two-stage unconditional,Control,215,1.00077
U3 two-stage unconditional,Control,216,1.00122
U3 two-stage unconditional,Control,217,1.02801
U3 two-stage unconditional,Control,218,1.02427
U3 two-stage unconditional,Control,219,1.02753
U3 two-stage unconditional,Control,220,1.0045
U3 two-stage unconditional,Control,221,1.01676
U3 two-stage unconditional,Control,222,1.02704
U3 two-stage unconditional,Control,223,1.05441
U3 two-stage unconditional,Control,224,1.01621
U3 two-stage unconditional,Control,225,1.00452
U3 two-stage unconditional,Control,226,1.0322
U3 two-stage unconditional,Control,227,0.999317
U3 two-stage unconditional,Control,228,1.02175
U3 two-stage unconditional,Control,229,1.01147
U3 two-stage unconditional,Control,230,1.03223
U3 two-stage unconditional,Control,231,1.05034
U3 two-stage unconditional,Control,232,1.04543
U3 two-stage unconditional,Control,233,1.01621
U3 two-stage unconditional,Control,234,1.0022200000000001
U3 two-stage unconditional,Control,235,1.03027
U3 two-stage unconditional,Control,236,1.00286
U3 two-stage unconditional,Control,237,1.01838
U3 two-stage unconditional,Control,238,0.998885
U3 two-stage unconditional,Control,239,1.00038
U3 two-stage unconditional,Control,240,1.02807
U3 two-stage unconditional,Control,241,1.00341
U3 two-stage unconditional,Control,242,1.00385
U3 two-stage unconditional,Control,243,1.00612
U3 two-stage unconditional,Control,244,0.984666
U3 two-stage unconditional,Control,245,1.00283
U3 two-stage unconditional,Control,246,1.01006
U3 two-stage unconditional,Control,247,0.999899
U3 two-stage unconditional,Control,248,1.08178
U3 two-stage unconditional,Control,249,1.01222
U3 two-stage unconditional,Control,250,1.00115
U3 two-stage unconditional,Control,251,1.00167
U3 two-stage unconditional,Control,252,1.05519
U3 two-stage unconditional,Control,253,1.01377
U3 two-stage unconditional,Control,254,1.03721
U3 two-stage unconditional,Control,255,1.00478
U3 two-stage unconditional,Control,256,1.0011
U3 two-stage unconditional,Control,257,0.9982
U3 two-stage unconditional,Control,258,1.00665
U3 two-stage unconditional,Control,259,1.00154
U3 two-stage unconditional,Control,260,1.0174
U3 two-stage unconditional,Control,261,1.0008
U3 two-stage unconditional,Control,262,1.01036
U3 two-stage unconditional,Control,263,1.01239
U3 two-stage unconditional,Control,264,1.00118
U3 two-stage unconditional,Control,265,1.00417
U3 two-stage unconditional,Control,266,1.0181
U3 two-stage unconditional,Control,267,1.00009
U3 two-stage unconditional,Control,268,1.00543
U3 two-stage unconditional,Control,269,1.01774
U3 two-stage unconditional,Control,270,1.00207
U3 two-stage unconditional,Control,271,1.00088
U3 two-stage unconditional,Control,272,1.00937
U3 two-stage unconditional,Control,273,1.00396
U3 two-stage unconditional,Control,274,1.00453
U3 two-stage unconditional,Control,275,1.0726
U3 two-stage unconditional,Control,276,1.01437
U3 two-stage unconditional,Control,277,1.02361
U3 two-stage unconditional,Control,278,1.02734
U3 two-stage unconditional,Control,279,1.0246
U3 two-stage unconditional,Control,280,1.01989
U3 two-stage unconditional,Control,281,1.00155
U3 two-stage unconditional,Control,282,1.03022
U3 two-stage unconditional,Control,283,1.01868
U3 two-stage unconditional,Control,284,1.02421
U3 two-stage unconditional,Control,285,1.00635
U3 two-stage unconditional,Control,286,1.00397
U3 two-stage unconditional,Control,287,1.16242
U3 two-stage unconditional,Control,288,1.14421
U3 two-stage unconditional,Control,289,1.00733
U3 two-stage unconditional,Control,290,1.00534
U3 two-stage unconditional,Control,291,1.00039
U3 two-stage unconditional,Control,292,1.02769
U3 two-stage unconditional,Control,293,1.00177
U3 two-stage unconditional,Control,294,1.00514
U3 two-stage unconditional,Control,295,1.01827
U3 two-stage unconditional,Control,296,1.03352
U3 two-stage unconditional,Control,297,1.0347
U3 two-stage unconditional,Control,298,1.01288
U3 two-stage unconditional,Control,299,1.00369
U3 two-stage unconditional,Control,300,1.00649
U3 two-stage unconditional,Control,301,1.00445
U3 two-stage unconditional,Control,302,1.01767
U3 two-stage unconditional,Control,303,1.00608
U3 two-stage unconditional,Control,304,1.1091
U3 two-stage unconditional,Control,305,1.01273
U3 two-stage unconditional,Control,306,1.00743
U3 two-stage unconditional,Control,307,1.00192
U3 two-stage unconditional,Control,308,1.00538
U3 two-stage unconditional,Control,309,1.00032
U3 two-stage unconditional,Control,310,1.00234
U3 two-stage unconditional,Control,311,1.03332
U3 two-stage unconditional,Control,312,1.10409
U3 two-stage unconditional,Control,313,1.05024
U3 two-stage unconditional,Control,314,1.02928
U3 two-stage unconditional,Control,315,1.03105
U3 two-stage unconditional,Control,316,1.01968
U3 two-stage unconditional,Control,317,1.0263
U3 two-stage unconditional,Control,318,1.0018
U3 two-stage unconditional,Control,319,1.0076
U3 two-stage unconditional,Control,320,1.01868
U3 two-stage unconditional,Control,321,1.03777
U3 two-stage unconditional,Control,322,1.00664
U3 two-stage unconditional,Control,323,1.00508
U3 two-stage unconditional,Control,324,1.04299
U3 two-stage unconditional,Control,325,1.06337
U3 two-stage unconditional,Control,326,1.01496
U3 two-stage unconditional,Control,327,1.04805
U3 two-stage unconditional,Control,328,1.03024
U3 two-stage unconditional,Control,329,1.04271
U3 two-stage unconditional,Control,330,1.0009
U3 two-stage unconditional,Control,331,1.02877
U3 two-stage unconditional,Control,332,1.01326
U3 two-stage unconditional,Control,333,1.00412
U3 two-stage unconditional,Control,334,1.02304
U3 two-stage unconditional,Control,335,1.00162
U3 two-stage unconditional,Control,336,1.0058
U3 two-stage unconditional,Control,337,1.0112
U3 two-stage unconditional,Control,338,0.992011
U3 two-stage unconditional,Control,339,1.00919
U3 two-stage unconditional,Control,340,1.0111
U3 two-stage unconditional,Control,341,0.999401
U3 two-stage unconditional,Control,342,0.997707
U3 two-stage unconditional,Control,343,1.06375
U3 two-stage unconditional,Control,344,1.00074
U3 two-stage unconditional,Control,345,1.00134
U3 two-stage unconditional,Control,346,1.00488
U3 two-stage unconditional,Control,347,1.01006
U3 two-stage unconditional,Control,348,1.00408
U3 two-stage unconditional,Control,349,1.00205
U3 two-stage unconditional,Control,350,1.00064
U3 two-stage unconditional,Control,351,1.00726
U3 two-stage unconditional,Control,352,1.00029
U3 two-stage unconditional,Control,353,1.02735
U3 two-stage unconditional,Control,354,1.00366
U3 two-stage unconditional,Control,355,1.00935
U3 two-stage unconditional,Control,356,1.06482
U3 two-stage unconditional,Control,357,1.01243
U3 two-stage unconditional,Control,358,1.00984
U3 two-stage unconditional,Control,359,0.995304
U3 two-stage unconditional,Control,360,1.05103
U3 two-stage unconditional,Control,361,1.00145
U3 two-stage unconditional,Control,362,1.00268
U3 two-stage unconditional,Control,363,1.00003
U3 two-stage unconditional,Control,364,1.01999
U3 two-stage unconditional,Control,365,1.00225
U3 two-stage unconditional,Control,366,1.00747
U3 two-stage unconditional,Control,367,1.08836
U3 two-stage unconditional,Control,368,1.13993
U3 two-stage unconditional,Control,369,1.00939
U3 two-stage unconditional,Control,370,1.04922
U3 two-stage unconditional,Control,371,1.00823
U3 two-stage unconditional,Control,372,1.00813
U3 two-stage unconditional,Control,373,1.00508
U3 two-stage unconditional,Control,374,1.01143
U3 two-stage unconditional,Control,375,1.01522
U3 two-stage unconditional,Control,376,1.01622
U3 two-stage unconditional,Control,377,1.00608
U3 two-stage unconditional,Control,378,1.02338
U3 two-stage unconditional,Control,379,1.00239
U3 two-stage unconditional,Control,380,1.00315
U3 two-stage unconditional,Control,381,1.00512
U3 two-stage unconditional,Control,382,1.00235
U3 two-stage unconditional,Control,383,0.999771
U3 two-stage unconditional,Control,384,1.00258
U3 two-stage unconditional,Control,385,1.00859
U3 two-stage unconditional,Control,386,1.02015
U3 two-stage unconditional,Control,387,1.00122
U3 two-stage unconditional,Control,388,1.00688
U3 two-stage unconditional,Control,389,1.00032
U3 two-stage unconditional,Control,390,1.02671
U3 two-stage unconditional,Control,391,1.00136
U3 two-stage unconditional,Control,392,1.0009
U3 two-stage unconditional,Control,393,1.00051
U3 two-stage unconditional,Control,394,1.00472
U3 two-stage unconditional,Control,395,1.01238
U3 two-stage unconditional,Control,396,1.00944
U3 two-stage unconditional,Control,397,1.00827
U3 two-stage unconditional,Control,398,1.02084
U3 two-stage unconditional,Control,399,1.00354
U3 two-stage unconditional,Control,400,1.00216
U3 two-stage unconditional,Control,401,1.00892
U3 two-stage unconditional,Control,402,1.04823
U3 two-stage unconditional,Control,403,1.02083
U3 two-stage unconditional,Control,404,1.01692
U3 two-stage unconditional,Control,405,1.02522
U3 two-stage unconditional,Control,406,1.0039
U3 two-stage unconditional,Control,407,1.02111
U3 two-stage unconditional,Control,408,1.00122
U3 two-stage unconditional,Control,409,1.00036
U3 two-stage unconditional,Control,410,1.06909
U3 two-stage unconditional,Control,411,1.03363
U3 two-stage unconditional,Control,412,1.06411
U3 two-stage unconditional,Control,413,1.00728
U3 two-stage unconditional,Control,414,1.04281
U3 two-stage unconditional,Control,415,0.994809
U3 two-stage unconditional,Control,416,1.0035
U3 two-stage unconditional,Control,417,1.00565
U3 two-stage unconditional,Control,418,1.01394
U3 two-stage unconditional,Control,419,1.01163
U3 two-stage unconditional,Control,420,0.998872
U3 two-stage unconditional,Control,421,0.998135
U3 two-stage unconditional,Control,422,1.05753
U3 two-stage unconditional,Control,423,0.99599
U3 two-stage unconditional,Control,424,1.0351
U3 two-stage unconditional,Control,425,1.04938
U3 two-stage unconditional,Control,426,1.01843
U3 two-stage unconditional,Control,427,0.99885
U3 two-stage unconditional,Control,428,0.998529
U3 two-stage unconditional,Control,429,1.08053
U3 two-stage unconditional,Control,430,1.00153
U3 two-stage unconditional,Control,431,1.02514
U3 two-stage unconditional,Control,432,1.00691
U3 two-stage unconditional,Control,433,1.00502
U3 two-stage unconditional,Control,434,1.00307
U3 two-stage unconditional,Control,435,1.01068
U3 two-stage unconditional,Control,436,1.03149
U3 two-stage unconditional,Control,437,1.00257
U3 two-stage unconditional,Control,438,1.01852
U3 two-stage unconditional,Control,439,1.04419
U3 two-stage unconditional,Control,440,1.00469
U3 two-stage unconditional,Control,441,1.02654
U3 two-stage unconditional,Control,442,1.00549
U3 two-stage unconditional,Control,443,1.00415
U3 two-stage unconditional,Control,444,1.00703
U3 two-stage unconditional,Control,445,1.04233
U3 two-stage unconditional,Control,446,1.00725
U3 two-stage unconditional,Control,447,1.03246
U3 two-stage unconditional,Control,448,1.00135
U3 two-stage unconditional,Control,449,1.00148
U3 two-stage unconditional,Control,450,1.00721
U3 two-stage unconditional,Control,451,1.0028
U3 two-stage unconditional,Control,452,1.00351
U3 two-stage unconditional,Control,453,1.00002
U3 two-stage unconditional,Control,454,1.01572
U3 two-stage unconditional,Control,455,0.998715
U3 two-stage unconditional,Control,456,1.00089
U3 two-stage unconditional,Control,457,1.00882
U3 two-stage unconditional,Control,458,0.993012
U3 two-stage unconditional,Control,459,1.00927
U3 two-stage unconditional,Control,460,1.01779
U3 two-stage unconditional,Control,461,1.10347
U3 two-stage unconditional,Control,462,1.00314
U3 two-stage unconditional,Control,463,1.00078
U3 two-stage unconditional,Control,464,1.00775
U3 two-stage unconditional,Control,465,1.00631
U3 two-stage unconditional,Control,466,1.0004
U3 two-stage unconditional,Control,467,1.00216
U3 two-stage unconditional,Control,468,1.0025
U3 two-stage unconditional,Control,469,1.02626
U3 two-stage unconditional,Control,470,1.00506
U3 two-stage unconditional,Control,471,1.00247
U3 two-stage unconditional,Control,472,1.04089
U3 two-stage unconditional,Control,473,1.00493
U3 two-stage unconditional,Control,474,0.986975
U3 two-stage unconditional,Control,475,1.01074
U3 two-stage unconditional,Control,476,0.996603
U3 two-stage unconditional,Control,477,1.01645
U3 two-stage unconditional,Control,478,1.02442
U3 two-stage unconditional,Control,479,1.02091
U3 two-stage unconditional,Control,480,1.00076
U3 two-stage unconditional,Control,481,1.00213
U3 two-stage unconditional,Control,482,1.00271
U3 two-stage unconditional,Control,483,1.05929
U3 two-stage unconditional,Control,484,1.02516
U3 two-stage unconditional,Control,485,1.03614
U3 two-stage unconditional,Control,486,1.01843
U3 two-stage unconditional,Control,487,0.999741
U3 two-stage unconditional,Control,488,1.01768
U3 two-stage unconditional,Control,489,1.01495
U3 two-stage unconditional,Control,490,1.01294
U3 two-stage unconditional,Control,491,1.00744
U3 two-stage unconditional,Control,492,1.09014
U3 two-stage unconditional,Control,493,0.99967
U3 two-stage unconditional,Control,494,1.00036
U3 two-stage unconditional,Control,495,1.00052
U3 two-stage unconditional,Control,496,1.00191
U3 two-stage unconditional,Control,497,1.00317
U3 two-stage unconditional,Control,498,0.994416
U3 two-stage unconditional,Control,499,1.04578
U3 two-stage unconditional,Control,500,1.00489
U3 two-stage unconditional,Control,501,1.00006
U3 two-stage unconditional,Control,502,1.0055
U3 two-stage unconditional,Control,503,1.00148
U3 two-stage unconditional,Control,504,1.03971
U3 two-stage unconditional,Control,505,1.00184
U3 two-stage unconditional,Control,506,1.0667
U3 two-stage unconditional,Control,507,1.07182
U3 two-stage unconditional,Control,508,1.01384
U3 two-stage unconditional,Control,509,1.02994
U3 two-stage unconditional,Control,510,1.01525
U3 two-stage unconditional,Control,511,1.01917
U3 two-stage unconditional,Control,512,1.06477
U3 two-stage unconditional,Control,513,1.00114
U3 two-stage unconditional,Control,514,1.01215
U3 two-stage unconditional,Control,515,0.996419
U3 two-stage unconditional,Control,516,1.00634
U3 two-stage unconditional,Control,517,1.00023
U3 two-stage unconditional,Control,518,1.00041
U3 two-stage unconditional,Control,519,1.02057
U3 two-stage unconditional,Control,520,0.99844
U3 two-stage unconditional,Control,521,1.0275
U3 two-stage unconditional,Control,522,1.00182
U3 two-stage unconditional,Control,523,1.01818
U3 two-stage unconditional,Control,524,1.00408
U3 two-stage unconditional,Control,525,1.00092
U3 two-stage unconditional,Control,526,1.00009
U3 two-stage unconditional,Control,527,1.00006
U3 two-stage unconditional,Control,528,1.00001
U3 two-stage unconditional,Control,529,0.999977
U3 two-stage unconditional,Control,530,1.00846
U3 two-stage unconditional,Control,531,1.00751
U3 two-stage unconditional,Control,532,1.01866
U3 two-stage unconditional,Control,533,1.01532
U3 two-stage unconditional,Control,534,1.00136
U3 two-stage unconditional,Control,535,1.00023
U3 two-stage unconditional,Control,536,1.00519
U3 two-stage unconditional,Control,537,0.989571
U3 two-stage unconditional,Control,538,1.00109
U3 two-stage unconditional,Control,539,1.00003
U3 two-stage unconditional,Control,540,0.998979
U3 two-stage unconditional,Control,541,1.0455
U3 two-stage unconditional,Control,542,1.00262
U3 two-stage unconditional,Control,543,1.01052
U3 two-stage unconditional,Control,544,1.00104
U3 two-stage unconditional,Control,545,1.0209
U3 two-stage unconditional,Control,546,1.00002
U3 two-stage unconditional,Control,547,0.992413
U3 two-stage unconditional,Control,548,1.01126
U3 two-stage unconditional,Control,549,1.01625
U3 two-stage unconditional,Control,550,0.999785
U3 two-stage unconditional,Control,551,1.03299
U3 two-stage unconditional,Control,552,1.06271
U3 two-stage unconditional,Control,553,1.01786
U3 two-stage unconditional,Control,554,1.00871
U3 two-stage unconditional,Control,555,1.0202
U3 two-stage unconditional,Control,556,1.0083
U3 two-stage unconditional,Control,557,1.01327
U3 two-stage unconditional,Control,558,1.01412
U3 two-stage unconditional,Control,559,1.00012
U3 two-stage unconditional,Control,560,1.02487
U3 two-stage unconditional,Control,561,1.00171
U3 two-stage unconditional,Control,562,1.00011
U3 two-stage unconditional,Control,563,1.06364
U3 two-stage unconditional,Control,564,1.0394
U3 two-stage unconditional,Control,565,1.00761
U3 two-stage unconditional,Control,566,1.07892
U3 two-stage unconditional,Control,567,1.01402
U3 two-stage unconditional,Control,568,0.999161
U3 two-stage unconditional,Control,569,1.01123
U3 two-stage unconditional,Control,570,1.00142
U3 two-stage unconditional,Control,571,1.00773
U3 two-stage unconditional,Control,572,1.02563
U3 two-stage unconditional,Control,573,1.01078
U3 two-stage unconditional,Control,574,1.00328
U3 two-stage unconditional,Control,575,1.01586
U3 two-stage unconditional,Control,576,1.02727
U3 two-stage unconditional,Control,577,1.03183
U3 two-stage unconditional,Control,578,1.00822
U3 two-stage unconditional,Control,579,1.00564
U3 two-stage unconditional,Control,580,1.01419
U3 two-stage unconditional,Control,581,1.05093
U3 two-stage unconditional,Control,582,1.01157
U3 two-stage unconditional,Control,583,1.05422
U3 two-stage unconditional,Control,584,1.01226
U3 two-stage unconditional,Control,585,1.01537
U3 two-stage unconditional,Control,586,1.01433
U3 two-stage unconditional,Control,587,1.0137100000000001
U3 two-stage unconditional,Control,588,1.05855
U3 two-stage unconditional,Control,589,1.05647
U3 two-stage unconditional,Control,590,1.0032
U3 two-stage unconditional,Control,591,1.02196
U3 two-stage unconditional,Control,592,1.05508
U3 two-stage unconditional,Control,593,1.08021
U3 two-stage unconditional,Control,594,1.00272
U3 two-stage unconditional,Control,595,1.01026
U3 two-stage unconditional,Control,596,1.00354
U3 two-stage unconditional,Control,597,1.00213
U3 two-stage unconditional,Control,598,1.03406
U3 two-stage unconditional,Control,599,1.01362
U3 two-stage unconditional,Control,600,1.02267
U3 two-stage unconditional,Control,601,1.03179
U3 two-stage unconditional,Control,602,1.01466
U3 two-stage unconditional,Control,603,1.00799
U3 two-stage unconditional,Control,604,1.00062
U3 two-stage unconditional,Control,605,1.01036
U3 two-stage unconditional,Control,606,1.00088
U3 two-stage unconditional,Control,607,0.998081
U3 two-stage unconditional,Control,608,1.00258
U3 two-stage unconditional,Control,609,0.971448
U3 two-stage unconditional,Control,610,1.00263
U3 two-stage unconditional,Control,611,1.00539
U3 two-stage unconditional,Control,612,1.00802
U3 two-stage unconditional,Control,613,1.0034
U3 two-stage unconditional,Control,614,1.0037
U3 two-stage unconditional,Control,615,1.01326
U3 two-stage unconditional,Control,616,1.00308
U3 two-stage unconditional,Control,617,1.00035
U3 two-stage unconditional,Control,618,1.01058
U3 two-stage unconditional,Control,619,0.99485
U3 two-stage unconditional,Control,620,1.14603
U3 two-stage unconditional,Control,621,1.00724
U3 two-stage unconditional,Control,622,1.02018
U3 two-stage unconditional,Control,623,1.00606
U3 two-stage unconditional,Control,624,1.01221
U3 two-stage unconditional,Control,625,1.00158
U3 two-stage unconditional,Control,626,1.01522
U3 two-stage unconditional,Control,627,1.00369
U3 two-stage unconditional,Control,628,1.00621
U3 two-stage unconditional,Control,629,1.0013
U3 two-stage unconditional,Control,630,1.0119
U3 two-stage unconditional,Control,631,1.0001
U3 two-stage unconditional,Control,632,1.01214
U3 two-stage unconditional,Control,633,1.00314
U3 two-stage unconditional,Control,634,1.00234
U3 two-stage unconditional,Control,635,1.00422
U3 two-stage unconditional,Control,636,1.06424
U3 two-stage unconditional,Control,637,1.00516
U3 two-stage unconditional,Control,638,1.0064
U3 two-stage unconditional,Control,639,1.00383
U3 two-stage unconditional,Control,640,1.00042
U3 two-stage unconditional,Control,641,1.00138
U3 two-stage unconditional,Control,642,1.06296
U3 two-stage unconditional,Control,643,1.00371
U3 two-stage unconditional,Control,644,1.08316
U3 two-stage unconditional,Control,645,1.10658
U3 two-stage unconditional,Control,646,1.06869
U3 two-stage unconditional,Control,647,1.07205
U3 two-stage unconditional,Control,648,1.03075
U3 two-stage unconditional,Control,649,1.01996
U3 two-stage unconditional,Control,650,0.993196
U3 two-stage unconditional,Control,651,1.00532
U3 two-stage unconditional,Control,652,1.00459
U3 two-stage unconditional,Control,653,0.997714
U3 two-stage unconditional,Control,654,1.01359
U3 two-stage unconditional,Control,655,1.00571
U3 two-stage unconditional,Control,656,1.01058
U3 two-stage unconditional,Control,657,1.00166
U3 two-stage unconditional,Control,658,1.01716
U3 two-stage unconditional,Control,659,1.00367
U3 two-stage unconditional,Control,660,1.00731
U3 two-stage unconditional,Control,661,1.00149
U3 two-stage unconditional,Control,662,1.01426
U3 two-stage unconditional,Control,663,1.06067
U3 two-stage unconditional,Control,664,0.998016
U3 two-stage unconditional,Control,665,1.12467
U3 two-stage unconditional,Control,666,0.975746
U3 two-stage unconditional,Control,667,1.0055
U3 two-stage unconditional,Control,668,0.967622
U3 two-stage unconditional,Control,669,1.00758
U3 two-stage unconditional,Control,670,1.00675
U3 two-stage unconditional,Control,671,1.02725
U3 two-stage unconditional,Control,672,1.00457
U3 two-stage unconditional,Control,673,1.07416
U3 two-stage unconditional,Control,674,1.05721
U3 two-stage unconditional,Control,675,1.05243
U3 two-stage unconditional,Control,676,1.00843
U3 two-stage unconditional,Control,677,1.00008
U3 two-stage unconditional,Control,678,1.00096
U3 two-stage unconditional,Control,679,1.02713
U3 two-stage unconditional,Control,680,1.01177
U3 two-stage unconditional,Control,681,1.00026
U3 two-stage unconditional,Control,682,1.00546
U3 two-stage unconditional,Control,683,1.00074
U3 two-stage unconditional,Control,684,1.00279
U3 two-stage unconditional,Control,685,1.03675
U3 two-stage unconditional,Control,686,1.01038
U3 two-stage unconditional,Control,687,1.00016
U3 two-stage unconditional,Control,688,0.993499
U3 two-stage unconditional,Control,689,1.04704
U3 two-stage unconditional,Control,690,1.10688
U3 two-stage unconditional,Control,691,1.01923
U3 two-stage unconditional,Control,692,0.999505
U3 two-stage unconditional,Control,693,1.01959
U3 two-stage unconditional,Control,694,1.0451
U3 two-stage unconditional,Control,695,1.00588
U3 two-stage unconditional,Control,696,1.03748
U3 two-stage unconditional,Control,697,1.00008
U3 two-stage unconditional,Control,698,1.00287
U3 two-stage unconditional,Control,699,1.00104
U3 two-stage unconditional,Control,700,1.00827
U3 two-stage unconditional,Control,701,1.00403
U3 two-stage unconditional,Control,702,1.00578
U3 two-stage unconditional,Control,703,1.02172
U3 two-stage unconditional,Control,704,1.07523
U3 two-stage unconditional,Control,705,1.02951
U3 two-stage unconditional,Control,706,1.03176
U3 two-stage unconditional,Control,707,1.00272
U3 two-stage unconditional,Control,708,1.00368
U3 two-stage unconditional,Control,709,1.00513
U3 two-stage unconditional,Control,710,1.00152
U3 two-stage unconditional,Control,711,1.02253
U3 two-stage unconditional,Control,712,1.00705
U3 two-stage unconditional,Control,713,1.00759
U3 two-stage unconditional,Control,714,1.00182
U3 two-stage unconditional,Control,715,1.0096
U3 two-stage unconditional,Control,716,0.994513
U3 two-stage unconditional,Control,717,0.992924
U3 two-stage unconditional,Control,718,1.0075
U3 two-stage unconditional,Control,719,1.00389
U3 two-stage unconditional,Control,720,1.00133
U3 two-stage unconditional,Control,721,1.00348
U3 two-stage unconditional,Control,722,1.00797
U3 two-stage unconditional,Control,723,1.02783
U3 two-stage unconditional,Control,724,1.07803
U3 two-stage unconditional,Control,725,1.00811
U3 two-stage unconditional,Control,726,1.00926
U3 two-stage unconditional,Control,727,1.02147
U3 two-stage unconditional,Control,728,1.00749
U3 two-stage unconditional,Control,729,1.00624
U3 two-stage unconditional,Control,730,1.04961
U3 two-stage unconditional,Control,731,1.02866
U3 two-stage unconditional,Control,732,1.02973
U3 two-stage unconditional,Control,733,1.00048
U3 two-stage unconditional,Control,734,1.00083
U3 two-stage unconditional,Control,735,1.00003
U3 two-stage unconditional,Control,736,1.00078
U3 two-stage unconditional,Control,737,1.00014
U3 two-stage unconditional,Control,738,0.998661
U3 two-stage unconditional,Control,739,1.00969
U3 two-stage unconditional,Control,740,1.00044
U3 two-stage unconditional,Control,741,1.00018
U3 two-stage unconditional,Control,742,1.00477
U3 two-stage unconditional,Control,743,1.00315
U3 two-stage unconditional,Control,744,1.0229
U3 two-stage unconditional,Control,745,1.06419
U3 two-stage unconditional,Control,746,1.09352
U3 two-stage unconditional,Control,747,1.00294
U3 two-stage unconditional,Control,748,1.01442
U3 two-stage unconditional,Control,749,1.01559
U3 two-stage unconditional,Control,750,1.00374
U3 two-stage unconditional,Control,751,1.0242
U3 two-stage unconditional,Control,752,1.10245
U3 two-stage unconditional,Control,753,1.06638
U3 two-stage unconditional,Control,754,0.99023
U3 two-stage unconditional,Control,755,1.06811
U3 two-stage unconditional,Control,756,1.11368
U3 two-stage unconditional,Control,757,1.01795
U3 two-stage unconditional,Control,758,1.02017
U3 two-stage unconditional,Control,759,1.02026
U3 two-stage unconditional,Control,760,1.00358
U3 two-stage unconditional,Control,761,1.00392
U3 two-stage unconditional,Control,762,1.00349
U3 two-stage unconditional,Control,763,1.0216
U3 two-stage unconditional,Control,764,0.997469
U3 two-stage unconditional,Control,765,1.00139
U3 two-stage unconditional,Control,766,1.0052
U3 two-stage unconditional,Control,767,1.00905
U3 two-stage unconditional,Control,768,1.01977
U3 two-stage unconditional,Control,769,1.00091
U3 two-stage unconditional,Control,770,1.01165
U3 two-stage unconditional,Control,771,0.98535
U3 two-stage unconditional,Control,772,1.02586
U3 two-stage unconditional,Control,773,1.00436
U3 two-stage unconditional,Control,774,1.0071
U3 two-stage unconditional,Control,775,1.00873
U3 two-stage unconditional,Control,776,1.00338
U3 two-stage unconditional,Control,777,1.00167
U3 two-stage unconditional,Control,778,1.00943
U3 two-stage unconditional,Control,779,1.00032
U3 two-stage unconditional,Control,780,1.00214
U3 two-stage unconditional,Control,781,1.04398
U3 two-stage unconditional,Control,782,1.01387
U3 two-stage unconditional,Control,783,1.06287
U3 two-stage unconditional,Control,784,1.0148
U3 two-stage unconditional,Control,785,1.12408
U3 two-stage unconditional,Control,786,1.00933
U3 two-stage unconditional,Control,787,1.01349
U3 two-stage unconditional,Control,788,1.01569
U3 two-stage unconditional,Control,789,1.09096
U3 two-stage unconditional,Control,790,1.052
U3 two-stage unconditional,Control,791,1.05982
U3 two-stage unconditional,Control,792,1.01699
U3 two-stage unconditional,Control,793,0.999271
U3 two-stage unconditional,Control,794,1.06954
U3 two-stage unconditional,Control,795,1.01128
U3 two-stage unconditional,Control,796,1.02476
U3 two-stage unconditional,Control,797,1.00097
U3 two-stage unconditional,Control,798,1.02675
U3 two-stage unconditional,Control,799,1.0044
U3 two-stage unconditional,Control,800,1.07413
U3 two-stage unconditional,Control,801,1.00212
U3 two-stage unconditional,Control,802,1.00368
U3 two-stage unconditional,Control,803,1.01785
U3 two-stage unconditional,Control,804,0.99935
U3 two-stage unconditional,Control,805,1.00308
U3 two-stage unconditional,Control,806,1.00563
U3 two-stage unconditional,Control,807,1.00048
U3 two-stage unconditional,Control,808,1.00069
U3 two-stage unconditional,Control,809,0.995084
U3 two-stage unconditional,Control,810,1.02665
U3 two-stage unconditional,Control,811,1.00776
U3 two-stage unconditional,Control,812,1.00279
U3 two-stage unconditional,Control,813,1.0103
U3 two-stage unconditional,Control,814,1.00154
U3 two-stage unconditional,Control,815,1.01049
U3 two-stage unconditional,Control,816,1.00098
U3 two-stage unconditional,Control,817,1.0526
U3 two-stage unconditional,Control,818,0.999871
U3 two-stage unconditional,Control,819,1.05701
U3 two-stage unconditional,Control,820,1.03013
U3 two-stage unconditional,Control,821,1.09302
U3 two-stage unconditional,Control,822,1.03378
U3 two-stage unconditional,Control,823,1.02241
U3 two-stage unconditional,Control,824,0.997245
U3 two-stage unconditional,Control,825,1.03038
U3 two-stage unconditional,Control,826,1.00903
U3 two-stage unconditional,Control,827,0.997477
U3 two-stage unconditional,Control,828,1.01126
U3 two-stage unconditional,Control,829,1.00069
U3 two-stage unconditional,Control,830,1.00104
U3 two-stage unconditional,Control,831,1.00204
U3 two-stage unconditional,Control,832,1.00517
U3 two-stage unconditional,Control,833,1.001
U3 two-stage unconditional,Control,834,1.00285
U3 two-stage unconditional,Control,835,1.0553
U3 two-stage unconditional,Control,836,1.00196
U3 two-stage unconditional,Control,837,1.00126
U3 two-stage unconditional,Control,838,1.01112
U3 two-stage unconditional,Control,839,1.00215
U3 two-stage unconditional,Control,840,1.04767
U3 two-stage unconditional,Control,841,1.00259
U3 two-stage unconditional,Control,842,1.07414
U3 two-stage unconditional,Control,843,1.03645
U3 two-stage unconditional,Control,844,1.0059
U3 two-stage unconditional,Control,845,1.0006
U3 two-stage unconditional,Control,846,0.995388
U3 two-stage unconditional,Control,847,1.02928
U3 two-stage unconditional,Control,848,1.01707
U3 two-stage unconditional,Control,849,1.00401
U3 two-stage unconditional,Control,850,1.00403
U3 two-stage unconditional,Control,851,1.01318
U3 two-stage unconditional,Control,852,1.02651
U3 two-stage unconditional,Control,853,1.00386
U3 two-stage unconditional,Control,854,0.99984
U3 two-stage unconditional,Control,855,1.01233
U3 two-stage unconditional,Control,856,0.998677
U3 two-stage unconditional,Control,857,1.00077
U3 two-stage unconditional,Control,858,1.00106
U3 two-stage unconditional,Control,859,0.999426
U3 two-stage unconditional,Control,860,1.00819
U3 two-stage unconditional,Control,861,1.00381
U3 two-stage unconditional,Control,862,1.04916
U3 two-stage unconditional,Control,863,1.03477
U3 two-stage unconditional,Control,864,1.01966
U3 two-stage unconditional,Control,865,1.01123
U3 two-stage unconditional,Control,866,1.02684
U3 two-stage unconditional,Control,867,1.00623
U3 two-stage unconditional,Control,868,1.00123
U3 two-stage unconditional,Control,869,1.0063
U3 two-stage unconditional,Control,870,1.01096
U3 two-stage unconditional,Control,871,1.00269
U3 two-stage unconditional,Control,872,1.00059
U3 two-stage unconditional,Control,873,1.00168
U3 two-stage unconditional,Control,874,1.01388
U3 two-stage unconditional,Control,875,1.01056
U3 two-stage unconditional,Control,876,0.995219
U3 two-stage unconditional,Control,877,1.07326
U3 two-stage unconditional,Control,878,0.995602
U3 two-stage unconditional,Control,879,1.00978
U3 two-stage unconditional,Control,880,1.00884
U3 two-stage unconditional,Control,881,1.0062
U3 two-stage unconditional,Control,882,0.997258
U3 two-stage unconditional,Control,883,1.03556
U3 two-stage unconditional,Control,884,0.999936
U3 two-stage unconditional,Control,885,1.00613
U3 two-stage unconditional,Control,886,0.999966
U3 two-stage unconditional,Control,887,1.01807
U3 two-stage unconditional,Control,888,0.995041
U3 two-stage unconditional,Control,889,1.00626
U3 two-stage unconditional,Control,890,1.00613
U3 two-stage unconditional,Control,891,1.01688
U3 two-stage unconditional,Control,892,0.990129
U3 two-stage unconditional,Control,893,0.992166
U3 two-stage unconditional,Control,894,1.05838
U3 two-stage unconditional,Control,895,1.00248
U3 two-stage unconditional,Control,896,1.00251
U3 two-stage unconditional,Control,897,1.00495
U3 two-stage unconditional,Control,898,1.00448
U3 two-stage unconditional,Control,899,1.04848
U3 two-stage unconditional,Control,900,1.04977
U3 two-stage unconditional,Control,901,1.01767
U3 two-stage unconditional,Control,902,1.00007
U3 two-stage unconditional,Control,903,1.00477
U3 two-stage unconditional,Control,904,1.00622
U3 two-stage unconditional,Control,905,1.01396
U3 two-stage unconditional,Control,906,1.00052
U3 two-stage unconditional,Control,907,1.01415
U3 two-stage unconditional,Control,908,1.00302
U3 two-stage unconditional,Control,909,1.00304
U3 two-stage unconditional,Control,910,0.991108
U3 two-stage unconditional,Control,911,0.996851
U3 two-stage unconditional,Control,912,1.03288
U3 two-stage unconditional,Control,913,1.02485
U3 two-stage unconditional,Control,914,1.00975
U3 two-stage unconditional,Control,915,1.00809
U3 two-stage unconditional,Control,916,1.00255
U3 two-stage unconditional,Control,917,1.05441
U3 two-stage unconditional,Control,918,1.00694
U3 two-stage unconditional,Control,919,1.01677
U3 two-stage unconditional,Control,920,1.00942
U3 two-stage unconditional,Control,921,1.09806
U3 two-stage unconditional,Control,922,1.1251
U3 two-stage unconditional,Control,923,1.08982
U3 two-stage unconditional,Control,924,1.02816
U3 two-stage unconditional,Control,925,1.02027
U3 two-stage unconditional,Control,926,1.03772
U3 two-stage unconditional,Control,927,1.02544
U3 two-stage unconditional,Control,928,1.00832
U3 two-stage unconditional,Control,929,1.01069
U3 two-stage unconditional,Control,930,0.998692
U3 two-stage unconditional,Control,931,1.00286
U3 two-stage unconditional,Control,932,0.995722
U3 two-stage unconditional,Control,933,1.01471
U3 two-stage unconditional,Control,934,1.01315
U3 two-stage unconditional,Control,935,0.998546
U3 two-stage unconditional,Control,936,1.00217
U3 two-stage unconditional,Control,937,1.00129
U3 two-stage unconditional,Control,938,1.00852
U3 two-stage unconditional,Control,939,1.02383
U3 two-stage unconditional,Control,940,1.00866
U3 two-stage unconditional,Control,941,1.03023
U3 two-stage unconditional,Control,942,1.01428
U3 two-stage unconditional,Control,943,1.00765
U3 two-stage unconditional,Control,944,1.00025
U3 two-stage unconditional,Control,945,0.999202
U3 two-stage unconditional,Control,946,1.01047
U3 two-stage unconditional,Control,947,0.992556
U3 two-stage unconditional,Control,948,0.994994
U3 two-stage unconditional,Control,949,1.09867
U3 two-stage unconditional,Control,950,1.01107
U3 two-stage unconditional,Control,951,1.02665
U3 two-stage unconditional,Control,952,1.02072
U3 two-stage unconditional,Control,953,0.998655
U3 two-stage unconditional,Control,954,1.00858
U3 two-stage unconditional,Control,955,1.00621
U3 two-stage unconditional,Control,956,1.01177
U3 two-stage unconditional,Control,957,1.00396
U3 two-stage unconditional,Control,958,1.01069
U3 two-stage unconditional,Control,959,0.997892
U3 two-stage unconditional,Control,960,1.01254
U3 two-stage unconditional,Control,961,1
U3 two-stage unconditional,Control,962,1.01609
U3 two-stage unconditional,Control,963,1.03308
U3 two-stage unconditional,Control,964,1.00418
U3 two-stage unconditional,Control,965,0.998133
U3 two-stage unconditional,Control,966,1.01529
U3 two-stage unconditional,Control,967,1.00028
U3 two-stage unconditional,Control,968,1.00356
U3 two-stage unconditional,Control,969,1.02032
U3 two-stage unconditional,Control,970,1.00863
U3 two-stage unconditional,Control,971,1.04633
U3 two-stage unconditional,Control,972,0.943942
U3 two-stage unconditional,Control,973,1.03152
U3 two-stage unconditional,Control,974,1.00114
U3 two-stage unconditional,Control,975,1.0206
U3 two-stage unconditional,Control,976,1.0205
U3 two-stage unconditional,Control,977,1.00369
U3 two-stage unconditional,Control,978,1.01255
U3 two-stage unconditional,Control,979,1.01032
U3 two-stage unconditional,Control,980,1.01784
U3 two-stage unconditional,Control,981,1.00916
U3 two-stage unconditional,Control,982,1.00311
U3 two-stage unconditional,Control,983,1.00274
U3 two-stage unconditional,Control,984,1.03192
U3 two-stage unconditional,Control,985,0.999414
U3 two-stage unconditional,Control,986,1.00042
U3 two-stage unconditional,Control,987,1.01222
U3 two-stage unconditional,Control,988,1.00872
U3 two-stage unconditional,Control,989,1.00215
U3 two-stage unconditional,Control,990,1.00322
U3 two-stage unconditional,Control,991,1.01743
U3 two-stage unconditional,Control,992,1.0416
U3 two-stage unconditional,Control,993,1.00138
U3 two-stage unconditional,Control,994,1.00695
U3 two-stage unconditional,Control,995,1.01936
U3 two-stage unconditional,Control,996,1.0209
U3 two-stage unconditional,Control,997,1.01475
U3 two-stage unconditional,Control,998,1.01028
U3 two-stage unconditional,Control,999,1.00279
U3 two-stage unconditional,Control,1000,1.0161
U3 two-stage unconditional,Control,1001,1.01428
U3 two-stage unconditional,Control,1002,1.01052
U3 two-stage unconditional,Control,1003,1.00509
U3 two-stage unconditional,Control,1004,1.00351
U3 two-stage unconditional,Control,1005,1.01673
U3 two-stage unconditional,Control,1006,1.00758
U3 two-stage unconditional,Control,1007,1.00589
U3 two-stage unconditional,Control,1008,1.00873
U3 two-stage unconditional,Control,1009,1.00029
U3 two-stage unconditional,Control,1010,1.00677
U3 two-stage unconditional,Control,1011,0.99874
U3 two-stage unconditional,Control,1012,1.0018
U3 two-stage unconditional,Control,1013,1.0128
U3 two-stage unconditional,Control,1014,1.00155
U3 two-stage unconditional,Control,1015,1.013
U3 two-stage unconditional,Control,1016,1.00554
U3 two-stage unconditional,Control,1017,1.00029
U3 two-stage unconditional,Control,1018,1.02149
U3 two-stage unconditional,Control,1019,1.08927
U3 two-stage unconditional,Control,1020,1.04126
U3 two-stage unconditional,Control,1021,0.991231
U3 two-stage unconditional,Control,1022,1.0281
U3 two-stage unconditional,Control,1023,1.01776
U3 two-stage unconditional,Control,1024,1.01396
U3 two-stage unconditional,Control,1025,1.00624
U3 two-stage unconditional,Control,1026,1.00478
U3 two-stage unconditional,Control,1027,1.02055
U3 two-stage unconditional,Control,1028,1.01509
U3 two-stage unconditional,Control,1029,0.999586
U3 two-stage unconditional,Control,1030,1.01352
U3 two-stage unconditional,Control,1031,1.01309
U3 two-stage unconditional,Control,1032,1.06927
U3 two-stage unconditional,Control,1033,1.02632
U3 two-stage unconditional,Control,1034,1.00214
U3 two-stage unconditional,Control,1035,1.00952
U3 two-stage unconditional,Control,1036,1.04653
U3 two-stage unconditional,Control,1037,1.00021
U3 two-stage unconditional,Control,1038,1.01068
U3 two-stage unconditional,Control,1039,0.99883
U3 two-stage unconditional,Control,1040,1.00782
U3 two-stage unconditional,Control,1041,1.0041
U3 two-stage unconditional,Control,1042,1.0852
U3 two-stage unconditional,Control,1043,1.01743
U3 two-stage unconditional,Control,1044,1.0069
U3 two-stage unconditional,Control,1045,1.00188
U3 two-stage unconditional,Control,1046,1.03679
U3 two-stage unconditional,Control,1047,1.00005
U3 two-stage unconditional,Control,1048,1.0221
U3 two-stage unconditional,Control,1049,1.02199
U3 two-stage unconditional,Control,1050,0.999866
U3 two-stage unconditional,Control,1051,1.00307
U3 two-stage unconditional,Control,1052,1.02155
U3 two-stage unconditional,Control,1053,1.00019
U3 two-stage unconditional,Control,1054,1.00886
U3 two-stage unconditional,Control,1055,1.01129
U3 two-stage unconditional,Control,1056,0.998462
U3 two-stage unconditional,Control,1057,1.00402
U3 two-stage unconditional,Control,1058,0.995412
U3 two-stage unconditional,Control,1059,1.00883
U3 two-stage unconditional,Control,1060,1.0105
U3 two-stage unconditional,Control,1061,1.00816
U3 two-stage unconditional,Control,1062,1.01025
U3 two-stage unconditional,Control,1063,1.00546
U3 two-stage unconditional,Control,1064,1.0008
U3 two-stage unconditional,Control,1065,1.00809
U3 two-stage unconditional,Control,1066,1.11469
U3 two-stage unconditional,Control,1067,1.03645
U3 two-stage unconditional,Control,1068,1.00236
U3 two-stage unconditional,Control,1069,1.00399
U3 two-stage unconditional,Control,1070,1.00226
U3 two-stage unconditional,Control,1071,1.00677
U3 two-stage unconditional,Control,1072,1.00025
U3 two-stage unconditional,Control,1073,1.04612
U3 two-stage unconditional,Control,1074,1.01176
U3 two-stage unconditional,Control,1075,1.03413
U3 two-stage unconditional,Control,1076,1.03191
U3 two-stage unconditional,Control,1077,1.00118
U3 two-stage unconditional,Control,1078,1.00004
U3 two-stage unconditional,Control,1079,1.00104
U3 two-stage unconditional,Control,1080,1.00093
U3 two-stage unconditional,Control,1081,1.00137
U3 two-stage unconditional,Control,1082,1.01105
U3 two-stage unconditional,Control,1083,1.01052
U3 two-stage unconditional,Control,1084,1.00713
U3 two-stage unconditional,Control,1085,1.06869
U3 two-stage unconditional,Control,1086,0.999926
U3 two-stage unconditional,Control,1087,1.08582
U3 two-stage unconditional,Control,1088,1.12834
U3 two-stage unconditional,Control,1089,1.01364
U3 two-stage unconditional,Control,1090,1.00526
U3 two-stage unconditional,Control,1091,1.00354
U3 two-stage unconditional,Control,1092,1.01883
U3 two-stage unconditional,Control,1093,1.01971
U3 two-stage unconditional,Control,1094,1.04367
U3 two-stage unconditional,Control,1095,0.997585
U3 two-stage unconditional,Control,1096,1.0711
U3 two-stage unconditional,Control,1097,1.10599
U3 two-stage unconditional,Control,1098,1.03266
U3 two-stage unconditional,Control,1099,1.00248
U3 two-stage unconditional,Control,1100,1.0064
U3 two-stage unconditional,Control,1101,1.00673
U3 two-stage unconditional,Control,1102,1.00072
U3 two-stage unconditional,Control,1103,1.02907
U3 two-stage unconditional,Control,1104,1.00115
U3 two-stage unconditional,Control,1105,1.03534
U3 two-stage unconditional,Control,1106,1.07963
U3 two-stage unconditional,Control,1107,1.02719
U3 two-stage unconditional,Control,1108,1.02523
U3 two-stage unconditional,Control,1109,1.03686
U3 two-stage unconditional,Control,1110,1.03816
U3 two-stage unconditional,Control,1111,1.00879
U3 two-stage unconditional,Control,1112,1.02022
U3 two-stage unconditional,Control,1113,1.03216
U3 two-stage unconditional,Control,1114,1.00991
U3 two-stage unconditional,Control,1115,1.00202
U3 two-stage unconditional,Control,1116,1.00247
U3 two-stage unconditional,Control,1117,1.05157
U3 two-stage unconditional,Control,1118,1.02778
U3 two-stage unconditional,Control,1119,1.01706
U3 two-stage unconditional,Control,1120,0.992008
U3 two-stage unconditional,Control,1121,1.02161
U3 two-stage unconditional,Control,1122,1.00215
U3 two-stage unconditional,Control,1123,1.02901
U3 two-stage unconditional,Control,1124,1.01992
U3 two-stage unconditional,Control,1125,1.02152
U3 two-stage unconditional,Control,1126,1.05113
U3 two-stage unconditional,Control,1127,1.00399
U3 two-stage unconditional,Control,1128,1.00888
U3 two-stage unconditional,Control,1129,1.01558
U3 two-stage unconditional,Control,1130,1.10847
U3 two-stage unconditional,Control,1131,1.03361
U3 two-stage unconditional,Control,1132,1.0076
U3 two-stage unconditional,Control,1133,1.00426
U3 two-stage unconditional,Control,1134,1.0303
U3 two-stage unconditional,Control,1135,0.998361
U3 two-stage unconditional,Control,1136,1.00855
U3 two-stage unconditional,Control,1137,1.00181
U3 two-stage unconditional,Control,1138,1.02134
U3 two-stage unconditional,Control,1139,1.00211
U3 two-stage unconditional,Control,1140,1.00804
U3 two-stage unconditional,Control,1141,1.00166
U3 two-stage unconditional,Control,1142,1.00269
U3 two-stage unconditional,Control,1143,1.00317
U3 two-stage unconditional,Control,1144,1.00403
U3 two-stage unconditional,Control,1145,1.02287
U3 two-stage unconditional,Control,1146,1.02099
U3 two-stage unconditional,Control,1147,1.00382
U3 two-stage unconditional,Control,1148,1.01619
U3 two-stage unconditional,Control,1149,1.01499
U3 two-stage unconditional,Control,1150,1.00919
U3 two-stage unconditional,Control,1151,1.01499
U3 two-stage unconditional,Control,1152,1.03284
U3 two-stage unconditional,Control,1153,1.05548
U3 two-stage unconditional,Control,1154,1.0176
U3 two-stage unconditional,Control,1155,1.01168
U3 two-stage unconditional,Control,1156,1.00583
U3 two-stage unconditional,Control,1157,1.0849
U3 two-stage unconditional,Control,1158,1.00608
U3 two-stage unconditional,Control,1159,1.0056
U3 two-stage unconditional,Control,1160,1.01242
U3 two-stage unconditional,Control,1161,1.01076
U3 two-stage unconditional,Control,1162,1.00498
U3 two-stage unconditional,Control,1163,1.02493
U3 two-stage unconditional,Control,1164,1.00636
U3 two-stage unconditional,Control,1165,1.0022
U3 two-stage unconditional,Control,1166,1.00071
U3 two-stage unconditional,Control,1167,1.00144
U3 two-stage unconditional,Control,1168,1.05308
U3 two-stage unconditional,Control,1169,1.01621
U3 two-stage unconditional,Control,1170,1.08176
U3 two-stage unconditional,Control,1171,1.04544
U3 two-stage unconditional,Control,1172,1.01952
U3 two-stage unconditional,Control,1173,1.01362
U3 two-stage unconditional,Control,1174,1.00631
U3 two-stage unconditional,Control,1175,0.99572
U3 two-stage unconditional,Control,1176,1.00661
U3 two-stage unconditional,Control,1177,1.01085
U3 two-stage unconditional,Control,1178,1.01938
U3 two-stage unconditional,Control,1179,1.04753
U3 two-stage unconditional,Control,1180,1.06439
U3 two-stage unconditional,Control,1181,1.03401
U3 two-stage unconditional,Control,1182,1.00312
U3 two-stage unconditional,Control,1183,1.0017
U3 two-stage unconditional,Control,1184,1.00136
U3 two-stage unconditional,Control,1185,1.06659
U3 two-stage unconditional,Control,1186,1.03506
U3 two-stage unconditional,Control,1187,1.14723
U3 two-stage unconditional,Control,1188,1.05257
U3 two-stage unconditional,Control,1189,1.02422
U3 two-stage unconditional,Control,1190,1.08429
U3 two-stage unconditional,Control,1191,1.12873
U3 two-stage unconditional,Control,1192,0.997163
U3 two-stage unconditional,Control,1193,1.0159
U3 two-stage unconditional,Control,1194,1.02466
U3 two-stage unconditional,Control,1195,1.01835
U3 two-stage unconditional,Control,1196,1.00398
U3 two-stage unconditional,Control,1197,1.09034
U3 two-stage unconditional,Control,1198,1.12061
U3 two-stage unconditional,Control,1199,0.998897
U3 two-stage unconditional,Control,1200,1.03017
U3 two-stage unconditional,Control,1201,1.01628
U3 two-stage unconditional,Control,1202,1.00083
U3 two-stage unconditional,Control,1203,1.06101
U3 two-stage unconditional,Control,1204,1.00668
U3 two-stage unconditional,Control,1205,1.00014
U3 two-stage unconditional,Control,1206,1.00607
U3 two-stage unconditional,Control,1207,1.04608
U3 two-stage unconditional,Control,1208,1.01507
U3 two-stage unconditional,Control,1209,1.01095
U3 two-stage unconditional,Control,1210,1.00487
U3 two-stage unconditional,Control,1211,1.00627
U3 two-stage unconditional,Control,1212,1.00842
U3 two-stage unconditional,Control,1213,1.0063
U3 two-stage unconditional,Control,1214,1.0108
U3 two-stage unconditional,Control,1215,1.00979
U3 two-stage unconditional,Control,1216,1.00549
U3 two-stage unconditional,Control,1217,1.08924
U3 two-stage unconditional,Control,1218,1.04691
U3 two-stage unconditional,Control,1219,1.00286
U3 two-stage unconditional,Control,1220,1.00041
U3 two-stage unconditional,Control,1221,1.00435
U3 two-stage unconditional,Control,1222,1.03121
U3 two-stage unconditional,Control,1223,1.00365
U3 two-stage unconditional,Control,1224,1.02514
U3 two-stage unconditional,Control,1225,1.01789
U3 two-stage unconditional,Control,1226,1.00618
U3 two-stage unconditional,Control,1227,1.06211
U3 two-stage unconditional,Control,1228,1.0087
U3 two-stage unconditional,Control,1229,1.00943
U3 two-stage unconditional,Control,1230,1.00113
U3 two-stage unconditional,Control,1231,1.01889
U3 two-stage unconditional,Control,1232,1.02303
U3 two-stage unconditional,Control,1233,1.00051
U3 two-stage unconditional,Control,1234,1.028
U3 two-stage unconditional,Control,1235,1.00547
U3 two-stage unconditional,Control,1236,1.00116
U3 two-stage unconditional,Control,1237,1.02377
U3 two-stage unconditional,Control,1238,1.02887
U3 two-stage unconditional,Control,1239,1.0436
U3 two-stage unconditional,Control,1240,1.05504
U3 two-stage unconditional,Control,1241,1.00407
U3 two-stage unconditional,Control,1242,1.01168
U3 two-stage unconditional,Control,1243,1.01882
U3 two-stage unconditional,Control,1244,1.01657
U3 two-stage unconditional,Control,1245,0.996668
U3 two-stage unconditional,Control,1246,1.01025
U3 two-stage unconditional,Control,1247,1.00781
U3 two-stage unconditional,Control,1248,1.03028
U3 two-stage unconditional,Control,1249,1.00945
U3 two-stage unconditional,Control,1250,0.99924
U3 two-stage unconditional,Control,1251,1.00727
U3 two-stage unconditional,Control,1252,1.00898
U3 two-stage unconditional,Control,1253,1.02182
U3 two-stage unconditional,Control,1254,1.03059
U3 two-stage unconditional,Control,1255,1.01101
U3 two-stage unconditional,Control,1256,1.00048
U3 two-stage unconditional,Control,1257,1.01795
U3 two-stage unconditional,Control,1258,1.01743
U3 two-stage unconditional,Control,1259,1.00091
U3 two-stage unconditional,Control,1260,1.01365
U3 two-stage unconditional,Control,1261,1.01027
U3 two-stage unconditional,Control,1262,1.02083
U3 two-stage unconditional,Control,1263,1.01926
U3 two-stage unconditional,Control,1264,1.00475
U3 two-stage unconditional,Control,1265,1.02461
U3 two-stage unconditional,Control,1266,0.999898
U3 two-stage unconditional,Control,1267,1.01817
U3 two-stage unconditional,Control,1268,1.00331
U3 two-stage unconditional,Control,1269,1.00484
U3 two-stage unconditional,Control,1270,1.02065
U3 two-stage unconditional,Control,1271,1.00294
U3 two-stage unconditional,Control,1272,1.01426
U3 two-stage unconditional,Control,1273,1.00796
U3 two-stage unconditional,Control,1274,1.02219
U3 two-stage unconditional,Control,1275,1.01312
U3 two-stage unconditional,Control,1276,1.03468
U3 two-stage unconditional,Control,1277,1.02862
U3 two-stage unconditional,Control,1278,1.00812
U3 two-stage unconditional,Control,1279,1.08174
U3 two-stage unconditional,Control,1280,1.00156
U3 two-stage unconditional,Control,1281,1.00633
U3 two-stage unconditional,Control,1282,1.01657
U3 two-stage unconditional,Control,1283,1.00034
U3 two-stage unconditional,Control,1284,1.02226
U3 two-stage unconditional,Control,1285,1.0075
U3 two-stage unconditional,Control,1286,1.02005
U3 two-stage unconditional,Control,1287,1.02708
U3 two-stage unconditional,Control,1288,0.994299
U3 two-stage unconditional,Control,1289,1.02056
U3 two-stage unconditional,Control,1290,1.00401
U3 two-stage unconditional,Control,1291,1.00238
U3 two-stage unconditional,Control,1292,1.00842
U3 two-stage unconditional,Control,1293,1.00243
U3 two-stage unconditional,Control,1294,1.0019
U3 two-stage unconditional,Control,1295,0.999747
U3 two-stage unconditional,Control,1296,1.02318
U3 two-stage unconditional,Control,1297,1.08615
U3 two-stage unconditional,Control,1298,1.03345
U3 two-stage unconditional,Control,1299,1.0143
U3 two-stage unconditional,Control,1300,1.01722
U3 two-stage unconditional,Control,1301,1.09205
U3 two-stage unconditional,Control,1302,1.04716
U3 two-stage unconditional,Control,1303,1.07071
U3 two-stage unconditional,Control,1304,1.0207
U3 two-stage unconditional,Control,1305,1.0013
U3 two-stage unconditional,Control,1306,1.00039
U3 two-stage unconditional,Control,1307,1.00538
U3 two-stage unconditional,Control,1308,1.00043
U3 two-stage unconditional,Control,1309,1.0052
U3 two-stage unconditional,Control,1310,1.0077
U3 two-stage unconditional,Control,1311,1.01394
U3 two-stage unconditional,Control,1312,1.01327
U3 two-stage unconditional,Control,1313,1.03333
U3 two-stage unconditional,Control,1314,1.01834
U3 two-stage unconditional,Control,1315,1.0049
U3 two-stage unconditional,Control,1316,0.987359
U3 two-stage unconditional,Control,1317,1.00883
U3 two-stage unconditional,Control,1318,0.986877
U3 two-stage unconditional,Control,1319,1.00269
U3 two-stage unconditional,Control,1320,1.04384
U3 two-stage unconditional,Control,1321,1.06943
U3 two-stage unconditional,Control,1322,1.09237
U3 two-stage unconditional,Control,1323,1.11962
U3 two-stage unconditional,Control,1324,1.06281
U3 two-stage unconditional,Control,1325,1.10208
U3 two-stage unconditional,Control,1326,1.01002
U3 two-stage unconditional,Control,1327,1.00043
U3 two-stage unconditional,Control,1328,1.00336
U3 two-stage unconditional,Control,1329,1.00298
U3 two-stage unconditional,Control,1330,1.01115
U3 two-stage unconditional,Control,1331,1.0366
U3 two-stage unconditional,Control,1332,1.01184
U3 two-stage unconditional,Control,1333,1.00141
U3 two-stage unconditional,Control,1334,0.994637
U3 two-stage unconditional,Control,1335,1.02904
U3 two-stage unconditional,Control,1336,1.16271
U3 two-stage unconditional,Control,1337,1.01418
U3 two-stage unconditional,Control,1338,1.02184
U3 two-stage unconditional,Control,1339,1.06004
U3 two-stage unconditional,Control,1340,1.20064
U3 two-stage unconditional,Control,1341,1.03519
U3 two-stage unconditional,Control,1342,1.0347
U3 two-stage unconditional,Control,1343,1.00898
U3 two-stage unconditional,Control,1344,1.00388
U3 two-stage unconditional,Control,1345,0.998448
U3 two-stage unconditional,Control,1346,1.00078
U3 two-stage unconditional,Control,1347,1.00139
U3 two-stage unconditional,Control,1348,1.03382
U3 two-stage unconditional,Control,1349,1.05807
U3 two-stage unconditional,Control,1350,1.00665
U3 two-stage unconditional,Control,1351,1.08086
U3 two-stage unconditional,Control,1352,1.00418
U3 two-stage unconditional,Control,1353,1.00581
U3 two-stage unconditional,Control,1354,1.00077
U3 two-stage unconditional,Control,1355,1.07117
U3 two-stage unconditional,Control,1356,1.03013
U3 two-stage unconditional,Control,1357,1.00245
U3 two-stage unconditional,Control,1358,1.00665
U3 two-stage unconditional,Control,1359,1.02501
U3 two-stage unconditional,Control,1360,1.02588
U3 two-stage unconditional,Control,1361,1.00728
U3 two-stage unconditional,Control,1362,1.01624
U3 two-stage unconditional,Control,1363,0.999303
U3 two-stage unconditional,Control,1364,0.968595
U3 two-stage unconditional,Control,1365,1.01585
U3 two-stage unconditional,Control,1366,1.02247
U3 two-stage unconditional,Control,1367,0.999143
U3 two-stage unconditional,Control,1368,1.08118
U3 two-stage unconditional,Control,1369,1.07274
U3 two-stage unconditional,Control,1370,1.00978
U3 two-stage unconditional,Control,1371,1.00931
U3 two-stage unconditional,Control,1372,1.04372
U3 two-stage unconditional,Control,1373,1.00912
U3 two-stage unconditional,Control,1374,1.01007
U3 two-stage unconditional,Control,1375,1.06161
U3 two-stage unconditional,Control,1376,1.0119
U3 two-stage unconditional,Control,1377,1.04854
U3 two-stage unconditional,Control,1378,1.04563
U3 two-stage unconditional,Control,1379,1.01315
U3 two-stage unconditional,Control,1380,1.00041
U3 two-stage unconditional,Control,1381,1.00185
U3 two-stage unconditional,Control,1382,1.00279
U3 two-stage unconditional,Control,1383,0.995923
U3 two-stage unconditional,Control,1384,0.994261
U3 two-stage unconditional,Control,1385,0.99387
U3 two-stage unconditional,Control,1386,0.991375
U3 two-stage unconditional,Control,1387,1.01118
U3 two-stage unconditional,Control,1388,1.00071
U3 two-stage unconditional,Control,1389,1.00235
U3 two-stage unconditional,Control,1390,1.00102
U3 two-stage unconditional,Control,1391,1.01429
U3 two-stage unconditional,Control,1392,1.01035
U3 two-stage unconditional,Control,1393,1.00952
U3 two-stage unconditional,Control,1394,1.00843
U3 two-stage unconditional,Control,1395,1.00038
U3 two-stage unconditional,Control,1396,1.00017
U3 two-stage unconditional,Control,1397,0.99079
U3 two-stage unconditional,Control,1398,1.00083
U3 two-stage unconditional,Control,1399,1.01101
U3 two-stage unconditional,Control,1400,1.02183
U3 two-stage unconditional,Control,1401,1.02277
U3 two-stage unconditional,Control,1402,1.03047
U3 two-stage unconditional,Control,1403,0.999469
U3 two-stage unconditional,Control,1404,1.0109
U3 two-stage unconditional,Control,1405,1.00236
U3 two-stage unconditional,Control,1406,1.00917
U3 two-stage unconditional,Control,1407,1.04359
U3 two-stage unconditional,Control,1408,0.999863
U3 two-stage unconditional,Control,1409,1.00072
U3 two-stage unconditional,Control,1410,1.00045
U3 two-stage unconditional,Control,1411,1.00014
U3 two-stage unconditional,Control,1412,0.99969
U3 two-stage unconditional,Control,1413,1.00026
U3 two-stage unconditional,Control,1414,1.00028
U3 two-stage unconditional,Control,1415,1.00046
U3 two-stage unconditional,Control,1416,1.00006
U3 two-stage unconditional,Control,1417,1.00024
U3 two-stage unconditional,Control,1418,1.0089
U3 two-stage unconditional,Control,1419,1.00515
U3 two-stage unconditional,Control,1420,1.10308
U3 two-stage unconditional,Control,1421,1.03695
U3 two-stage unconditional,Control,1422,1.01856
U3 two-stage unconditional,Control,1423,1.00577
U3 two-stage unconditional,Control,1424,1.00237
U3 two-stage unconditional,Control,1425,1.00876
U3 two-stage unconditional,Control,1426,1.04617
U3 two-stage unconditional,Control,1427,1.02726
U3 two-stage unconditional,Control,1428,1.02981
U3 two-stage unconditional,Control,1429,0.996347
U3 two-stage unconditional,Control,1430,1.0101
U3 two-stage unconditional,Control,1431,1.00619
U3 two-stage unconditional,Control,1432,1.00066
U3 two-stage unconditional,Control,1433,0.99983
U3 two-stage unconditional,Control,1434,1.00403
U3 two-stage unconditional,Control,1435,1.00968
U3 two-stage unconditional,Control,1436,0.99941
U3 two-stage unconditional,Control,1437,1.00041
U3 two-stage unconditional,Control,1438,1.00597
U3 two-stage unconditional,Control,1439,1.00191
U3 two-stage unconditional,Control,1440,1.00243
U3 two-stage unconditional,Control,1441,1.00098
U3 two-stage unconditional,Control,1442,1.01656
U3 two-stage unconditional,Control,1443,1.01124
U3 two-stage unconditional,Control,1444,1.04027
U3 two-stage unconditional,Control,1445,1.01649
U3 two-stage unconditional,Control,1446,1.01102
U3 two-stage unconditional,Control,1447,1.00066
U3 two-stage unconditional,Control,1448,1.00463
U3 two-stage unconditional,Control,1449,1.00161
U3 two-stage unconditional,Control,1450,1.01228
U3 two-stage unconditional,Control,1451,1.04451
U3 two-stage unconditional,Control,1452,1.03135
U3 two-stage unconditional,Control,1453,1.05387
U3 two-stage unconditional,Control,1454,1.00653
U3 two-stage unconditional,Control,1455,1.05673
U3 two-stage unconditional,Control,1456,1.00168
U3 two-stage unconditional,Control,1457,1.00195
U3 two-stage unconditional,Control,1458,1.0019
U3 two-stage unconditional,Control,1459,1.00006
U3 two-stage unconditional,Control,1460,1.00428
U3 two-stage unconditional,Control,1461,0.992357
U3 two-stage unconditional,Control,1462,1.00616
U3 two-stage unconditional,Control,1463,1.01085
U3 two-stage unconditional,Control,1464,1.05299
U3 two-stage unconditional,Control,1465,1.01671
U3 two-stage unconditional,Control,1466,1.00797
U3 two-stage unconditional,Control,1467,1.10757
U3 two-stage unconditional,Control,1468,1.0068
U3 two-stage unconditional,Control,1469,1.02629
U3 two-stage unconditional,Control,1470,1.00595
U3 two-stage unconditional,Control,1471,1.01251
U3 two-stage unconditional,Control,1472,0.999854
U3 two-stage unconditional,Control,1473,1.01283
U3 two-stage unconditional,Control,1474,1.00543
U3 two-stage unconditional,Control,1475,1.00968
U3 two-stage unconditional,Control,1476,1.01689
U3 two-stage unconditional,Control,1477,1.01108
U3 two-stage unconditional,Control,1478,1.04436
U3 two-stage unconditional,Control,1479,1.04141
U3 two-stage unconditional,Control,1480,1.05911
U3 two-stage unconditional,Control,1481,0.999054
U3 two-stage unconditional,Control,1482,1.01897
U3 two-stage unconditional,Control,1483,0.981626
U3 two-stage unconditional,Control,1484,0.990832
U3 two-stage unconditional,Control,1485,1.01059
U3 two-stage unconditional,Control,1486,1.00192
U3 two-stage unconditional,Control,1487,1.01681
U3 two-stage unconditional,Control,1488,1.01786
U3 two-stage unconditional,Control,1489,1.00843
U3 two-stage unconditional,Control,1490,1.01225
U3 two-stage unconditional,Control,1491,1.00544
U3 two-stage unconditional,Control,1492,1.00003
U3 two-stage unconditional,Control,1493,1.00034
U3 two-stage unconditional,Control,1494,1.07985
U3 two-stage unconditional,Control,1495,1.07355
U3 two-stage unconditional,Control,1496,1.0399
U3 two-stage unconditional,Control,1497,1.00336
U3 two-stage unconditional,Control,1498,1.00616
U3 two-stage unconditional,Control,1499,1.00402
U3 two-stage unconditional,Control,1500,0.993175
U3 two-stage unconditional,Control,1501,1.0133
U3 two-stage unconditional,Control,1502,1.00957
U3 two-stage unconditional,Control,1503,1.00934
U3 two-stage unconditional,Control,1504,1.00701
U3 two-stage unconditional,Control,1505,1.00323
U3 two-stage unconditional,Control,1506,1.03373
U3 two-stage unconditional,Control,1507,1.05257
U3 two-stage unconditional,Control,1508,1.10043
U3 two-stage unconditional,Control,1509,1.0216
U3 two-stage unconditional,Control,1510,1.01084
U3 two-stage unconditional,Control,1511,1.00716
U3 two-stage unconditional,Control,1512,1.00604
U3 two-stage unconditional,Control,1513,1.00156
U3 two-stage unconditional,Control,1514,1.02441
U3 two-stage unconditional,Control,1515,1.09318
U3 two-stage unconditional,Control,1516,1.07911
U3 two-stage unconditional,Control,1517,1.01154
U3 two-stage unconditional,Control,1518,1.03393
U3 two-stage unconditional,Control,1519,0.998918
U3 two-stage unconditional,Control,1520,1.01832
U3 two-stage unconditional,Control,1521,1.02709
U3 two-stage unconditional,Control,1522,1.03004
U3 two-stage unconditional,Control,1523,1.00349
U3 two-stage unconditional,Control,1524,1.00281
U3 two-stage unconditional,Control,1525,1.00213
U3 two-stage unconditional,Control,1526,1.11167
U3 two-stage unconditional,Control,1527,1.00068
U3 two-stage unconditional,Control,1528,1.02235
U3 two-stage unconditional,Control,1529,1.00791
U3 two-stage unconditional,Control,1530,1.01032
U3 two-stage unconditional,Control,1531,1.00483
U3 two-stage unconditional,Control,1532,1.00147
U3 two-stage unconditional,Control,1533,1.01038
U3 two-stage unconditional,Control,1534,1.00146
U3 two-stage unconditional,Control,1535,1.00317
U3 two-stage unconditional,Control,1536,1.08281
U3 two-stage unconditional,Control,1537,1.01063
U3 two-stage unconditional,Control,1538,1.01144
U3 two-stage unconditional,Control,1539,1.00505
U3 two-stage unconditional,Control,1540,0.997153
U3 two-stage unconditional,Control,1541,0.996246
U3 two-stage unconditional,Control,1542,1.02093
U3 two-stage unconditional,Control,1543,1.08408
U3 two-stage unconditional,Control,1544,1.0158
U3 two-stage unconditional,Control,1545,1.00801
U3 two-stage unconditional,Control,1546,1.00093
U3 two-stage unconditional,Control,1547,1.00173
U3 two-stage unconditional,Control,1548,1.00544
U3 two-stage unconditional,Control,1549,1.00602
U3 two-stage unconditional,Control,1550,1.00781
U3 two-stage unconditional,Control,1551,1.01233
U3 two-stage unconditional,Control,1552,1.02739
U3 two-stage unconditional,Control,1553,1.02214
U3 two-stage unconditional,Control,1554,1.00919
U3 two-stage unconditional,Control,1555,0.998962
U3 two-stage unconditional,Control,1556,0.987457
U3 two-stage unconditional,Control,1557,1.02698
U3 two-stage unconditional,Control,1558,1.03555
U3 two-stage unconditional,Control,1559,1.02039
U3 two-stage unconditional,Control,1560,1.00733
U3 two-stage unconditional,Control,1561,1.02772
U3 two-stage unconditional,Control,1562,1.02049
U3 two-stage unconditional,Control,1563,1.02036
U3 two-stage unconditional,Control,1564,1.02925
U3 two-stage unconditional,Control,1565,1.12626
U3 two-stage unconditional,Control,1566,1.02428
U3 two-stage unconditional,Control,1567,1.09486
U3 two-stage unconditional,Control,1568,1.03877
U3 two-stage unconditional,Control,1569,0.998483
U3 two-stage unconditional,Control,1570,1.00698
U3 two-stage unconditional,Control,1571,1.00293
U3 two-stage unconditional,Control,1572,1.00758
U3 two-stage unconditional,Control,1573,1.0058
U3 two-stage unconditional,Control,1574,1.01157
U3 two-stage unconditional,Control,1575,1.01372
U3 two-stage unconditional,Control,1576,1.00923
U3 two-stage unconditional,Control,1577,0.979544
U3 two-stage unconditional,Control,1578,1.00861
U3 two-stage unconditional,Control,1579,1.02121
U3 two-stage unconditional,Control,1580,1.01526
U3 two-stage unconditional,Control,1581,1.00896
U3 two-stage unconditional,Control,1582,1.01168
U3 two-stage unconditional,Control,1583,1.01121
U3 two-stage unconditional,Control,1584,1.00612
U3 two-stage unconditional,Control,1585,1.0107
U3 two-stage unconditional,Control,1586,0.982517
U3 two-stage unconditional,Control,1587,1.0334
U3 two-stage unconditional,Control,1588,1.02582
U3 two-stage unconditional,Control,1589,1.01225
U3 two-stage unconditional,Control,1590,0.999746
U3 two-stage unconditional,Control,1591,1.0033
U3 two-stage unconditional,Control,1592,1.0047
U3 two-stage unconditional,Control,1593,1.00255
U3 two-stage unconditional,Control,1594,1.00234
U3 two-stage unconditional,Control,1595,1.01605
U3 two-stage unconditional,Control,1596,1.00266
U3 two-stage unconditional,Control,1597,1.0533
U3 two-stage unconditional,Control,1598,1.00563
U3 two-stage unconditional,Control,1599,1.00798
U3 two-stage unconditional,Control,1600,1.03686
U3 two-stage unconditional,Ink,1,1.00108
U3 two-stage unconditional,Ink,2,1.00181
U3 two-stage unconditional,Ink,3,1.0017
U3 two-stage unconditional,Ink,4,1.00239
U3 two-stage unconditional,Ink,5,1.01362
U3 two-stage unconditional,Ink,6,1.00004
U3 two-stage unconditional,Ink,7,1.00008
U3 two-stage unconditional,Ink,8,1.00672
U3 two-stage unconditional,Ink,9,1.01085
U3 two-stage unconditional,Ink,10,1.01021
U3 two-stage unconditional,Ink,11,1.01328
U3 two-stage unconditional,Ink,12,1.03554
U3 two-stage unconditional,Ink,13,1.01281
U3 two-stage unconditional,Ink,14,1.00396
U3 two-stage unconditional,Ink,15,1.00536
U3 two-stage unconditional,Ink,16,1.00373
U3 two-stage unconditional,Ink,17,1.01326
U3 two-stage unconditional,Ink,18,1.00072
U3 two-stage unconditional,Ink,19,1.00188
U3 two-stage unconditional,Ink,20,1.00704
U3 two-stage unconditional,Ink,21,1.00211
U3 two-stage unconditional,Ink,22,1.00179
U3 two-stage unconditional,Ink,23,1.00305
U3 two-stage unconditional,Ink,24,1.02986
U3 two-stage unconditional,Ink,25,1.01726
U3 two-stage unconditional,Ink,26,1.00585
U3 two-stage unconditional,Ink,27,1.00483
U3 two-stage unconditional,Ink,28,1.01238
U3 two-stage unconditional,Ink,29,1.00366
U3 two-stage unconditional,Ink,30,1.0026
U3 two-stage unconditional,Ink,31,1.00049
U3 two-stage unconditional,Ink,32,1.01484
U3 two-stage unconditional,Ink,33,1.00194
U3 two-stage unconditional,Ink,34,1.00918
U3 two-stage unconditional,Ink,35,1.04289
U3 two-stage unconditional,Ink,36,1.00059
U3 two-stage unconditional,Ink,37,1.01986
U3 two-stage unconditional,Ink,38,1.00592
U3 two-stage unconditional,Ink,39,1.00792
U3 two-stage unconditional,Ink,40,1.00221
U3 two-stage unconditional,Ink,41,1.00179
U3 two-stage unconditional,Ink,42,1.00704
U3 two-stage unconditional,Ink,43,1.00419
U3 two-stage unconditional,Ink,44,1.00681
U3 two-stage unconditional,Ink,45,1.01322
U3 two-stage unconditional,Ink,46,1.02885
U3 two-stage unconditional,Ink,47,1.00828
U3 two-stage unconditional,Ink,48,1.02484
U3 two-stage unconditional,Ink,49,1.00223
U3 two-stage unconditional,Ink,50,1.01037
U3 two-stage unconditional,Ink,51,1.00132
U3 two-stage unconditional,Ink,52,1.00756
U3 two-stage unconditional,Ink,53,1.00612
U3 two-stage unconditional,Ink,54,1.00384
U3 two-stage unconditional,Ink,55,1.00595
U3 two-stage unconditional,Ink,56,1.00976
U3 two-stage unconditional,Ink,57,1.00061
U3 two-stage unconditional,Ink,58,1.00017
U3 two-stage unconditional,Ink,59,0.999968
U3 two-stage unconditional,Ink,60,1.01492
U3 two-stage unconditional,Ink,61,1.00262
U3 two-stage unconditional,Ink,62,1.00029
U3 two-stage unconditional,Ink,63,1.00014
U3 two-stage unconditional,Ink,64,1.00015
U3 two-stage unconditional,Ink,65,1.02491
U3 two-stage unconditional,Ink,66,0.997822
U3 two-stage unconditional,Ink,67,1.00069
U3 two-stage unconditional,Ink,68,1.00527
U3 two-stage unconditional,Ink,69,1.00609
U3 two-stage unconditional,Ink,70,1.0421
U3 two-stage unconditional,Ink,71,1.0075
U3 two-stage unconditional,Ink,72,1.0028
U3 two-stage unconditional,Ink,73,1.00308
U3 two-stage unconditional,Ink,74,1.00515
U3 two-stage unconditional,Ink,75,1.00187
U3 two-stage unconditional,Ink,76,1.00226
U3 two-stage unconditional,Ink,77,1.0337
U3 two-stage unconditional,Ink,78,1.00588
U3 two-stage unconditional,Ink,79,1.02156
U3 two-stage unconditional,Ink,80,1.00441
U3 two-stage unconditional,Ink,81,1.00248
U3 two-stage unconditional,Ink,82,0.99829
U3 two-stage unconditional,Ink,83,1.00283
U3 two-stage unconditional,Ink,84,1.00401
U3 two-stage unconditional,Ink,85,1.01882
U3 two-stage unconditional,Ink,86,1.00187
U3 two-stage unconditional,Ink,87,1.0026
U3 two-stage unconditional,Ink,88,1.00056
U3 two-stage unconditional,Ink,89,1.00342
U3 two-stage unconditional,Ink,90,1.00052
U3 two-stage unconditional,Ink,91,1.01078
U3 two-stage unconditional,Ink,92,1.02427
U3 two-stage unconditional,Ink,93,1.02946
U3 two-stage unconditional,Ink,94,1.03617
U3 two-stage unconditional,Ink,95,1.00571
U3 two-stage unconditional,Ink,96,1.00485
U3 two-stage unconditional,Ink,97,1.00888
U3 two-stage unconditional,Ink,98,1.00111
U3 two-stage unconditional,Ink,99,1.00007
U3 two-stage unconditional,Ink,100,1.00003
U3 two-stage unconditional,Ink,101,1.0004
U3 two-stage unconditional,Ink,102,1.00052
U3 two-stage unconditional,Ink,103,1.02407
U3 two-stage unconditional,Ink,104,1.00397
U3 two-stage unconditional,Ink,105,1.00238
U3 two-stage unconditional,Ink,106,1.01916
U3 two-stage unconditional,Ink,107,1.01409
U3 two-stage unconditional,Ink,108,1.01774
U3 two-stage unconditional,Ink,109,1.02367
U3 two-stage unconditional,Ink,110,1.01526
U3 two-stage unconditional,Ink,111,1.01028
U3 two-stage unconditional,Ink,112,1.00772
U3 two-stage unconditional,Ink,113,1.00168
U3 two-stage unconditional,Ink,114,1.00198
U3 two-stage unconditional,Ink,115,1.01898
U3 two-stage unconditional,Ink,116,1.00258
U3 two-stage unconditional,Ink,117,1.00808
U3 two-stage unconditional,Ink,118,0.992253
U3 two-stage unconditional,Ink,119,1.01255
U3 two-stage unconditional,Ink,120,1.01395
U3 two-stage unconditional,Ink,121,1.00584
U3 two-stage unconditional,Ink,122,1.01904
U3 two-stage unconditional,Ink,123,1.01537
U3 two-stage unconditional,Ink,124,1.00066
U3 two-stage unconditional,Ink,125,1.0153
U3 two-stage unconditional,Ink,126,1.01821
U3 two-stage unconditional,Ink,127,1.04292
U3 two-stage unconditional,Ink,128,1.03946
U3 two-stage unconditional,Ink,129,1.02523
U3 two-stage unconditional,Ink,130,1.02685
U3 two-stage unconditional,Ink,131,1.04181
U3 two-stage unconditional,Ink,132,1.03522
U3 two-stage unconditional,Ink,133,1.02147
U3 two-stage unconditional,Ink,134,1.0027
U3 two-stage unconditional,Ink,135,1.01016
U3 two-stage unconditional,Ink,136,1.00141
U3 two-stage unconditional,Ink,137,1.00735
U3 two-stage unconditional,Ink,138,1.00876
U3 two-stage unconditional,Ink,139,1.0115
U3 two-stage unconditional,Ink,140,1.02258
U3 two-stage unconditional,Ink,141,1.00772
U3 two-stage unconditional,Ink,142,1.00351
U3 two-stage unconditional,Ink,143,1.01196
U3 two-stage unconditional,Ink,144,1.00651
U3 two-stage unconditional,Ink,145,1.0193
U3 two-stage unconditional,Ink,146,1.01921
U3 two-stage unconditional,Ink,147,1.01557
U3 two-stage unconditional,Ink,148,1.02074
U3 two-stage unconditional,Ink,149,1.00134
U3 two-stage unconditional,Ink,150,1.00451
U3 two-stage unconditional,Ink,151,1.00233
U3 two-stage unconditional,Ink,152,1.00183
U3 two-stage unconditional,Ink,153,0.999079
U3 two-stage unconditional,Ink,154,1.00478
U3 two-stage unconditional,Ink,155,1.00328
U3 two-stage unconditional,Ink,156,1.0052
U3 two-stage unconditional,Ink,157,1.00413
U3 two-stage unconditional,Ink,158,1.00892
U3 two-stage unconditional,Ink,159,1.01189
U3 two-stage unconditional,Ink,160,1.01367
U3 two-stage unconditional,Ink,161,1.00442
U3 two-stage unconditional,Ink,162,1.0024
U3 two-stage unconditional,Ink,163,1.00438
U3 two-stage unconditional,Ink,164,1.00203
U3 two-stage unconditional,Ink,165,1.00333
U3 two-stage unconditional,Ink,166,1.00694
U3 two-stage unconditional,Ink,167,1.01252
U3 two-stage unconditional,Ink,168,1.06403
U3 two-stage unconditional,Ink,169,1.00688
U3 two-stage unconditional,Ink,170,1.01268
U3 two-stage unconditional,Ink,171,1.00206
U3 two-stage unconditional,Ink,172,1.00099
U3 two-stage unconditional,Ink,173,1.00163
U3 two-stage unconditional,Ink,174,1.0114
U3 two-stage unconditional,Ink,175,1.00034
U3 two-stage unconditional,Ink,176,1.01195
U3 two-stage unconditional,Ink,177,1.00576
U3 two-stage unconditional,Ink,178,1.01856
U3 two-stage unconditional,Ink,179,1.01055
U3 two-stage unconditional,Ink,180,1.00646
U3 two-stage unconditional,Ink,181,1.01065
U3 two-stage unconditional,Ink,182,1
U3 two-stage unconditional,Ink,183,1.00422
U3 two-stage unconditional,Ink,184,1.01055
U3 two-stage unconditional,Ink,185,1.0027
U3 two-stage unconditional,Ink,186,1.00261
U3 two-stage unconditional,Ink,187,1.00655
U3 two-stage unconditional,Ink,188,1.02678
U3 two-stage unconditional,Ink,189,1.01375
U3 two-stage unconditional,Ink,190,1.02629
U3 two-stage unconditional,Ink,191,1.00308
U3 two-stage unconditional,Ink,192,1.00054
U3 two-stage unconditional,Ink,193,1.0023
U3 two-stage unconditional,Ink,194,1.001
U3 two-stage unconditional,Ink,195,1.00011
U3 two-stage unconditional,Ink,196,1.00076
U3 two-stage unconditional,Ink,197,1.02334
U3 two-stage unconditional,Ink,198,1.00303
U3 two-stage unconditional,Ink,199,1.03871
U3 two-stage unconditional,Ink,200,1.00143
U3 two-stage unconditional,Ink,201,1.00465
U3 two-stage unconditional,Ink,202,1.00155
U3 two-stage unconditional,Ink,203,1.01269
U3 two-stage unconditional,Ink,204,1.00027
U3 two-stage unconditional,Ink,205,1.00821
U3 two-stage unconditional,Ink,206,1.02084
U3 two-stage unconditional,Ink,207,1.02943
U3 two-stage unconditional,Ink,208,1.01276
U3 two-stage unconditional,Ink,209,1.00708
U3 two-stage unconditional,Ink,210,1.00315
U3 two-stage unconditional,Ink,211,1.00011
U3 two-stage unconditional,Ink,212,1.00667
U3 two-stage unconditional,Ink,213,1.00029
U3 two-stage unconditional,Ink,214,1.00815
U3 two-stage unconditional,Ink,215,0.998617
U3 two-stage unconditional,Ink,216,1.00174
U3 two-stage unconditional,Ink,217,1.00781
U3 two-stage unconditional,Ink,218,1.01654
U3 two-stage unconditional,Ink,219,1.00531
U3 two-stage unconditional,Ink,220,1.00275
U3 two-stage unconditional,Ink,221,1.02136
U3 two-stage unconditional,Ink,222,1.01355
U3 two-stage unconditional,Ink,223,1.02661
U3 two-stage unconditional,Ink,224,1.00389
U3 two-stage unconditional,Ink,225,1.00058
U3 two-stage unconditional,Ink,226,1.01383
U3 two-stage unconditional,Ink,227,1.00108
U3 two-stage unconditional,Ink,228,1.00897
U3 two-stage unconditional,Ink,229,1.00833
U3 two-stage unconditional,Ink,230,1.01181
U3 two-stage unconditional,Ink,231,1.01074
U3 two-stage unconditional,Ink,232,1.01292
U3 two-stage unconditional,Ink,233,1.01356
U3 two-stage unconditional,Ink,234,1.01033
U3 two-stage unconditional,Ink,235,1.01071
U3 two-stage unconditional,Ink,236,1.00127
U3 two-stage unconditional,Ink,237,1.00712
U3 two-stage unconditional,Ink,238,1.00055
U3 two-stage unconditional,Ink,239,1.00142
U3 two-stage unconditional,Ink,240,1.00943
U3 two-stage unconditional,Ink,241,1.0062
U3 two-stage unconditional,Ink,242,1.00119
U3 two-stage unconditional,Ink,243,1.00238
U3 two-stage unconditional,Ink,244,0.998094
U3 two-stage unconditional,Ink,245,1.00129
U3 two-stage unconditional,Ink,246,1.00816
U3 two-stage unconditional,Ink,247,1.00035
U3 two-stage unconditional,Ink,248,1.03718
U3 two-stage unconditional,Ink,249,1.00776
U3 two-stage unconditional,Ink,250,1.00057
U3 two-stage unconditional,Ink,251,1.00063
U3 two-stage unconditional,Ink,252,1.01694
U3 two-stage unconditional,Ink,253,1.00673
U3 two-stage unconditional,Ink,254,1.03326
U3 two-stage unconditional,Ink,255,1.004
U3 two-stage unconditional,Ink,256,1.00101
U3 two-stage unconditional,Ink,257,1
U3 two-stage unconditional,Ink,258,1.00238
U3 two-stage unconditional,Ink,259,1.00069
U3 two-stage unconditional,Ink,260,1.00826
U3 two-stage unconditional,Ink,261,1.00016
U3 two-stage unconditional,Ink,262,1.00477
U3 two-stage unconditional,Ink,263,1.0046
U3 two-stage unconditional,Ink,264,1.00327
U3 two-stage unconditional,Ink,265,1.00162
U3 two-stage unconditional,Ink,266,1.00922
U3 two-stage unconditional,Ink,267,1.00021
U3 two-stage unconditional,Ink,268,1.00673
U3 two-stage unconditional,Ink,269,1.01427
U3 two-stage unconditional,Ink,270,1.00138
U3 two-stage unconditional,Ink,271,1.00304
U3 two-stage unconditional,Ink,272,1.00268
U3 two-stage unconditional,Ink,273,1.00128
U3 two-stage unconditional,Ink,274,1.00575
U3 two-stage unconditional,Ink,275,1.03874
U3 two-stage unconditional,Ink,276,1.00483
U3 two-stage unconditional,Ink,277,1.01397
U3 two-stage unconditional,Ink,278,1.01367
U3 two-stage unconditional,Ink,279,1.01171
U3 two-stage unconditional,Ink,280,1.00942
U3 two-stage unconditional,Ink,281,0.999935
U3 two-stage unconditional,Ink,282,1.01209
U3 two-stage unconditional,Ink,283,1.00862
U3 two-stage unconditional,Ink,284,1.0334700000000001
U3 two-stage unconditional,Ink,285,1.01127
U3 two-stage unconditional,Ink,286,1.00131
U3 two-stage unconditional,Ink,287,1.07051
U3 two-stage unconditional,Ink,288,1.03508
U3 two-stage unconditional,Ink,289,1.00366
U3 two-stage unconditional,Ink,290,1.00214
U3 two-stage unconditional,Ink,291,1.00132
U3 two-stage unconditional,Ink,292,1.00584
U3 two-stage unconditional,Ink,293,1.00064
U3 two-stage unconditional,Ink,294,1.00207
U3 two-stage unconditional,Ink,295,1.00935
U3 two-stage unconditional,Ink,296,1.01012
U3 two-stage unconditional,Ink,297,1.0179
U3 two-stage unconditional,Ink,298,1.00668
U3 two-stage unconditional,Ink,299,1.00155
U3 two-stage unconditional,Ink,300,1.00383
U3 two-stage unconditional,Ink,301,1.00333
U3 two-stage unconditional,Ink,302,1.0088
U3 two-stage unconditional,Ink,303,1.00237
U3 two-stage unconditional,Ink,304,1.03606
U3 two-stage unconditional,Ink,305,1.00487
U3 two-stage unconditional,Ink,306,1.00215
U3 two-stage unconditional,Ink,307,1.00105
U3 two-stage unconditional,Ink,308,1.00256
U3 two-stage unconditional,Ink,309,1.00042
U3 two-stage unconditional,Ink,310,1.00107
U3 two-stage unconditional,Ink,311,1.01315
U3 two-stage unconditional,Ink,312,1.03357
U3 two-stage unconditional,Ink,313,1.01887
U3 two-stage unconditional,Ink,314,1.01349
U3 two-stage unconditional,Ink,315,1.01153
U3 two-stage unconditional,Ink,316,1.00551
U3 two-stage unconditional,Ink,317,1.01467
U3 two-stage unconditional,Ink,318,1.00063
U3 two-stage unconditional,Ink,319,1.00384
U3 two-stage unconditional,Ink,320,1.00885
U3 two-stage unconditional,Ink,321,1.02149
U3 two-stage unconditional,Ink,322,1.00338
U3 two-stage unconditional,Ink,323,1.00299
U3 two-stage unconditional,Ink,324,1.01863
U3 two-stage unconditional,Ink,325,1.03286
U3 two-stage unconditional,Ink,326,1.01106
U3 two-stage unconditional,Ink,327,1.02451
U3 two-stage unconditional,Ink,328,1.0163
U3 two-stage unconditional,Ink,329,1.02303
U3 two-stage unconditional,Ink,330,1.0048
U3 two-stage unconditional,Ink,331,1.01158
U3 two-stage unconditional,Ink,332,1.01398
U3 two-stage unconditional,Ink,333,1.0025
U3 two-stage unconditional,Ink,334,1.00822
U3 two-stage unconditional,Ink,335,1.00084
U3 two-stage unconditional,Ink,336,1.00267
U3 two-stage unconditional,Ink,337,1.00958
U3 two-stage unconditional,Ink,338,1.00942
U3 two-stage unconditional,Ink,339,1.00192
U3 two-stage unconditional,Ink,340,1.00535
U3 two-stage unconditional,Ink,341,1.0004
U3 two-stage unconditional,Ink,342,1.00236
U3 two-stage unconditional,Ink,343,1.03014
U3 two-stage unconditional,Ink,344,1.00022
U3 two-stage unconditional,Ink,345,1.00047
U3 two-stage unconditional,Ink,346,1.01426
U3 two-stage unconditional,Ink,347,1.00398
U3 two-stage unconditional,Ink,348,1.00516
U3 two-stage unconditional,Ink,349,1.00538
U3 two-stage unconditional,Ink,350,1.00033
U3 two-stage unconditional,Ink,351,1.01136
U3 two-stage unconditional,Ink,352,1.00008
U3 two-stage unconditional,Ink,353,1.02242
U3 two-stage unconditional,Ink,354,1.00263
U3 two-stage unconditional,Ink,355,0.996512
U3 two-stage unconditional,Ink,356,1.01786
U3 two-stage unconditional,Ink,357,1.00578
U3 two-stage unconditional,Ink,358,1.00375
U3 two-stage unconditional,Ink,359,1.01106
U3 two-stage unconditional,Ink,360,1.01657
U3 two-stage unconditional,Ink,361,1.00196
U3 two-stage unconditional,Ink,362,1.00146
U3 two-stage unconditional,Ink,363,1.00002
U3 two-stage unconditional,Ink,364,1.0099
U3 two-stage unconditional,Ink,365,1.00102
U3 two-stage unconditional,Ink,366,1.00676
U3 two-stage unconditional,Ink,367,1.02745
U3 two-stage unconditional,Ink,368,1.02809
U3 two-stage unconditional,Ink,369,1.01469
U3 two-stage unconditional,Ink,370,1.00926
U3 two-stage unconditional,Ink,371,1.00802
U3 two-stage unconditional,Ink,372,1.0028
U3 two-stage unconditional,Ink,373,1.00341
U3 two-stage unconditional,Ink,374,1.00313
U3 two-stage unconditional,Ink,375,1.0102
U3 two-stage unconditional,Ink,376,1.0078
U3 two-stage unconditional,Ink,377,1.00505
U3 two-stage unconditional,Ink,378,1.01013
U3 two-stage unconditional,Ink,379,1.00066
U3 two-stage unconditional,Ink,380,1.00106
U3 two-stage unconditional,Ink,381,1.00354
U3 two-stage unconditional,Ink,382,1.00181
U3 two-stage unconditional,Ink,383,1.00255
U3 two-stage unconditional,Ink,384,1.00468
U3 two-stage unconditional,Ink,385,1.00282
U3 two-stage unconditional,Ink,386,1.01526
U3 two-stage unconditional,Ink,387,1.00083
U3 two-stage unconditional,Ink,388,1.00296
U3 two-stage unconditional,Ink,389,1.00018
U3 two-stage unconditional,Ink,390,1.00699
U3 two-stage unconditional,Ink,391,1.00087
U3 two-stage unconditional,Ink,392,1.00101
U3 two-stage unconditional,Ink,393,1.00016
U3 two-stage unconditional,Ink,394,1.00174
U3 two-stage unconditional,Ink,395,1.0042
U3 two-stage unconditional,Ink,396,1.0052
U3 two-stage unconditional,Ink,397,1.00574
U3 two-stage unconditional,Ink,398,1.00648
U3 two-stage unconditional,Ink,399,1.00213
U3 two-stage unconditional,Ink,400,1.00181
U3 two-stage unconditional,Ink,401,1.00179
U3 two-stage unconditional,Ink,402,1.01061
U3 two-stage unconditional,Ink,403,1.01395
U3 two-stage unconditional,Ink,404,1.00445
U3 two-stage unconditional,Ink,405,1.0077
U3 two-stage unconditional,Ink,406,1.0104
U3 two-stage unconditional,Ink,407,1.0055
U3 two-stage unconditional,Ink,408,1.00058
U3 two-stage unconditional,Ink,409,1.00033
U3 two-stage unconditional,Ink,410,1.03815
U3 two-stage unconditional,Ink,411,1.01519
U3 two-stage unconditional,Ink,412,1.03814
U3 two-stage unconditional,Ink,413,1.00614
U3 two-stage unconditional,Ink,414,1.01595
U3 two-stage unconditional,Ink,415,0.998444
U3 two-stage unconditional,Ink,416,1.00162
U3 two-stage unconditional,Ink,417,1.00294
U3 two-stage unconditional,Ink,418,1.00699
U3 two-stage unconditional,Ink,419,1.00494
U3 two-stage unconditional,Ink,420,1.00694
U3 two-stage unconditional,Ink,421,1.00195
U3 two-stage unconditional,Ink,422,1.01957
U3 two-stage unconditional,Ink,423,1.00209
U3 two-stage unconditional,Ink,424,1.0142
U3 two-stage unconditional,Ink,425,1.01871
U3 two-stage unconditional,Ink,426,1.01171
U3 two-stage unconditional,Ink,427,0.999438
U3 two-stage unconditional,Ink,428,1.00102
U3 two-stage unconditional,Ink,429,1.03669
U3 two-stage unconditional,Ink,430,1.00548
U3 two-stage unconditional,Ink,431,1.01444
U3 two-stage unconditional,Ink,432,1.00434
U3 two-stage unconditional,Ink,433,1.002
U3 two-stage unconditional,Ink,434,1.00349
U3 two-stage unconditional,Ink,435,1.00564
U3 two-stage unconditional,Ink,436,1.00888
U3 two-stage unconditional,Ink,437,1.0153
U3 two-stage unconditional,Ink,438,1.00736
U3 two-stage unconditional,Ink,439,1.03392
U3 two-stage unconditional,Ink,440,1.00252
U3 two-stage unconditional,Ink,441,1.00978
U3 two-stage unconditional,Ink,442,1.00349
U3 two-stage unconditional,Ink,443,1.00162
U3 two-stage unconditional,Ink,444,1.0072
U3 two-stage unconditional,Ink,445,1.02521
U3 two-stage unconditional,Ink,446,1.00353
U3 two-stage unconditional,Ink,447,1.01202
U3 two-stage unconditional,Ink,448,1.00107
U3 two-stage unconditional,Ink,449,1.00053
U3 two-stage unconditional,Ink,450,1.00486
U3 two-stage unconditional,Ink,451,1.00095
U3 two-stage unconditional,Ink,452,1.00233
U3 two-stage unconditional,Ink,453,1.00001
U3 two-stage unconditional,Ink,454,1.00779
U3 two-stage unconditional,Ink,455,1.00164
U3 two-stage unconditional,Ink,456,1.00298
U3 two-stage unconditional,Ink,457,1.0031
U3 two-stage unconditional,Ink,458,1.00054
U3 two-stage unconditional,Ink,459,1.00462
U3 two-stage unconditional,Ink,460,1.0122
U3 two-stage unconditional,Ink,461,1.0528
U3 two-stage unconditional,Ink,462,1.00109
U3 two-stage unconditional,Ink,463,0.999896
U3 two-stage unconditional,Ink,464,1.00402
U3 two-stage unconditional,Ink,465,1.00564
U3 two-stage unconditional,Ink,466,1.00014
U3 two-stage unconditional,Ink,467,1.01009
U3 two-stage unconditional,Ink,468,1.00083
U3 two-stage unconditional,Ink,469,1.01611
U3 two-stage unconditional,Ink,470,1.00201
U3 two-stage unconditional,Ink,471,1.00104
U3 two-stage unconditional,Ink,472,1.0134
U3 two-stage unconditional,Ink,473,1.00318
U3 two-stage unconditional,Ink,474,0.998264
U3 two-stage unconditional,Ink,475,1.00395
U3 two-stage unconditional,Ink,476,1.00482
U3 two-stage unconditional,Ink,477,1.00632
U3 two-stage unconditional,Ink,478,1.01029
U3 two-stage unconditional,Ink,479,1.00926
U3 two-stage unconditional,Ink,480,1.00131
U3 two-stage unconditional,Ink,481,1.00256
U3 two-stage unconditional,Ink,482,1.0063
U3 two-stage unconditional,Ink,483,1.01168
U3 two-stage unconditional,Ink,484,1.01285
U3 two-stage unconditional,Ink,485,1.01732
U3 two-stage unconditional,Ink,486,1.00815
U3 two-stage unconditional,Ink,487,1.00232
U3 two-stage unconditional,Ink,488,1.0087
U3 two-stage unconditional,Ink,489,1.00234
U3 two-stage unconditional,Ink,490,1.00539
U3 two-stage unconditional,Ink,491,0.997014
U3 two-stage unconditional,Ink,492,1.03904
U3 two-stage unconditional,Ink,493,0.999826
U3 two-stage unconditional,Ink,494,1.00022
U3 two-stage unconditional,Ink,495,1.00019
U3 two-stage unconditional,Ink,496,1.00043
U3 two-stage unconditional,Ink,497,1.00079
U3 two-stage unconditional,Ink,498,1.00295
U3 two-stage unconditional,Ink,499,1.01404
U3 two-stage unconditional,Ink,500,1.00274
U3 two-stage unconditional,Ink,501,1.00023
U3 two-stage unconditional,Ink,502,1.00273
U3 two-stage unconditional,Ink,503,1.01181
U3 two-stage unconditional,Ink,504,1.0111
U3 two-stage unconditional,Ink,505,1.00229
U3 two-stage unconditional,Ink,506,1.02367
U3 two-stage unconditional,Ink,507,1.02308
U3 two-stage unconditional,Ink,508,1.00485
U3 two-stage unconditional,Ink,509,1.01326
U3 two-stage unconditional,Ink,510,1.00329
U3 two-stage unconditional,Ink,511,1.0209
U3 two-stage unconditional,Ink,512,1.0308
U3 two-stage unconditional,Ink,513,1.00195
U3 two-stage unconditional,Ink,514,1.00266
U3 two-stage unconditional,Ink,515,1.00236
U3 two-stage unconditional,Ink,516,1.00392
U3 two-stage unconditional,Ink,517,1.00026
U3 two-stage unconditional,Ink,518,1.00017
U3 two-stage unconditional,Ink,519,1.00743
U3 two-stage unconditional,Ink,520,0.99995
U3 two-stage unconditional,Ink,521,1.00514
U3 two-stage unconditional,Ink,522,1.0032
U3 two-stage unconditional,Ink,523,1.00346
U3 two-stage unconditional,Ink,524,1.00193
U3 two-stage unconditional,Ink,525,1.00079
U3 two-stage unconditional,Ink,526,1.00003
U3 two-stage unconditional,Ink,527,1.00001
U3 two-stage unconditional,Ink,528,1.00001
U3 two-stage unconditional,Ink,529,1
U3 two-stage unconditional,Ink,530,1.00815
U3 two-stage unconditional,Ink,531,1.00317
U3 two-stage unconditional,Ink,532,1.01987
U3 two-stage unconditional,Ink,533,1.01369
U3 two-stage unconditional,Ink,534,1.00113
U3 two-stage unconditional,Ink,535,1.0015
U3 two-stage unconditional,Ink,536,1.00211
U3 two-stage unconditional,Ink,537,1.00107
U3 two-stage unconditional,Ink,538,1.00041
U3 two-stage unconditional,Ink,539,1.00046
U3 two-stage unconditional,Ink,540,0.999628
U3 two-stage unconditional,Ink,541,1.02033
U3 two-stage unconditional,Ink,542,1.0028
U3 two-stage unconditional,Ink,543,1.00298
U3 two-stage unconditional,Ink,544,1.00141
U3 two-stage unconditional,Ink,545,1.00713
U3 two-stage unconditional,Ink,546,1.01206
U3 two-stage unconditional,Ink,547,0.99743
U3 two-stage unconditional,Ink,548,1.00361
U3 two-stage unconditional,Ink,549,1.00554
U3 two-stage unconditional,Ink,550,0.999951
U3 two-stage unconditional,Ink,551,1.01466
U3 two-stage unconditional,Ink,552,1.02076
U3 two-stage unconditional,Ink,553,1.00494
U3 two-stage unconditional,Ink,554,1.00316
U3 two-stage unconditional,Ink,555,1.00525
U3 two-stage unconditional,Ink,556,1.0071
U3 two-stage unconditional,Ink,557,1.00611
U3 two-stage unconditional,Ink,558,1.00257
U3 two-stage unconditional,Ink,559,1.00014
U3 two-stage unconditional,Ink,560,1.01291
U3 two-stage unconditional,Ink,561,1.00071
U3 two-stage unconditional,Ink,562,1.00194
U3 two-stage unconditional,Ink,563,1.01744
U3 two-stage unconditional,Ink,564,1.01323
U3 two-stage unconditional,Ink,565,1.00368
U3 two-stage unconditional,Ink,566,1.0155
U3 two-stage unconditional,Ink,567,1.00653
U3 two-stage unconditional,Ink,568,1.00442
U3 two-stage unconditional,Ink,569,1.00489
U3 two-stage unconditional,Ink,570,1.00196
U3 two-stage unconditional,Ink,571,1.00127
U3 two-stage unconditional,Ink,572,1.01043
U3 two-stage unconditional,Ink,573,1.00383
U3 two-stage unconditional,Ink,574,1.00284
U3 two-stage unconditional,Ink,575,1.01013
U3 two-stage unconditional,Ink,576,1.0099
U3 two-stage unconditional,Ink,577,1.00542
U3 two-stage unconditional,Ink,578,1.00637
U3 two-stage unconditional,Ink,579,1.00284
U3 two-stage unconditional,Ink,580,1.00579
U3 two-stage unconditional,Ink,581,1.01354
U3 two-stage unconditional,Ink,582,1.00539
U3 two-stage unconditional,Ink,583,1.01988
U3 two-stage unconditional,Ink,584,1.00278
U3 two-stage unconditional,Ink,585,1.0076
U3 two-stage unconditional,Ink,586,1.00578
U3 two-stage unconditional,Ink,587,1.00768
U3 two-stage unconditional,Ink,588,1.02817
U3 two-stage unconditional,Ink,589,1.01911
U3 two-stage unconditional,Ink,590,1.00187
U3 two-stage unconditional,Ink,591,1.00743
U3 two-stage unconditional,Ink,592,1.01703
U3 two-stage unconditional,Ink,593,1.0362
U3 two-stage unconditional,Ink,594,1.00733
U3 two-stage unconditional,Ink,595,1.00477
U3 two-stage unconditional,Ink,596,1.00168
U3 two-stage unconditional,Ink,597,1.00156
U3 two-stage unconditional,Ink,598,1.01131
U3 two-stage unconditional,Ink,599,1.00202
U3 two-stage unconditional,Ink,600,1.00819
U3 two-stage unconditional,Ink,601,1.01501
U3 two-stage unconditional,Ink,602,1.00694
U3 two-stage unconditional,Ink,603,1.00409
U3 two-stage unconditional,Ink,604,1.00061
U3 two-stage unconditional,Ink,605,1.00644
U3 two-stage unconditional,Ink,606,1.00034
U3 two-stage unconditional,Ink,607,1.00574
U3 two-stage unconditional,Ink,608,1.00104
U3 two-stage unconditional,Ink,609,0.989138
U3 two-stage unconditional,Ink,610,1.00136
U3 two-stage unconditional,Ink,611,1.003
U3 two-stage unconditional,Ink,612,1.00489
U3 two-stage unconditional,Ink,613,1.00242
U3 two-stage unconditional,Ink,614,1.00204
U3 two-stage unconditional,Ink,615,1.02032
U3 two-stage unconditional,Ink,616,1.00081
U3 two-stage unconditional,Ink,617,1.0002
U3 two-stage unconditional,Ink,618,1.00407
U3 two-stage unconditional,Ink,619,1.00193
U3 two-stage unconditional,Ink,620,1.02648
U3 two-stage unconditional,Ink,621,1.00647
U3 two-stage unconditional,Ink,622,1.00689
U3 two-stage unconditional,Ink,623,1.00289
U3 two-stage unconditional,Ink,624,1.00444
U3 two-stage unconditional,Ink,625,1.00229
U3 two-stage unconditional,Ink,626,1.00445
U3 two-stage unconditional,Ink,627,1.0024
U3 two-stage unconditional,Ink,628,1.00382
U3 two-stage unconditional,Ink,629,1.00074
U3 two-stage unconditional,Ink,630,1.00444
U3 two-stage unconditional,Ink,631,1.00003
U3 two-stage unconditional,Ink,632,1.00795
U3 two-stage unconditional,Ink,633,1.00127
U3 two-stage unconditional,Ink,634,1.00097
U3 two-stage unconditional,Ink,635,1.00311
U3 two-stage unconditional,Ink,636,1.0217
U3 two-stage unconditional,Ink,637,1.00112
U3 two-stage unconditional,Ink,638,1.00301
U3 two-stage unconditional,Ink,639,1.00263
U3 two-stage unconditional,Ink,640,1.00103
U3 two-stage unconditional,Ink,641,1.00084
U3 two-stage unconditional,Ink,642,1.03372
U3 two-stage unconditional,Ink,643,1.00018
U3 two-stage unconditional,Ink,644,1.03959
U3 two-stage unconditional,Ink,645,1.02642
U3 two-stage unconditional,Ink,646,1.02625
U3 two-stage unconditional,Ink,647,1.02569
U3 two-stage unconditional,Ink,648,1.01104
U3 two-stage unconditional,Ink,649,1.01044
U3 two-stage unconditional,Ink,650,1.00321
U3 two-stage unconditional,Ink,651,1.00239
U3 two-stage unconditional,Ink,652,1.00123
U3 two-stage unconditional,Ink,653,1.00012
U3 two-stage unconditional,Ink,654,1.01126
U3 two-stage unconditional,Ink,655,1.00259
U3 two-stage unconditional,Ink,656,1.00512
U3 two-stage unconditional,Ink,657,1.00058
U3 two-stage unconditional,Ink,658,1.01212
U3 two-stage unconditional,Ink,659,1.00161
U3 two-stage unconditional,Ink,660,1.00338
U3 two-stage unconditional,Ink,661,1.00273
U3 two-stage unconditional,Ink,662,1.00593
U3 two-stage unconditional,Ink,663,1.01985
U3 two-stage unconditional,Ink,664,0.999948
U3 two-stage unconditional,Ink,665,1.04269
U3 two-stage unconditional,Ink,666,1.02656
U3 two-stage unconditional,Ink,667,1.00226
U3 two-stage unconditional,Ink,668,0.998728
U3 two-stage unconditional,Ink,669,1.00191
U3 two-stage unconditional,Ink,670,1.00337
U3 two-stage unconditional,Ink,671,1.00928
U3 two-stage unconditional,Ink,672,1.00687
U3 two-stage unconditional,Ink,673,1.0244
U3 two-stage unconditional,Ink,674,1.02476
U3 two-stage unconditional,Ink,675,1.01663
U3 two-stage unconditional,Ink,676,1.00307
U3 two-stage unconditional,Ink,677,1.00012
U3 two-stage unconditional,Ink,678,1.00013
U3 two-stage unconditional,Ink,679,1.00942
U3 two-stage unconditional,Ink,680,1.00553
U3 two-stage unconditional,Ink,681,1.00008
U3 two-stage unconditional,Ink,682,1.00482
U3 two-stage unconditional,Ink,683,1.00037
U3 two-stage unconditional,Ink,684,1.00249
U3 two-stage unconditional,Ink,685,1.01132
U3 two-stage unconditional,Ink,686,1.0088
U3 two-stage unconditional,Ink,687,1.00009
U3 two-stage unconditional,Ink,688,0.98126
U3 two-stage unconditional,Ink,689,1.01571
U3 two-stage unconditional,Ink,690,1.03963
U3 two-stage unconditional,Ink,691,1.00515
U3 two-stage unconditional,Ink,692,1.00444
U3 two-stage unconditional,Ink,693,1.00795
U3 two-stage unconditional,Ink,694,1.01187
U3 two-stage unconditional,Ink,695,1.00533
U3 two-stage unconditional,Ink,696,1.01996
U3 two-stage unconditional,Ink,697,1.00016
U3 two-stage unconditional,Ink,698,1.00314
U3 two-stage unconditional,Ink,699,1.00017
U3 two-stage unconditional,Ink,700,1.00594
U3 two-stage unconditional,Ink,701,1.00147
U3 two-stage unconditional,Ink,702,1.00548
U3 two-stage unconditional,Ink,703,1.01002
U3 two-stage unconditional,Ink,704,1.02566
U3 two-stage unconditional,Ink,705,1.01004
U3 two-stage unconditional,Ink,706,1.00807
U3 two-stage unconditional,Ink,707,1.00208
U3 two-stage unconditional,Ink,708,1.00141
U3 two-stage unconditional,Ink,709,1.00396
U3 two-stage unconditional,Ink,710,1.00272
U3 two-stage unconditional,Ink,711,1.01511
U3 two-stage unconditional,Ink,712,1.00366
U3 two-stage unconditional,Ink,713,1.00079
U3 two-stage unconditional,Ink,714,1.00161
U3 two-stage unconditional,Ink,715,1.00387
U3 two-stage unconditional,Ink,716,1.00076
U3 two-stage unconditional,Ink,717,1.00111
U3 two-stage unconditional,Ink,718,1.00259
U3 two-stage unconditional,Ink,719,1.00316
U3 two-stage unconditional,Ink,720,0.999663
U3 two-stage unconditional,Ink,721,1.00467
U3 two-stage unconditional,Ink,722,1.00492
U3 two-stage unconditional,Ink,723,1.01533
U3 two-stage unconditional,Ink,724,1.02787
U3 two-stage unconditional,Ink,725,1.00427
U3 two-stage unconditional,Ink,726,1.001
U3 two-stage unconditional,Ink,727,1.01253
U3 two-stage unconditional,Ink,728,1.00242
U3 two-stage unconditional,Ink,729,1.0008
U3 two-stage unconditional,Ink,730,1.01945
U3 two-stage unconditional,Ink,731,1.01115
U3 two-stage unconditional,Ink,732,1.01081
U3 two-stage unconditional,Ink,733,1.00044
U3 two-stage unconditional,Ink,734,1.00027
U3 two-stage unconditional,Ink,735,1.00007
U3 two-stage unconditional,Ink,736,1.00066
U3 two-stage unconditional,Ink,737,1.00059
U3 two-stage unconditional,Ink,738,1.00103
U3 two-stage unconditional,Ink,739,1.00467
U3 two-stage unconditional,Ink,740,1.00024
U3 two-stage unconditional,Ink,741,1.0002
U3 two-stage unconditional,Ink,742,1.00258
U3 two-stage unconditional,Ink,743,1.00114
U3 two-stage unconditional,Ink,744,1.01404
U3 two-stage unconditional,Ink,745,1.01953
U3 two-stage unconditional,Ink,746,1.02573
U3 two-stage unconditional,Ink,747,1.00313
U3 two-stage unconditional,Ink,748,1.0045
U3 two-stage unconditional,Ink,749,1.00515
U3 two-stage unconditional,Ink,750,1.00422
U3 two-stage unconditional,Ink,751,1.0058
U3 two-stage unconditional,Ink,752,1.02203
U3 two-stage unconditional,Ink,753,1.01131
U3 two-stage unconditional,Ink,754,1.00593
U3 two-stage unconditional,Ink,755,1.01906
U3 two-stage unconditional,Ink,756,1.02954
U3 two-stage unconditional,Ink,757,1.00926
U3 two-stage unconditional,Ink,758,1.00764
U3 two-stage unconditional,Ink,759,1.01517
U3 two-stage unconditional,Ink,760,1.00259
U3 two-stage unconditional,Ink,761,1.00276
U3 two-stage unconditional,Ink,762,1.00103
U3 two-stage unconditional,Ink,763,1.0034
U3 two-stage unconditional,Ink,764,1.00186
U3 two-stage unconditional,Ink,765,1.00069
U3 two-stage unconditional,Ink,766,1.003
U3 two-stage unconditional,Ink,767,1.00403
U3 two-stage unconditional,Ink,768,1.00206
U3 two-stage unconditional,Ink,769,1.00048
U3 two-stage unconditional,Ink,770,1.00331
U3 two-stage unconditional,Ink,771,1.00259
U3 two-stage unconditional,Ink,772,1.00876
U3 two-stage unconditional,Ink,773,1.00189
U3 two-stage unconditional,Ink,774,1.00313
U3 two-stage unconditional,Ink,775,1.00607
U3 two-stage unconditional,Ink,776,1.00277
U3 two-stage unconditional,Ink,777,1.00062
U3 two-stage unconditional,Ink,778,1.0126
U3 two-stage unconditional,Ink,779,1.00007
U3 two-stage unconditional,Ink,780,1.00094
U3 two-stage unconditional,Ink,781,1.02155
U3 two-stage unconditional,Ink,782,1.00525
U3 two-stage unconditional,Ink,783,1.03081
U3 two-stage unconditional,Ink,784,1.01173
U3 two-stage unconditional,Ink,785,1.05532
U3 two-stage unconditional,Ink,786,1.00754
U3 two-stage unconditional,Ink,787,1.00734
U3 two-stage unconditional,Ink,788,1.00492
U3 two-stage unconditional,Ink,789,1.0311
U3 two-stage unconditional,Ink,790,1.02047
U3 two-stage unconditional,Ink,791,1.02182
U3 two-stage unconditional,Ink,792,1.00706
U3 two-stage unconditional,Ink,793,1.0001
U3 two-stage unconditional,Ink,794,1.02938
U3 two-stage unconditional,Ink,795,1.0024
U3 two-stage unconditional,Ink,796,1.00658
U3 two-stage unconditional,Ink,797,1.00098
U3 two-stage unconditional,Ink,798,1.00877
U3 two-stage unconditional,Ink,799,1.00223
U3 two-stage unconditional,Ink,800,1.02954
U3 two-stage unconditional,Ink,801,1.00172
U3 two-stage unconditional,Ink,802,1.00267
U3 two-stage unconditional,Ink,803,1.01917
U3 two-stage unconditional,Ink,804,1.00037
U3 two-stage unconditional,Ink,805,1.006
U3 two-stage unconditional,Ink,806,1.00354
U3 two-stage unconditional,Ink,807,1.00018
U3 two-stage unconditional,Ink,808,1.00031
U3 two-stage unconditional,Ink,809,0.999634
U3 two-stage unconditional,Ink,810,1.01126
U3 two-stage unconditional,Ink,811,1.00815
U3 two-stage unconditional,Ink,812,1.00253
U3 two-stage unconditional,Ink,813,1.00257
U3 two-stage unconditional,Ink,814,1.00347
U3 two-stage unconditional,Ink,815,1.00246
U3 two-stage unconditional,Ink,816,1.01424
U3 two-stage unconditional,Ink,817,1.01607
U3 two-stage unconditional,Ink,818,1.00074
U3 two-stage unconditional,Ink,819,1.02317
U3 two-stage unconditional,Ink,820,1.00913
U3 two-stage unconditional,Ink,821,1.04803
U3 two-stage unconditional,Ink,822,1.0062
U3 two-stage unconditional,Ink,823,1.01383
U3 two-stage unconditional,Ink,824,0.999548
U3 two-stage unconditional,Ink,825,1.01443
U3 two-stage unconditional,Ink,826,1.002
U3 two-stage unconditional,Ink,827,1.00685
U3 two-stage unconditional,Ink,828,1.00536
U3 two-stage unconditional,Ink,829,1.00091
U3 two-stage unconditional,Ink,830,1.00043
U3 two-stage unconditional,Ink,831,1.00086
U3 two-stage unconditional,Ink,832,1.00264
U3 two-stage unconditional,Ink,833,1.00234
U3 two-stage unconditional,Ink,834,1.00168
U3 two-stage unconditional,Ink,835,1.01404
U3 two-stage unconditional,Ink,836,1.00156
U3 two-stage unconditional,Ink,837,1.00069
U3 two-stage unconditional,Ink,838,1.00906
U3 two-stage unconditional,Ink,839,1.00104
U3 two-stage unconditional,Ink,840,1.02248
U3 two-stage unconditional,Ink,841,1.00106
U3 two-stage unconditional,Ink,842,1.0248
U3 two-stage unconditional,Ink,843,1.01458
U3 two-stage unconditional,Ink,844,1.00237
U3 two-stage unconditional,Ink,845,1.00041
U3 two-stage unconditional,Ink,846,0.999387
U3 two-stage unconditional,Ink,847,1.0121
U3 two-stage unconditional,Ink,848,1.01394
U3 two-stage unconditional,Ink,849,1.00163
U3 two-stage unconditional,Ink,850,1.00182
U3 two-stage unconditional,Ink,851,1.00633
U3 two-stage unconditional,Ink,852,1.00707
U3 two-stage unconditional,Ink,853,1.00282
U3 two-stage unconditional,Ink,854,1.00032
U3 two-stage unconditional,Ink,855,1.00319
U3 two-stage unconditional,Ink,856,0.998993
U3 two-stage unconditional,Ink,857,1.00035
U3 two-stage unconditional,Ink,858,1.00043
U3 two-stage unconditional,Ink,859,1.00305
U3 two-stage unconditional,Ink,860,1.0041
U3 two-stage unconditional,Ink,861,1.00305
U3 two-stage unconditional,Ink,862,1.01439
U3 two-stage unconditional,Ink,863,1.01075
U3 two-stage unconditional,Ink,864,1.01129
U3 two-stage unconditional,Ink,865,1.0035
U3 two-stage unconditional,Ink,866,1.01358
U3 two-stage unconditional,Ink,867,1.00291
U3 two-stage unconditional,Ink,868,1.00203
U3 two-stage unconditional,Ink,869,1.00251
U3 two-stage unconditional,Ink,870,1.00321
U3 two-stage unconditional,Ink,871,1.00114
U3 two-stage unconditional,Ink,872,1.0009
U3 two-stage unconditional,Ink,873,1.00048
U3 two-stage unconditional,Ink,874,1.00735
U3 two-stage unconditional,Ink,875,1.00369
U3 two-stage unconditional,Ink,876,1.0002
U3 two-stage unconditional,Ink,877,1.02158
U3 two-stage unconditional,Ink,878,1.00267
U3 two-stage unconditional,Ink,879,1.0046
U3 two-stage unconditional,Ink,880,1.0047
U3 two-stage unconditional,Ink,881,1.0027
U3 two-stage unconditional,Ink,882,0.999013
U3 two-stage unconditional,Ink,883,1.01333
U3 two-stage unconditional,Ink,884,0.999593
U3 two-stage unconditional,Ink,885,1.00301
U3 two-stage unconditional,Ink,886,1.00027
U3 two-stage unconditional,Ink,887,1.00739
U3 two-stage unconditional,Ink,888,1.00149
U3 two-stage unconditional,Ink,889,1.00623
U3 two-stage unconditional,Ink,890,1.00712
U3 two-stage unconditional,Ink,891,1.00778
U3 two-stage unconditional,Ink,892,1.00811
U3 two-stage unconditional,Ink,893,1.00406
U3 two-stage unconditional,Ink,894,1.02752
U3 two-stage unconditional,Ink,895,1.00501
U3 two-stage unconditional,Ink,896,1.0017
U3 two-stage unconditional,Ink,897,1.00258
U3 two-stage unconditional,Ink,898,1.00275
U3 two-stage unconditional,Ink,899,1.01726
U3 two-stage unconditional,Ink,900,1.01855
U3 two-stage unconditional,Ink,901,1.00789
U3 two-stage unconditional,Ink,902,1.00005
U3 two-stage unconditional,Ink,903,1.00315
U3 two-stage unconditional,Ink,904,1.00221
U3 two-stage unconditional,Ink,905,1.00595
U3 two-stage unconditional,Ink,906,1.00136
U3 two-stage unconditional,Ink,907,1.00861
U3 two-stage unconditional,Ink,908,1.00141
U3 two-stage unconditional,Ink,909,1.00125
U3 two-stage unconditional,Ink,910,1.01129
U3 two-stage unconditional,Ink,911,0.995671
U3 two-stage unconditional,Ink,912,1.02014
U3 two-stage unconditional,Ink,913,1.0094
U3 two-stage unconditional,Ink,914,1.00642
U3 two-stage unconditional,Ink,915,1.00283
U3 two-stage unconditional,Ink,916,1.00226
U3 two-stage unconditional,Ink,917,1.02163
U3 two-stage unconditional,Ink,918,1.00497
U3 two-stage unconditional,Ink,919,1.0077
U3 two-stage unconditional,Ink,920,1.00931
U3 two-stage unconditional,Ink,921,1.04332
U3 two-stage unconditional,Ink,922,1.03436
U3 two-stage unconditional,Ink,923,1.03141
U3 two-stage unconditional,Ink,924,1.0284
U3 two-stage unconditional,Ink,925,1.01422
U3 two-stage unconditional,Ink,926,1.01236
U3 two-stage unconditional,Ink,927,1.00885
U3 two-stage unconditional,Ink,928,1.01034
U3 two-stage unconditional,Ink,929,1.00496
U3 two-stage unconditional,Ink,930,1.00384
U3 two-stage unconditional,Ink,931,1.00133
U3 two-stage unconditional,Ink,932,0.999705
U3 two-stage unconditional,Ink,933,1.00596
U3 two-stage unconditional,Ink,934,1.00475
U3 two-stage unconditional,Ink,935,1.00157
U3 two-stage unconditional,Ink,936,1.00207
U3 two-stage unconditional,Ink,937,1.00024
U3 two-stage unconditional,Ink,938,1.00326
U3 two-stage unconditional,Ink,939,1.01113
U3 two-stage unconditional,Ink,940,1.00345
U3 two-stage unconditional,Ink,941,1.01839
U3 two-stage unconditional,Ink,942,1.00386
U3 two-stage unconditional,Ink,943,1.00163
U3 two-stage unconditional,Ink,944,1.00017
U3 two-stage unconditional,Ink,945,1.00024
U3 two-stage unconditional,Ink,946,1.00417
U3 two-stage unconditional,Ink,947,1.00568
U3 two-stage unconditional,Ink,948,0.999761
U3 two-stage unconditional,Ink,949,1.02468
U3 two-stage unconditional,Ink,950,1.00417
U3 two-stage unconditional,Ink,951,1.01789
U3 two-stage unconditional,Ink,952,1.00866
U3 two-stage unconditional,Ink,953,1.00617
U3 two-stage unconditional,Ink,954,1.00294
U3 two-stage unconditional,Ink,955,1.00414
U3 two-stage unconditional,Ink,956,1.00586
U3 two-stage unconditional,Ink,957,1.00211
U3 two-stage unconditional,Ink,958,1.00446
U3 two-stage unconditional,Ink,959,1.01083
U3 two-stage unconditional,Ink,960,1.00387
U3 two-stage unconditional,Ink,961,1.00252
U3 two-stage unconditional,Ink,962,1.00859
U3 two-stage unconditional,Ink,963,1.01769
U3 two-stage unconditional,Ink,964,1.00358
U3 two-stage unconditional,Ink,965,0.999844
U3 two-stage unconditional,Ink,966,1.00661
U3 two-stage unconditional,Ink,967,1.00046
U3 two-stage unconditional,Ink,968,1.00259
U3 two-stage unconditional,Ink,969,1.0062
U3 two-stage unconditional,Ink,970,1.00734
U3 two-stage unconditional,Ink,971,0.987903
U3 two-stage unconditional,Ink,972,0.985362
U3 two-stage unconditional,Ink,973,1.01655
U3 two-stage unconditional,Ink,974,1.00127
U3 two-stage unconditional,Ink,975,1.00855
U3 two-stage unconditional,Ink,976,1.01021
U3 two-stage unconditional,Ink,977,1.0042
U3 two-stage unconditional,Ink,978,1.00518
U3 two-stage unconditional,Ink,979,1.00425
U3 two-stage unconditional,Ink,980,1.00877
U3 two-stage unconditional,Ink,981,1.00944
U3 two-stage unconditional,Ink,982,1.00188
U3 two-stage unconditional,Ink,983,1.00251
U3 two-stage unconditional,Ink,984,1.00949
U3 two-stage unconditional,Ink,985,1.00036
U3 two-stage unconditional,Ink,986,1.00071
U3 two-stage unconditional,Ink,987,1.00011
U3 two-stage unconditional,Ink,988,1.00321
U3 two-stage unconditional,Ink,989,1.00104
U3 two-stage unconditional,Ink,990,1.00321
U3 two-stage unconditional,Ink,991,1.00523
U3 two-stage unconditional,Ink,992,1.02056
U3 two-stage unconditional,Ink,993,1.00037
U3 two-stage unconditional,Ink,994,1.00347
U3 two-stage unconditional,Ink,995,1.00669
U3 two-stage unconditional,Ink,996,1.00919
U3 two-stage unconditional,Ink,997,1.0054
U3 two-stage unconditional,Ink,998,1.00261
U3 two-stage unconditional,Ink,999,1.00164
U3 two-stage unconditional,Ink,1000,1.00597
U3 two-stage unconditional,Ink,1001,1.00595
U3 two-stage unconditional,Ink,1002,1.00459
U3 two-stage unconditional,Ink,1003,1.00169
U3 two-stage unconditional,Ink,1004,1.00219
U3 two-stage unconditional,Ink,1005,1.0088
U3 two-stage unconditional,Ink,1006,1.006
U3 two-stage unconditional,Ink,1007,1.00264
U3 two-stage unconditional,Ink,1008,1.00405
U3 two-stage unconditional,Ink,1009,1.00079
U3 two-stage unconditional,Ink,1010,1.00415
U3 two-stage unconditional,Ink,1011,1.00032
U3 two-stage unconditional,Ink,1012,1.0009
U3 two-stage unconditional,Ink,1013,1.00991
U3 two-stage unconditional,Ink,1014,1.00054
U3 two-stage unconditional,Ink,1015,1.00513
U3 two-stage unconditional,Ink,1016,1.00156
U3 two-stage unconditional,Ink,1017,1.00077
U3 two-stage unconditional,Ink,1018,1.0046
U3 two-stage unconditional,Ink,1019,1.02238
U3 two-stage unconditional,Ink,1020,1.00783
U3 two-stage unconditional,Ink,1021,1.00117
U3 two-stage unconditional,Ink,1022,1.00489
U3 two-stage unconditional,Ink,1023,1.0102
U3 two-stage unconditional,Ink,1024,1.00496
U3 two-stage unconditional,Ink,1025,1.01386
U3 two-stage unconditional,Ink,1026,1.00181
U3 two-stage unconditional,Ink,1027,1.01431
U3 two-stage unconditional,Ink,1028,1.0084
U3 two-stage unconditional,Ink,1029,1.00066
U3 two-stage unconditional,Ink,1030,1.00576
U3 two-stage unconditional,Ink,1031,1.00718
U3 two-stage unconditional,Ink,1032,1.02338
U3 two-stage unconditional,Ink,1033,1.01221
U3 two-stage unconditional,Ink,1034,1.00116
U3 two-stage unconditional,Ink,1035,1.00455
U3 two-stage unconditional,Ink,1036,1.01206
U3 two-stage unconditional,Ink,1037,1.00072
U3 two-stage unconditional,Ink,1038,1.00243
U3 two-stage unconditional,Ink,1039,1.00009
U3 two-stage unconditional,Ink,1040,1.00407
U3 two-stage unconditional,Ink,1041,1.00298
U3 two-stage unconditional,Ink,1042,1.03589
U3 two-stage unconditional,Ink,1043,1.00589
U3 two-stage unconditional,Ink,1044,1.00369
U3 two-stage unconditional,Ink,1045,1.00121
U3 two-stage unconditional,Ink,1046,1.0184
U3 two-stage unconditional,Ink,1047,1.00007
U3 two-stage unconditional,Ink,1048,1.00912
U3 two-stage unconditional,Ink,1049,1.00766
U3 two-stage unconditional,Ink,1050,1.00265
U3 two-stage unconditional,Ink,1051,1.00279
U3 two-stage unconditional,Ink,1052,1.00742
U3 two-stage unconditional,Ink,1053,1.00036
U3 two-stage unconditional,Ink,1054,1.00305
U3 two-stage unconditional,Ink,1055,1.00344
U3 two-stage unconditional,Ink,1056,1.00662
U3 two-stage unconditional,Ink,1057,1.00197
U3 two-stage unconditional,Ink,1058,1.00208
U3 two-stage unconditional,Ink,1059,1.0028
U3 two-stage unconditional,Ink,1060,1.0055
U3 two-stage unconditional,Ink,1061,1.00371
U3 two-stage unconditional,Ink,1062,1.00337
U3 two-stage unconditional,Ink,1063,1.00583
U3 two-stage unconditional,Ink,1064,1.00033
U3 two-stage unconditional,Ink,1065,1.0047
U3 two-stage unconditional,Ink,1066,1.03191
U3 two-stage unconditional,Ink,1067,1.02195
U3 two-stage unconditional,Ink,1068,1.00217
U3 two-stage unconditional,Ink,1069,1.00241
U3 two-stage unconditional,Ink,1070,1.00221
U3 two-stage unconditional,Ink,1071,1.0084
U3 two-stage unconditional,Ink,1072,1.00125
U3 two-stage unconditional,Ink,1073,1.02721
U3 two-stage unconditional,Ink,1074,1.00249
U3 two-stage unconditional,Ink,1075,1.01811
U3 two-stage unconditional,Ink,1076,1.01659
U3 two-stage unconditional,Ink,1077,1.00047
U3 two-stage unconditional,Ink,1078,1.00002
U3 two-stage unconditional,Ink,1079,1.00143
U3 two-stage unconditional,Ink,1080,1.00083
U3 two-stage unconditional,Ink,1081,1.00054
U3 two-stage unconditional,Ink,1082,1.00718
U3 two-stage unconditional,Ink,1083,1.00391
U3 two-stage unconditional,Ink,1084,1.00566
U3 two-stage unconditional,Ink,1085,1.02347
U3 two-stage unconditional,Ink,1086,1.00017
U3 two-stage unconditional,Ink,1087,1.03917
U3 two-stage unconditional,Ink,1088,1.05016
U3 two-stage unconditional,Ink,1089,1.00567
U3 two-stage unconditional,Ink,1090,1.00293
U3 two-stage unconditional,Ink,1091,1.00148
U3 two-stage unconditional,Ink,1092,1.00842
U3 two-stage unconditional,Ink,1093,1.0057
U3 two-stage unconditional,Ink,1094,1.01067
U3 two-stage unconditional,Ink,1095,1.00677
U3 two-stage unconditional,Ink,1096,1.02958
U3 two-stage unconditional,Ink,1097,1.04572
U3 two-stage unconditional,Ink,1098,1.01105
U3 two-stage unconditional,Ink,1099,1.00123
U3 two-stage unconditional,Ink,1100,1.00495
U3 two-stage unconditional,Ink,1101,1.00357
U3 two-stage unconditional,Ink,1102,1.00047
U3 two-stage unconditional,Ink,1103,1.01177
U3 two-stage unconditional,Ink,1104,1.00313
U3 two-stage unconditional,Ink,1105,1.01315
U3 two-stage unconditional,Ink,1106,1.01865
U3 two-stage unconditional,Ink,1107,1.01011
U3 two-stage unconditional,Ink,1108,1.00884
U3 two-stage unconditional,Ink,1109,1.01217
U3 two-stage unconditional,Ink,1110,1.02247
U3 two-stage unconditional,Ink,1111,1.00854
U3 two-stage unconditional,Ink,1112,1.00752
U3 two-stage unconditional,Ink,1113,1.01792
U3 two-stage unconditional,Ink,1114,1.00239
U3 two-stage unconditional,Ink,1115,1.00117
U3 two-stage unconditional,Ink,1116,1.00294
U3 two-stage unconditional,Ink,1117,1.02176
U3 two-stage unconditional,Ink,1118,1.00854
U3 two-stage unconditional,Ink,1119,1.00576
U3 two-stage unconditional,Ink,1120,1.00595
U3 two-stage unconditional,Ink,1121,1.00824
U3 two-stage unconditional,Ink,1122,1.00091
U3 two-stage unconditional,Ink,1123,1.0125
U3 two-stage unconditional,Ink,1124,1.00623
U3 two-stage unconditional,Ink,1125,1.00654
U3 two-stage unconditional,Ink,1126,1.02747
U3 two-stage unconditional,Ink,1127,1.00145
U3 two-stage unconditional,Ink,1128,1.00535
U3 two-stage unconditional,Ink,1129,1.00479
U3 two-stage unconditional,Ink,1130,1.051
U3 two-stage unconditional,Ink,1131,1.01704
U3 two-stage unconditional,Ink,1132,1.00312
U3 two-stage unconditional,Ink,1133,1.00174
U3 two-stage unconditional,Ink,1134,1.02123
U3 two-stage unconditional,Ink,1135,0.998273
U3 two-stage unconditional,Ink,1136,1.00463
U3 two-stage unconditional,Ink,1137,1.00164
U3 two-stage unconditional,Ink,1138,1.01588
U3 two-stage unconditional,Ink,1139,1.00259
U3 two-stage unconditional,Ink,1140,1.00461
U3 two-stage unconditional,Ink,1141,1.00096
U3 two-stage unconditional,Ink,1142,1.00323
U3 two-stage unconditional,Ink,1143,1.00481
U3 two-stage unconditional,Ink,1144,1.00137
U3 two-stage unconditional,Ink,1145,1.01934
U3 two-stage unconditional,Ink,1146,1.01002
U3 two-stage unconditional,Ink,1147,1.00578
U3 two-stage unconditional,Ink,1148,1.00749
U3 two-stage unconditional,Ink,1149,1.00952
U3 two-stage unconditional,Ink,1150,1.00322
U3 two-stage unconditional,Ink,1151,1.00668
U3 two-stage unconditional,Ink,1152,1.01077
U3 two-stage unconditional,Ink,1153,1.03177
U3 two-stage unconditional,Ink,1154,1.00783
U3 two-stage unconditional,Ink,1155,1.00805
U3 two-stage unconditional,Ink,1156,1.00591
U3 two-stage unconditional,Ink,1157,1.01914
U3 two-stage unconditional,Ink,1158,1.00858
U3 two-stage unconditional,Ink,1159,1.00119
U3 two-stage unconditional,Ink,1160,1.00752
U3 two-stage unconditional,Ink,1161,1.00598
U3 two-stage unconditional,Ink,1162,1.00194
U3 two-stage unconditional,Ink,1163,1.00815
U3 two-stage unconditional,Ink,1164,1.00289
U3 two-stage unconditional,Ink,1165,1.00159
U3 two-stage unconditional,Ink,1166,1.00985
U3 two-stage unconditional,Ink,1167,1.0011
U3 two-stage unconditional,Ink,1168,1.03067
U3 two-stage unconditional,Ink,1169,1.00728
U3 two-stage unconditional,Ink,1170,1.02893
U3 two-stage unconditional,Ink,1171,1.04125
U3 two-stage unconditional,Ink,1172,1.00604
U3 two-stage unconditional,Ink,1173,1.0065
U3 two-stage unconditional,Ink,1174,1.00564
U3 two-stage unconditional,Ink,1175,1.00468
U3 two-stage unconditional,Ink,1176,1.00281
U3 two-stage unconditional,Ink,1177,1.00326
U3 two-stage unconditional,Ink,1178,1.00849
U3 two-stage unconditional,Ink,1179,1.01214
U3 two-stage unconditional,Ink,1180,1.02734
U3 two-stage unconditional,Ink,1181,1.0245
U3 two-stage unconditional,Ink,1182,1.00175
U3 two-stage unconditional,Ink,1183,1.00076
U3 two-stage unconditional,Ink,1184,1.00632
U3 two-stage unconditional,Ink,1185,1.01637
U3 two-stage unconditional,Ink,1186,1.01841
U3 two-stage unconditional,Ink,1187,1.03973
U3 two-stage unconditional,Ink,1188,1.01436
U3 two-stage unconditional,Ink,1189,1.00536
U3 two-stage unconditional,Ink,1190,1.02642
U3 two-stage unconditional,Ink,1191,1.05723
U3 two-stage unconditional,Ink,1192,0.998568
U3 two-stage unconditional,Ink,1193,1.00695
U3 two-stage unconditional,Ink,1194,1.00693
U3 two-stage unconditional,Ink,1195,1.0074
U3 two-stage unconditional,Ink,1196,1.00181
U3 two-stage unconditional,Ink,1197,1.034
U3 two-stage unconditional,Ink,1198,1.03084
U3 two-stage unconditional,Ink,1199,1.01322
U3 two-stage unconditional,Ink,1200,1.01134
U3 two-stage unconditional,Ink,1201,1.01186
U3 two-stage unconditional,Ink,1202,1.00106
U3 two-stage unconditional,Ink,1203,1.04042
U3 two-stage unconditional,Ink,1204,1.00116
U3 two-stage unconditional,Ink,1205,1.0001
U3 two-stage unconditional,Ink,1206,1.00389
U3 two-stage unconditional,Ink,1207,1.02078
U3 two-stage unconditional,Ink,1208,1.00207
U3 two-stage unconditional,Ink,1209,1.00223
U3 two-stage unconditional,Ink,1210,1.00694
U3 two-stage unconditional,Ink,1211,1.00206
U3 two-stage unconditional,Ink,1212,1.00284
U3 two-stage unconditional,Ink,1213,1.00191
U3 two-stage unconditional,Ink,1214,1.00669
U3 two-stage unconditional,Ink,1215,1.00284
U3 two-stage unconditional,Ink,1216,1.00397
U3 two-stage unconditional,Ink,1217,1.03886
U3 two-stage unconditional,Ink,1218,1.01731
U3 two-stage unconditional,Ink,1219,1.00127
U3 two-stage unconditional,Ink,1220,1.00058
U3 two-stage unconditional,Ink,1221,1.00163
U3 two-stage unconditional,Ink,1222,1.01139
U3 two-stage unconditional,Ink,1223,1.00267
U3 two-stage unconditional,Ink,1224,1.00788
U3 two-stage unconditional,Ink,1225,1.00746
U3 two-stage unconditional,Ink,1226,1.00515
U3 two-stage unconditional,Ink,1227,1.01227
U3 two-stage unconditional,Ink,1228,1.00429
U3 two-stage unconditional,Ink,1229,1.00452
U3 two-stage unconditional,Ink,1230,1.00092
U3 two-stage unconditional,Ink,1231,1.0065
U3 two-stage unconditional,Ink,1232,1.00621
U3 two-stage unconditional,Ink,1233,1.00045
U3 two-stage unconditional,Ink,1234,1.01513
U3 two-stage unconditional,Ink,1235,1.00047
U3 two-stage unconditional,Ink,1236,1.03288
U3 two-stage unconditional,Ink,1237,1.00534
U3 two-stage unconditional,Ink,1238,1.01899
U3 two-stage unconditional,Ink,1239,1.0294
U3 two-stage unconditional,Ink,1240,1.04824
U3 two-stage unconditional,Ink,1241,1.00213
U3 two-stage unconditional,Ink,1242,1.00514
U3 two-stage unconditional,Ink,1243,1.01075
U3 two-stage unconditional,Ink,1244,1.01262
U3 two-stage unconditional,Ink,1245,1.00173
U3 two-stage unconditional,Ink,1246,1.00628
U3 two-stage unconditional,Ink,1247,1.00303
U3 two-stage unconditional,Ink,1248,1.01757
U3 two-stage unconditional,Ink,1249,1.00941
U3 two-stage unconditional,Ink,1250,1.0006
U3 two-stage unconditional,Ink,1251,1.00493
U3 two-stage unconditional,Ink,1252,1.00631
U3 two-stage unconditional,Ink,1253,1.00897
U3 two-stage unconditional,Ink,1254,1.01038
U3 two-stage unconditional,Ink,1255,1.0041
U3 two-stage unconditional,Ink,1256,1.0015
U3 two-stage unconditional,Ink,1257,1.00679
U3 two-stage unconditional,Ink,1258,1.01019
U3 two-stage unconditional,Ink,1259,1.00228
U3 two-stage unconditional,Ink,1260,1.00589
U3 two-stage unconditional,Ink,1261,1.00408
U3 two-stage unconditional,Ink,1262,1.00996
U3 two-stage unconditional,Ink,1263,1.00793
U3 two-stage unconditional,Ink,1264,1.00259
U3 two-stage unconditional,Ink,1265,1.00657
U3 two-stage unconditional,Ink,1266,1.00031
U3 two-stage unconditional,Ink,1267,1.00866
U3 two-stage unconditional,Ink,1268,1.00143
U3 two-stage unconditional,Ink,1269,1.00387
U3 two-stage unconditional,Ink,1270,1.00968
U3 two-stage unconditional,Ink,1271,1.00169
U3 two-stage unconditional,Ink,1272,1.00873
U3 two-stage unconditional,Ink,1273,1.00436
U3 two-stage unconditional,Ink,1274,1.01188
U3 two-stage unconditional,Ink,1275,1.00463
U3 two-stage unconditional,Ink,1276,1.01614
U3 two-stage unconditional,Ink,1277,1.01155
U3 two-stage unconditional,Ink,1278,1.00667
U3 two-stage unconditional,Ink,1279,1.02504
U3 two-stage unconditional,Ink,1280,1.00354
U3 two-stage unconditional,Ink,1281,1.00315
U3 two-stage unconditional,Ink,1282,1.01061
U3 two-stage unconditional,Ink,1283,1.00019
U3 two-stage unconditional,Ink,1284,1.00923
U3 two-stage unconditional,Ink,1285,1.00399
U3 two-stage unconditional,Ink,1286,1.00903
U3 two-stage unconditional,Ink,1287,1.00873
U3 two-stage unconditional,Ink,1288,1.00242
U3 two-stage unconditional,Ink,1289,1.00961
U3 two-stage unconditional,Ink,1290,1.00277
U3 two-stage unconditional,Ink,1291,1.00045
U3 two-stage unconditional,Ink,1292,1.00431
U3 two-stage unconditional,Ink,1293,1.00115
U3 two-stage unconditional,Ink,1294,1.00033
U3 two-stage unconditional,Ink,1295,1.00058
U3 two-stage unconditional,Ink,1296,1.00844
U3 two-stage unconditional,Ink,1297,1.05597
U3 two-stage unconditional,Ink,1298,1.00916
U3 two-stage unconditional,Ink,1299,1.00729
U3 two-stage unconditional,Ink,1300,1.00591
U3 two-stage unconditional,Ink,1301,1.04564
U3 two-stage unconditional,Ink,1302,1.02156
U3 two-stage unconditional,Ink,1303,1.02077
U3 two-stage unconditional,Ink,1304,1.01144
U3 two-stage unconditional,Ink,1305,1.00067
U3 two-stage unconditional,Ink,1306,1.00059
U3 two-stage unconditional,Ink,1307,1.00598
U3 two-stage unconditional,Ink,1308,1.00441
U3 two-stage unconditional,Ink,1309,1.00223
U3 two-stage unconditional,Ink,1310,1.00157
U3 two-stage unconditional,Ink,1311,1.00737
U3 two-stage unconditional,Ink,1312,1.00576
U3 two-stage unconditional,Ink,1313,1.01509
U3 two-stage unconditional,Ink,1314,1.00903
U3 two-stage unconditional,Ink,1315,1.00221
U3 two-stage unconditional,Ink,1316,1.00055
U3 two-stage unconditional,Ink,1317,1.00291
U3 two-stage unconditional,Ink,1318,0.999571
U3 two-stage unconditional,Ink,1319,1.00307
U3 two-stage unconditional,Ink,1320,1.00761
U3 two-stage unconditional,Ink,1321,1.01566
U3 two-stage unconditional,Ink,1322,1.03702
U3 two-stage unconditional,Ink,1323,1.03198
U3 two-stage unconditional,Ink,1324,1.02758
U3 two-stage unconditional,Ink,1325,1.04175
U3 two-stage unconditional,Ink,1326,1.01168
U3 two-stage unconditional,Ink,1327,1.00011
U3 two-stage unconditional,Ink,1328,1.00167
U3 two-stage unconditional,Ink,1329,1.0016
U3 two-stage unconditional,Ink,1330,1.00469
U3 two-stage unconditional,Ink,1331,1.01629
U3 two-stage unconditional,Ink,1332,1.00434
U3 two-stage unconditional,Ink,1333,1.00119
U3 two-stage unconditional,Ink,1334,0.99661
U3 two-stage unconditional,Ink,1335,1.0137
U3 two-stage unconditional,Ink,1336,1.04145
U3 two-stage unconditional,Ink,1337,1.00048
U3 two-stage unconditional,Ink,1338,1.00928
U3 two-stage unconditional,Ink,1339,1.03065
U3 two-stage unconditional,Ink,1340,1.0286
U3 two-stage unconditional,Ink,1341,1.02048
U3 two-stage unconditional,Ink,1342,1.01299
U3 two-stage unconditional,Ink,1343,1.00278
U3 two-stage unconditional,Ink,1344,1.00593
U3 two-stage unconditional,Ink,1345,1.00834
U3 two-stage unconditional,Ink,1346,1.00021
U3 two-stage unconditional,Ink,1347,1.00038
U3 two-stage unconditional,Ink,1348,1.00712
U3 two-stage unconditional,Ink,1349,1.01578
U3 two-stage unconditional,Ink,1350,1.01596
U3 two-stage unconditional,Ink,1351,1.0374
U3 two-stage unconditional,Ink,1352,1.00939
U3 two-stage unconditional,Ink,1353,1.00188
U3 two-stage unconditional,Ink,1354,1.00141
U3 two-stage unconditional,Ink,1355,1.0198
U3 two-stage unconditional,Ink,1356,1.02281
U3 two-stage unconditional,Ink,1357,1.00126
U3 two-stage unconditional,Ink,1358,1.00373
U3 two-stage unconditional,Ink,1359,1.00944
U3 two-stage unconditional,Ink,1360,1.00679
U3 two-stage unconditional,Ink,1361,1.00843
U3 two-stage unconditional,Ink,1362,1.01172
U3 two-stage unconditional,Ink,1363,0.999826
U3 two-stage unconditional,Ink,1364,0.999952
U3 two-stage unconditional,Ink,1365,1.00945
U3 two-stage unconditional,Ink,1366,1.015
U3 two-stage unconditional,Ink,1367,1.00733
U3 two-stage unconditional,Ink,1368,1.02246
U3 two-stage unconditional,Ink,1369,1.01384
U3 two-stage unconditional,Ink,1370,1.00351
U3 two-stage unconditional,Ink,1371,1.00345
U3 two-stage unconditional,Ink,1372,1.03295
U3 two-stage unconditional,Ink,1373,1.00259
U3 two-stage unconditional,Ink,1374,1.00218
U3 two-stage unconditional,Ink,1375,1.03523
U3 two-stage unconditional,Ink,1376,1.00401
U3 two-stage unconditional,Ink,1377,1.01267
U3 two-stage unconditional,Ink,1378,1.01808
U3 two-stage unconditional,Ink,1379,1.00612
U3 two-stage unconditional,Ink,1380,0.99933
U3 two-stage unconditional,Ink,1381,1.00389
U3 two-stage unconditional,Ink,1382,1.00126
U3 two-stage unconditional,Ink,1383,1.0058
U3 two-stage unconditional,Ink,1384,1.00478
U3 two-stage unconditional,Ink,1385,0.998498
U3 two-stage unconditional,Ink,1386,0.996363
U3 two-stage unconditional,Ink,1387,1.00597
U3 two-stage unconditional,Ink,1388,1.00047
U3 two-stage unconditional,Ink,1389,1.00096
U3 two-stage unconditional,Ink,1390,1.0004
U3 two-stage unconditional,Ink,1391,1.00692
U3 two-stage unconditional,Ink,1392,1.00343
U3 two-stage unconditional,Ink,1393,1.00441
U3 two-stage unconditional,Ink,1394,1.00451
U3 two-stage unconditional,Ink,1395,1.00043
U3 two-stage unconditional,Ink,1396,1.00034
U3 two-stage unconditional,Ink,1397,0.997734
U3 two-stage unconditional,Ink,1398,1.0002
U3 two-stage unconditional,Ink,1399,1.00731
U3 two-stage unconditional,Ink,1400,1.00907
U3 two-stage unconditional,Ink,1401,1.00865
U3 two-stage unconditional,Ink,1402,1.01254
U3 two-stage unconditional,Ink,1403,1.00076
U3 two-stage unconditional,Ink,1404,1.00749
U3 two-stage unconditional,Ink,1405,1.00393
U3 two-stage unconditional,Ink,1406,1.00383
U3 two-stage unconditional,Ink,1407,1.01629
U3 two-stage unconditional,Ink,1408,1.0004
U3 two-stage unconditional,Ink,1409,1.00035
U3 two-stage unconditional,Ink,1410,1.00023
U3 two-stage unconditional,Ink,1411,1.00007
U3 two-stage unconditional,Ink,1412,0.999964
U3 two-stage unconditional,Ink,1413,1.00049
U3 two-stage unconditional,Ink,1414,1.00015
U3 two-stage unconditional,Ink,1415,1.00079
U3 two-stage unconditional,Ink,1416,1.00077
U3 two-stage unconditional,Ink,1417,1.00077
U3 two-stage unconditional,Ink,1418,1.00284
U3 two-stage unconditional,Ink,1419,1.0027
U3 two-stage unconditional,Ink,1420,1.02879
U3 two-stage unconditional,Ink,1421,1.01167
U3 two-stage unconditional,Ink,1422,1.00264
U3 two-stage unconditional,Ink,1423,1.00299
U3 two-stage unconditional,Ink,1424,1.00072
U3 two-stage unconditional,Ink,1425,1.00433
U3 two-stage unconditional,Ink,1426,1.01354
U3 two-stage unconditional,Ink,1427,1.01236
U3 two-stage unconditional,Ink,1428,1.00902
U3 two-stage unconditional,Ink,1429,1.00684
U3 two-stage unconditional,Ink,1430,1.00328
U3 two-stage unconditional,Ink,1431,1.00197
U3 two-stage unconditional,Ink,1432,1.00108
U3 two-stage unconditional,Ink,1433,1.001
U3 two-stage unconditional,Ink,1434,1.00108
U3 two-stage unconditional,Ink,1435,1.00596
U3 two-stage unconditional,Ink,1436,1.00281
U3 two-stage unconditional,Ink,1437,0.998915
U3 two-stage unconditional,Ink,1438,1.0032
U3 two-stage unconditional,Ink,1439,1.00041
U3 two-stage unconditional,Ink,1440,1.00103
U3 two-stage unconditional,Ink,1441,1.0006
U3 two-stage unconditional,Ink,1442,1.01064
U3 two-stage unconditional,Ink,1443,1.00554
U3 two-stage unconditional,Ink,1444,1.02176
U3 two-stage unconditional,Ink,1445,1.00553
U3 two-stage unconditional,Ink,1446,1.01635
U3 two-stage unconditional,Ink,1447,1.0002
U3 two-stage unconditional,Ink,1448,1.00322
U3 two-stage unconditional,Ink,1449,1.00102
U3 two-stage unconditional,Ink,1450,1.00648
U3 two-stage unconditional,Ink,1451,1.02499
U3 two-stage unconditional,Ink,1452,1.01185
U3 two-stage unconditional,Ink,1453,1.01877
U3 two-stage unconditional,Ink,1454,1.005
U3 two-stage unconditional,Ink,1455,1.02528
U3 two-stage unconditional,Ink,1456,1.00591
U3 two-stage unconditional,Ink,1457,1.00082
U3 two-stage unconditional,Ink,1458,1.00102
U3 two-stage unconditional,Ink,1459,1.00065
U3 two-stage unconditional,Ink,1460,1.0031
U3 two-stage unconditional,Ink,1461,1.01537
U3 two-stage unconditional,Ink,1462,1.00098
U3 two-stage unconditional,Ink,1463,1.01365
U3 two-stage unconditional,Ink,1464,1.00917
U3 two-stage unconditional,Ink,1465,1.00685
U3 two-stage unconditional,Ink,1466,1.00749
U3 two-stage unconditional,Ink,1467,1.03644
U3 two-stage unconditional,Ink,1468,1.00441
U3 two-stage unconditional,Ink,1469,1.00906
U3 two-stage unconditional,Ink,1470,1.00326
U3 two-stage unconditional,Ink,1471,1.0085
U3 two-stage unconditional,Ink,1472,1.00165
U3 two-stage unconditional,Ink,1473,1.00915
U3 two-stage unconditional,Ink,1474,1.00114
U3 two-stage unconditional,Ink,1475,1.00417
U3 two-stage unconditional,Ink,1476,1.01449
U3 two-stage unconditional,Ink,1477,1.00355
U3 two-stage unconditional,Ink,1478,1.01956
U3 two-stage unconditional,Ink,1479,1.02273
U3 two-stage unconditional,Ink,1480,1.0302
U3 two-stage unconditional,Ink,1481,1.00117
U3 two-stage unconditional,Ink,1482,1.00381
U3 two-stage unconditional,Ink,1483,1.02703
U3 two-stage unconditional,Ink,1484,1.00322
U3 two-stage unconditional,Ink,1485,1.00572
U3 two-stage unconditional,Ink,1486,1.00103
U3 two-stage unconditional,Ink,1487,1.0101
U3 two-stage unconditional,Ink,1488,1.01065
U3 two-stage unconditional,Ink,1489,1.00491
U3 two-stage unconditional,Ink,1490,1.00496
U3 two-stage unconditional,Ink,1491,1.00578
U3 two-stage unconditional,Ink,1492,1.00018
U3 two-stage unconditional,Ink,1493,1.00023
U3 two-stage unconditional,Ink,1494,1.03274
U3 two-stage unconditional,Ink,1495,1.04208
U3 two-stage unconditional,Ink,1496,1.01159
U3 two-stage unconditional,Ink,1497,1.00371
U3 two-stage unconditional,Ink,1498,1.00341
U3 two-stage unconditional,Ink,1499,1.00416
U3 two-stage unconditional,Ink,1500,0.999906
U3 two-stage unconditional,Ink,1501,1.00694
U3 two-stage unconditional,Ink,1502,1.00517
U3 two-stage unconditional,Ink,1503,1.00412
U3 two-stage unconditional,Ink,1504,1.00208
U3 two-stage unconditional,Ink,1505,1.00446
U3 two-stage unconditional,Ink,1506,1.01768
U3 two-stage unconditional,Ink,1507,1.01527
U3 two-stage unconditional,Ink,1508,1.02148
U3 two-stage unconditional,Ink,1509,1.0192
U3 two-stage unconditional,Ink,1510,1.00366
U3 two-stage unconditional,Ink,1511,1.00548
U3 two-stage unconditional,Ink,1512,1.00118
U3 two-stage unconditional,Ink,1513,1.00076
U3 two-stage unconditional,Ink,1514,1.00827
U3 two-stage unconditional,Ink,1515,1.03828
U3 two-stage unconditional,Ink,1516,1.03213
U3 two-stage unconditional,Ink,1517,1.0444
U3 two-stage unconditional,Ink,1518,1.02807
U3 two-stage unconditional,Ink,1519,1.00111
U3 two-stage unconditional,Ink,1520,1.0082
U3 two-stage unconditional,Ink,1521,1.01705
U3 two-stage unconditional,Ink,1522,1.0098
U3 two-stage unconditional,Ink,1523,1.00152
U3 two-stage unconditional,Ink,1524,1.0017
U3 two-stage unconditional,Ink,1525,1.00224
U3 two-stage unconditional,Ink,1526,1.03198
U3 two-stage unconditional,Ink,1527,1.00065
U3 two-stage unconditional,Ink,1528,1.02017
U3 two-stage unconditional,Ink,1529,1.00167
U3 two-stage unconditional,Ink,1530,1.00524
U3 two-stage unconditional,Ink,1531,1.00135
U3 two-stage unconditional,Ink,1532,1.00528
U3 two-stage unconditional,Ink,1533,1.01128
U3 two-stage unconditional,Ink,1534,1.00019
U3 two-stage unconditional,Ink,1535,1.00211
U3 two-stage unconditional,Ink,1536,1.03036
U3 two-stage unconditional,Ink,1537,1.00631
U3 two-stage unconditional,Ink,1538,1.00454
U3 two-stage unconditional,Ink,1539,1.00364
U3 two-stage unconditional,Ink,1540,1.00174
U3 two-stage unconditional,Ink,1541,0.998971
U3 two-stage unconditional,Ink,1542,1.01094
U3 two-stage unconditional,Ink,1543,1.02978
U3 two-stage unconditional,Ink,1544,1.00602
U3 two-stage unconditional,Ink,1545,1.01649
U3 two-stage unconditional,Ink,1546,1.00033
U3 two-stage unconditional,Ink,1547,1.0009
U3 two-stage unconditional,Ink,1548,1.0138
U3 two-stage unconditional,Ink,1549,1.00225
U3 two-stage unconditional,Ink,1550,1.00003
U3 two-stage unconditional,Ink,1551,1.00582
U3 two-stage unconditional,Ink,1552,1.01074
U3 two-stage unconditional,Ink,1553,1.00982
U3 two-stage unconditional,Ink,1554,1.0036
U3 two-stage unconditional,Ink,1555,1.00889
U3 two-stage unconditional,Ink,1556,1.00177
U3 two-stage unconditional,Ink,1557,1.00693
U3 two-stage unconditional,Ink,1558,1.00957
U3 two-stage unconditional,Ink,1559,1.00716
U3 two-stage unconditional,Ink,1560,1.00508
U3 two-stage unconditional,Ink,1561,1.01409
U3 two-stage unconditional,Ink,1562,1.01078
U3 two-stage unconditional,Ink,1563,1.00163
U3 two-stage unconditional,Ink,1564,1.00938
U3 two-stage unconditional,Ink,1565,1.02744
U3 two-stage unconditional,Ink,1566,1.00573
U3 two-stage unconditional,Ink,1567,1.04128
U3 two-stage unconditional,Ink,1568,1.01341
U3 two-stage unconditional,Ink,1569,1.00126
U3 two-stage unconditional,Ink,1570,1.00546
U3 two-stage unconditional,Ink,1571,1.00168
U3 two-stage unconditional,Ink,1572,1.00458
U3 two-stage unconditional,Ink,1573,1.0051
U3 two-stage unconditional,Ink,1574,1.00827
U3 two-stage unconditional,Ink,1575,1.00465
U3 two-stage unconditional,Ink,1576,1.00448
U3 two-stage unconditional,Ink,1577,1.00239
U3 two-stage unconditional,Ink,1578,1.00508
U3 two-stage unconditional,Ink,1579,1.0097
U3 two-stage unconditional,Ink,1580,1.0018
U3 two-stage unconditional,Ink,1581,1.00345
U3 two-stage unconditional,Ink,1582,1.00254
U3 two-stage unconditional,Ink,1583,1.00339
U3 two-stage unconditional,Ink,1584,1.00317
U3 two-stage unconditional,Ink,1585,1.00462
U3 two-stage unconditional,Ink,1586,1.0097
U3 two-stage unconditional,Ink,1587,1.00126
U3 two-stage unconditional,Ink,1588,0.993035
U3 two-stage unconditional,Ink,1589,1.00589
U3 two-stage unconditional,Ink,1590,1.00071
U3 two-stage unconditional,Ink,1591,1.00247
U3 two-stage unconditional,Ink,1592,1.0021
U3 two-stage unconditional,Ink,1593,1.00176
U3 two-stage unconditional,Ink,1594,1.00215
U3 two-stage unconditional,Ink,1595,1.00767
U3 two-stage unconditional,Ink,1596,1.0026
U3 two-stage unconditional,Ink,1597,1.02134
U3 two-stage unconditional,Ink,1598,1.00543
U3 two-stage unconditional,Ink,1599,1.00679
U3 two-stage unconditional,Ink,1600,1.01143
U3 two-stage unconditional,Calendar,1,1.00766
U3 two-stage unconditional,Calendar,2,0.999686
U3 two-stage unconditional,Calendar,3,0.999719
U3 two-stage unconditional,Calendar,4,1.00058
U3 two-stage unconditional,Calendar,5,1.01742
U3 two-stage unconditional,Calendar,6,1.00022
U3 two-stage unconditional,Calendar,7,0.999939
U3 two-stage unconditional,Calendar,8,1.00658
U3 two-stage unconditional,Calendar,9,1.02067
U3 two-stage unconditional,Calendar,10,1.01962
U3 two-stage unconditional,Calendar,11,1.01232
U3 two-stage unconditional,Calendar,12,1.05659
U3 two-stage unconditional,Calendar,13,1.01323
U3 two-stage unconditional,Calendar,14,1.01149
U3 two-stage unconditional,Calendar,15,1.00606
U3 two-stage unconditional,Calendar,16,1.00858
U3 two-stage unconditional,Calendar,17,1.02247
U3 two-stage unconditional,Calendar,18,1.0008
U3 two-stage unconditional,Calendar,19,1.00346
U3 two-stage unconditional,Calendar,20,1.00908
U3 two-stage unconditional,Calendar,21,1.00308
U3 two-stage unconditional,Calendar,22,1.00107
U3 two-stage unconditional,Calendar,23,1.00207
U3 two-stage unconditional,Calendar,24,1.04422
U3 two-stage unconditional,Calendar,25,1.00025
U3 two-stage unconditional,Calendar,26,1.01069
U3 two-stage unconditional,Calendar,27,1.00924
U3 two-stage unconditional,Calendar,28,1.01023
U3 two-stage unconditional,Calendar,29,1.00951
U3 two-stage unconditional,Calendar,30,1.00516
U3 two-stage unconditional,Calendar,31,1.00531
U3 two-stage unconditional,Calendar,32,1.0218
U3 two-stage unconditional,Calendar,33,1.00328
U3 two-stage unconditional,Calendar,34,1.01153
U3 two-stage unconditional,Calendar,35,1.05232
U3 two-stage unconditional,Calendar,36,1.00096
U3 two-stage unconditional,Calendar,37,1.03254
U3 two-stage unconditional,Calendar,38,1.00866
U3 two-stage unconditional,Calendar,39,1.01034
U3 two-stage unconditional,Calendar,40,1.00641
U3 two-stage unconditional,Calendar,41,0.999452
U3 two-stage unconditional,Calendar,42,1.02434
U3 two-stage unconditional,Calendar,43,1.0091
U3 two-stage unconditional,Calendar,44,1.01838
U3 two-stage unconditional,Calendar,45,0.998237
U3 two-stage unconditional,Calendar,46,1.04396
U3 two-stage unconditional,Calendar,47,1.00799
U3 two-stage unconditional,Calendar,48,1.03777
U3 two-stage unconditional,Calendar,49,1.00199
U3 two-stage unconditional,Calendar,50,1.01552
U3 two-stage unconditional,Calendar,51,0.999211
U3 two-stage unconditional,Calendar,52,1.01161
U3 two-stage unconditional,Calendar,53,1.00847
U3 two-stage unconditional,Calendar,54,1.00548
U3 two-stage unconditional,Calendar,55,1.00946
U3 two-stage unconditional,Calendar,56,1.01112
U3 two-stage unconditional,Calendar,57,1.00123
U3 two-stage unconditional,Calendar,58,1.00028
U3 two-stage unconditional,Calendar,59,0.999733
U3 two-stage unconditional,Calendar,60,1.01909
U3 two-stage unconditional,Calendar,61,1.00454
U3 two-stage unconditional,Calendar,62,1.00017
U3 two-stage unconditional,Calendar,63,1.00058
U3 two-stage unconditional,Calendar,64,1.00045
U3 two-stage unconditional,Calendar,65,1.02866
U3 two-stage unconditional,Calendar,66,1.00465
U3 two-stage unconditional,Calendar,67,1.00329
U3 two-stage unconditional,Calendar,68,1.00203
U3 two-stage unconditional,Calendar,69,0.998056
U3 two-stage unconditional,Calendar,70,1.08656
U3 two-stage unconditional,Calendar,71,1.00941
U3 two-stage unconditional,Calendar,72,1.01129
U3 two-stage unconditional,Calendar,73,1.00759
U3 two-stage unconditional,Calendar,74,1.01022
U3 two-stage unconditional,Calendar,75,1.00198
U3 two-stage unconditional,Calendar,76,1.00442
U3 two-stage unconditional,Calendar,77,1.03276
U3 two-stage unconditional,Calendar,78,0.999251
U3 two-stage unconditional,Calendar,79,1.02491
U3 two-stage unconditional,Calendar,80,1.00915
U3 two-stage unconditional,Calendar,81,1.00365
U3 two-stage unconditional,Calendar,82,1.00346
U3 two-stage unconditional,Calendar,83,1.01178
U3 two-stage unconditional,Calendar,84,1.02622
U3 two-stage unconditional,Calendar,85,0.992974
U3 two-stage unconditional,Calendar,86,1.00224
U3 two-stage unconditional,Calendar,87,0.999933
U3 two-stage unconditional,Calendar,88,1.00088
U3 two-stage unconditional,Calendar,89,1.00499
U3 two-stage unconditional,Calendar,90,1.00112
U3 two-stage unconditional,Calendar,91,1.00986
U3 two-stage unconditional,Calendar,92,1.04859
U3 two-stage unconditional,Calendar,93,1.05192
U3 two-stage unconditional,Calendar,94,1.06024
U3 two-stage unconditional,Calendar,95,1.00906
U3 two-stage unconditional,Calendar,96,0.994424
U3 two-stage unconditional,Calendar,97,1.01561
U3 two-stage unconditional,Calendar,98,1.00106
U3 two-stage unconditional,Calendar,99,1.00006
U3 two-stage unconditional,Calendar,100,1.00004
U3 two-stage unconditional,Calendar,101,1.0005
U3 two-stage unconditional,Calendar,102,0.999297
U3 two-stage unconditional,Calendar,103,1.02569
U3 two-stage unconditional,Calendar,104,1.00581
U3 two-stage unconditional,Calendar,105,1.0034
U3 two-stage unconditional,Calendar,106,1.032
U3 two-stage unconditional,Calendar,107,1.02204
U3 two-stage unconditional,Calendar,108,1.02399
U3 two-stage unconditional,Calendar,109,1.02108
U3 two-stage unconditional,Calendar,110,1.02119
U3 two-stage unconditional,Calendar,111,1.00578
U3 two-stage unconditional,Calendar,112,1.02176
U3 two-stage unconditional,Calendar,113,1.00196
U3 two-stage unconditional,Calendar,114,1.00357
U3 two-stage unconditional,Calendar,115,1.01263
U3 two-stage unconditional,Calendar,116,1.00298
U3 two-stage unconditional,Calendar,117,1.02663
U3 two-stage unconditional,Calendar,118,1.0009
U3 two-stage unconditional,Calendar,119,1.01219
U3 two-stage unconditional,Calendar,120,1.01998
U3 two-stage unconditional,Calendar,121,1.00488
U3 two-stage unconditional,Calendar,122,1.02502
U3 two-stage unconditional,Calendar,123,1.02342
U3 two-stage unconditional,Calendar,124,1.0014
U3 two-stage unconditional,Calendar,125,1.01499
U3 two-stage unconditional,Calendar,126,1.02658
U3 two-stage unconditional,Calendar,127,1.06494
U3 two-stage unconditional,Calendar,128,1.07537
U3 two-stage unconditional,Calendar,129,1.0195
U3 two-stage unconditional,Calendar,130,1.04474
U3 two-stage unconditional,Calendar,131,1.04058
U3 two-stage unconditional,Calendar,132,1.03706
U3 two-stage unconditional,Calendar,133,1.03605
U3 two-stage unconditional,Calendar,134,1.00613
U3 two-stage unconditional,Calendar,135,1.01865
U3 two-stage unconditional,Calendar,136,1.0077
U3 two-stage unconditional,Calendar,137,1.0088
U3 two-stage unconditional,Calendar,138,1.01323
U3 two-stage unconditional,Calendar,139,1.01607
U3 two-stage unconditional,Calendar,140,1.01501
U3 two-stage unconditional,Calendar,141,1.01453
U3 two-stage unconditional,Calendar,142,1.00528
U3 two-stage unconditional,Calendar,143,1.01841
U3 two-stage unconditional,Calendar,144,1.0127
U3 two-stage unconditional,Calendar,145,1.01907
U3 two-stage unconditional,Calendar,146,1.02912
U3 two-stage unconditional,Calendar,147,1.02118
U3 two-stage unconditional,Calendar,148,1.0268
U3 two-stage unconditional,Calendar,149,1.0021
U3 two-stage unconditional,Calendar,150,1.00598
U3 two-stage unconditional,Calendar,151,1.00243
U3 two-stage unconditional,Calendar,152,0.999319
U3 two-stage unconditional,Calendar,153,0.992046
U3 two-stage unconditional,Calendar,154,1.00583
U3 two-stage unconditional,Calendar,155,1.00409
U3 two-stage unconditional,Calendar,156,1.00906
U3 two-stage unconditional,Calendar,157,1.00891
U3 two-stage unconditional,Calendar,158,1.01084
U3 two-stage unconditional,Calendar,159,1.01254
U3 two-stage unconditional,Calendar,160,1.02201
U3 two-stage unconditional,Calendar,161,1.00254
U3 two-stage unconditional,Calendar,162,1.0021
U3 two-stage unconditional,Calendar,163,1.00576
U3 two-stage unconditional,Calendar,164,1.00311
U3 two-stage unconditional,Calendar,165,1.00734
U3 two-stage unconditional,Calendar,166,1.00914
U3 two-stage unconditional,Calendar,167,1.00743
U3 two-stage unconditional,Calendar,168,1.05338
U3 two-stage unconditional,Calendar,169,1.01066
U3 two-stage unconditional,Calendar,170,1.0084
U3 two-stage unconditional,Calendar,171,1.00166
U3 two-stage unconditional,Calendar,172,1.00163
U3 two-stage unconditional,Calendar,173,1.0018
U3 two-stage unconditional,Calendar,174,1.0218
U3 two-stage unconditional,Calendar,175,1.0005
U3 two-stage unconditional,Calendar,176,1.01881
U3 two-stage unconditional,Calendar,177,1.00574
U3 two-stage unconditional,Calendar,178,1.02501
U3 two-stage unconditional,Calendar,179,1.011
U3 two-stage unconditional,Calendar,180,1.00508
U3 two-stage unconditional,Calendar,181,1.01433
U3 two-stage unconditional,Calendar,182,1
U3 two-stage unconditional,Calendar,183,1.00537
U3 two-stage unconditional,Calendar,184,1.01718
U3 two-stage unconditional,Calendar,185,1.00073
U3 two-stage unconditional,Calendar,186,1.0045
U3 two-stage unconditional,Calendar,187,1.01251
U3 two-stage unconditional,Calendar,188,1.03652
U3 two-stage unconditional,Calendar,189,1.02214
U3 two-stage unconditional,Calendar,190,1.03436
U3 two-stage unconditional,Calendar,191,1.00259
U3 two-stage unconditional,Calendar,192,1.00101
U3 two-stage unconditional,Calendar,193,1.00274
U3 two-stage unconditional,Calendar,194,1.00078
U3 two-stage unconditional,Calendar,195,1.00018
U3 two-stage unconditional,Calendar,196,1.00113
U3 two-stage unconditional,Calendar,197,1.01634
U3 two-stage unconditional,Calendar,198,1.00503
U3 two-stage unconditional,Calendar,199,1.05401
U3 two-stage unconditional,Calendar,200,1.00016
U3 two-stage unconditional,Calendar,201,1.0058
U3 two-stage unconditional,Calendar,202,0.999473
U3 two-stage unconditional,Calendar,203,1.02539
U3 two-stage unconditional,Calendar,204,1.00045
U3 two-stage unconditional,Calendar,205,1.03071
U3 two-stage unconditional,Calendar,206,1.04994
U3 two-stage unconditional,Calendar,207,1.04157
U3 two-stage unconditional,Calendar,208,1.0145
U3 two-stage unconditional,Calendar,209,1.01278
U3 two-stage unconditional,Calendar,210,1.00335
U3 two-stage unconditional,Calendar,211,1.00017
U3 two-stage unconditional,Calendar,212,1.00135
U3 two-stage unconditional,Calendar,213,1.00031
U3 two-stage unconditional,Calendar,214,1.01368
U3 two-stage unconditional,Calendar,215,0.996501
U3 two-stage unconditional,Calendar,216,0.996379
U3 two-stage unconditional,Calendar,217,1.01837
U3 two-stage unconditional,Calendar,218,1.01529
U3 two-stage unconditional,Calendar,219,1.00046
U3 two-stage unconditional,Calendar,220,1.00606
U3 two-stage unconditional,Calendar,221,1.0181
U3 two-stage unconditional,Calendar,222,1.0106
U3 two-stage unconditional,Calendar,223,1.02896
U3 two-stage unconditional,Calendar,224,1.01239
U3 two-stage unconditional,Calendar,225,1.00331
U3 two-stage unconditional,Calendar,226,1.02217
U3 two-stage unconditional,Calendar,227,0.999837
U3 two-stage unconditional,Calendar,228,1.01768
U3 two-stage unconditional,Calendar,229,1.00269
U3 two-stage unconditional,Calendar,230,1.01189
U3 two-stage unconditional,Calendar,231,1.02556
U3 two-stage unconditional,Calendar,232,1.03446
U3 two-stage unconditional,Calendar,233,1.02177
U3 two-stage unconditional,Calendar,234,1.01356
U3 two-stage unconditional,Calendar,235,1.01397
U3 two-stage unconditional,Calendar,236,1.00255
U3 two-stage unconditional,Calendar,237,1.0152
U3 two-stage unconditional,Calendar,238,1.00186
U3 two-stage unconditional,Calendar,239,1.0021
U3 two-stage unconditional,Calendar,240,1.01046
U3 two-stage unconditional,Calendar,241,1.02276
U3 two-stage unconditional,Calendar,242,1.00211
U3 two-stage unconditional,Calendar,243,1.00301
U3 two-stage unconditional,Calendar,244,0.994886
U3 two-stage unconditional,Calendar,245,1.00596
U3 two-stage unconditional,Calendar,246,1.01111
U3 two-stage unconditional,Calendar,247,1.00037
U3 two-stage unconditional,Calendar,248,1.04429
U3 two-stage unconditional,Calendar,249,1.00779
U3 two-stage unconditional,Calendar,250,1.00086
U3 two-stage unconditional,Calendar,251,1.00105
U3 two-stage unconditional,Calendar,252,1.02897
U3 two-stage unconditional,Calendar,253,1.01047
U3 two-stage unconditional,Calendar,254,1.01636
U3 two-stage unconditional,Calendar,255,1.00469
U3 two-stage unconditional,Calendar,256,1.00124
U3 two-stage unconditional,Calendar,257,0.994547
U3 two-stage unconditional,Calendar,258,1.00501
U3 two-stage unconditional,Calendar,259,1.00466
U3 two-stage unconditional,Calendar,260,1.01154
U3 two-stage unconditional,Calendar,261,1.00131
U3 two-stage unconditional,Calendar,262,1.00295
U3 two-stage unconditional,Calendar,263,1.00817
U3 two-stage unconditional,Calendar,264,1.00117
U3 two-stage unconditional,Calendar,265,1.00285
U3 two-stage unconditional,Calendar,266,1.00997
U3 two-stage unconditional,Calendar,267,1.00063
U3 two-stage unconditional,Calendar,268,1.0036
U3 two-stage unconditional,Calendar,269,1.0302
U3 two-stage unconditional,Calendar,270,1.00127
U3 two-stage unconditional,Calendar,271,1.01312
U3 two-stage unconditional,Calendar,272,0.996345
U3 two-stage unconditional,Calendar,273,1.00233
U3 two-stage unconditional,Calendar,274,1.00186
U3 two-stage unconditional,Calendar,275,1.0459
U3 two-stage unconditional,Calendar,276,1.00727
U3 two-stage unconditional,Calendar,277,1.02092
U3 two-stage unconditional,Calendar,278,1.02305
U3 two-stage unconditional,Calendar,279,1.01931
U3 two-stage unconditional,Calendar,280,1.01124
U3 two-stage unconditional,Calendar,281,0.99852
U3 two-stage unconditional,Calendar,282,1.01682
U3 two-stage unconditional,Calendar,283,1.02077
U3 two-stage unconditional,Calendar,284,1.00758
U3 two-stage unconditional,Calendar,285,0.992913
U3 two-stage unconditional,Calendar,286,1.00965
U3 two-stage unconditional,Calendar,287,1.03666
U3 two-stage unconditional,Calendar,288,1.05868
U3 two-stage unconditional,Calendar,289,1.00449
U3 two-stage unconditional,Calendar,290,1.00531
U3 two-stage unconditional,Calendar,291,1.00037
U3 two-stage unconditional,Calendar,292,1.01919
U3 two-stage unconditional,Calendar,293,1.00134
U3 two-stage unconditional,Calendar,294,1.00407
U3 two-stage unconditional,Calendar,295,1.01432
U3 two-stage unconditional,Calendar,296,1.01376
U3 two-stage unconditional,Calendar,297,1.02571
U3 two-stage unconditional,Calendar,298,1.0137100000000001
U3 two-stage unconditional,Calendar,299,1.00321
U3 two-stage unconditional,Calendar,300,1.0036
U3 two-stage unconditional,Calendar,301,1.00327
U3 two-stage unconditional,Calendar,302,1.01127
U3 two-stage unconditional,Calendar,303,1.00984
U3 two-stage unconditional,Calendar,304,1.03411
U3 two-stage unconditional,Calendar,305,1.00713
U3 two-stage unconditional,Calendar,306,1.00724
U3 two-stage unconditional,Calendar,307,1.00196
U3 two-stage unconditional,Calendar,308,1.00432
U3 two-stage unconditional,Calendar,309,1.00078
U3 two-stage unconditional,Calendar,310,1.0025
U3 two-stage unconditional,Calendar,311,1.02059
U3 two-stage unconditional,Calendar,312,1.05295
U3 two-stage unconditional,Calendar,313,1.01973
U3 two-stage unconditional,Calendar,314,1.02276
U3 two-stage unconditional,Calendar,315,1.01516
U3 two-stage unconditional,Calendar,316,1.01018
U3 two-stage unconditional,Calendar,317,1.02144
U3 two-stage unconditional,Calendar,318,1.00108
U3 two-stage unconditional,Calendar,319,1.00394
U3 two-stage unconditional,Calendar,320,1.0274
U3 two-stage unconditional,Calendar,321,1.01968
U3 two-stage unconditional,Calendar,322,1.00288
U3 two-stage unconditional,Calendar,323,1.00623
U3 two-stage unconditional,Calendar,324,1.01397
U3 two-stage unconditional,Calendar,325,1.02315
U3 two-stage unconditional,Calendar,326,1.03927
U3 two-stage unconditional,Calendar,327,1.0346
U3 two-stage unconditional,Calendar,328,1.0197
U3 two-stage unconditional,Calendar,329,1.01726
U3 two-stage unconditional,Calendar,330,0.998327
U3 two-stage unconditional,Calendar,331,1.00791
U3 two-stage unconditional,Calendar,332,1.01587
U3 two-stage unconditional,Calendar,333,1.00266
U3 two-stage unconditional,Calendar,334,1.01279
U3 two-stage unconditional,Calendar,335,0.997115
U3 two-stage unconditional,Calendar,336,1.00452
U3 two-stage unconditional,Calendar,337,0.998044
U3 two-stage unconditional,Calendar,338,1.00649
U3 two-stage unconditional,Calendar,339,1.00407
U3 two-stage unconditional,Calendar,340,1.00132
U3 two-stage unconditional,Calendar,341,1.00019
U3 two-stage unconditional,Calendar,342,0.997959
U3 two-stage unconditional,Calendar,343,1.04787
U3 two-stage unconditional,Calendar,344,1.00037
U3 two-stage unconditional,Calendar,345,1.00049
U3 two-stage unconditional,Calendar,346,1.00724
U3 two-stage unconditional,Calendar,347,1.00455
U3 two-stage unconditional,Calendar,348,1.00312
U3 two-stage unconditional,Calendar,349,1.00162
U3 two-stage unconditional,Calendar,350,1.00024
U3 two-stage unconditional,Calendar,351,1.01431
U3 two-stage unconditional,Calendar,352,1.00009
U3 two-stage unconditional,Calendar,353,1.035
U3 two-stage unconditional,Calendar,354,1.00283
U3 two-stage unconditional,Calendar,355,0.984868
U3 two-stage unconditional,Calendar,356,1.02969
U3 two-stage unconditional,Calendar,357,1.00738
U3 two-stage unconditional,Calendar,358,1.00575
U3 two-stage unconditional,Calendar,359,1.02281
U3 two-stage unconditional,Calendar,360,1.01887
U3 two-stage unconditional,Calendar,361,1.00348
U3 two-stage unconditional,Calendar,362,1.00241
U3 two-stage unconditional,Calendar,363,1.00002
U3 two-stage unconditional,Calendar,364,1.01388
U3 two-stage unconditional,Calendar,365,1.00133
U3 two-stage unconditional,Calendar,366,1.00374
U3 two-stage unconditional,Calendar,367,1.03543
U3 two-stage unconditional,Calendar,368,1.05286
U3 two-stage unconditional,Calendar,369,1.01274
U3 two-stage unconditional,Calendar,370,1.01649
U3 two-stage unconditional,Calendar,371,1.01007
U3 two-stage unconditional,Calendar,372,1.0057
U3 two-stage unconditional,Calendar,373,1.00346
U3 two-stage unconditional,Calendar,374,1.00708
U3 two-stage unconditional,Calendar,375,1.02286
U3 two-stage unconditional,Calendar,376,0.99808
U3 two-stage unconditional,Calendar,377,1.00558
U3 two-stage unconditional,Calendar,378,1.0183
U3 two-stage unconditional,Calendar,379,1.00088
U3 two-stage unconditional,Calendar,380,1.00101
U3 two-stage unconditional,Calendar,381,1.00622
U3 two-stage unconditional,Calendar,382,1.00094
U3 two-stage unconditional,Calendar,383,1.00297
U3 two-stage unconditional,Calendar,384,1.00313
U3 two-stage unconditional,Calendar,385,1.00594
U3 two-stage unconditional,Calendar,386,1.00713
U3 two-stage unconditional,Calendar,387,1.00172
U3 two-stage unconditional,Calendar,388,1.00329
U3 two-stage unconditional,Calendar,389,1.00028
U3 two-stage unconditional,Calendar,390,1.01578
U3 two-stage unconditional,Calendar,391,1.00087
U3 two-stage unconditional,Calendar,392,0.999965
U3 two-stage unconditional,Calendar,393,1.00084
U3 two-stage unconditional,Calendar,394,1.00285
U3 two-stage unconditional,Calendar,395,1.00428
U3 two-stage unconditional,Calendar,396,1.0074
U3 two-stage unconditional,Calendar,397,1.00862
U3 two-stage unconditional,Calendar,398,1.00268
U3 two-stage unconditional,Calendar,399,1.00427
U3 two-stage unconditional,Calendar,400,1.00365
U3 two-stage unconditional,Calendar,401,1.00616
U3 two-stage unconditional,Calendar,402,1.00857
U3 two-stage unconditional,Calendar,403,1.02223
U3 two-stage unconditional,Calendar,404,1.00516
U3 two-stage unconditional,Calendar,405,1.01372
U3 two-stage unconditional,Calendar,406,1.0038
U3 two-stage unconditional,Calendar,407,1.00986
U3 two-stage unconditional,Calendar,408,1.00058
U3 two-stage unconditional,Calendar,409,1.0002
U3 two-stage unconditional,Calendar,410,1.03691
U3 two-stage unconditional,Calendar,411,1.03157
U3 two-stage unconditional,Calendar,412,1.02171
U3 two-stage unconditional,Calendar,413,1.01162
U3 two-stage unconditional,Calendar,414,1.02603
U3 two-stage unconditional,Calendar,415,0.991883
U3 two-stage unconditional,Calendar,416,1.00428
U3 two-stage unconditional,Calendar,417,1.00778
U3 two-stage unconditional,Calendar,418,1.01368
U3 two-stage unconditional,Calendar,419,1.0035
U3 two-stage unconditional,Calendar,420,1.01294
U3 two-stage unconditional,Calendar,421,1.0125
U3 two-stage unconditional,Calendar,422,1.02388
U3 two-stage unconditional,Calendar,423,1.01624
U3 two-stage unconditional,Calendar,424,1.01728
U3 two-stage unconditional,Calendar,425,1.03171
U3 two-stage unconditional,Calendar,426,1.01868
U3 two-stage unconditional,Calendar,427,1.00066
U3 two-stage unconditional,Calendar,428,1.00196
U3 two-stage unconditional,Calendar,429,1.03981
U3 two-stage unconditional,Calendar,430,1.00328
U3 two-stage unconditional,Calendar,431,1.00951
U3 two-stage unconditional,Calendar,432,0.993711
U3 two-stage unconditional,Calendar,433,1.00529
U3 two-stage unconditional,Calendar,434,1.00659
U3 two-stage unconditional,Calendar,435,1.00322
U3 two-stage unconditional,Calendar,436,1.01507
U3 two-stage unconditional,Calendar,437,1.02267
U3 two-stage unconditional,Calendar,438,1.00985
U3 two-stage unconditional,Calendar,439,1.01907
U3 two-stage unconditional,Calendar,440,1.00203
U3 two-stage unconditional,Calendar,441,1.00756
U3 two-stage unconditional,Calendar,442,1.0055
U3 two-stage unconditional,Calendar,443,1.00323
U3 two-stage unconditional,Calendar,444,1.00797
U3 two-stage unconditional,Calendar,445,1.02729
U3 two-stage unconditional,Calendar,446,1.0075
U3 two-stage unconditional,Calendar,447,1.0125
U3 two-stage unconditional,Calendar,448,1.00262
U3 two-stage unconditional,Calendar,449,1.00138
U3 two-stage unconditional,Calendar,450,1.00613
U3 two-stage unconditional,Calendar,451,1.00155
U3 two-stage unconditional,Calendar,452,1.00248
U3 two-stage unconditional,Calendar,453,1.00002
U3 two-stage unconditional,Calendar,454,1.02008
U3 two-stage unconditional,Calendar,455,0.996066
U3 two-stage unconditional,Calendar,456,0.997214
U3 two-stage unconditional,Calendar,457,1.00449
U3 two-stage unconditional,Calendar,458,0.999562
U3 two-stage unconditional,Calendar,459,1.00413
U3 two-stage unconditional,Calendar,460,1.01812
U3 two-stage unconditional,Calendar,461,1.03971
U3 two-stage unconditional,Calendar,462,1.00239
U3 two-stage unconditional,Calendar,463,0.9951
U3 two-stage unconditional,Calendar,464,1.00636
U3 two-stage unconditional,Calendar,465,1.0056
U3 two-stage unconditional,Calendar,466,1.00025
U3 two-stage unconditional,Calendar,467,0.999621
U3 two-stage unconditional,Calendar,468,1.00189
U3 two-stage unconditional,Calendar,469,1.02061
U3 two-stage unconditional,Calendar,470,1.00311
U3 two-stage unconditional,Calendar,471,1.00112
U3 two-stage unconditional,Calendar,472,1.01452
U3 two-stage unconditional,Calendar,473,1.00175
U3 two-stage unconditional,Calendar,474,1.00543
U3 two-stage unconditional,Calendar,475,1.0037
U3 two-stage unconditional,Calendar,476,1.01127
U3 two-stage unconditional,Calendar,477,1.00156
U3 two-stage unconditional,Calendar,478,1.00595
U3 two-stage unconditional,Calendar,479,1.00473
U3 two-stage unconditional,Calendar,480,1.00152
U3 two-stage unconditional,Calendar,481,1.00338
U3 two-stage unconditional,Calendar,482,1.00507
U3 two-stage unconditional,Calendar,483,1.02046
U3 two-stage unconditional,Calendar,484,1.01548
U3 two-stage unconditional,Calendar,485,1.0285
U3 two-stage unconditional,Calendar,486,1.00588
U3 two-stage unconditional,Calendar,487,1.00788
U3 two-stage unconditional,Calendar,488,1.01106
U3 two-stage unconditional,Calendar,489,1.01067
U3 two-stage unconditional,Calendar,490,1.00756
U3 two-stage unconditional,Calendar,491,1.00758
U3 two-stage unconditional,Calendar,492,1.06221
U3 two-stage unconditional,Calendar,493,0.999937
U3 two-stage unconditional,Calendar,494,1.00025
U3 two-stage unconditional,Calendar,495,1.00039
U3 two-stage unconditional,Calendar,496,1.00093
U3 two-stage unconditional,Calendar,497,1.0007
U3 two-stage unconditional,Calendar,498,0.99646
U3 two-stage unconditional,Calendar,499,1.02467
U3 two-stage unconditional,Calendar,500,1.00415
U3 two-stage unconditional,Calendar,501,1.00003
U3 two-stage unconditional,Calendar,502,1.00403
U3 two-stage unconditional,Calendar,503,1.00528
U3 two-stage unconditional,Calendar,504,1.01451
U3 two-stage unconditional,Calendar,505,1.00186
U3 two-stage unconditional,Calendar,506,1.02248
U3 two-stage unconditional,Calendar,507,1.05042
U3 two-stage unconditional,Calendar,508,1.00431
U3 two-stage unconditional,Calendar,509,1.03006
U3 two-stage unconditional,Calendar,510,1.00573
U3 two-stage unconditional,Calendar,511,1.00352
U3 two-stage unconditional,Calendar,512,1.03894
U3 two-stage unconditional,Calendar,513,1.00182
U3 two-stage unconditional,Calendar,514,1.00765
U3 two-stage unconditional,Calendar,515,0.99787
U3 two-stage unconditional,Calendar,516,1.00464
U3 two-stage unconditional,Calendar,517,1.00036
U3 two-stage unconditional,Calendar,518,1.00047
U3 two-stage unconditional,Calendar,519,1.01198
U3 two-stage unconditional,Calendar,520,0.999284
U3 two-stage unconditional,Calendar,521,1.00583
U3 two-stage unconditional,Calendar,522,1.00552
U3 two-stage unconditional,Calendar,523,1.00415
U3 two-stage unconditional,Calendar,524,1.00389
U3 two-stage unconditional,Calendar,525,1.00082
U3 two-stage unconditional,Calendar,526,1.00007
U3 two-stage unconditional,Calendar,527,1.00004
U3 two-stage unconditional,Calendar,528,0.999991
U3 two-stage unconditional,Calendar,529,0.999999
U3 two-stage unconditional,Calendar,530,0.998511
U3 two-stage unconditional,Calendar,531,1.00311
U3 two-stage unconditional,Calendar,532,1.01315
U3 two-stage unconditional,Calendar,533,1.00758
U3 two-stage unconditional,Calendar,534,1.00149
U3 two-stage unconditional,Calendar,535,0.999421
U3 two-stage unconditional,Calendar,536,1.00391
U3 two-stage unconditional,Calendar,537,0.99394
U3 two-stage unconditional,Calendar,538,1.00063
U3 two-stage unconditional,Calendar,539,1.00079
U3 two-stage unconditional,Calendar,540,0.999603
U3 two-stage unconditional,Calendar,541,1.0369
U3 two-stage unconditional,Calendar,542,1.00398
U3 two-stage unconditional,Calendar,543,1.00761
U3 two-stage unconditional,Calendar,544,0.997786
U3 two-stage unconditional,Calendar,545,1.00802
U3 two-stage unconditional,Calendar,546,1.02405
U3 two-stage unconditional,Calendar,547,1.00271
U3 two-stage unconditional,Calendar,548,1.00472
U3 two-stage unconditional,Calendar,549,1.00642
U3 two-stage unconditional,Calendar,550,1.00128
U3 two-stage unconditional,Calendar,551,1.01999
U3 two-stage unconditional,Calendar,552,1.00835
U3 two-stage unconditional,Calendar,553,1.01179
U3 two-stage unconditional,Calendar,554,1.00427
U3 two-stage unconditional,Calendar,555,1.01651
U3 two-stage unconditional,Calendar,556,1.00217
U3 two-stage unconditional,Calendar,557,1.00908
U3 two-stage unconditional,Calendar,558,1.0105
U3 two-stage unconditional,Calendar,559,1.00017
U3 two-stage unconditional,Calendar,560,1.02103
U3 two-stage unconditional,Calendar,561,1.00117
U3 two-stage unconditional,Calendar,562,1.00166
U3 two-stage unconditional,Calendar,563,1.02864
U3 two-stage unconditional,Calendar,564,1.02837
U3 two-stage unconditional,Calendar,565,1.00395
U3 two-stage unconditional,Calendar,566,1.04935
U3 two-stage unconditional,Calendar,567,1.00905
U3 two-stage unconditional,Calendar,568,0.999557
U3 two-stage unconditional,Calendar,569,1.00494
U3 two-stage unconditional,Calendar,570,1.00188
U3 two-stage unconditional,Calendar,571,1.00624
U3 two-stage unconditional,Calendar,572,1.01983
U3 two-stage unconditional,Calendar,573,1.00584
U3 two-stage unconditional,Calendar,574,1.00364
U3 two-stage unconditional,Calendar,575,1.0139
U3 two-stage unconditional,Calendar,576,1.01054
U3 two-stage unconditional,Calendar,577,1.01745
U3 two-stage unconditional,Calendar,578,1.00434
U3 two-stage unconditional,Calendar,579,1.00544
U3 two-stage unconditional,Calendar,580,1.00792
U3 two-stage unconditional,Calendar,581,1.02766
U3 two-stage unconditional,Calendar,582,1.00633
U3 two-stage unconditional,Calendar,583,1.03335
U3 two-stage unconditional,Calendar,584,1.00246
U3 two-stage unconditional,Calendar,585,1.01443
U3 two-stage unconditional,Calendar,586,1.00984
U3 two-stage unconditional,Calendar,587,0.989645
U3 two-stage unconditional,Calendar,588,1.03298
U3 two-stage unconditional,Calendar,589,1.02438
U3 two-stage unconditional,Calendar,590,1.00279
U3 two-stage unconditional,Calendar,591,1.01262
U3 two-stage unconditional,Calendar,592,1.03028
U3 two-stage unconditional,Calendar,593,1.03564
U3 two-stage unconditional,Calendar,594,1.0007
U3 two-stage unconditional,Calendar,595,1.00556
U3 two-stage unconditional,Calendar,596,1.00395
U3 two-stage unconditional,Calendar,597,1.00337
U3 two-stage unconditional,Calendar,598,0.99974
U3 two-stage unconditional,Calendar,599,1.00353
U3 two-stage unconditional,Calendar,600,1.01449
U3 two-stage unconditional,Calendar,601,1.01855
U3 two-stage unconditional,Calendar,602,1.00788
U3 two-stage unconditional,Calendar,603,1.00308
U3 two-stage unconditional,Calendar,604,1.00086
U3 two-stage unconditional,Calendar,605,1.00875
U3 two-stage unconditional,Calendar,606,1.00053
U3 two-stage unconditional,Calendar,607,1.00063
U3 two-stage unconditional,Calendar,608,1.00095
U3 two-stage unconditional,Calendar,609,1.0079
U3 two-stage unconditional,Calendar,610,1.00071
U3 two-stage unconditional,Calendar,611,1.00197
U3 two-stage unconditional,Calendar,612,1.0042
U3 two-stage unconditional,Calendar,613,1.00581
U3 two-stage unconditional,Calendar,614,1.00165
U3 two-stage unconditional,Calendar,615,1.0194
U3 two-stage unconditional,Calendar,616,1.00189
U3 two-stage unconditional,Calendar,617,1.0002
U3 two-stage unconditional,Calendar,618,1.00395
U3 two-stage unconditional,Calendar,619,1.00824
U3 two-stage unconditional,Calendar,620,1.01784
U3 two-stage unconditional,Calendar,621,1.00639
U3 two-stage unconditional,Calendar,622,1.00578
U3 two-stage unconditional,Calendar,623,1.00525
U3 two-stage unconditional,Calendar,624,1.00887
U3 two-stage unconditional,Calendar,625,1.00123
U3 two-stage unconditional,Calendar,626,1.01114
U3 two-stage unconditional,Calendar,627,1.00152
U3 two-stage unconditional,Calendar,628,1.00681
U3 two-stage unconditional,Calendar,629,1.0002
U3 two-stage unconditional,Calendar,630,1.01067
U3 two-stage unconditional,Calendar,631,1.00004
U3 two-stage unconditional,Calendar,632,1.01421
U3 two-stage unconditional,Calendar,633,1.00104
U3 two-stage unconditional,Calendar,634,1.00078
U3 two-stage unconditional,Calendar,635,1.00542
U3 two-stage unconditional,Calendar,636,1.02997
U3 two-stage unconditional,Calendar,637,1.00742
U3 two-stage unconditional,Calendar,638,1.00266
U3 two-stage unconditional,Calendar,639,1.00228
U3 two-stage unconditional,Calendar,640,1.00127
U3 two-stage unconditional,Calendar,641,1.00164
U3 two-stage unconditional,Calendar,642,1.03617
U3 two-stage unconditional,Calendar,643,1.00579
U3 two-stage unconditional,Calendar,644,1.03878
U3 two-stage unconditional,Calendar,645,1.04966
U3 two-stage unconditional,Calendar,646,1.02119
U3 two-stage unconditional,Calendar,647,1.0375
U3 two-stage unconditional,Calendar,648,1.01748
U3 two-stage unconditional,Calendar,649,1.00966
U3 two-stage unconditional,Calendar,650,0.998587
U3 two-stage unconditional,Calendar,651,1.0037
U3 two-stage unconditional,Calendar,652,1.00309
U3 two-stage unconditional,Calendar,653,1.00031
U3 two-stage unconditional,Calendar,654,1.01351
U3 two-stage unconditional,Calendar,655,1.00233
U3 two-stage unconditional,Calendar,656,1.0066
U3 two-stage unconditional,Calendar,657,1.00087
U3 two-stage unconditional,Calendar,658,1.02822
U3 two-stage unconditional,Calendar,659,1.00061
U3 two-stage unconditional,Calendar,660,1.00755
U3 two-stage unconditional,Calendar,661,0.995128
U3 two-stage unconditional,Calendar,662,1.00816
U3 two-stage unconditional,Calendar,663,1.02598
U3 two-stage unconditional,Calendar,664,0.999838
U3 two-stage unconditional,Calendar,665,1.04889
U3 two-stage unconditional,Calendar,666,1.01869
U3 two-stage unconditional,Calendar,667,1.00289
U3 two-stage unconditional,Calendar,668,0.992144
U3 two-stage unconditional,Calendar,669,1.00437
U3 two-stage unconditional,Calendar,670,1.00592
U3 two-stage unconditional,Calendar,671,1.01441
U3 two-stage unconditional,Calendar,672,1.00367
U3 two-stage unconditional,Calendar,673,1.0448
U3 two-stage unconditional,Calendar,674,1.03111
U3 two-stage unconditional,Calendar,675,1.02378
U3 two-stage unconditional,Calendar,676,1.00929
U3 two-stage unconditional,Calendar,677,1.00009
U3 two-stage unconditional,Calendar,678,1.0007
U3 two-stage unconditional,Calendar,679,1.01452
U3 two-stage unconditional,Calendar,680,1.00921
U3 two-stage unconditional,Calendar,681,0.999668
U3 two-stage unconditional,Calendar,682,1.00387
U3 two-stage unconditional,Calendar,683,1.0006
U3 two-stage unconditional,Calendar,684,1.00253
U3 two-stage unconditional,Calendar,685,1.01767
U3 two-stage unconditional,Calendar,686,1.00789
U3 two-stage unconditional,Calendar,687,1.00013
U3 two-stage unconditional,Calendar,688,1.01289
U3 two-stage unconditional,Calendar,689,1.02127
U3 two-stage unconditional,Calendar,690,1.04688
U3 two-stage unconditional,Calendar,691,1.00361
U3 two-stage unconditional,Calendar,692,1.00534
U3 two-stage unconditional,Calendar,693,1.01315
U3 two-stage unconditional,Calendar,694,1.01703
U3 two-stage unconditional,Calendar,695,1.01071
U3 two-stage unconditional,Calendar,696,1.01788
U3 two-stage unconditional,Calendar,697,1.00159
U3 two-stage unconditional,Calendar,698,1.00458
U3 two-stage unconditional,Calendar,699,1.00053
U3 two-stage unconditional,Calendar,700,1.00709
U3 two-stage unconditional,Calendar,701,1.0073
U3 two-stage unconditional,Calendar,702,1.01187
U3 two-stage unconditional,Calendar,703,1.00812
U3 two-stage unconditional,Calendar,704,1.03304
U3 two-stage unconditional,Calendar,705,1.01552
U3 two-stage unconditional,Calendar,706,1.01677
U3 two-stage unconditional,Calendar,707,1.00178
U3 two-stage unconditional,Calendar,708,1.00003
U3 two-stage unconditional,Calendar,709,1.00113
U3 two-stage unconditional,Calendar,710,1.00038
U3 two-stage unconditional,Calendar,711,1.00945
U3 two-stage unconditional,Calendar,712,1.00561
U3 two-stage unconditional,Calendar,713,0.998081
U3 two-stage unconditional,Calendar,714,1.00392
U3 two-stage unconditional,Calendar,715,1.00336
U3 two-stage unconditional,Calendar,716,1.00621
U3 two-stage unconditional,Calendar,717,1.00648
U3 two-stage unconditional,Calendar,718,1.00246
U3 two-stage unconditional,Calendar,719,1.00657
U3 two-stage unconditional,Calendar,720,1.00179
U3 two-stage unconditional,Calendar,721,1.00258
U3 two-stage unconditional,Calendar,722,1.00439
U3 two-stage unconditional,Calendar,723,1.02571
U3 two-stage unconditional,Calendar,724,1.01309
U3 two-stage unconditional,Calendar,725,1.00611
U3 two-stage unconditional,Calendar,726,0.997606
U3 two-stage unconditional,Calendar,727,1.0176
U3 two-stage unconditional,Calendar,728,1.00381
U3 two-stage unconditional,Calendar,729,1.00824
U3 two-stage unconditional,Calendar,730,1.01733
U3 two-stage unconditional,Calendar,731,1.02214
U3 two-stage unconditional,Calendar,732,1.01337
U3 two-stage unconditional,Calendar,733,1.00078
U3 two-stage unconditional,Calendar,734,1.00036
U3 two-stage unconditional,Calendar,735,1.00006
U3 two-stage unconditional,Calendar,736,1.00058
U3 two-stage unconditional,Calendar,737,1.0003
U3 two-stage unconditional,Calendar,738,1.00026
U3 two-stage unconditional,Calendar,739,1.00499
U3 two-stage unconditional,Calendar,740,1.00054
U3 two-stage unconditional,Calendar,741,1.00028
U3 two-stage unconditional,Calendar,742,1.00303
U3 two-stage unconditional,Calendar,743,1.00187
U3 two-stage unconditional,Calendar,744,1.01361
U3 two-stage unconditional,Calendar,745,1.01886
U3 two-stage unconditional,Calendar,746,1.02326
U3 two-stage unconditional,Calendar,747,1.00729
U3 two-stage unconditional,Calendar,748,1.00271
U3 two-stage unconditional,Calendar,749,1.00996
U3 two-stage unconditional,Calendar,750,1.0052
U3 two-stage unconditional,Calendar,751,1.01821
U3 two-stage unconditional,Calendar,752,1.03834
U3 two-stage unconditional,Calendar,753,1.02682
U3 two-stage unconditional,Calendar,754,1.01279
U3 two-stage unconditional,Calendar,755,1.02173
U3 two-stage unconditional,Calendar,756,1.0395
U3 two-stage unconditional,Calendar,757,1.02901
U3 two-stage unconditional,Calendar,758,1.00891
U3 two-stage unconditional,Calendar,759,1.01001
U3 two-stage unconditional,Calendar,760,1.00147
U3 two-stage unconditional,Calendar,761,1.00172
U3 two-stage unconditional,Calendar,762,1.00233
U3 two-stage unconditional,Calendar,763,1.00166
U3 two-stage unconditional,Calendar,764,1.00255
U3 two-stage unconditional,Calendar,765,1.00323
U3 two-stage unconditional,Calendar,766,1.00219
U3 two-stage unconditional,Calendar,767,1.0074
U3 two-stage unconditional,Calendar,768,0.989897
U3 two-stage unconditional,Calendar,769,1.00105
U3 two-stage unconditional,Calendar,770,1.00662
U3 two-stage unconditional,Calendar,771,0.999906
U3 two-stage unconditional,Calendar,772,1.01428
U3 two-stage unconditional,Calendar,773,1.00246
U3 two-stage unconditional,Calendar,774,1.00338
U3 two-stage unconditional,Calendar,775,1.00439
U3 two-stage unconditional,Calendar,776,1.00388
U3 two-stage unconditional,Calendar,777,1.00049
U3 two-stage unconditional,Calendar,778,1.0114
U3 two-stage unconditional,Calendar,779,1.0001
U3 two-stage unconditional,Calendar,780,1.00248
U3 two-stage unconditional,Calendar,781,1.0252
U3 two-stage unconditional,Calendar,782,1.00682
U3 two-stage unconditional,Calendar,783,1.0314
U3 two-stage unconditional,Calendar,784,1.00366
U3 two-stage unconditional,Calendar,785,1.05711
U3 two-stage unconditional,Calendar,786,1.00429
U3 two-stage unconditional,Calendar,787,1.00707
U3 two-stage unconditional,Calendar,788,1.01549
U3 two-stage unconditional,Calendar,789,0.992078
U3 two-stage unconditional,Calendar,790,1.03642
U3 two-stage unconditional,Calendar,791,1.01366
U3 two-stage unconditional,Calendar,792,1.01623
U3 two-stage unconditional,Calendar,793,0.998056
U3 two-stage unconditional,Calendar,794,1.03732
U3 two-stage unconditional,Calendar,795,1.00492
U3 two-stage unconditional,Calendar,796,1.02944
U3 two-stage unconditional,Calendar,797,1.00062
U3 two-stage unconditional,Calendar,798,1.01212
U3 two-stage unconditional,Calendar,799,1.00336
U3 two-stage unconditional,Calendar,800,1.0385
U3 two-stage unconditional,Calendar,801,1.00108
U3 two-stage unconditional,Calendar,802,1.00261
U3 two-stage unconditional,Calendar,803,1.01552
U3 two-stage unconditional,Calendar,804,1
U3 two-stage unconditional,Calendar,805,1.00984
U3 two-stage unconditional,Calendar,806,1.00179
U3 two-stage unconditional,Calendar,807,1.00016
U3 two-stage unconditional,Calendar,808,1.00046
U3 two-stage unconditional,Calendar,809,1.00035
U3 two-stage unconditional,Calendar,810,1.01501
U3 two-stage unconditional,Calendar,811,1.00817
U3 two-stage unconditional,Calendar,812,1.0031
U3 two-stage unconditional,Calendar,813,1.00835
U3 two-stage unconditional,Calendar,814,1.00358
U3 two-stage unconditional,Calendar,815,1.00374
U3 two-stage unconditional,Calendar,816,1.00132
U3 two-stage unconditional,Calendar,817,1.0198
U3 two-stage unconditional,Calendar,818,1.00081
U3 two-stage unconditional,Calendar,819,1.03624
U3 two-stage unconditional,Calendar,820,1.01495
U3 two-stage unconditional,Calendar,821,1.09191
U3 two-stage unconditional,Calendar,822,0.999183
U3 two-stage unconditional,Calendar,823,1.01637
U3 two-stage unconditional,Calendar,824,1.00007
U3 two-stage unconditional,Calendar,825,1.02992
U3 two-stage unconditional,Calendar,826,1.00194
U3 two-stage unconditional,Calendar,827,0.999155
U3 two-stage unconditional,Calendar,828,1.00905
U3 two-stage unconditional,Calendar,829,1.00228
U3 two-stage unconditional,Calendar,830,1.00073
U3 two-stage unconditional,Calendar,831,1.0015
U3 two-stage unconditional,Calendar,832,1.00114
U3 two-stage unconditional,Calendar,833,1.00405
U3 two-stage unconditional,Calendar,834,1.00238
U3 two-stage unconditional,Calendar,835,1.02803
U3 two-stage unconditional,Calendar,836,1.00262
U3 two-stage unconditional,Calendar,837,1.00073
U3 two-stage unconditional,Calendar,838,1.02542
U3 two-stage unconditional,Calendar,839,1.00124
U3 two-stage unconditional,Calendar,840,1.04427
U3 two-stage unconditional,Calendar,841,1.00023
U3 two-stage unconditional,Calendar,842,1.06368
U3 two-stage unconditional,Calendar,843,1.01222
U3 two-stage unconditional,Calendar,844,1.00847
U3 two-stage unconditional,Calendar,845,1.0003
U3 two-stage unconditional,Calendar,846,0.993567
U3 two-stage unconditional,Calendar,847,1.01798
U3 two-stage unconditional,Calendar,848,1.00709
U3 two-stage unconditional,Calendar,849,1.00153
U3 two-stage unconditional,Calendar,850,1.00209
U3 two-stage unconditional,Calendar,851,1.01004
U3 two-stage unconditional,Calendar,852,1.01019
U3 two-stage unconditional,Calendar,853,1.00466
U3 two-stage unconditional,Calendar,854,1.0001
U3 two-stage unconditional,Calendar,855,1.00417
U3 two-stage unconditional,Calendar,856,1.0055
U3 two-stage unconditional,Calendar,857,1.00045
U3 two-stage unconditional,Calendar,858,1.00072
U3 two-stage unconditional,Calendar,859,1.0112
U3 two-stage unconditional,Calendar,860,1.00293
U3 two-stage unconditional,Calendar,861,1.00357
U3 two-stage unconditional,Calendar,862,1.02089
U3 two-stage unconditional,Calendar,863,1.02097
U3 two-stage unconditional,Calendar,864,1.01465
U3 two-stage unconditional,Calendar,865,1.00593
U3 two-stage unconditional,Calendar,866,1.00843
U3 two-stage unconditional,Calendar,867,1.00535
U3 two-stage unconditional,Calendar,868,1.00208
U3 two-stage unconditional,Calendar,869,1.0060500000000001
U3 two-stage unconditional,Calendar,870,1.00733
U3 two-stage unconditional,Calendar,871,1.00187
U3 two-stage unconditional,Calendar,872,1.00145
U3 two-stage unconditional,Calendar,873,1.00041
U3 two-stage unconditional,Calendar,874,1.01521
U3 two-stage unconditional,Calendar,875,1.00435
U3 two-stage unconditional,Calendar,876,1.00131
U3 two-stage unconditional,Calendar,877,1.02165
U3 two-stage unconditional,Calendar,878,1.01212
U3 two-stage unconditional,Calendar,879,1.00352
U3 two-stage unconditional,Calendar,880,1.00306
U3 two-stage unconditional,Calendar,881,1.00372
U3 two-stage unconditional,Calendar,882,0.998548
U3 two-stage unconditional,Calendar,883,1.01688
U3 two-stage unconditional,Calendar,884,0.99963900000000006
U3 two-stage unconditional,Calendar,885,1.00407
U3 two-stage unconditional,Calendar,886,1.00001
U3 two-stage unconditional,Calendar,887,1.01923
U3 two-stage unconditional,Calendar,888,1.00156
U3 two-stage unconditional,Calendar,889,1.0072
U3 two-stage unconditional,Calendar,890,0.997207
U3 two-stage unconditional,Calendar,891,1.00956
U3 two-stage unconditional,Calendar,892,0.99785
U3 two-stage unconditional,Calendar,893,0.997189
U3 two-stage unconditional,Calendar,894,1.03471
U3 two-stage unconditional,Calendar,895,1.00548
U3 two-stage unconditional,Calendar,896,1.0032
U3 two-stage unconditional,Calendar,897,1.00384
U3 two-stage unconditional,Calendar,898,1.00125
U3 two-stage unconditional,Calendar,899,1.03363
U3 two-stage unconditional,Calendar,900,1.05127
U3 two-stage unconditional,Calendar,901,1.01126
U3 two-stage unconditional,Calendar,902,1.0001
U3 two-stage unconditional,Calendar,903,1.00105
U3 two-stage unconditional,Calendar,904,1.00779
U3 two-stage unconditional,Calendar,905,1.00889
U3 two-stage unconditional,Calendar,906,1.00273
U3 two-stage unconditional,Calendar,907,1.00619
U3 two-stage unconditional,Calendar,908,1.00365
U3 two-stage unconditional,Calendar,909,1.00388
U3 two-stage unconditional,Calendar,910,1.00767
U3 two-stage unconditional,Calendar,911,0.99333
U3 two-stage unconditional,Calendar,912,1.02345
U3 two-stage unconditional,Calendar,913,1.00969
U3 two-stage unconditional,Calendar,914,1.01479
U3 two-stage unconditional,Calendar,915,1.00362
U3 two-stage unconditional,Calendar,916,1.00396
U3 two-stage unconditional,Calendar,917,1.02593
U3 two-stage unconditional,Calendar,918,1.00753
U3 two-stage unconditional,Calendar,919,1.01379
U3 two-stage unconditional,Calendar,920,1.00434
U3 two-stage unconditional,Calendar,921,1.03802
U3 two-stage unconditional,Calendar,922,1.04901
U3 two-stage unconditional,Calendar,923,1.03474
U3 two-stage unconditional,Calendar,924,1.00219
U3 two-stage unconditional,Calendar,925,1.01206
U3 two-stage unconditional,Calendar,926,1.01763
U3 two-stage unconditional,Calendar,927,1.01821
U3 two-stage unconditional,Calendar,928,1.00851
U3 two-stage unconditional,Calendar,929,1.00483
U3 two-stage unconditional,Calendar,930,1.01428
U3 two-stage unconditional,Calendar,931,1.00101
U3 two-stage unconditional,Calendar,932,1.00602
U3 two-stage unconditional,Calendar,933,1.01007
U3 two-stage unconditional,Calendar,934,1.013
U3 two-stage unconditional,Calendar,935,1.00602
U3 two-stage unconditional,Calendar,936,0.999902
U3 two-stage unconditional,Calendar,937,1.00494
U3 two-stage unconditional,Calendar,938,1.0048
U3 two-stage unconditional,Calendar,939,1.00115
U3 two-stage unconditional,Calendar,940,1.00651
U3 two-stage unconditional,Calendar,941,1.02189
U3 two-stage unconditional,Calendar,942,1.00716
U3 two-stage unconditional,Calendar,943,1.00271
U3 two-stage unconditional,Calendar,944,1.0002
U3 two-stage unconditional,Calendar,945,0.999629
U3 two-stage unconditional,Calendar,946,1.00599
U3 two-stage unconditional,Calendar,947,1.00009
U3 two-stage unconditional,Calendar,948,0.998879
U3 two-stage unconditional,Calendar,949,1.03923
U3 two-stage unconditional,Calendar,950,1.00922
U3 two-stage unconditional,Calendar,951,1.02719
U3 two-stage unconditional,Calendar,952,1.01145
U3 two-stage unconditional,Calendar,953,1.0059
U3 two-stage unconditional,Calendar,954,1.00465
U3 two-stage unconditional,Calendar,955,1.00573
U3 two-stage unconditional,Calendar,956,1.00887
U3 two-stage unconditional,Calendar,957,1.00826
U3 two-stage unconditional,Calendar,958,1.0033
U3 two-stage unconditional,Calendar,959,1.0433
U3 two-stage unconditional,Calendar,960,1.00633
U3 two-stage unconditional,Calendar,961,1.00508
U3 two-stage unconditional,Calendar,962,1.01111
U3 two-stage unconditional,Calendar,963,1.01649
U3 two-stage unconditional,Calendar,964,1.00774
U3 two-stage unconditional,Calendar,965,1.00048
U3 two-stage unconditional,Calendar,966,1.01155
U3 two-stage unconditional,Calendar,967,1.00159
U3 two-stage unconditional,Calendar,968,1.00508
U3 two-stage unconditional,Calendar,969,0.999244
U3 two-stage unconditional,Calendar,970,1.00543
U3 two-stage unconditional,Calendar,971,1.00389
U3 two-stage unconditional,Calendar,972,0.990855
U3 two-stage unconditional,Calendar,973,1.01885
U3 two-stage unconditional,Calendar,974,1.00218
U3 two-stage unconditional,Calendar,975,1.00602
U3 two-stage unconditional,Calendar,976,1.01295
U3 two-stage unconditional,Calendar,977,1.01433
U3 two-stage unconditional,Calendar,978,1.00523
U3 two-stage unconditional,Calendar,979,1.01249
U3 two-stage unconditional,Calendar,980,1.005
U3 two-stage unconditional,Calendar,981,1.00718
U3 two-stage unconditional,Calendar,982,1.00211
U3 two-stage unconditional,Calendar,983,1.0036
U3 two-stage unconditional,Calendar,984,1.01516
U3 two-stage unconditional,Calendar,985,1.00055
U3 two-stage unconditional,Calendar,986,1.00061
U3 two-stage unconditional,Calendar,987,1.00559
U3 two-stage unconditional,Calendar,988,1.00183
U3 two-stage unconditional,Calendar,989,1.002
U3 two-stage unconditional,Calendar,990,1.00104
U3 two-stage unconditional,Calendar,991,1.00593
U3 two-stage unconditional,Calendar,992,1.02996
U3 two-stage unconditional,Calendar,993,1.00016
U3 two-stage unconditional,Calendar,994,1.0053
U3 two-stage unconditional,Calendar,995,1.01253
U3 two-stage unconditional,Calendar,996,1.01038
U3 two-stage unconditional,Calendar,997,1.01035
U3 two-stage unconditional,Calendar,998,1.00703
U3 two-stage unconditional,Calendar,999,0.999837
U3 two-stage unconditional,Calendar,1000,1.01039
U3 two-stage unconditional,Calendar,1001,1.01113
U3 two-stage unconditional,Calendar,1002,1.00159
U3 two-stage unconditional,Calendar,1003,1.00055
U3 two-stage unconditional,Calendar,1004,1.00344
U3 two-stage unconditional,Calendar,1005,1.0104
U3 two-stage unconditional,Calendar,1006,1.00136
U3 two-stage unconditional,Calendar,1007,1.00345
U3 two-stage unconditional,Calendar,1008,1.02021
U3 two-stage unconditional,Calendar,1009,1.00483
U3 two-stage unconditional,Calendar,1010,1.01071
U3 two-stage unconditional,Calendar,1011,0.998564
U3 two-stage unconditional,Calendar,1012,1.00263
U3 two-stage unconditional,Calendar,1013,1.01237
U3 two-stage unconditional,Calendar,1014,1.0012
U3 two-stage unconditional,Calendar,1015,1.00445
U3 two-stage unconditional,Calendar,1016,1.0025
U3 two-stage unconditional,Calendar,1017,1.00083
U3 two-stage unconditional,Calendar,1018,1.00873
U3 two-stage unconditional,Calendar,1019,1.03304
U3 two-stage unconditional,Calendar,1020,1.01534
U3 two-stage unconditional,Calendar,1021,1.01532
U3 two-stage unconditional,Calendar,1022,1.01729
U3 two-stage unconditional,Calendar,1023,1.01361
U3 two-stage unconditional,Calendar,1024,1.0067
U3 two-stage unconditional,Calendar,1025,1.01618
U3 two-stage unconditional,Calendar,1026,1.00155
U3 two-stage unconditional,Calendar,1027,1.01492
U3 two-stage unconditional,Calendar,1028,1.00954
U3 two-stage unconditional,Calendar,1029,0.995057
U3 two-stage unconditional,Calendar,1030,1.00806
U3 two-stage unconditional,Calendar,1031,1.00748
U3 two-stage unconditional,Calendar,1032,1.02512
U3 two-stage unconditional,Calendar,1033,1.01177
U3 two-stage unconditional,Calendar,1034,1.00188
U3 two-stage unconditional,Calendar,1035,1.00695
U3 two-stage unconditional,Calendar,1036,1.01915
U3 two-stage unconditional,Calendar,1037,1.00134
U3 two-stage unconditional,Calendar,1038,1.00531
U3 two-stage unconditional,Calendar,1039,1.00008
U3 two-stage unconditional,Calendar,1040,1.00375
U3 two-stage unconditional,Calendar,1041,1.00585
U3 two-stage unconditional,Calendar,1042,1.02803
U3 two-stage unconditional,Calendar,1043,1.00617
U3 two-stage unconditional,Calendar,1044,1.00846
U3 two-stage unconditional,Calendar,1045,1.00161
U3 two-stage unconditional,Calendar,1046,1.00264
U3 two-stage unconditional,Calendar,1047,0.999888
U3 two-stage unconditional,Calendar,1048,1.02024
U3 two-stage unconditional,Calendar,1049,1.0204
U3 two-stage unconditional,Calendar,1050,0.999651
U3 two-stage unconditional,Calendar,1051,1.00424
U3 two-stage unconditional,Calendar,1052,1.0125
U3 two-stage unconditional,Calendar,1053,0.999859
U3 two-stage unconditional,Calendar,1054,1.00532
U3 two-stage unconditional,Calendar,1055,1.01073
U3 two-stage unconditional,Calendar,1056,1.00899
U3 two-stage unconditional,Calendar,1057,1.00314
U3 two-stage unconditional,Calendar,1058,1.0093
U3 two-stage unconditional,Calendar,1059,1.00718
U3 two-stage unconditional,Calendar,1060,1.00927
U3 two-stage unconditional,Calendar,1061,1.00411
U3 two-stage unconditional,Calendar,1062,1.00745
U3 two-stage unconditional,Calendar,1063,1.00363
U3 two-stage unconditional,Calendar,1064,1.00066
U3 two-stage unconditional,Calendar,1065,1.00451
U3 two-stage unconditional,Calendar,1066,1.04121
U3 two-stage unconditional,Calendar,1067,1.02335
U3 two-stage unconditional,Calendar,1068,1.00375
U3 two-stage unconditional,Calendar,1069,1.0034
U3 two-stage unconditional,Calendar,1070,1.00095
U3 two-stage unconditional,Calendar,1071,1.01412
U3 two-stage unconditional,Calendar,1072,0.998014
U3 two-stage unconditional,Calendar,1073,1.03235
U3 two-stage unconditional,Calendar,1074,1.0029
U3 two-stage unconditional,Calendar,1075,1.01193
U3 two-stage unconditional,Calendar,1076,1.02268
U3 two-stage unconditional,Calendar,1077,1.00294
U3 two-stage unconditional,Calendar,1078,1.00358
U3 two-stage unconditional,Calendar,1079,1.00232
U3 two-stage unconditional,Calendar,1080,1.00157
U3 two-stage unconditional,Calendar,1081,1.00076
U3 two-stage unconditional,Calendar,1082,1.01332
U3 two-stage unconditional,Calendar,1083,1.00968
U3 two-stage unconditional,Calendar,1084,1.00419
U3 two-stage unconditional,Calendar,1085,1.04414
U3 two-stage unconditional,Calendar,1086,1.00016
U3 two-stage unconditional,Calendar,1087,1.04377
U3 two-stage unconditional,Calendar,1088,1.04884
U3 two-stage unconditional,Calendar,1089,1.00764
U3 two-stage unconditional,Calendar,1090,1.00247
U3 two-stage unconditional,Calendar,1091,1.00135
U3 two-stage unconditional,Calendar,1092,1.01099
U3 two-stage unconditional,Calendar,1093,1.01361
U3 two-stage unconditional,Calendar,1094,1.01887
U3 two-stage unconditional,Calendar,1095,1.01054
U3 two-stage unconditional,Calendar,1096,1.04134
U3 two-stage unconditional,Calendar,1097,1.06714
U3 two-stage unconditional,Calendar,1098,1.00929
U3 two-stage unconditional,Calendar,1099,1.0063
U3 two-stage unconditional,Calendar,1100,1.00509
U3 two-stage unconditional,Calendar,1101,1.00566
U3 two-stage unconditional,Calendar,1102,1.00043
U3 two-stage unconditional,Calendar,1103,1.01658
U3 two-stage unconditional,Calendar,1104,0.99985
U3 two-stage unconditional,Calendar,1105,1.01737
U3 two-stage unconditional,Calendar,1106,1.02759
U3 two-stage unconditional,Calendar,1107,1.00979
U3 two-stage unconditional,Calendar,1108,1.01335
U3 two-stage unconditional,Calendar,1109,1.02239
U3 two-stage unconditional,Calendar,1110,1.02577
U3 two-stage unconditional,Calendar,1111,1.01247
U3 two-stage unconditional,Calendar,1112,1.0135
U3 two-stage unconditional,Calendar,1113,1.01905
U3 two-stage unconditional,Calendar,1114,1.00399
U3 two-stage unconditional,Calendar,1115,1.00133
U3 two-stage unconditional,Calendar,1116,1.00458
U3 two-stage unconditional,Calendar,1117,1.02378
U3 two-stage unconditional,Calendar,1118,1.01273
U3 two-stage unconditional,Calendar,1119,1.0073
U3 two-stage unconditional,Calendar,1120,0.996958
U3 two-stage unconditional,Calendar,1121,1.01179
U3 two-stage unconditional,Calendar,1122,1.00148
U3 two-stage unconditional,Calendar,1123,1.0161
U3 two-stage unconditional,Calendar,1124,1.01783
U3 two-stage unconditional,Calendar,1125,1.00718
U3 two-stage unconditional,Calendar,1126,1.06049
U3 two-stage unconditional,Calendar,1127,1.00175
U3 two-stage unconditional,Calendar,1128,1.00926
U3 two-stage unconditional,Calendar,1129,1.00501
U3 two-stage unconditional,Calendar,1130,1.07898
U3 two-stage unconditional,Calendar,1131,1.02159
U3 two-stage unconditional,Calendar,1132,1.00437
U3 two-stage unconditional,Calendar,1133,1.0039
U3 two-stage unconditional,Calendar,1134,1.01979
U3 two-stage unconditional,Calendar,1135,0.989186
U3 two-stage unconditional,Calendar,1136,1.00886
U3 two-stage unconditional,Calendar,1137,1.00039
U3 two-stage unconditional,Calendar,1138,1.01631
U3 two-stage unconditional,Calendar,1139,1.0019
U3 two-stage unconditional,Calendar,1140,1.00959
U3 two-stage unconditional,Calendar,1141,1.00184
U3 two-stage unconditional,Calendar,1142,1.00221
U3 two-stage unconditional,Calendar,1143,1.00227
U3 two-stage unconditional,Calendar,1144,1.0034
U3 two-stage unconditional,Calendar,1145,1.01124
U3 two-stage unconditional,Calendar,1146,1.01603
U3 two-stage unconditional,Calendar,1147,1.00152
U3 two-stage unconditional,Calendar,1148,1.01543
U3 two-stage unconditional,Calendar,1149,1.01405
U3 two-stage unconditional,Calendar,1150,0.998735
U3 two-stage unconditional,Calendar,1151,1.01647
U3 two-stage unconditional,Calendar,1152,1.01718
U3 two-stage unconditional,Calendar,1153,1.03836
U3 two-stage unconditional,Calendar,1154,1.01182
U3 two-stage unconditional,Calendar,1155,1.01011
U3 two-stage unconditional,Calendar,1156,1.01404
U3 two-stage unconditional,Calendar,1157,1.01705
U3 two-stage unconditional,Calendar,1158,1.01153
U3 two-stage unconditional,Calendar,1159,0.999178
U3 two-stage unconditional,Calendar,1160,1.00719
U3 two-stage unconditional,Calendar,1161,1.00591
U3 two-stage unconditional,Calendar,1162,1.00531
U3 two-stage unconditional,Calendar,1163,1.01249
U3 two-stage unconditional,Calendar,1164,1.00626
U3 two-stage unconditional,Calendar,1165,1.00484
U3 two-stage unconditional,Calendar,1166,1.00793
U3 two-stage unconditional,Calendar,1167,0.974876
U3 two-stage unconditional,Calendar,1168,1.03682
U3 two-stage unconditional,Calendar,1169,1.00796
U3 two-stage unconditional,Calendar,1170,1.02591
U3 two-stage unconditional,Calendar,1171,1.02545
U3 two-stage unconditional,Calendar,1172,1.01565
U3 two-stage unconditional,Calendar,1173,1.00648
U3 two-stage unconditional,Calendar,1174,1.01223
U3 two-stage unconditional,Calendar,1175,1.00831
U3 two-stage unconditional,Calendar,1176,1.00265
U3 two-stage unconditional,Calendar,1177,1.00604
U3 two-stage unconditional,Calendar,1178,1.0074
U3 two-stage unconditional,Calendar,1179,1.02625
U3 two-stage unconditional,Calendar,1180,1.03226
U3 two-stage unconditional,Calendar,1181,1.0297
U3 two-stage unconditional,Calendar,1182,1.00203
U3 two-stage unconditional,Calendar,1183,1.00134
U3 two-stage unconditional,Calendar,1184,1.00403
U3 two-stage unconditional,Calendar,1185,1.03952
U3 two-stage unconditional,Calendar,1186,1.02334
U3 two-stage unconditional,Calendar,1187,1.05593
U3 two-stage unconditional,Calendar,1188,1.01909
U3 two-stage unconditional,Calendar,1189,0.995722
U3 two-stage unconditional,Calendar,1190,1.0442
U3 two-stage unconditional,Calendar,1191,1.08445
U3 two-stage unconditional,Calendar,1192,0.999348
U3 two-stage unconditional,Calendar,1193,1.01322
U3 two-stage unconditional,Calendar,1194,1.01162
U3 two-stage unconditional,Calendar,1195,1.01011
U3 two-stage unconditional,Calendar,1196,1.00314
U3 two-stage unconditional,Calendar,1197,1.05686
U3 two-stage unconditional,Calendar,1198,1.04471
U3 two-stage unconditional,Calendar,1199,1.01606
U3 two-stage unconditional,Calendar,1200,1.01589
U3 two-stage unconditional,Calendar,1201,1.0187
U3 two-stage unconditional,Calendar,1202,0.999214
U3 two-stage unconditional,Calendar,1203,1.05204
U3 two-stage unconditional,Calendar,1204,1.00265
U3 two-stage unconditional,Calendar,1205,1.00011
U3 two-stage unconditional,Calendar,1206,1.00403
U3 two-stage unconditional,Calendar,1207,1.0198
U3 two-stage unconditional,Calendar,1208,1.00376
U3 two-stage unconditional,Calendar,1209,1.0034
U3 two-stage unconditional,Calendar,1210,1.00623
U3 two-stage unconditional,Calendar,1211,1.00385
U3 two-stage unconditional,Calendar,1212,1.00576
U3 two-stage unconditional,Calendar,1213,1.00661
U3 two-stage unconditional,Calendar,1214,1.0039
U3 two-stage unconditional,Calendar,1215,1.01179
U3 two-stage unconditional,Calendar,1216,1.00248
U3 two-stage unconditional,Calendar,1217,1.06629
U3 two-stage unconditional,Calendar,1218,1.02792
U3 two-stage unconditional,Calendar,1219,1.0015
U3 two-stage unconditional,Calendar,1220,1.00023
U3 two-stage unconditional,Calendar,1221,1.00165
U3 two-stage unconditional,Calendar,1222,1.02899
U3 two-stage unconditional,Calendar,1223,1.00074
U3 two-stage unconditional,Calendar,1224,1.01555
U3 two-stage unconditional,Calendar,1225,1.01054
U3 two-stage unconditional,Calendar,1226,1.0064
U3 two-stage unconditional,Calendar,1227,1.02666
U3 two-stage unconditional,Calendar,1228,1.00941
U3 two-stage unconditional,Calendar,1229,1.01171
U3 two-stage unconditional,Calendar,1230,1.00076
U3 two-stage unconditional,Calendar,1231,1.01256
U3 two-stage unconditional,Calendar,1232,1.01141
U3 two-stage unconditional,Calendar,1233,1.00047
U3 two-stage unconditional,Calendar,1234,1.01881
U3 two-stage unconditional,Calendar,1235,1.00154
U3 two-stage unconditional,Calendar,1236,1.00525
U3 two-stage unconditional,Calendar,1237,1.00987
U3 two-stage unconditional,Calendar,1238,1.02628
U3 two-stage unconditional,Calendar,1239,1.03243
U3 two-stage unconditional,Calendar,1240,1.02949
U3 two-stage unconditional,Calendar,1241,1.00257
U3 two-stage unconditional,Calendar,1242,1.00711
U3 two-stage unconditional,Calendar,1243,1.01384
U3 two-stage unconditional,Calendar,1244,1.01017
U3 two-stage unconditional,Calendar,1245,1.00225
U3 two-stage unconditional,Calendar,1246,1.0067
U3 two-stage unconditional,Calendar,1247,1.00502
U3 two-stage unconditional,Calendar,1248,1.02056
U3 two-stage unconditional,Calendar,1249,1.00517
U3 two-stage unconditional,Calendar,1250,1.00204
U3 two-stage unconditional,Calendar,1251,1.01715
U3 two-stage unconditional,Calendar,1252,0.983678
U3 two-stage unconditional,Calendar,1253,1.00658
U3 two-stage unconditional,Calendar,1254,1.0206
U3 two-stage unconditional,Calendar,1255,1.01205
U3 two-stage unconditional,Calendar,1256,1.00132
U3 two-stage unconditional,Calendar,1257,1.0104
U3 two-stage unconditional,Calendar,1258,1.00841
U3 two-stage unconditional,Calendar,1259,1.00682
U3 two-stage unconditional,Calendar,1260,1.006
U3 two-stage unconditional,Calendar,1261,1.00118
U3 two-stage unconditional,Calendar,1262,1.01264
U3 two-stage unconditional,Calendar,1263,1.0158
U3 two-stage unconditional,Calendar,1264,1.00729
U3 two-stage unconditional,Calendar,1265,1.00786
U3 two-stage unconditional,Calendar,1266,1.00168
U3 two-stage unconditional,Calendar,1267,1.00531
U3 two-stage unconditional,Calendar,1268,1.00209
U3 two-stage unconditional,Calendar,1269,1.00376
U3 two-stage unconditional,Calendar,1270,1.01428
U3 two-stage unconditional,Calendar,1271,1.0011
U3 two-stage unconditional,Calendar,1272,1.01254
U3 two-stage unconditional,Calendar,1273,1.00572
U3 two-stage unconditional,Calendar,1274,1.01375
U3 two-stage unconditional,Calendar,1275,1.0061
U3 two-stage unconditional,Calendar,1276,1.02347
U3 two-stage unconditional,Calendar,1277,1.01653
U3 two-stage unconditional,Calendar,1278,1.00399
U3 two-stage unconditional,Calendar,1279,1.02844
U3 two-stage unconditional,Calendar,1280,1.00197
U3 two-stage unconditional,Calendar,1281,1.00698
U3 two-stage unconditional,Calendar,1282,1.01591
U3 two-stage unconditional,Calendar,1283,1.0006
U3 two-stage unconditional,Calendar,1284,1.01241
U3 two-stage unconditional,Calendar,1285,1.00472
U3 two-stage unconditional,Calendar,1286,1.00768
U3 two-stage unconditional,Calendar,1287,1.02202
U3 two-stage unconditional,Calendar,1288,1.00372
U3 two-stage unconditional,Calendar,1289,1.01125
U3 two-stage unconditional,Calendar,1290,1.00597
U3 two-stage unconditional,Calendar,1291,1.00124
U3 two-stage unconditional,Calendar,1292,1.0039
U3 two-stage unconditional,Calendar,1293,1.00122
U3 two-stage unconditional,Calendar,1294,1.00228
U3 two-stage unconditional,Calendar,1295,1.00099
U3 two-stage unconditional,Calendar,1296,1.01209
U3 two-stage unconditional,Calendar,1297,1.04463
U3 two-stage unconditional,Calendar,1298,1.00972
U3 two-stage unconditional,Calendar,1299,1.00533
U3 two-stage unconditional,Calendar,1300,1.01355
U3 two-stage unconditional,Calendar,1301,1.03438
U3 two-stage unconditional,Calendar,1302,1.02897
U3 two-stage unconditional,Calendar,1303,1.0315
U3 two-stage unconditional,Calendar,1304,1.01627
U3 two-stage unconditional,Calendar,1305,1.00072
U3 two-stage unconditional,Calendar,1306,1.00016
U3 two-stage unconditional,Calendar,1307,1.01551
U3 two-stage unconditional,Calendar,1308,1.00782
U3 two-stage unconditional,Calendar,1309,1.00133
U3 two-stage unconditional,Calendar,1310,1.00437
U3 two-stage unconditional,Calendar,1311,1.01482
U3 two-stage unconditional,Calendar,1312,1.00931
U3 two-stage unconditional,Calendar,1313,1.01884
U3 two-stage unconditional,Calendar,1314,1.00995
U3 two-stage unconditional,Calendar,1315,1.00363
U3 two-stage unconditional,Calendar,1316,1.00055
U3 two-stage unconditional,Calendar,1317,1.00448
U3 two-stage unconditional,Calendar,1318,0.995227
U3 two-stage unconditional,Calendar,1319,1.00499
U3 two-stage unconditional,Calendar,1320,0.997117
U3 two-stage unconditional,Calendar,1321,1.01736
U3 two-stage unconditional,Calendar,1322,1.02429
U3 two-stage unconditional,Calendar,1323,1.04669
U3 two-stage unconditional,Calendar,1324,1.0251
U3 two-stage unconditional,Calendar,1325,1.04481
U3 two-stage unconditional,Calendar,1326,1.01281
U3 two-stage unconditional,Calendar,1327,1.00016
U3 two-stage unconditional,Calendar,1328,1.00239
U3 two-stage unconditional,Calendar,1329,1.00225
U3 two-stage unconditional,Calendar,1330,1.00599
U3 two-stage unconditional,Calendar,1331,1.02176
U3 two-stage unconditional,Calendar,1332,1.00442
U3 two-stage unconditional,Calendar,1333,1.00452
U3 two-stage unconditional,Calendar,1334,1.00154
U3 two-stage unconditional,Calendar,1335,1.0167
U3 two-stage unconditional,Calendar,1336,1.06106
U3 two-stage unconditional,Calendar,1337,0.997598
U3 two-stage unconditional,Calendar,1338,1.01112
U3 two-stage unconditional,Calendar,1339,1.02247
U3 two-stage unconditional,Calendar,1340,1.07482
U3 two-stage unconditional,Calendar,1341,1.01218
U3 two-stage unconditional,Calendar,1342,1.02381
U3 two-stage unconditional,Calendar,1343,1.00457
U3 two-stage unconditional,Calendar,1344,1.01151
U3 two-stage unconditional,Calendar,1345,1.01151
U3 two-stage unconditional,Calendar,1346,1.00014
U3 two-stage unconditional,Calendar,1347,1.00062
U3 two-stage unconditional,Calendar,1348,1.01923
U3 two-stage unconditional,Calendar,1349,1.01304
U3 two-stage unconditional,Calendar,1350,0.991738
U3 two-stage unconditional,Calendar,1351,1.06863
U3 two-stage unconditional,Calendar,1352,1.00091
U3 two-stage unconditional,Calendar,1353,1.00051
U3 two-stage unconditional,Calendar,1354,1.00059
U3 two-stage unconditional,Calendar,1355,1.02747
U3 two-stage unconditional,Calendar,1356,0.983061
U3 two-stage unconditional,Calendar,1357,1.00247
U3 two-stage unconditional,Calendar,1358,1.00531
U3 two-stage unconditional,Calendar,1359,1.01643
U3 two-stage unconditional,Calendar,1360,1.00569
U3 two-stage unconditional,Calendar,1361,1.01528
U3 two-stage unconditional,Calendar,1362,1.00719
U3 two-stage unconditional,Calendar,1363,1.00093
U3 two-stage unconditional,Calendar,1364,1.00965
U3 two-stage unconditional,Calendar,1365,1.0012
U3 two-stage unconditional,Calendar,1366,1.02896
U3 two-stage unconditional,Calendar,1367,1.01888
U3 two-stage unconditional,Calendar,1368,1.07992
U3 two-stage unconditional,Calendar,1369,1.02067
U3 two-stage unconditional,Calendar,1370,1.00604
U3 two-stage unconditional,Calendar,1371,1.00622
U3 two-stage unconditional,Calendar,1372,1.00843
U3 two-stage unconditional,Calendar,1373,1.00501
U3 two-stage unconditional,Calendar,1374,1.00238
U3 two-stage unconditional,Calendar,1375,1.02941
U3 two-stage unconditional,Calendar,1376,1.00787
U3 two-stage unconditional,Calendar,1377,1.01094
U3 two-stage unconditional,Calendar,1378,1.0395
U3 two-stage unconditional,Calendar,1379,1.00571
U3 two-stage unconditional,Calendar,1380,1.00063
U3 two-stage unconditional,Calendar,1381,1.0057
U3 two-stage unconditional,Calendar,1382,1.00121
U3 two-stage unconditional,Calendar,1383,1.00338
U3 two-stage unconditional,Calendar,1384,1.00589
U3 two-stage unconditional,Calendar,1385,1.00124
U3 two-stage unconditional,Calendar,1386,0.995898
U3 two-stage unconditional,Calendar,1387,1.00722
U3 two-stage unconditional,Calendar,1388,1.00088
U3 two-stage unconditional,Calendar,1389,1.0015
U3 two-stage unconditional,Calendar,1390,1.00356
U3 two-stage unconditional,Calendar,1391,1.00695
U3 two-stage unconditional,Calendar,1392,1.0127
U3 two-stage unconditional,Calendar,1393,1.00993
U3 two-stage unconditional,Calendar,1394,1.00525
U3 two-stage unconditional,Calendar,1395,0.999486
U3 two-stage unconditional,Calendar,1396,1.00073
U3 two-stage unconditional,Calendar,1397,0.98959
U3 two-stage unconditional,Calendar,1398,1.00135
U3 two-stage unconditional,Calendar,1399,1.00607
U3 two-stage unconditional,Calendar,1400,1.01727
U3 two-stage unconditional,Calendar,1401,1.00938
U3 two-stage unconditional,Calendar,1402,1.02542
U3 two-stage unconditional,Calendar,1403,0.996361
U3 two-stage unconditional,Calendar,1404,1.00995
U3 two-stage unconditional,Calendar,1405,0.999101
U3 two-stage unconditional,Calendar,1406,1.00428
U3 two-stage unconditional,Calendar,1407,1.02297
U3 two-stage unconditional,Calendar,1408,1.00026
U3 two-stage unconditional,Calendar,1409,1.0008
U3 two-stage unconditional,Calendar,1410,1.00098
U3 two-stage unconditional,Calendar,1411,1.0002
U3 two-stage unconditional,Calendar,1412,0.999982
U3 two-stage unconditional,Calendar,1413,0.999592
U3 two-stage unconditional,Calendar,1414,1.00024
U3 two-stage unconditional,Calendar,1415,1.00063
U3 two-stage unconditional,Calendar,1416,0.999808
U3 two-stage unconditional,Calendar,1417,1.00018
U3 two-stage unconditional,Calendar,1418,1.00745
U3 two-stage unconditional,Calendar,1419,1.00326
U3 two-stage unconditional,Calendar,1420,1.05237
U3 two-stage unconditional,Calendar,1421,1.01448
U3 two-stage unconditional,Calendar,1422,1.01397
U3 two-stage unconditional,Calendar,1423,1.00995
U3 two-stage unconditional,Calendar,1424,1.00089
U3 two-stage unconditional,Calendar,1425,1.00177
U3 two-stage unconditional,Calendar,1426,1.02099
U3 two-stage unconditional,Calendar,1427,1.01967
U3 two-stage unconditional,Calendar,1428,1.01118
U3 two-stage unconditional,Calendar,1429,1.00266
U3 two-stage unconditional,Calendar,1430,1.00708
U3 two-stage unconditional,Calendar,1431,1.00462
U3 two-stage unconditional,Calendar,1432,1.0016
U3 two-stage unconditional,Calendar,1433,1.00059
U3 two-stage unconditional,Calendar,1434,1.00204
U3 two-stage unconditional,Calendar,1435,1.00238
U3 two-stage unconditional,Calendar,1436,1.00171
U3 two-stage unconditional,Calendar,1437,0.997599
U3 two-stage unconditional,Calendar,1438,1.00299
U3 two-stage unconditional,Calendar,1439,1.0005
U3 two-stage unconditional,Calendar,1440,1.00247
U3 two-stage unconditional,Calendar,1441,1.00117
U3 two-stage unconditional,Calendar,1442,1.01191
U3 two-stage unconditional,Calendar,1443,1.00766
U3 two-stage unconditional,Calendar,1444,1.03183
U3 two-stage unconditional,Calendar,1445,1.00583
U3 two-stage unconditional,Calendar,1446,1.01858
U3 two-stage unconditional,Calendar,1447,1.0002
U3 two-stage unconditional,Calendar,1448,1.00424
U3 two-stage unconditional,Calendar,1449,1.00272
U3 two-stage unconditional,Calendar,1450,1.01011
U3 two-stage unconditional,Calendar,1451,1.02115
U3 two-stage unconditional,Calendar,1452,1.02821
U3 two-stage unconditional,Calendar,1453,1.01529
U3 two-stage unconditional,Calendar,1454,1.00586
U3 two-stage unconditional,Calendar,1455,1.02491
U3 two-stage unconditional,Calendar,1456,1.01354
U3 two-stage unconditional,Calendar,1457,1.00035
U3 two-stage unconditional,Calendar,1458,0.999904
U3 two-stage unconditional,Calendar,1459,1.00086
U3 two-stage unconditional,Calendar,1460,1.00327
U3 two-stage unconditional,Calendar,1461,1.01411
U3 two-stage unconditional,Calendar,1462,1.00146
U3 two-stage unconditional,Calendar,1463,1.02091
U3 two-stage unconditional,Calendar,1464,1.01425
U3 two-stage unconditional,Calendar,1465,1.00645
U3 two-stage unconditional,Calendar,1466,1.01138
U3 two-stage unconditional,Calendar,1467,1.05553
U3 two-stage unconditional,Calendar,1468,1.00332
U3 two-stage unconditional,Calendar,1469,1.02399
U3 two-stage unconditional,Calendar,1470,1.0057
U3 two-stage unconditional,Calendar,1471,1.01027
U3 two-stage unconditional,Calendar,1472,1.00007
U3 two-stage unconditional,Calendar,1473,1.01945
U3 two-stage unconditional,Calendar,1474,1.00169
U3 two-stage unconditional,Calendar,1475,1.00686
U3 two-stage unconditional,Calendar,1476,1.0222
U3 two-stage unconditional,Calendar,1477,0.999669
U3 two-stage unconditional,Calendar,1478,1.01843
U3 two-stage unconditional,Calendar,1479,1.03781
U3 two-stage unconditional,Calendar,1480,1.03403
U3 two-stage unconditional,Calendar,1481,1.00134
U3 two-stage unconditional,Calendar,1482,1.00619
U3 two-stage unconditional,Calendar,1483,1.01408
U3 two-stage unconditional,Calendar,1484,0.994398
U3 two-stage unconditional,Calendar,1485,1.00479
U3 two-stage unconditional,Calendar,1486,1.001
U3 two-stage unconditional,Calendar,1487,1.01071
U3 two-stage unconditional,Calendar,1488,1.00841
U3 two-stage unconditional,Calendar,1489,1.01034
U3 two-stage unconditional,Calendar,1490,1.00495
U3 two-stage unconditional,Calendar,1491,1.00965
U3 two-stage unconditional,Calendar,1492,1.00025
U3 two-stage unconditional,Calendar,1493,1.00023
U3 two-stage unconditional,Calendar,1494,1.03969
U3 two-stage unconditional,Calendar,1495,1.01779
U3 two-stage unconditional,Calendar,1496,1.02552
U3 two-stage unconditional,Calendar,1497,1.02159
U3 two-stage unconditional,Calendar,1498,1.00729
U3 two-stage unconditional,Calendar,1499,1.0037
U3 two-stage unconditional,Calendar,1500,0.994853
U3 two-stage unconditional,Calendar,1501,1.01262
U3 two-stage unconditional,Calendar,1502,1.00207
U3 two-stage unconditional,Calendar,1503,1.00648
U3 two-stage unconditional,Calendar,1504,1.00425
U3 two-stage unconditional,Calendar,1505,1.00433
U3 two-stage unconditional,Calendar,1506,1.00923
U3 two-stage unconditional,Calendar,1507,1.02965
U3 two-stage unconditional,Calendar,1508,1.0374
U3 two-stage unconditional,Calendar,1509,1.02503
U3 two-stage unconditional,Calendar,1510,1.01091
U3 two-stage unconditional,Calendar,1511,1.01048
U3 two-stage unconditional,Calendar,1512,1.00424
U3 two-stage unconditional,Calendar,1513,1.00367
U3 two-stage unconditional,Calendar,1514,1.0201
U3 two-stage unconditional,Calendar,1515,1.0478
U3 two-stage unconditional,Calendar,1516,1.03895
U3 two-stage unconditional,Calendar,1517,1.05866
U3 two-stage unconditional,Calendar,1518,1.03353
U3 two-stage unconditional,Calendar,1519,0.996161
U3 two-stage unconditional,Calendar,1520,1.02245
U3 two-stage unconditional,Calendar,1521,1.00807
U3 two-stage unconditional,Calendar,1522,1.00955
U3 two-stage unconditional,Calendar,1523,1.00267
U3 two-stage unconditional,Calendar,1524,1.00061
U3 two-stage unconditional,Calendar,1525,1.00683
U3 two-stage unconditional,Calendar,1526,1.03778
U3 two-stage unconditional,Calendar,1527,1.00121
U3 two-stage unconditional,Calendar,1528,1.02028
U3 two-stage unconditional,Calendar,1529,1.0022
U3 two-stage unconditional,Calendar,1530,1.00824
U3 two-stage unconditional,Calendar,1531,1.00382
U3 two-stage unconditional,Calendar,1532,1.00447
U3 two-stage unconditional,Calendar,1533,1.01418
U3 two-stage unconditional,Calendar,1534,1.00073
U3 two-stage unconditional,Calendar,1535,1.0017
U3 two-stage unconditional,Calendar,1536,1.05021
U3 two-stage unconditional,Calendar,1537,1.00777
U3 two-stage unconditional,Calendar,1538,1.01302
U3 two-stage unconditional,Calendar,1539,1.00663
U3 two-stage unconditional,Calendar,1540,1.00237
U3 two-stage unconditional,Calendar,1541,1.00552
U3 two-stage unconditional,Calendar,1542,1.01536
U3 two-stage unconditional,Calendar,1543,1.04837
U3 two-stage unconditional,Calendar,1544,1.00972
U3 two-stage unconditional,Calendar,1545,1.00805
U3 two-stage unconditional,Calendar,1546,1.00091
U3 two-stage unconditional,Calendar,1547,1.00119
U3 two-stage unconditional,Calendar,1548,1.01419
U3 two-stage unconditional,Calendar,1549,1.00276
U3 two-stage unconditional,Calendar,1550,1.00068
U3 two-stage unconditional,Calendar,1551,1.00591
U3 two-stage unconditional,Calendar,1552,1.01291
U3 two-stage unconditional,Calendar,1553,1.01901
U3 two-stage unconditional,Calendar,1554,1.00264
U3 two-stage unconditional,Calendar,1555,1.02039
U3 two-stage unconditional,Calendar,1556,1.00568
U3 two-stage unconditional,Calendar,1557,1.01096
U3 two-stage unconditional,Calendar,1558,1.01351
U3 two-stage unconditional,Calendar,1559,1.00789
U3 two-stage unconditional,Calendar,1560,1.00466
U3 two-stage unconditional,Calendar,1561,1.01752
U3 two-stage unconditional,Calendar,1562,1.01003
U3 two-stage unconditional,Calendar,1563,1.01196
U3 two-stage unconditional,Calendar,1564,1.01549
U3 two-stage unconditional,Calendar,1565,1.05348
U3 two-stage unconditional,Calendar,1566,1.01652
U3 two-stage unconditional,Calendar,1567,1.04
U3 two-stage unconditional,Calendar,1568,1.02554
U3 two-stage unconditional,Calendar,1569,0.996123
U3 two-stage unconditional,Calendar,1570,1.00407
U3 two-stage unconditional,Calendar,1571,1.00174
U3 two-stage unconditional,Calendar,1572,1.00485
U3 two-stage unconditional,Calendar,1573,1.00371
U3 two-stage unconditional,Calendar,1574,1.01246
U3 two-stage unconditional,Calendar,1575,1.00569
U3 two-stage unconditional,Calendar,1576,1.00303
U3 two-stage unconditional,Calendar,1577,1.00785
U3 two-stage unconditional,Calendar,1578,1.00436
U3 two-stage unconditional,Calendar,1579,1.00743
U3 two-stage unconditional,Calendar,1580,1.01437
U3 two-stage unconditional,Calendar,1581,1.00333
U3 two-stage unconditional,Calendar,1582,1.00731
U3 two-stage unconditional,Calendar,1583,1.00438
U3 two-stage unconditional,Calendar,1584,1.00535
U3 two-stage unconditional,Calendar,1585,1.00699
U3 two-stage unconditional,Calendar,1586,1.00616
U3 two-stage unconditional,Calendar,1587,1.01346
U3 two-stage unconditional,Calendar,1588,1.03029
U3 two-stage unconditional,Calendar,1589,1.00634
U3 two-stage unconditional,Calendar,1590,1.00231
U3 two-stage unconditional,Calendar,1591,1.00195
U3 two-stage unconditional,Calendar,1592,1.01005
U3 two-stage unconditional,Calendar,1593,1.00215
U3 two-stage unconditional,Calendar,1594,1.00091
U3 two-stage unconditional,Calendar,1595,1.00844
U3 two-stage unconditional,Calendar,1596,1.00132
U3 two-stage unconditional,Calendar,1597,1.03499
U3 two-stage unconditional,Calendar,1598,1.01176
U3 two-stage unconditional,Calendar,1599,1.01276
U3 two-stage unconditional,Calendar,1600,1.00927
U3 two-stage unconditional,Bracelet,1,1.00294
U3 two-stage unconditional,Bracelet,2,0.999985
U3 two-stage unconditional,Bracelet,3,0.999967
U3 two-stage unconditional,Bracelet,4,1.0015
U3 two-stage unconditional,Bracelet,5,1.01314
U3 two-stage unconditional,Bracelet,6,0.999703
U3 two-stage unconditional,Bracelet,7,1.00036
U3 two-stage unconditional,Bracelet,8,1.00956
U3 two-stage unconditional,Bracelet,9,1.00693
U3 two-stage unconditional,Bracelet,10,1.00386
U3 two-stage unconditional,Bracelet,11,1.0097
U3 two-stage unconditional,Bracelet,12,1.03605
U3 two-stage unconditional,Bracelet,13,1.0099
U3 two-stage unconditional,Bracelet,14,1.00328
U3 two-stage unconditional,Bracelet,15,1.00347
U3 two-stage unconditional,Bracelet,16,1.00298
U3 two-stage unconditional,Bracelet,17,1.00555
U3 two-stage unconditional,Bracelet,18,1.00049
U3 two-stage unconditional,Bracelet,19,1.00155
U3 two-stage unconditional,Bracelet,20,1.00343
U3 two-stage unconditional,Bracelet,21,1.00161
U3 two-stage unconditional,Bracelet,22,0.999606
U3 two-stage unconditional,Bracelet,23,1.00103
U3 two-stage unconditional,Bracelet,24,1.02107
U3 two-stage unconditional,Bracelet,25,1.01323
U3 two-stage unconditional,Bracelet,26,1.00544
U3 two-stage unconditional,Bracelet,27,1.00403
U3 two-stage unconditional,Bracelet,28,1.01129
U3 two-stage unconditional,Bracelet,29,1.00167
U3 two-stage unconditional,Bracelet,30,0.997158
U3 two-stage unconditional,Bracelet,31,0.998035
U3 two-stage unconditional,Bracelet,32,1.018
U3 two-stage unconditional,Bracelet,33,1.00084
U3 two-stage unconditional,Bracelet,34,1.01144
U3 two-stage unconditional,Bracelet,35,1.04273
U3 two-stage unconditional,Bracelet,36,1.00038
U3 two-stage unconditional,Bracelet,37,1.01723
U3 two-stage unconditional,Bracelet,38,1.00398
U3 two-stage unconditional,Bracelet,39,1.00495
U3 two-stage unconditional,Bracelet,40,1.00132
U3 two-stage unconditional,Bracelet,41,1.00167
U3 two-stage unconditional,Bracelet,42,1.00283
U3 two-stage unconditional,Bracelet,43,1.002
U3 two-stage unconditional,Bracelet,44,0.989354
U3 two-stage unconditional,Bracelet,45,1.02086
U3 two-stage unconditional,Bracelet,46,1.02378
U3 two-stage unconditional,Bracelet,47,1.01016
U3 two-stage unconditional,Bracelet,48,1.01052
U3 two-stage unconditional,Bracelet,49,1.00188
U3 two-stage unconditional,Bracelet,50,1.00747
U3 two-stage unconditional,Bracelet,51,1.00022
U3 two-stage unconditional,Bracelet,52,1.00391
U3 two-stage unconditional,Bracelet,53,1.00189
U3 two-stage unconditional,Bracelet,54,1.00172
U3 two-stage unconditional,Bracelet,55,1.00762
U3 two-stage unconditional,Bracelet,56,1.00789
U3 two-stage unconditional,Bracelet,57,1.00045
U3 two-stage unconditional,Bracelet,58,1.00012
U3 two-stage unconditional,Bracelet,59,0.999799
U3 two-stage unconditional,Bracelet,60,1.01018
U3 two-stage unconditional,Bracelet,61,1.00324
U3 two-stage unconditional,Bracelet,62,1.00011
U3 two-stage unconditional,Bracelet,63,1.00018
U3 two-stage unconditional,Bracelet,64,1.00012
U3 two-stage unconditional,Bracelet,65,1.01921
U3 two-stage unconditional,Bracelet,66,1.00143
U3 two-stage unconditional,Bracelet,67,1.00116
U3 two-stage unconditional,Bracelet,68,1.0032
U3 two-stage unconditional,Bracelet,69,1.00236
U3 two-stage unconditional,Bracelet,70,1.05548
U3 two-stage unconditional,Bracelet,71,1.0058
U3 two-stage unconditional,Bracelet,72,1.00288
U3 two-stage unconditional,Bracelet,73,1.00083
U3 two-stage unconditional,Bracelet,74,1.00444
U3 two-stage unconditional,Bracelet,75,1.00022
U3 two-stage unconditional,Bracelet,76,1.00185
U3 two-stage unconditional,Bracelet,77,1.02028
U3 two-stage unconditional,Bracelet,78,1.00138
U3 two-stage unconditional,Bracelet,79,1.01229
U3 two-stage unconditional,Bracelet,80,1.00511
U3 two-stage unconditional,Bracelet,81,1.00191
U3 two-stage unconditional,Bracelet,82,0.997936
U3 two-stage unconditional,Bracelet,83,1.00217
U3 two-stage unconditional,Bracelet,84,1.00417
U3 two-stage unconditional,Bracelet,85,0.993841
U3 two-stage unconditional,Bracelet,86,1.00121
U3 two-stage unconditional,Bracelet,87,0.999464
U3 two-stage unconditional,Bracelet,88,1.00053
U3 two-stage unconditional,Bracelet,89,1.0026
U3 two-stage unconditional,Bracelet,90,1.00072
U3 two-stage unconditional,Bracelet,91,1.00545
U3 two-stage unconditional,Bracelet,92,1.03299
U3 two-stage unconditional,Bracelet,93,1.03558
U3 two-stage unconditional,Bracelet,94,1.04372
U3 two-stage unconditional,Bracelet,95,1.00335
U3 two-stage unconditional,Bracelet,96,1.00586
U3 two-stage unconditional,Bracelet,97,1.01031
U3 two-stage unconditional,Bracelet,98,1.0006
U3 two-stage unconditional,Bracelet,99,0.999961
U3 two-stage unconditional,Bracelet,100,1.00002
U3 two-stage unconditional,Bracelet,101,1.00021
U3 two-stage unconditional,Bracelet,102,0.999904
U3 two-stage unconditional,Bracelet,103,1.01395
U3 two-stage unconditional,Bracelet,104,1.00399
U3 two-stage unconditional,Bracelet,105,1.00101
U3 two-stage unconditional,Bracelet,106,1.02598
U3 two-stage unconditional,Bracelet,107,1.01914
U3 two-stage unconditional,Bracelet,108,1.02396
U3 two-stage unconditional,Bracelet,109,1.01258
U3 two-stage unconditional,Bracelet,110,1.01445
U3 two-stage unconditional,Bracelet,111,1.00354
U3 two-stage unconditional,Bracelet,112,1.01048
U3 two-stage unconditional,Bracelet,113,1.00056
U3 two-stage unconditional,Bracelet,114,1.00217
U3 two-stage unconditional,Bracelet,115,1.00681
U3 two-stage unconditional,Bracelet,116,1.00366
U3 two-stage unconditional,Bracelet,117,1.01809
U3 two-stage unconditional,Bracelet,118,1.00073
U3 two-stage unconditional,Bracelet,119,1.00627
U3 two-stage unconditional,Bracelet,120,1.0105
U3 two-stage unconditional,Bracelet,121,1.00591
U3 two-stage unconditional,Bracelet,122,1.01539
U3 two-stage unconditional,Bracelet,123,1.01406
U3 two-stage unconditional,Bracelet,124,1.00007
U3 two-stage unconditional,Bracelet,125,1.00987
U3 two-stage unconditional,Bracelet,126,1.01549
U3 two-stage unconditional,Bracelet,127,1.04092
U3 two-stage unconditional,Bracelet,128,1.04337
U3 two-stage unconditional,Bracelet,129,1.02042
U3 two-stage unconditional,Bracelet,130,1.03515
U3 two-stage unconditional,Bracelet,131,1.03366
U3 two-stage unconditional,Bracelet,132,1.03259
U3 two-stage unconditional,Bracelet,133,1.02058
U3 two-stage unconditional,Bracelet,134,1.00049
U3 two-stage unconditional,Bracelet,135,1.00884
U3 two-stage unconditional,Bracelet,136,0.999216
U3 two-stage unconditional,Bracelet,137,1.00392
U3 two-stage unconditional,Bracelet,138,1.00447
U3 two-stage unconditional,Bracelet,139,1.01185
U3 two-stage unconditional,Bracelet,140,1.01147
U3 two-stage unconditional,Bracelet,141,1.00738
U3 two-stage unconditional,Bracelet,142,1.00341
U3 two-stage unconditional,Bracelet,143,1.01019
U3 two-stage unconditional,Bracelet,144,1.00089
U3 two-stage unconditional,Bracelet,145,1.01934
U3 two-stage unconditional,Bracelet,146,1.01759
U3 two-stage unconditional,Bracelet,147,1.01205
U3 two-stage unconditional,Bracelet,148,1.01278
U3 two-stage unconditional,Bracelet,149,1.00091
U3 two-stage unconditional,Bracelet,150,1.00309
U3 two-stage unconditional,Bracelet,151,1.00117
U3 two-stage unconditional,Bracelet,152,1.00249
U3 two-stage unconditional,Bracelet,153,1.00151
U3 two-stage unconditional,Bracelet,154,1.00113
U3 two-stage unconditional,Bracelet,155,1.00177
U3 two-stage unconditional,Bracelet,156,1.00446
U3 two-stage unconditional,Bracelet,157,1.0046
U3 two-stage unconditional,Bracelet,158,1.00759
U3 two-stage unconditional,Bracelet,159,1.00908
U3 two-stage unconditional,Bracelet,160,1.01206
U3 two-stage unconditional,Bracelet,161,1.00216
U3 two-stage unconditional,Bracelet,162,1.0021
U3 two-stage unconditional,Bracelet,163,1.0042
U3 two-stage unconditional,Bracelet,164,1.00057
U3 two-stage unconditional,Bracelet,165,1.003
U3 two-stage unconditional,Bracelet,166,1.00462
U3 two-stage unconditional,Bracelet,167,1.00531
U3 two-stage unconditional,Bracelet,168,1.03224
U3 two-stage unconditional,Bracelet,169,1.00622
U3 two-stage unconditional,Bracelet,170,1.00839
U3 two-stage unconditional,Bracelet,171,1.00082
U3 two-stage unconditional,Bracelet,172,1.00099
U3 two-stage unconditional,Bracelet,173,1.00129
U3 two-stage unconditional,Bracelet,174,1.00636
U3 two-stage unconditional,Bracelet,175,1.00021
U3 two-stage unconditional,Bracelet,176,1.00968
U3 two-stage unconditional,Bracelet,177,1.00397
U3 two-stage unconditional,Bracelet,178,1.01165
U3 two-stage unconditional,Bracelet,179,1.00725
U3 two-stage unconditional,Bracelet,180,1.00225
U3 two-stage unconditional,Bracelet,181,1.00601
U3 two-stage unconditional,Bracelet,182,1
U3 two-stage unconditional,Bracelet,183,1.00271
U3 two-stage unconditional,Bracelet,184,1.00766
U3 two-stage unconditional,Bracelet,185,1.00149
U3 two-stage unconditional,Bracelet,186,1.00199
U3 two-stage unconditional,Bracelet,187,1.00728
U3 two-stage unconditional,Bracelet,188,1.01478
U3 two-stage unconditional,Bracelet,189,1.01831
U3 two-stage unconditional,Bracelet,190,1.02094
U3 two-stage unconditional,Bracelet,191,1.00157
U3 two-stage unconditional,Bracelet,192,1.00018
U3 two-stage unconditional,Bracelet,193,1.00157
U3 two-stage unconditional,Bracelet,194,0.99963
U3 two-stage unconditional,Bracelet,195,1.00011
U3 two-stage unconditional,Bracelet,196,1.00041
U3 two-stage unconditional,Bracelet,197,1.00917
U3 two-stage unconditional,Bracelet,198,1.00274
U3 two-stage unconditional,Bracelet,199,1.02946
U3 two-stage unconditional,Bracelet,200,0.999596
U3 two-stage unconditional,Bracelet,201,1.00176
U3 two-stage unconditional,Bracelet,202,1.00168
U3 two-stage unconditional,Bracelet,203,1.00747
U3 two-stage unconditional,Bracelet,204,1.00117
U3 two-stage unconditional,Bracelet,205,1.00515
U3 two-stage unconditional,Bracelet,206,1.02905
U3 two-stage unconditional,Bracelet,207,1.03768
U3 two-stage unconditional,Bracelet,208,1.00513
U3 two-stage unconditional,Bracelet,209,1.00364
U3 two-stage unconditional,Bracelet,210,0.995788
U3 two-stage unconditional,Bracelet,211,1.00006
U3 two-stage unconditional,Bracelet,212,0.999315
U3 two-stage unconditional,Bracelet,213,1.00022
U3 two-stage unconditional,Bracelet,214,1.00525
U3 two-stage unconditional,Bracelet,215,1.00151
U3 two-stage unconditional,Bracelet,216,1.00122
U3 two-stage unconditional,Bracelet,217,1.00831
U3 two-stage unconditional,Bracelet,218,1.01483
U3 two-stage unconditional,Bracelet,219,1.00673
U3 two-stage unconditional,Bracelet,220,1.00739
U3 two-stage unconditional,Bracelet,221,0.99942
U3 two-stage unconditional,Bracelet,222,1.01047
U3 two-stage unconditional,Bracelet,223,1.02415
U3 two-stage unconditional,Bracelet,224,1.00153
U3 two-stage unconditional,Bracelet,225,0.99966
U3 two-stage unconditional,Bracelet,226,1.00886
U3 two-stage unconditional,Bracelet,227,1.00041
U3 two-stage unconditional,Bracelet,228,1.00946
U3 two-stage unconditional,Bracelet,229,1.00569
U3 two-stage unconditional,Bracelet,230,1.00057
U3 two-stage unconditional,Bracelet,231,1.01116
U3 two-stage unconditional,Bracelet,232,1.01085
U3 two-stage unconditional,Bracelet,233,1.01384
U3 two-stage unconditional,Bracelet,234,1.00534
U3 two-stage unconditional,Bracelet,235,1.00739
U3 two-stage unconditional,Bracelet,236,1.00086
U3 two-stage unconditional,Bracelet,237,1.00598
U3 two-stage unconditional,Bracelet,238,1.00034
U3 two-stage unconditional,Bracelet,239,1.00089
U3 two-stage unconditional,Bracelet,240,1.0054
U3 two-stage unconditional,Bracelet,241,1.006
U3 two-stage unconditional,Bracelet,242,1.00083
U3 two-stage unconditional,Bracelet,243,1.00117
U3 two-stage unconditional,Bracelet,244,0.997675
U3 two-stage unconditional,Bracelet,245,1.00427
U3 two-stage unconditional,Bracelet,246,1.00557
U3 two-stage unconditional,Bracelet,247,1.0001
U3 two-stage unconditional,Bracelet,248,1.03804
U3 two-stage unconditional,Bracelet,249,1.00583
U3 two-stage unconditional,Bracelet,250,0.999989
U3 two-stage unconditional,Bracelet,251,1.00071
U3 two-stage unconditional,Bracelet,252,1.0181
U3 two-stage unconditional,Bracelet,253,1.00413
U3 two-stage unconditional,Bracelet,254,1.0211
U3 two-stage unconditional,Bracelet,255,1.00262
U3 two-stage unconditional,Bracelet,256,1.00043
U3 two-stage unconditional,Bracelet,257,0.998028
U3 two-stage unconditional,Bracelet,258,1.00183
U3 two-stage unconditional,Bracelet,259,1.00143
U3 two-stage unconditional,Bracelet,260,1.00585
U3 two-stage unconditional,Bracelet,261,1.00023
U3 two-stage unconditional,Bracelet,262,1.0032
U3 two-stage unconditional,Bracelet,263,1.00341
U3 two-stage unconditional,Bracelet,264,1.00032
U3 two-stage unconditional,Bracelet,265,1.00127
U3 two-stage unconditional,Bracelet,266,1.00559
U3 two-stage unconditional,Bracelet,267,1.00012
U3 two-stage unconditional,Bracelet,268,1.00435
U3 two-stage unconditional,Bracelet,269,1.00932
U3 two-stage unconditional,Bracelet,270,1.00095
U3 two-stage unconditional,Bracelet,271,1.00129
U3 two-stage unconditional,Bracelet,272,1.00259
U3 two-stage unconditional,Bracelet,273,1.00078
U3 two-stage unconditional,Bracelet,274,0.999343
U3 two-stage unconditional,Bracelet,275,1.03604
U3 two-stage unconditional,Bracelet,276,1.00364
U3 two-stage unconditional,Bracelet,277,1.01365
U3 two-stage unconditional,Bracelet,278,1.01181
U3 two-stage unconditional,Bracelet,279,1.00711
U3 two-stage unconditional,Bracelet,280,1.00493
U3 two-stage unconditional,Bracelet,281,1.00003
U3 two-stage unconditional,Bracelet,282,1.01016
U3 two-stage unconditional,Bracelet,283,1.00551
U3 two-stage unconditional,Bracelet,284,1.01482
U3 two-stage unconditional,Bracelet,285,1.00643
U3 two-stage unconditional,Bracelet,286,1.00155
U3 two-stage unconditional,Bracelet,287,1.04657
U3 two-stage unconditional,Bracelet,288,1.04748
U3 two-stage unconditional,Bracelet,289,1.00178
U3 two-stage unconditional,Bracelet,290,1.00077
U3 two-stage unconditional,Bracelet,291,1.0014
U3 two-stage unconditional,Bracelet,292,1.00464
U3 two-stage unconditional,Bracelet,293,1.00054
U3 two-stage unconditional,Bracelet,294,1.00104
U3 two-stage unconditional,Bracelet,295,1.0063
U3 two-stage unconditional,Bracelet,296,1.00182
U3 two-stage unconditional,Bracelet,297,1.01286
U3 two-stage unconditional,Bracelet,298,1.00575
U3 two-stage unconditional,Bracelet,299,1.00131
U3 two-stage unconditional,Bracelet,300,1.0027
U3 two-stage unconditional,Bracelet,301,1.00154
U3 two-stage unconditional,Bracelet,302,1.00963
U3 two-stage unconditional,Bracelet,303,1.00363
U3 two-stage unconditional,Bracelet,304,1.02959
U3 two-stage unconditional,Bracelet,305,1.00522
U3 two-stage unconditional,Bracelet,306,1.00289
U3 two-stage unconditional,Bracelet,307,1.00045
U3 two-stage unconditional,Bracelet,308,1.0013
U3 two-stage unconditional,Bracelet,309,1.0004
U3 two-stage unconditional,Bracelet,310,1.00072
U3 two-stage unconditional,Bracelet,311,1.01027
U3 two-stage unconditional,Bracelet,312,1.04073
U3 two-stage unconditional,Bracelet,313,1.02201
U3 two-stage unconditional,Bracelet,314,1.01069
U3 two-stage unconditional,Bracelet,315,1.00889
U3 two-stage unconditional,Bracelet,316,1.00536
U3 two-stage unconditional,Bracelet,317,1.0111
U3 two-stage unconditional,Bracelet,318,1.00037
U3 two-stage unconditional,Bracelet,319,1.00389
U3 two-stage unconditional,Bracelet,320,1.0141
U3 two-stage unconditional,Bracelet,321,1.01595
U3 two-stage unconditional,Bracelet,322,1.00319
U3 two-stage unconditional,Bracelet,323,1.00084
U3 two-stage unconditional,Bracelet,324,1.01292
U3 two-stage unconditional,Bracelet,325,1.01976
U3 two-stage unconditional,Bracelet,326,1.02022
U3 two-stage unconditional,Bracelet,327,1.01654
U3 two-stage unconditional,Bracelet,328,1.01145
U3 two-stage unconditional,Bracelet,329,1.01491
U3 two-stage unconditional,Bracelet,330,1.00631
U3 two-stage unconditional,Bracelet,331,1.01155
U3 two-stage unconditional,Bracelet,332,1.00946
U3 two-stage unconditional,Bracelet,333,1.00156
U3 two-stage unconditional,Bracelet,334,1.00721
U3 two-stage unconditional,Bracelet,335,0.998792
U3 two-stage unconditional,Bracelet,336,1.00228
U3 two-stage unconditional,Bracelet,337,1.00547
U3 two-stage unconditional,Bracelet,338,1.00545
U3 two-stage unconditional,Bracelet,339,1.00173
U3 two-stage unconditional,Bracelet,340,0.999287
U3 two-stage unconditional,Bracelet,341,1.00052
U3 two-stage unconditional,Bracelet,342,0.993111
U3 two-stage unconditional,Bracelet,343,1.03174
U3 two-stage unconditional,Bracelet,344,1.00014
U3 two-stage unconditional,Bracelet,345,1.00032
U3 two-stage unconditional,Bracelet,346,1.00931
U3 two-stage unconditional,Bracelet,347,1.00307
U3 two-stage unconditional,Bracelet,348,1.00201
U3 two-stage unconditional,Bracelet,349,1.00084
U3 two-stage unconditional,Bracelet,350,1.00011
U3 two-stage unconditional,Bracelet,351,1.01118
U3 two-stage unconditional,Bracelet,352,1.00004
U3 two-stage unconditional,Bracelet,353,1.01789
U3 two-stage unconditional,Bracelet,354,1.00167
U3 two-stage unconditional,Bracelet,355,1.00527
U3 two-stage unconditional,Bracelet,356,1.00863
U3 two-stage unconditional,Bracelet,357,1.0045
U3 two-stage unconditional,Bracelet,358,1.00319
U3 two-stage unconditional,Bracelet,359,1.00652
U3 two-stage unconditional,Bracelet,360,1.0182
U3 two-stage unconditional,Bracelet,361,1.00159
U3 two-stage unconditional,Bracelet,362,1.00097
U3 two-stage unconditional,Bracelet,363,1.00001
U3 two-stage unconditional,Bracelet,364,1.00892
U3 two-stage unconditional,Bracelet,365,1.0007
U3 two-stage unconditional,Bracelet,366,1.00466
U3 two-stage unconditional,Bracelet,367,1.02206
U3 two-stage unconditional,Bracelet,368,1.03709
U3 two-stage unconditional,Bracelet,369,0.998724
U3 two-stage unconditional,Bracelet,370,1.00986
U3 two-stage unconditional,Bracelet,371,1.00431
U3 two-stage unconditional,Bracelet,372,1.00232
U3 two-stage unconditional,Bracelet,373,1.00258
U3 two-stage unconditional,Bracelet,374,1.00212
U3 two-stage unconditional,Bracelet,375,1.00912
U3 two-stage unconditional,Bracelet,376,1.00281
U3 two-stage unconditional,Bracelet,377,1.0048
U3 two-stage unconditional,Bracelet,378,1.01102
U3 two-stage unconditional,Bracelet,379,1.00037
U3 two-stage unconditional,Bracelet,380,1.00048
U3 two-stage unconditional,Bracelet,381,1.00259
U3 two-stage unconditional,Bracelet,382,1.00028
U3 two-stage unconditional,Bracelet,383,1.00037
U3 two-stage unconditional,Bracelet,384,1.00072
U3 two-stage unconditional,Bracelet,385,1.00358
U3 two-stage unconditional,Bracelet,386,1.00371
U3 two-stage unconditional,Bracelet,387,1.00079
U3 two-stage unconditional,Bracelet,388,1.00205
U3 two-stage unconditional,Bracelet,389,1.00012
U3 two-stage unconditional,Bracelet,390,1.0052
U3 two-stage unconditional,Bracelet,391,1.00031
U3 two-stage unconditional,Bracelet,392,0.99989
U3 two-stage unconditional,Bracelet,393,1.00024
U3 two-stage unconditional,Bracelet,394,1.00126
U3 two-stage unconditional,Bracelet,395,1.00851
U3 two-stage unconditional,Bracelet,396,1.00329
U3 two-stage unconditional,Bracelet,397,1.00532
U3 two-stage unconditional,Bracelet,398,1.00133
U3 two-stage unconditional,Bracelet,399,1.0014
U3 two-stage unconditional,Bracelet,400,1.00118
U3 two-stage unconditional,Bracelet,401,1.00199
U3 two-stage unconditional,Bracelet,402,1.0109
U3 two-stage unconditional,Bracelet,403,1.00783
U3 two-stage unconditional,Bracelet,404,1.00549
U3 two-stage unconditional,Bracelet,405,1.00379
U3 two-stage unconditional,Bracelet,406,1.00808
U3 two-stage unconditional,Bracelet,407,1.00494
U3 two-stage unconditional,Bracelet,408,1.00032
U3 two-stage unconditional,Bracelet,409,1.00015
U3 two-stage unconditional,Bracelet,410,1.02796
U3 two-stage unconditional,Bracelet,411,1.01874
U3 two-stage unconditional,Bracelet,412,1.01888
U3 two-stage unconditional,Bracelet,413,1.00299
U3 two-stage unconditional,Bracelet,414,1.01387
U3 two-stage unconditional,Bracelet,415,0.99933399999999994
U3 two-stage unconditional,Bracelet,416,1.00151
U3 two-stage unconditional,Bracelet,417,1.003
U3 two-stage unconditional,Bracelet,418,1.00695
U3 two-stage unconditional,Bracelet,419,1.0027
U3 two-stage unconditional,Bracelet,420,0.996835
U3 two-stage unconditional,Bracelet,421,1.0015
U3 two-stage unconditional,Bracelet,422,1.0119
U3 two-stage unconditional,Bracelet,423,1.00374
U3 two-stage unconditional,Bracelet,424,1.00821
U3 two-stage unconditional,Bracelet,425,1.01842
U3 two-stage unconditional,Bracelet,426,1.00514
U3 two-stage unconditional,Bracelet,427,0.99876
U3 two-stage unconditional,Bracelet,428,0.99855
U3 two-stage unconditional,Bracelet,429,1.02692
U3 two-stage unconditional,Bracelet,430,1.00239
U3 two-stage unconditional,Bracelet,431,1.01164
U3 two-stage unconditional,Bracelet,432,1.00094
U3 two-stage unconditional,Bracelet,433,1.00162
U3 two-stage unconditional,Bracelet,434,1.00145
U3 two-stage unconditional,Bracelet,435,1.00404
U3 two-stage unconditional,Bracelet,436,1.00898
U3 two-stage unconditional,Bracelet,437,1.00548
U3 two-stage unconditional,Bracelet,438,1.00661
U3 two-stage unconditional,Bracelet,439,1.01621
U3 two-stage unconditional,Bracelet,440,1.00066
U3 two-stage unconditional,Bracelet,441,1.00968
U3 two-stage unconditional,Bracelet,442,1.00213
U3 two-stage unconditional,Bracelet,443,1.00088
U3 two-stage unconditional,Bracelet,444,1.00801
U3 two-stage unconditional,Bracelet,445,1.00321
U3 two-stage unconditional,Bracelet,446,1.00384
U3 two-stage unconditional,Bracelet,447,0.999425
U3 two-stage unconditional,Bracelet,448,1.00079
U3 two-stage unconditional,Bracelet,449,1.00048
U3 two-stage unconditional,Bracelet,450,1.00258
U3 two-stage unconditional,Bracelet,451,1.00075
U3 two-stage unconditional,Bracelet,452,1.00133
U3 two-stage unconditional,Bracelet,453,1.00001
U3 two-stage unconditional,Bracelet,454,1.00571
U3 two-stage unconditional,Bracelet,455,0.998427
U3 two-stage unconditional,Bracelet,456,1.00017
U3 two-stage unconditional,Bracelet,457,1.00137
U3 two-stage unconditional,Bracelet,458,0.999363
U3 two-stage unconditional,Bracelet,459,1.0018
U3 two-stage unconditional,Bracelet,460,1.00873
U3 two-stage unconditional,Bracelet,461,1.02675
U3 two-stage unconditional,Bracelet,462,1.00109
U3 two-stage unconditional,Bracelet,463,1.00302
U3 two-stage unconditional,Bracelet,464,1.00323
U3 two-stage unconditional,Bracelet,465,1.00225
U3 two-stage unconditional,Bracelet,466,1.00012
U3 two-stage unconditional,Bracelet,467,1.00069
U3 two-stage unconditional,Bracelet,468,1.00068
U3 two-stage unconditional,Bracelet,469,1.01009
U3 two-stage unconditional,Bracelet,470,1.00166
U3 two-stage unconditional,Bracelet,471,1.00043
U3 two-stage unconditional,Bracelet,472,1.01159
U3 two-stage unconditional,Bracelet,473,1.00239
U3 two-stage unconditional,Bracelet,474,0.996769
U3 two-stage unconditional,Bracelet,475,1.00117
U3 two-stage unconditional,Bracelet,476,1.00769
U3 two-stage unconditional,Bracelet,477,1.00079
U3 two-stage unconditional,Bracelet,478,1.00593
U3 two-stage unconditional,Bracelet,479,1.00693
U3 two-stage unconditional,Bracelet,480,1.00079
U3 two-stage unconditional,Bracelet,481,1.00175
U3 two-stage unconditional,Bracelet,482,1.0062
U3 two-stage unconditional,Bracelet,483,1.00584
U3 two-stage unconditional,Bracelet,484,1.00892
U3 two-stage unconditional,Bracelet,485,1.01127
U3 two-stage unconditional,Bracelet,486,1.00307
U3 two-stage unconditional,Bracelet,487,0.996463
U3 two-stage unconditional,Bracelet,488,1.00687
U3 two-stage unconditional,Bracelet,489,1.00531
U3 two-stage unconditional,Bracelet,490,1.00448
U3 two-stage unconditional,Bracelet,491,1.00467
U3 two-stage unconditional,Bracelet,492,1.06497
U3 two-stage unconditional,Bracelet,493,1.00042
U3 two-stage unconditional,Bracelet,494,1.00013
U3 two-stage unconditional,Bracelet,495,1.00074
U3 two-stage unconditional,Bracelet,496,1.00093
U3 two-stage unconditional,Bracelet,497,1.00123
U3 two-stage unconditional,Bracelet,498,0.995591
U3 two-stage unconditional,Bracelet,499,1.00916
U3 two-stage unconditional,Bracelet,500,1.00175
U3 two-stage unconditional,Bracelet,501,1.00011
U3 two-stage unconditional,Bracelet,502,1.00281
U3 two-stage unconditional,Bracelet,503,1.00715
U3 two-stage unconditional,Bracelet,504,1.01367
U3 two-stage unconditional,Bracelet,505,1.00127
U3 two-stage unconditional,Bracelet,506,1.0198
U3 two-stage unconditional,Bracelet,507,1.02187
U3 two-stage unconditional,Bracelet,508,1.0029
U3 two-stage unconditional,Bracelet,509,1.01102
U3 two-stage unconditional,Bracelet,510,1.00408
U3 two-stage unconditional,Bracelet,511,1.00058
U3 two-stage unconditional,Bracelet,512,1.0326
U3 two-stage unconditional,Bracelet,513,1.0005
U3 two-stage unconditional,Bracelet,514,1.00521
U3 two-stage unconditional,Bracelet,515,0.998984
U3 two-stage unconditional,Bracelet,516,1.00562
U3 two-stage unconditional,Bracelet,517,1.00032
U3 two-stage unconditional,Bracelet,518,1.00026
U3 two-stage unconditional,Bracelet,519,1.00805
U3 two-stage unconditional,Bracelet,520,1.00097
U3 two-stage unconditional,Bracelet,521,1.00362
U3 two-stage unconditional,Bracelet,522,1.00241
U3 two-stage unconditional,Bracelet,523,1.00329
U3 two-stage unconditional,Bracelet,524,1.00101
U3 two-stage unconditional,Bracelet,525,1.00052
U3 two-stage unconditional,Bracelet,526,1.00001
U3 two-stage unconditional,Bracelet,527,1.00001
U3 two-stage unconditional,Bracelet,528,1.00001
U3 two-stage unconditional,Bracelet,529,1.00003
U3 two-stage unconditional,Bracelet,530,0.999977
U3 two-stage unconditional,Bracelet,531,1.00082
U3 two-stage unconditional,Bracelet,532,1.01021
U3 two-stage unconditional,Bracelet,533,1.00733
U3 two-stage unconditional,Bracelet,534,1.00065
U3 two-stage unconditional,Bracelet,535,1.00005
U3 two-stage unconditional,Bracelet,536,1.00148
U3 two-stage unconditional,Bracelet,537,0.999936
U3 two-stage unconditional,Bracelet,538,1.00029
U3 two-stage unconditional,Bracelet,539,1.00044
U3 two-stage unconditional,Bracelet,540,0.999925
U3 two-stage unconditional,Bracelet,541,1.01316
U3 two-stage unconditional,Bracelet,542,1.00198
U3 two-stage unconditional,Bracelet,543,1.00129
U3 two-stage unconditional,Bracelet,544,1.00041
U3 two-stage unconditional,Bracelet,545,1.00574
U3 two-stage unconditional,Bracelet,546,1.00836
U3 two-stage unconditional,Bracelet,547,1.00153
U3 two-stage unconditional,Bracelet,548,1.0009
U3 two-stage unconditional,Bracelet,549,1.0025
U3 two-stage unconditional,Bracelet,550,1.00083
U3 two-stage unconditional,Bracelet,551,1.00912
U3 two-stage unconditional,Bracelet,552,1.00806
U3 two-stage unconditional,Bracelet,553,1.00435
U3 two-stage unconditional,Bracelet,554,1.00177
U3 two-stage unconditional,Bracelet,555,1.00383
U3 two-stage unconditional,Bracelet,556,1.00572
U3 two-stage unconditional,Bracelet,557,1.0058
U3 two-stage unconditional,Bracelet,558,1.00336
U3 two-stage unconditional,Bracelet,559,1.00007
U3 two-stage unconditional,Bracelet,560,1.00928
U3 two-stage unconditional,Bracelet,561,1.00043
U3 two-stage unconditional,Bracelet,562,1.00038
U3 two-stage unconditional,Bracelet,563,1.01864
U3 two-stage unconditional,Bracelet,564,1.01259
U3 two-stage unconditional,Bracelet,565,1.00218
U3 two-stage unconditional,Bracelet,566,1.03362
U3 two-stage unconditional,Bracelet,567,1.0060500000000001
U3 two-stage unconditional,Bracelet,568,1.0007
U3 two-stage unconditional,Bracelet,569,1.00266
U3 two-stage unconditional,Bracelet,570,1.00076
U3 two-stage unconditional,Bracelet,571,1.00109
U3 two-stage unconditional,Bracelet,572,1.00914
U3 two-stage unconditional,Bracelet,573,1.00259
U3 two-stage unconditional,Bracelet,574,1.0015
U3 two-stage unconditional,Bracelet,575,1.0032
U3 two-stage unconditional,Bracelet,576,1.00708
U3 two-stage unconditional,Bracelet,577,1.00569
U3 two-stage unconditional,Bracelet,578,1.00197
U3 two-stage unconditional,Bracelet,579,1.00215
U3 two-stage unconditional,Bracelet,580,1.00311
U3 two-stage unconditional,Bracelet,581,1.01174
U3 two-stage unconditional,Bracelet,582,1.00579
U3 two-stage unconditional,Bracelet,583,1.01233
U3 two-stage unconditional,Bracelet,584,1.0019
U3 two-stage unconditional,Bracelet,585,1.00797
U3 two-stage unconditional,Bracelet,586,1.0032
U3 two-stage unconditional,Bracelet,587,1.00805
U3 two-stage unconditional,Bracelet,588,1.0236
U3 two-stage unconditional,Bracelet,589,1.0109
U3 two-stage unconditional,Bracelet,590,1.0017
U3 two-stage unconditional,Bracelet,591,1.00566
U3 two-stage unconditional,Bracelet,592,1.01645
U3 two-stage unconditional,Bracelet,593,1.02169
U3 two-stage unconditional,Bracelet,594,1.00166
U3 two-stage unconditional,Bracelet,595,1.00384
U3 two-stage unconditional,Bracelet,596,1.00048
U3 two-stage unconditional,Bracelet,597,1.00083
U3 two-stage unconditional,Bracelet,598,1.00387
U3 two-stage unconditional,Bracelet,599,0.998792
U3 two-stage unconditional,Bracelet,600,1.00609
U3 two-stage unconditional,Bracelet,601,1.01242
U3 two-stage unconditional,Bracelet,602,1.00562
U3 two-stage unconditional,Bracelet,603,1.00192
U3 two-stage unconditional,Bracelet,604,1.00039
U3 two-stage unconditional,Bracelet,605,1.00863
U3 two-stage unconditional,Bracelet,606,1.00024
U3 two-stage unconditional,Bracelet,607,1.00506
U3 two-stage unconditional,Bracelet,608,1.00078
U3 two-stage unconditional,Bracelet,609,0.993249
U3 two-stage unconditional,Bracelet,610,1.001
U3 two-stage unconditional,Bracelet,611,1.00258
U3 two-stage unconditional,Bracelet,612,1.00468
U3 two-stage unconditional,Bracelet,613,1.00086
U3 two-stage unconditional,Bracelet,614,1.0019
U3 two-stage unconditional,Bracelet,615,1.01013
U3 two-stage unconditional,Bracelet,616,1.00093
U3 two-stage unconditional,Bracelet,617,1.00007
U3 two-stage unconditional,Bracelet,618,1.0022200000000001
U3 two-stage unconditional,Bracelet,619,1.00248
U3 two-stage unconditional,Bracelet,620,1.02436
U3 two-stage unconditional,Bracelet,621,1.007
U3 two-stage unconditional,Bracelet,622,1.00289
U3 two-stage unconditional,Bracelet,623,1.00258
U3 two-stage unconditional,Bracelet,624,1.00274
U3 two-stage unconditional,Bracelet,625,1.00121
U3 two-stage unconditional,Bracelet,626,1.00451
U3 two-stage unconditional,Bracelet,627,1.00174
U3 two-stage unconditional,Bracelet,628,1.00221
U3 two-stage unconditional,Bracelet,629,1.00084
U3 two-stage unconditional,Bracelet,630,1.00307
U3 two-stage unconditional,Bracelet,631,1.00003
U3 two-stage unconditional,Bracelet,632,1.00532
U3 two-stage unconditional,Bracelet,633,1.001
U3 two-stage unconditional,Bracelet,634,1.00068
U3 two-stage unconditional,Bracelet,635,1.00298
U3 two-stage unconditional,Bracelet,636,1.01386
U3 two-stage unconditional,Bracelet,637,1.00269
U3 two-stage unconditional,Bracelet,638,1.00137
U3 two-stage unconditional,Bracelet,639,1.00114
U3 two-stage unconditional,Bracelet,640,1.0012
U3 two-stage unconditional,Bracelet,641,1.00066
U3 two-stage unconditional,Bracelet,642,1.02407
U3 two-stage unconditional,Bracelet,643,1.00285
U3 two-stage unconditional,Bracelet,644,1.03328
U3 two-stage unconditional,Bracelet,645,1.03122
U3 two-stage unconditional,Bracelet,646,1.01692
U3 two-stage unconditional,Bracelet,647,1.02453
U3 two-stage unconditional,Bracelet,648,1.00808
U3 two-stage unconditional,Bracelet,649,1.00916
U3 two-stage unconditional,Bracelet,650,0.997617
U3 two-stage unconditional,Bracelet,651,1.0021
U3 two-stage unconditional,Bracelet,652,1.00102
U3 two-stage unconditional,Bracelet,653,1.00102
U3 two-stage unconditional,Bracelet,654,1.00585
U3 two-stage unconditional,Bracelet,655,1.00274
U3 two-stage unconditional,Bracelet,656,1.00332
U3 two-stage unconditional,Bracelet,657,1.00037
U3 two-stage unconditional,Bracelet,658,1.00515
U3 two-stage unconditional,Bracelet,659,1.00125
U3 two-stage unconditional,Bracelet,660,1.00202
U3 two-stage unconditional,Bracelet,661,1.00182
U3 two-stage unconditional,Bracelet,662,1.00623
U3 two-stage unconditional,Bracelet,663,1.01256
U3 two-stage unconditional,Bracelet,664,0.999829
U3 two-stage unconditional,Bracelet,665,1.02482
U3 two-stage unconditional,Bracelet,666,1.01135
U3 two-stage unconditional,Bracelet,667,1.00098
U3 two-stage unconditional,Bracelet,668,0.998096
U3 two-stage unconditional,Bracelet,669,1.00113
U3 two-stage unconditional,Bracelet,670,1.00138
U3 two-stage unconditional,Bracelet,671,1.00588
U3 two-stage unconditional,Bracelet,672,1.00567
U3 two-stage unconditional,Bracelet,673,1.01523
U3 two-stage unconditional,Bracelet,674,1.01802
U3 two-stage unconditional,Bracelet,675,1.01392
U3 two-stage unconditional,Bracelet,676,1.00273
U3 two-stage unconditional,Bracelet,677,1.00007
U3 two-stage unconditional,Bracelet,678,0.999991
U3 two-stage unconditional,Bracelet,679,1.0077
U3 two-stage unconditional,Bracelet,680,1.00325
U3 two-stage unconditional,Bracelet,681,1.00016
U3 two-stage unconditional,Bracelet,682,1.00512
U3 two-stage unconditional,Bracelet,683,1.00015
U3 two-stage unconditional,Bracelet,684,1.00068
U3 two-stage unconditional,Bracelet,685,1.01428
U3 two-stage unconditional,Bracelet,686,1.00303
U3 two-stage unconditional,Bracelet,687,1.00006
U3 two-stage unconditional,Bracelet,688,0.996526
U3 two-stage unconditional,Bracelet,689,1.01115
U3 two-stage unconditional,Bracelet,690,1.03826
U3 two-stage unconditional,Bracelet,691,1.00058
U3 two-stage unconditional,Bracelet,692,1.00704
U3 two-stage unconditional,Bracelet,693,1.0018
U3 two-stage unconditional,Bracelet,694,1.01636
U3 two-stage unconditional,Bracelet,695,1.00112
U3 two-stage unconditional,Bracelet,696,1.00694
U3 two-stage unconditional,Bracelet,697,1.00127
U3 two-stage unconditional,Bracelet,698,1.00208
U3 two-stage unconditional,Bracelet,699,1.00023
U3 two-stage unconditional,Bracelet,700,1.00368
U3 two-stage unconditional,Bracelet,701,1.00131
U3 two-stage unconditional,Bracelet,702,1.00302
U3 two-stage unconditional,Bracelet,703,1.00678
U3 two-stage unconditional,Bracelet,704,1.02469
U3 two-stage unconditional,Bracelet,705,1.00826
U3 two-stage unconditional,Bracelet,706,1.00444
U3 two-stage unconditional,Bracelet,707,1.00132
U3 two-stage unconditional,Bracelet,708,1.00187
U3 two-stage unconditional,Bracelet,709,0.999698
U3 two-stage unconditional,Bracelet,710,1.0008
U3 two-stage unconditional,Bracelet,711,1.01376
U3 two-stage unconditional,Bracelet,712,1.00257
U3 two-stage unconditional,Bracelet,713,1.00477
U3 two-stage unconditional,Bracelet,714,1.00082
U3 two-stage unconditional,Bracelet,715,1.00228
U3 two-stage unconditional,Bracelet,716,1.00104
U3 two-stage unconditional,Bracelet,717,1.00179
U3 two-stage unconditional,Bracelet,718,1.00144
U3 two-stage unconditional,Bracelet,719,1.00217
U3 two-stage unconditional,Bracelet,720,1.00143
U3 two-stage unconditional,Bracelet,721,1.00137
U3 two-stage unconditional,Bracelet,722,1.00246
U3 two-stage unconditional,Bracelet,723,1.01367
U3 two-stage unconditional,Bracelet,724,1.01257
U3 two-stage unconditional,Bracelet,725,1.00396
U3 two-stage unconditional,Bracelet,726,0.997441
U3 two-stage unconditional,Bracelet,727,1.00974
U3 two-stage unconditional,Bracelet,728,1.00143
U3 two-stage unconditional,Bracelet,729,0.998962
U3 two-stage unconditional,Bracelet,730,1.015
U3 two-stage unconditional,Bracelet,731,1.00942
U3 two-stage unconditional,Bracelet,732,1.00733
U3 two-stage unconditional,Bracelet,733,1.00051
U3 two-stage unconditional,Bracelet,734,1.00011
U3 two-stage unconditional,Bracelet,735,1.00007
U3 two-stage unconditional,Bracelet,736,1.00028
U3 two-stage unconditional,Bracelet,737,1.00012
U3 two-stage unconditional,Bracelet,738,1.00189
U3 two-stage unconditional,Bracelet,739,1.00369
U3 two-stage unconditional,Bracelet,740,1.00017
U3 two-stage unconditional,Bracelet,741,1.00012
U3 two-stage unconditional,Bracelet,742,1.00089
U3 two-stage unconditional,Bracelet,743,1.00116
U3 two-stage unconditional,Bracelet,744,1.00858
U3 two-stage unconditional,Bracelet,745,1.01565
U3 two-stage unconditional,Bracelet,746,1.01594
U3 two-stage unconditional,Bracelet,747,1.00198
U3 two-stage unconditional,Bracelet,748,1.00295
U3 two-stage unconditional,Bracelet,749,1.00355
U3 two-stage unconditional,Bracelet,750,1.00232
U3 two-stage unconditional,Bracelet,751,1.00924
U3 two-stage unconditional,Bracelet,752,1.01671
U3 two-stage unconditional,Bracelet,753,1.02153
U3 two-stage unconditional,Bracelet,754,1.00042
U3 two-stage unconditional,Bracelet,755,1.01823
U3 two-stage unconditional,Bracelet,756,1.03273
U3 two-stage unconditional,Bracelet,757,1.00937
U3 two-stage unconditional,Bracelet,758,1.00573
U3 two-stage unconditional,Bracelet,759,1.0095
U3 two-stage unconditional,Bracelet,760,1.00092
U3 two-stage unconditional,Bracelet,761,1.00103
U3 two-stage unconditional,Bracelet,762,1.00084
U3 two-stage unconditional,Bracelet,763,1.0017
U3 two-stage unconditional,Bracelet,764,1.00197
U3 two-stage unconditional,Bracelet,765,1.00277
U3 two-stage unconditional,Bracelet,766,1.00155
U3 two-stage unconditional,Bracelet,767,1.00461
U3 two-stage unconditional,Bracelet,768,0.999006
U3 two-stage unconditional,Bracelet,769,1.00033
U3 two-stage unconditional,Bracelet,770,1.0017
U3 two-stage unconditional,Bracelet,771,0.998764
U3 two-stage unconditional,Bracelet,772,1.006
U3 two-stage unconditional,Bracelet,773,1.00136
U3 two-stage unconditional,Bracelet,774,1.0022200000000001
U3 two-stage unconditional,Bracelet,775,1.00274
U3 two-stage unconditional,Bracelet,776,1.00191
U3 two-stage unconditional,Bracelet,777,1.00045
U3 two-stage unconditional,Bracelet,778,1.00089
U3 two-stage unconditional,Bracelet,779,1.00003
U3 two-stage unconditional,Bracelet,780,1.0008
U3 two-stage unconditional,Bracelet,781,1.0135
U3 two-stage unconditional,Bracelet,782,1.00252
U3 two-stage unconditional,Bracelet,783,1.01208
U3 two-stage unconditional,Bracelet,784,1.02145
U3 two-stage unconditional,Bracelet,785,1.03638
U3 two-stage unconditional,Bracelet,786,1.00636
U3 two-stage unconditional,Bracelet,787,1.0060500000000001
U3 two-stage unconditional,Bracelet,788,1.00411
U3 two-stage unconditional,Bracelet,789,1.02148
U3 two-stage unconditional,Bracelet,790,1.01823
U3 two-stage unconditional,Bracelet,791,1.01891
U3 two-stage unconditional,Bracelet,792,1.00425
U3 two-stage unconditional,Bracelet,793,0.999871
U3 two-stage unconditional,Bracelet,794,1.01958
U3 two-stage unconditional,Bracelet,795,1.00334
U3 two-stage unconditional,Bracelet,796,1.00334
U3 two-stage unconditional,Bracelet,797,1.0008
U3 two-stage unconditional,Bracelet,798,1.00667
U3 two-stage unconditional,Bracelet,799,1.00172
U3 two-stage unconditional,Bracelet,800,1.01636
U3 two-stage unconditional,Bracelet,801,1.00094
U3 two-stage unconditional,Bracelet,802,1.00029
U3 two-stage unconditional,Bracelet,803,1.01811
U3 two-stage unconditional,Bracelet,804,0.999596
U3 two-stage unconditional,Bracelet,805,1.0036
U3 two-stage unconditional,Bracelet,806,1.00161
U3 two-stage unconditional,Bracelet,807,1.00014
U3 two-stage unconditional,Bracelet,808,1.00017
U3 two-stage unconditional,Bracelet,809,0.999701
U3 two-stage unconditional,Bracelet,810,1.00702
U3 two-stage unconditional,Bracelet,811,1.00879
U3 two-stage unconditional,Bracelet,812,1.00164
U3 two-stage unconditional,Bracelet,813,1.00267
U3 two-stage unconditional,Bracelet,814,1.00195
U3 two-stage unconditional,Bracelet,815,1.00208
U3 two-stage unconditional,Bracelet,816,1.00108
U3 two-stage unconditional,Bracelet,817,1.01226
U3 two-stage unconditional,Bracelet,818,1.0001
U3 two-stage unconditional,Bracelet,819,1.03029
U3 two-stage unconditional,Bracelet,820,1.01214
U3 two-stage unconditional,Bracelet,821,1.06256
U3 two-stage unconditional,Bracelet,822,0.993154
U3 two-stage unconditional,Bracelet,823,1.01114
U3 two-stage unconditional,Bracelet,824,0.998484
U3 two-stage unconditional,Bracelet,825,1.01451
U3 two-stage unconditional,Bracelet,826,1.00341
U3 two-stage unconditional,Bracelet,827,0.997304
U3 two-stage unconditional,Bracelet,828,1.00434
U3 two-stage unconditional,Bracelet,829,1.00034
U3 two-stage unconditional,Bracelet,830,1.0003
U3 two-stage unconditional,Bracelet,831,1.00045
U3 two-stage unconditional,Bracelet,832,1.00112
U3 two-stage unconditional,Bracelet,833,1.00267
U3 two-stage unconditional,Bracelet,834,1.00072
U3 two-stage unconditional,Bracelet,835,1.01366
U3 two-stage unconditional,Bracelet,836,1.00041
U3 two-stage unconditional,Bracelet,837,1.00043
U3 two-stage unconditional,Bracelet,838,1.00149
U3 two-stage unconditional,Bracelet,839,1.00076
U3 two-stage unconditional,Bracelet,840,1.02853
U3 two-stage unconditional,Bracelet,841,0.999863
U3 two-stage unconditional,Bracelet,842,1.02249
U3 two-stage unconditional,Bracelet,843,1.00862
U3 two-stage unconditional,Bracelet,844,1.00096
U3 two-stage unconditional,Bracelet,845,1.00032
U3 two-stage unconditional,Bracelet,846,1.00187
U3 two-stage unconditional,Bracelet,847,1.0119
U3 two-stage unconditional,Bracelet,848,1.01288
U3 two-stage unconditional,Bracelet,849,1.00325
U3 two-stage unconditional,Bracelet,850,1.0035
U3 two-stage unconditional,Bracelet,851,1.00602
U3 two-stage unconditional,Bracelet,852,1.00677
U3 two-stage unconditional,Bracelet,853,1.00373
U3 two-stage unconditional,Bracelet,854,1
U3 two-stage unconditional,Bracelet,855,1.00343
U3 two-stage unconditional,Bracelet,856,0.996429
U3 two-stage unconditional,Bracelet,857,1.00019
U3 two-stage unconditional,Bracelet,858,1.00026
U3 two-stage unconditional,Bracelet,859,1.00751
U3 two-stage unconditional,Bracelet,860,1.0006
U3 two-stage unconditional,Bracelet,861,1.00339
U3 two-stage unconditional,Bracelet,862,1.0126
U3 two-stage unconditional,Bracelet,863,1.00832
U3 two-stage unconditional,Bracelet,864,1.0057
U3 two-stage unconditional,Bracelet,865,1.00264
U3 two-stage unconditional,Bracelet,866,1.00852
U3 two-stage unconditional,Bracelet,867,1.00263
U3 two-stage unconditional,Bracelet,868,1
U3 two-stage unconditional,Bracelet,869,1.00199
U3 two-stage unconditional,Bracelet,870,1.00145
U3 two-stage unconditional,Bracelet,871,1.00062
U3 two-stage unconditional,Bracelet,872,1.00071
U3 two-stage unconditional,Bracelet,873,0.999779
U3 two-stage unconditional,Bracelet,874,1.00518
U3 two-stage unconditional,Bracelet,875,1.00301
U3 two-stage unconditional,Bracelet,876,0.999445
U3 two-stage unconditional,Bracelet,877,1.01426
U3 two-stage unconditional,Bracelet,878,1.00347
U3 two-stage unconditional,Bracelet,879,1.0029
U3 two-stage unconditional,Bracelet,880,1.00252
U3 two-stage unconditional,Bracelet,881,1.00165
U3 two-stage unconditional,Bracelet,882,0.999741
U3 two-stage unconditional,Bracelet,883,1.01068
U3 two-stage unconditional,Bracelet,884,0.999573
U3 two-stage unconditional,Bracelet,885,1.00253
U3 two-stage unconditional,Bracelet,886,0.999816
U3 two-stage unconditional,Bracelet,887,1.00619
U3 two-stage unconditional,Bracelet,888,1.00013
U3 two-stage unconditional,Bracelet,889,1.00374
U3 two-stage unconditional,Bracelet,890,1.00196
U3 two-stage unconditional,Bracelet,891,1.00371
U3 two-stage unconditional,Bracelet,892,1.00274
U3 two-stage unconditional,Bracelet,893,1.00158
U3 two-stage unconditional,Bracelet,894,1.01347
U3 two-stage unconditional,Bracelet,895,1.00215
U3 two-stage unconditional,Bracelet,896,1.00129
U3 two-stage unconditional,Bracelet,897,1.00123
U3 two-stage unconditional,Bracelet,898,1.0019
U3 two-stage unconditional,Bracelet,899,1.01352
U3 two-stage unconditional,Bracelet,900,1.01372
U3 two-stage unconditional,Bracelet,901,1.00522
U3 two-stage unconditional,Bracelet,902,1.00003
U3 two-stage unconditional,Bracelet,903,1.0018
U3 two-stage unconditional,Bracelet,904,1.00202
U3 two-stage unconditional,Bracelet,905,1.00449
U3 two-stage unconditional,Bracelet,906,1.00148
U3 two-stage unconditional,Bracelet,907,1.00416
U3 two-stage unconditional,Bracelet,908,1.00177
U3 two-stage unconditional,Bracelet,909,1.002
U3 two-stage unconditional,Bracelet,910,1.01015
U3 two-stage unconditional,Bracelet,911,0.997133
U3 two-stage unconditional,Bracelet,912,1.02331
U3 two-stage unconditional,Bracelet,913,1.0106
U3 two-stage unconditional,Bracelet,914,1.00335
U3 two-stage unconditional,Bracelet,915,1.00323
U3 two-stage unconditional,Bracelet,916,1.00104
U3 two-stage unconditional,Bracelet,917,1.01834
U3 two-stage unconditional,Bracelet,918,1.00302
U3 two-stage unconditional,Bracelet,919,1.00638
U3 two-stage unconditional,Bracelet,920,1.0060500000000001
U3 two-stage unconditional,Bracelet,921,1.03535
U3 two-stage unconditional,Bracelet,922,1.04096
U3 two-stage unconditional,Bracelet,923,1.02733
U3 two-stage unconditional,Bracelet,924,1.02143
U3 two-stage unconditional,Bracelet,925,1.00565
U3 two-stage unconditional,Bracelet,926,1.0152
U3 two-stage unconditional,Bracelet,927,1.00861
U3 two-stage unconditional,Bracelet,928,1.01574
U3 two-stage unconditional,Bracelet,929,1.00347
U3 two-stage unconditional,Bracelet,930,0.999915
U3 two-stage unconditional,Bracelet,931,1.00084
U3 two-stage unconditional,Bracelet,932,1.00052
U3 two-stage unconditional,Bracelet,933,1.00608
U3 two-stage unconditional,Bracelet,934,1.00422
U3 two-stage unconditional,Bracelet,935,1.00055
U3 two-stage unconditional,Bracelet,936,1.00206
U3 two-stage unconditional,Bracelet,937,0.999806
U3 two-stage unconditional,Bracelet,938,1.00243
U3 two-stage unconditional,Bracelet,939,1.0018
U3 two-stage unconditional,Bracelet,940,1.00301
U3 two-stage unconditional,Bracelet,941,1.01103
U3 two-stage unconditional,Bracelet,942,1.00344
U3 two-stage unconditional,Bracelet,943,1.00187
U3 two-stage unconditional,Bracelet,944,1.00009
U3 two-stage unconditional,Bracelet,945,0.999773
U3 two-stage unconditional,Bracelet,946,1.00291
U3 two-stage unconditional,Bracelet,947,1.01464
U3 two-stage unconditional,Bracelet,948,0.998609
U3 two-stage unconditional,Bracelet,949,1.01601
U3 two-stage unconditional,Bracelet,950,1.00153
U3 two-stage unconditional,Bracelet,951,1.01324
U3 two-stage unconditional,Bracelet,952,1.00839
U3 two-stage unconditional,Bracelet,953,1.00582
U3 two-stage unconditional,Bracelet,954,1.00155
U3 two-stage unconditional,Bracelet,955,1.00392
U3 two-stage unconditional,Bracelet,956,1.00407
U3 two-stage unconditional,Bracelet,957,1.00397
U3 two-stage unconditional,Bracelet,958,1.0022
U3 two-stage unconditional,Bracelet,959,1.01519
U3 two-stage unconditional,Bracelet,960,1.00191
U3 two-stage unconditional,Bracelet,961,1.00202
U3 two-stage unconditional,Bracelet,962,1.00668
U3 two-stage unconditional,Bracelet,963,1.00968
U3 two-stage unconditional,Bracelet,964,1.00489
U3 two-stage unconditional,Bracelet,965,1.0009
U3 two-stage unconditional,Bracelet,966,1.00714
U3 two-stage unconditional,Bracelet,967,1.00013
U3 two-stage unconditional,Bracelet,968,1.00128
U3 two-stage unconditional,Bracelet,969,1.00364
U3 two-stage unconditional,Bracelet,970,1.0019
U3 two-stage unconditional,Bracelet,971,1.02025
U3 two-stage unconditional,Bracelet,972,0.993148
U3 two-stage unconditional,Bracelet,973,1.00786
U3 two-stage unconditional,Bracelet,974,1.00163
U3 two-stage unconditional,Bracelet,975,1.00428
U3 two-stage unconditional,Bracelet,976,1.00577
U3 two-stage unconditional,Bracelet,977,1.00075
U3 two-stage unconditional,Bracelet,978,1.00238
U3 two-stage unconditional,Bracelet,979,1.00422
U3 two-stage unconditional,Bracelet,980,1.00476
U3 two-stage unconditional,Bracelet,981,1.00467
U3 two-stage unconditional,Bracelet,982,1.00128
U3 two-stage unconditional,Bracelet,983,1.00154
U3 two-stage unconditional,Bracelet,984,1.008
U3 two-stage unconditional,Bracelet,985,1.00027
U3 two-stage unconditional,Bracelet,986,1.00051
U3 two-stage unconditional,Bracelet,987,0.999575
U3 two-stage unconditional,Bracelet,988,1.00139
U3 two-stage unconditional,Bracelet,989,1.00108
U3 two-stage unconditional,Bracelet,990,1.00042
U3 two-stage unconditional,Bracelet,991,1.00291
U3 two-stage unconditional,Bracelet,992,1.01826
U3 two-stage unconditional,Bracelet,993,1.00019
U3 two-stage unconditional,Bracelet,994,1.00328
U3 two-stage unconditional,Bracelet,995,1.00277
U3 two-stage unconditional,Bracelet,996,1.00751
U3 two-stage unconditional,Bracelet,997,1.00543
U3 two-stage unconditional,Bracelet,998,1.00249
U3 two-stage unconditional,Bracelet,999,1.00083
U3 two-stage unconditional,Bracelet,1000,1.00642
U3 two-stage unconditional,Bracelet,1001,0.999996
U3 two-stage unconditional,Bracelet,1002,1.00208
U3 two-stage unconditional,Bracelet,1003,0.999962
U3 two-stage unconditional,Bracelet,1004,1.0011
U3 two-stage unconditional,Bracelet,1005,1.00875
U3 two-stage unconditional,Bracelet,1006,1.00582
U3 two-stage unconditional,Bracelet,1007,1.00156
U3 two-stage unconditional,Bracelet,1008,1.00088
U3 two-stage unconditional,Bracelet,1009,1.00042
U3 two-stage unconditional,Bracelet,1010,1.00308
U3 two-stage unconditional,Bracelet,1011,1.00025
U3 two-stage unconditional,Bracelet,1012,1.00132
U3 two-stage unconditional,Bracelet,1013,1.00474
U3 two-stage unconditional,Bracelet,1014,1.00052
U3 two-stage unconditional,Bracelet,1015,1.00188
U3 two-stage unconditional,Bracelet,1016,1.00163
U3 two-stage unconditional,Bracelet,1017,1.00001
U3 two-stage unconditional,Bracelet,1018,1.00563
U3 two-stage unconditional,Bracelet,1019,1.02986
U3 two-stage unconditional,Bracelet,1020,1.01283
U3 two-stage unconditional,Bracelet,1021,0.997019
U3 two-stage unconditional,Bracelet,1022,1.00701
U3 two-stage unconditional,Bracelet,1023,1.00471
U3 two-stage unconditional,Bracelet,1024,1.00467
U3 two-stage unconditional,Bracelet,1025,1.00467
U3 two-stage unconditional,Bracelet,1026,1.00209
U3 two-stage unconditional,Bracelet,1027,1.00728
U3 two-stage unconditional,Bracelet,1028,1.00649
U3 two-stage unconditional,Bracelet,1029,1.00223
U3 two-stage unconditional,Bracelet,1030,1.00484
U3 two-stage unconditional,Bracelet,1031,1.01384
U3 two-stage unconditional,Bracelet,1032,1.02159
U3 two-stage unconditional,Bracelet,1033,1.026
U3 two-stage unconditional,Bracelet,1034,1.00074
U3 two-stage unconditional,Bracelet,1035,1.00006
U3 two-stage unconditional,Bracelet,1036,1.01008
U3 two-stage unconditional,Bracelet,1037,1.00034
U3 two-stage unconditional,Bracelet,1038,1.0018
U3 two-stage unconditional,Bracelet,1039,0.999562
U3 two-stage unconditional,Bracelet,1040,1.00532
U3 two-stage unconditional,Bracelet,1041,1.00274
U3 two-stage unconditional,Bracelet,1042,1.03503
U3 two-stage unconditional,Bracelet,1043,1.00277
U3 two-stage unconditional,Bracelet,1044,1.00387
U3 two-stage unconditional,Bracelet,1045,1.00114
U3 two-stage unconditional,Bracelet,1046,1.01496
U3 two-stage unconditional,Bracelet,1047,1.00008
U3 two-stage unconditional,Bracelet,1048,1.00784
U3 two-stage unconditional,Bracelet,1049,1.00685
U3 two-stage unconditional,Bracelet,1050,1.00253
U3 two-stage unconditional,Bracelet,1051,1.00083
U3 two-stage unconditional,Bracelet,1052,1.00429
U3 two-stage unconditional,Bracelet,1053,1.00001
U3 two-stage unconditional,Bracelet,1054,1.00175
U3 two-stage unconditional,Bracelet,1055,1.0043
U3 two-stage unconditional,Bracelet,1056,1.00497
U3 two-stage unconditional,Bracelet,1057,1.00048
U3 two-stage unconditional,Bracelet,1058,1.00563
U3 two-stage unconditional,Bracelet,1059,1.00174
U3 two-stage unconditional,Bracelet,1060,1.00557
U3 two-stage unconditional,Bracelet,1061,1.0019
U3 two-stage unconditional,Bracelet,1062,1.0024
U3 two-stage unconditional,Bracelet,1063,1.00379
U3 two-stage unconditional,Bracelet,1064,1.00021
U3 two-stage unconditional,Bracelet,1065,1.00286
U3 two-stage unconditional,Bracelet,1066,1.02814
U3 two-stage unconditional,Bracelet,1067,1.01214
U3 two-stage unconditional,Bracelet,1068,1.00074
U3 two-stage unconditional,Bracelet,1069,1.00202
U3 two-stage unconditional,Bracelet,1070,0.995477
U3 two-stage unconditional,Bracelet,1071,1.00603
U3 two-stage unconditional,Bracelet,1072,0.999317
U3 two-stage unconditional,Bracelet,1073,1.01556
U3 two-stage unconditional,Bracelet,1074,1.00217
U3 two-stage unconditional,Bracelet,1075,1.01554
U3 two-stage unconditional,Bracelet,1076,1.00981
U3 two-stage unconditional,Bracelet,1077,1.00122
U3 two-stage unconditional,Bracelet,1078,1.00029
U3 two-stage unconditional,Bracelet,1079,1.00082
U3 two-stage unconditional,Bracelet,1080,1.0005
U3 two-stage unconditional,Bracelet,1081,1.00042
U3 two-stage unconditional,Bracelet,1082,1.00894
U3 two-stage unconditional,Bracelet,1083,1.00469
U3 two-stage unconditional,Bracelet,1084,1.00097
U3 two-stage unconditional,Bracelet,1085,1.02088
U3 two-stage unconditional,Bracelet,1086,1
U3 two-stage unconditional,Bracelet,1087,1.03686
U3 two-stage unconditional,Bracelet,1088,1.0492
U3 two-stage unconditional,Bracelet,1089,1.00337
U3 two-stage unconditional,Bracelet,1090,1.00216
U3 two-stage unconditional,Bracelet,1091,1.00133
U3 two-stage unconditional,Bracelet,1092,1.0041
U3 two-stage unconditional,Bracelet,1093,0.999759
U3 two-stage unconditional,Bracelet,1094,1.011
U3 two-stage unconditional,Bracelet,1095,1.01398
U3 two-stage unconditional,Bracelet,1096,1.01512
U3 two-stage unconditional,Bracelet,1097,1.03739
U3 two-stage unconditional,Bracelet,1098,1.00862
U3 two-stage unconditional,Bracelet,1099,1.00089
U3 two-stage unconditional,Bracelet,1100,1.00347
U3 two-stage unconditional,Bracelet,1101,1.00125
U3 two-stage unconditional,Bracelet,1102,1.00021
U3 two-stage unconditional,Bracelet,1103,1.00776
U3 two-stage unconditional,Bracelet,1104,1.00219
U3 two-stage unconditional,Bracelet,1105,1.01072
U3 two-stage unconditional,Bracelet,1106,1.02052
U3 two-stage unconditional,Bracelet,1107,1.00847
U3 two-stage unconditional,Bracelet,1108,1.00676
U3 two-stage unconditional,Bracelet,1109,1.01225
U3 two-stage unconditional,Bracelet,1110,1.01392
U3 two-stage unconditional,Bracelet,1111,1.00446
U3 two-stage unconditional,Bracelet,1112,1.0079
U3 two-stage unconditional,Bracelet,1113,1.00941
U3 two-stage unconditional,Bracelet,1114,1.00283
U3 two-stage unconditional,Bracelet,1115,1.00067
U3 two-stage unconditional,Bracelet,1116,1.00354
U3 two-stage unconditional,Bracelet,1117,1.01016
U3 two-stage unconditional,Bracelet,1118,1.00559
U3 two-stage unconditional,Bracelet,1119,1.00329
U3 two-stage unconditional,Bracelet,1120,0.999317
U3 two-stage unconditional,Bracelet,1121,1.00476
U3 two-stage unconditional,Bracelet,1122,1.00153
U3 two-stage unconditional,Bracelet,1123,1.0121
U3 two-stage unconditional,Bracelet,1124,1.01298
U3 two-stage unconditional,Bracelet,1125,1.00415
U3 two-stage unconditional,Bracelet,1126,1.04468
U3 two-stage unconditional,Bracelet,1127,1.00067
U3 two-stage unconditional,Bracelet,1128,1.00571
U3 two-stage unconditional,Bracelet,1129,1.00313
U3 two-stage unconditional,Bracelet,1130,1.04263
U3 two-stage unconditional,Bracelet,1131,1.00958
U3 two-stage unconditional,Bracelet,1132,1.00206
U3 two-stage unconditional,Bracelet,1133,1.00152
U3 two-stage unconditional,Bracelet,1134,1.01209
U3 two-stage unconditional,Bracelet,1135,1.00002
U3 two-stage unconditional,Bracelet,1136,1.00362
U3 two-stage unconditional,Bracelet,1137,1.00053
U3 two-stage unconditional,Bracelet,1138,1.01101
U3 two-stage unconditional,Bracelet,1139,1.00166
U3 two-stage unconditional,Bracelet,1140,1.00449
U3 two-stage unconditional,Bracelet,1141,1.00055
U3 two-stage unconditional,Bracelet,1142,1.00216
U3 two-stage unconditional,Bracelet,1143,1.00119
U3 two-stage unconditional,Bracelet,1144,0.999695
U3 two-stage unconditional,Bracelet,1145,1.01119
U3 two-stage unconditional,Bracelet,1146,1.00933
U3 two-stage unconditional,Bracelet,1147,1.00181
U3 two-stage unconditional,Bracelet,1148,1.00369
U3 two-stage unconditional,Bracelet,1149,1.00563
U3 two-stage unconditional,Bracelet,1150,1.00517
U3 two-stage unconditional,Bracelet,1151,1.00352
U3 two-stage unconditional,Bracelet,1152,1.00919
U3 two-stage unconditional,Bracelet,1153,1.03201
U3 two-stage unconditional,Bracelet,1154,1.00625
U3 two-stage unconditional,Bracelet,1155,1.00573
U3 two-stage unconditional,Bracelet,1156,1.00413
U3 two-stage unconditional,Bracelet,1157,1.01473
U3 two-stage unconditional,Bracelet,1158,1.00455
U3 two-stage unconditional,Bracelet,1159,1.00182
U3 two-stage unconditional,Bracelet,1160,1.00475
U3 two-stage unconditional,Bracelet,1161,1.0037
U3 two-stage unconditional,Bracelet,1162,1.00163
U3 two-stage unconditional,Bracelet,1163,1.00828
U3 two-stage unconditional,Bracelet,1164,1.00307
U3 two-stage unconditional,Bracelet,1165,1.00142
U3 two-stage unconditional,Bracelet,1166,0.999691
U3 two-stage unconditional,Bracelet,1167,1.00145
U3 two-stage unconditional,Bracelet,1168,1.02516
U3 two-stage unconditional,Bracelet,1169,1.00526
U3 two-stage unconditional,Bracelet,1170,1.01935
U3 two-stage unconditional,Bracelet,1171,1.01944
U3 two-stage unconditional,Bracelet,1172,1.00592
U3 two-stage unconditional,Bracelet,1173,1.00337
U3 two-stage unconditional,Bracelet,1174,1.00533
U3 two-stage unconditional,Bracelet,1175,1.00356
U3 two-stage unconditional,Bracelet,1176,1.00204
U3 two-stage unconditional,Bracelet,1177,1.00368
U3 two-stage unconditional,Bracelet,1178,1.0067
U3 two-stage unconditional,Bracelet,1179,1.01329
U3 two-stage unconditional,Bracelet,1180,1.01252
U3 two-stage unconditional,Bracelet,1181,1.02892
U3 two-stage unconditional,Bracelet,1182,1.00088
U3 two-stage unconditional,Bracelet,1183,1.00073
U3 two-stage unconditional,Bracelet,1184,1.00748
U3 two-stage unconditional,Bracelet,1185,1.01329
U3 two-stage unconditional,Bracelet,1186,1.014
U3 two-stage unconditional,Bracelet,1187,1.04568
U3 two-stage unconditional,Bracelet,1188,1.01558
U3 two-stage unconditional,Bracelet,1189,1.00943
U3 two-stage unconditional,Bracelet,1190,1.03201
U3 two-stage unconditional,Bracelet,1191,1.05517
U3 two-stage unconditional,Bracelet,1192,1.00002
U3 two-stage unconditional,Bracelet,1193,1.00739
U3 two-stage unconditional,Bracelet,1194,1.00541
U3 two-stage unconditional,Bracelet,1195,1.00716
U3 two-stage unconditional,Bracelet,1196,1.0015
U3 two-stage unconditional,Bracelet,1197,1.04181
U3 two-stage unconditional,Bracelet,1198,1.0439
U3 two-stage unconditional,Bracelet,1199,0.996228
U3 two-stage unconditional,Bracelet,1200,1.01228
U3 two-stage unconditional,Bracelet,1201,1.00868
U3 two-stage unconditional,Bracelet,1202,1.00056
U3 two-stage unconditional,Bracelet,1203,1.03479
U3 two-stage unconditional,Bracelet,1204,1.00187
U3 two-stage unconditional,Bracelet,1205,1.00006
U3 two-stage unconditional,Bracelet,1206,1.0021
U3 two-stage unconditional,Bracelet,1207,1.0137100000000001
U3 two-stage unconditional,Bracelet,1208,1.00578
U3 two-stage unconditional,Bracelet,1209,1.00428
U3 two-stage unconditional,Bracelet,1210,1.00268
U3 two-stage unconditional,Bracelet,1211,1.0021
U3 two-stage unconditional,Bracelet,1212,1.00279
U3 two-stage unconditional,Bracelet,1213,0.999283
U3 two-stage unconditional,Bracelet,1214,1.0047
U3 two-stage unconditional,Bracelet,1215,1.0021
U3 two-stage unconditional,Bracelet,1216,1.00209
U3 two-stage unconditional,Bracelet,1217,1.03072
U3 two-stage unconditional,Bracelet,1218,1.01599
U3 two-stage unconditional,Bracelet,1219,1.00075
U3 two-stage unconditional,Bracelet,1220,1.00044
U3 two-stage unconditional,Bracelet,1221,1.00112
U3 two-stage unconditional,Bracelet,1222,1.00857
U3 two-stage unconditional,Bracelet,1223,1.00118
U3 two-stage unconditional,Bracelet,1224,1.00684
U3 two-stage unconditional,Bracelet,1225,1.00469
U3 two-stage unconditional,Bracelet,1226,1.00372
U3 two-stage unconditional,Bracelet,1227,1.01707
U3 two-stage unconditional,Bracelet,1228,1.0037
U3 two-stage unconditional,Bracelet,1229,1.00381
U3 two-stage unconditional,Bracelet,1230,1.00074
U3 two-stage unconditional,Bracelet,1231,1.0041
U3 two-stage unconditional,Bracelet,1232,1.00543
U3 two-stage unconditional,Bracelet,1233,1.00023
U3 two-stage unconditional,Bracelet,1234,1.01202
U3 two-stage unconditional,Bracelet,1235,1.00131
U3 two-stage unconditional,Bracelet,1236,1.01531
U3 two-stage unconditional,Bracelet,1237,1.00727
U3 two-stage unconditional,Bracelet,1238,1.01241
U3 two-stage unconditional,Bracelet,1239,1.02218
U3 two-stage unconditional,Bracelet,1240,1.03636
U3 two-stage unconditional,Bracelet,1241,1.002
U3 two-stage unconditional,Bracelet,1242,1.00353
U3 two-stage unconditional,Bracelet,1243,1.0065
U3 two-stage unconditional,Bracelet,1244,1.01281
U3 two-stage unconditional,Bracelet,1245,0.999871
U3 two-stage unconditional,Bracelet,1246,1.0044
U3 two-stage unconditional,Bracelet,1247,1.00281
U3 two-stage unconditional,Bracelet,1248,1.01345
U3 two-stage unconditional,Bracelet,1249,1.00719
U3 two-stage unconditional,Bracelet,1250,1.00028
U3 two-stage unconditional,Bracelet,1251,1.00678
U3 two-stage unconditional,Bracelet,1252,1.00068
U3 two-stage unconditional,Bracelet,1253,1.0046
U3 two-stage unconditional,Bracelet,1254,1.01034
U3 two-stage unconditional,Bracelet,1255,1.00056
U3 two-stage unconditional,Bracelet,1256,1.00232
U3 two-stage unconditional,Bracelet,1257,1.0025
U3 two-stage unconditional,Bracelet,1258,1.0047
U3 two-stage unconditional,Bracelet,1259,1.00093
U3 two-stage unconditional,Bracelet,1260,1.00597
U3 two-stage unconditional,Bracelet,1261,1.00391
U3 two-stage unconditional,Bracelet,1262,1.00555
U3 two-stage unconditional,Bracelet,1263,1.00755
U3 two-stage unconditional,Bracelet,1264,1.00299
U3 two-stage unconditional,Bracelet,1265,1.00595
U3 two-stage unconditional,Bracelet,1266,0.999835
U3 two-stage unconditional,Bracelet,1267,1.00673
U3 two-stage unconditional,Bracelet,1268,1.00153
U3 two-stage unconditional,Bracelet,1269,1.00161
U3 two-stage unconditional,Bracelet,1270,1.00665
U3 two-stage unconditional,Bracelet,1271,1.0003
U3 two-stage unconditional,Bracelet,1272,1.006
U3 two-stage unconditional,Bracelet,1273,1.00316
U3 two-stage unconditional,Bracelet,1274,1.00558
U3 two-stage unconditional,Bracelet,1275,1.00358
U3 two-stage unconditional,Bracelet,1276,1.01535
U3 two-stage unconditional,Bracelet,1277,1.0087
U3 two-stage unconditional,Bracelet,1278,1.0051
U3 two-stage unconditional,Bracelet,1279,1.03118
U3 two-stage unconditional,Bracelet,1280,1.00745
U3 two-stage unconditional,Bracelet,1281,1.0024
U3 two-stage unconditional,Bracelet,1282,1.01077
U3 two-stage unconditional,Bracelet,1283,1.00011
U3 two-stage unconditional,Bracelet,1284,1.00835
U3 two-stage unconditional,Bracelet,1285,1.00332
U3 two-stage unconditional,Bracelet,1286,1.00635
U3 two-stage unconditional,Bracelet,1287,1.00744
U3 two-stage unconditional,Bracelet,1288,1.00092
U3 two-stage unconditional,Bracelet,1289,1.00483
U3 two-stage unconditional,Bracelet,1290,1.00253
U3 two-stage unconditional,Bracelet,1291,1.00048
U3 two-stage unconditional,Bracelet,1292,1.00359
U3 two-stage unconditional,Bracelet,1293,1.00055
U3 two-stage unconditional,Bracelet,1294,1.00116
U3 two-stage unconditional,Bracelet,1295,0.999966
U3 two-stage unconditional,Bracelet,1296,1.00821
U3 two-stage unconditional,Bracelet,1297,1.04088
U3 two-stage unconditional,Bracelet,1298,1.0061
U3 two-stage unconditional,Bracelet,1299,1.00375
U3 two-stage unconditional,Bracelet,1300,1.00685
U3 two-stage unconditional,Bracelet,1301,1.02657
U3 two-stage unconditional,Bracelet,1302,1.01808
U3 two-stage unconditional,Bracelet,1303,1.01675
U3 two-stage unconditional,Bracelet,1304,1.00966
U3 two-stage unconditional,Bracelet,1305,1.00031
U3 two-stage unconditional,Bracelet,1306,1.00014
U3 two-stage unconditional,Bracelet,1307,1.00414
U3 two-stage unconditional,Bracelet,1308,1.00244
U3 two-stage unconditional,Bracelet,1309,1.00132
U3 two-stage unconditional,Bracelet,1310,1.0017
U3 two-stage unconditional,Bracelet,1311,1.00232
U3 two-stage unconditional,Bracelet,1312,1.00392
U3 two-stage unconditional,Bracelet,1313,1.01097
U3 two-stage unconditional,Bracelet,1314,1.00684
U3 two-stage unconditional,Bracelet,1315,1.00178
U3 two-stage unconditional,Bracelet,1316,0.998003
U3 two-stage unconditional,Bracelet,1317,1.00271
U3 two-stage unconditional,Bracelet,1318,0.996446
U3 two-stage unconditional,Bracelet,1319,1.00108
U3 two-stage unconditional,Bracelet,1320,1.0179
U3 two-stage unconditional,Bracelet,1321,1.01818
U3 two-stage unconditional,Bracelet,1322,1.02317
U3 two-stage unconditional,Bracelet,1323,1.02149
U3 two-stage unconditional,Bracelet,1324,1.01455
U3 two-stage unconditional,Bracelet,1325,1.04344
U3 two-stage unconditional,Bracelet,1326,1.00302
U3 two-stage unconditional,Bracelet,1327,1.00026
U3 two-stage unconditional,Bracelet,1328,1.00101
U3 two-stage unconditional,Bracelet,1329,1.00076
U3 two-stage unconditional,Bracelet,1330,1.00353
U3 two-stage unconditional,Bracelet,1331,1.00901
U3 two-stage unconditional,Bracelet,1332,1.00324
U3 two-stage unconditional,Bracelet,1333,0.999773
U3 two-stage unconditional,Bracelet,1334,1.00017
U3 two-stage unconditional,Bracelet,1335,1.00445
U3 two-stage unconditional,Bracelet,1336,1.03748
U3 two-stage unconditional,Bracelet,1337,0.999973
U3 two-stage unconditional,Bracelet,1338,1.00621
U3 two-stage unconditional,Bracelet,1339,1.0209
U3 two-stage unconditional,Bracelet,1340,1.03227
U3 two-stage unconditional,Bracelet,1341,1.01439
U3 two-stage unconditional,Bracelet,1342,1.00967
U3 two-stage unconditional,Bracelet,1343,1.00215
U3 two-stage unconditional,Bracelet,1344,1.00426
U3 two-stage unconditional,Bracelet,1345,1.0028
U3 two-stage unconditional,Bracelet,1346,1.00025
U3 two-stage unconditional,Bracelet,1347,1.00044
U3 two-stage unconditional,Bracelet,1348,1.00834
U3 two-stage unconditional,Bracelet,1349,1.01002
U3 two-stage unconditional,Bracelet,1350,1.00868
U3 two-stage unconditional,Bracelet,1351,1.02836
U3 two-stage unconditional,Bracelet,1352,1.00487
U3 two-stage unconditional,Bracelet,1353,1.00191
U3 two-stage unconditional,Bracelet,1354,0.99909
U3 two-stage unconditional,Bracelet,1355,1.01333
U3 two-stage unconditional,Bracelet,1356,1.00228
U3 two-stage unconditional,Bracelet,1357,1.00083
U3 two-stage unconditional,Bracelet,1358,1.0028
U3 two-stage unconditional,Bracelet,1359,1.00582
U3 two-stage unconditional,Bracelet,1360,1.00326
U3 two-stage unconditional,Bracelet,1361,1.01303
U3 two-stage unconditional,Bracelet,1362,1.01662
U3 two-stage unconditional,Bracelet,1363,0.99932
U3 two-stage unconditional,Bracelet,1364,0.99135
U3 two-stage unconditional,Bracelet,1365,1.00841
U3 two-stage unconditional,Bracelet,1366,1.01059
U3 two-stage unconditional,Bracelet,1367,0.998737
U3 two-stage unconditional,Bracelet,1368,1.02175
U3 two-stage unconditional,Bracelet,1369,1.01911
U3 two-stage unconditional,Bracelet,1370,1.00204
U3 two-stage unconditional,Bracelet,1371,1.00182
U3 two-stage unconditional,Bracelet,1372,1.02418
U3 two-stage unconditional,Bracelet,1373,1.00238
U3 two-stage unconditional,Bracelet,1374,1.00141
U3 two-stage unconditional,Bracelet,1375,1.03269
U3 two-stage unconditional,Bracelet,1376,1.00312
U3 two-stage unconditional,Bracelet,1377,1.01309
U3 two-stage unconditional,Bracelet,1378,1.01767
U3 two-stage unconditional,Bracelet,1379,1.00232
U3 two-stage unconditional,Bracelet,1380,1.00007
U3 two-stage unconditional,Bracelet,1381,1.00196
U3 two-stage unconditional,Bracelet,1382,1.00062
U3 two-stage unconditional,Bracelet,1383,0.997812
U3 two-stage unconditional,Bracelet,1384,1.00022
U3 two-stage unconditional,Bracelet,1385,0.999378
U3 two-stage unconditional,Bracelet,1386,1.00209
U3 two-stage unconditional,Bracelet,1387,1.00474
U3 two-stage unconditional,Bracelet,1388,1.00046
U3 two-stage unconditional,Bracelet,1389,1.00071
U3 two-stage unconditional,Bracelet,1390,0.999953
U3 two-stage unconditional,Bracelet,1391,1.00489
U3 two-stage unconditional,Bracelet,1392,1.00354
U3 two-stage unconditional,Bracelet,1393,1.00337
U3 two-stage unconditional,Bracelet,1394,1.00223
U3 two-stage unconditional,Bracelet,1395,0.999971
U3 two-stage unconditional,Bracelet,1396,1.00032
U3 two-stage unconditional,Bracelet,1397,0.99701
U3 two-stage unconditional,Bracelet,1398,0.99995
U3 two-stage unconditional,Bracelet,1399,1.00475
U3 two-stage unconditional,Bracelet,1400,1.0071
U3 two-stage unconditional,Bracelet,1401,1.00526
U3 two-stage unconditional,Bracelet,1402,1.01142
U3 two-stage unconditional,Bracelet,1403,1.00069
U3 two-stage unconditional,Bracelet,1404,1.00422
U3 two-stage unconditional,Bracelet,1405,1.00309
U3 two-stage unconditional,Bracelet,1406,1.00248
U3 two-stage unconditional,Bracelet,1407,1.01699
U3 two-stage unconditional,Bracelet,1408,1.00017
U3 two-stage unconditional,Bracelet,1409,1.00021
U3 two-stage unconditional,Bracelet,1410,1.00045
U3 two-stage unconditional,Bracelet,1411,1.00007
U3 two-stage unconditional,Bracelet,1412,0.999861
U3 two-stage unconditional,Bracelet,1413,1.00009
U3 two-stage unconditional,Bracelet,1414,1.00012
U3 two-stage unconditional,Bracelet,1415,1.00039
U3 two-stage unconditional,Bracelet,1416,1.00125
U3 two-stage unconditional,Bracelet,1417,1.00046
U3 two-stage unconditional,Bracelet,1418,1.00153
U3 two-stage unconditional,Bracelet,1419,1.00238
U3 two-stage unconditional,Bracelet,1420,1.02558
U3 two-stage unconditional,Bracelet,1421,1.00934
U3 two-stage unconditional,Bracelet,1422,1.00207
U3 two-stage unconditional,Bracelet,1423,1.0033
U3 two-stage unconditional,Bracelet,1424,1.00038
U3 two-stage unconditional,Bracelet,1425,1.00315
U3 two-stage unconditional,Bracelet,1426,1.01519
U3 two-stage unconditional,Bracelet,1427,1.01114
U3 two-stage unconditional,Bracelet,1428,1.00954
U3 two-stage unconditional,Bracelet,1429,1.00949
U3 two-stage unconditional,Bracelet,1430,1.00247
U3 two-stage unconditional,Bracelet,1431,1.00135
U3 two-stage unconditional,Bracelet,1432,1.00067
U3 two-stage unconditional,Bracelet,1433,1.00064
U3 two-stage unconditional,Bracelet,1434,1.00069
U3 two-stage unconditional,Bracelet,1435,1.0043
U3 two-stage unconditional,Bracelet,1436,1.00007
U3 two-stage unconditional,Bracelet,1437,1.00086
U3 two-stage unconditional,Bracelet,1438,1.002
U3 two-stage unconditional,Bracelet,1439,0.999877
U3 two-stage unconditional,Bracelet,1440,1.0007
U3 two-stage unconditional,Bracelet,1441,1.0004
U3 two-stage unconditional,Bracelet,1442,1.00554
U3 two-stage unconditional,Bracelet,1443,1.00354
U3 two-stage unconditional,Bracelet,1444,1.0141
U3 two-stage unconditional,Bracelet,1445,1.00428
U3 two-stage unconditional,Bracelet,1446,1.01356
U3 two-stage unconditional,Bracelet,1447,1.00013
U3 two-stage unconditional,Bracelet,1448,1.00148
U3 two-stage unconditional,Bracelet,1449,1.00129
U3 two-stage unconditional,Bracelet,1450,1.00413
U3 two-stage unconditional,Bracelet,1451,1.02571
U3 two-stage unconditional,Bracelet,1452,1.01525
U3 two-stage unconditional,Bracelet,1453,1.0127
U3 two-stage unconditional,Bracelet,1454,1.00349
U3 two-stage unconditional,Bracelet,1455,1.01904
U3 two-stage unconditional,Bracelet,1456,1.00271
U3 two-stage unconditional,Bracelet,1457,1.00083
U3 two-stage unconditional,Bracelet,1458,1.00075
U3 two-stage unconditional,Bracelet,1459,1.00011
U3 two-stage unconditional,Bracelet,1460,1.00141
U3 two-stage unconditional,Bracelet,1461,1.01461
U3 two-stage unconditional,Bracelet,1462,1.00087
U3 two-stage unconditional,Bracelet,1463,1.00906
U3 two-stage unconditional,Bracelet,1464,1.01126
U3 two-stage unconditional,Bracelet,1465,1.00235
U3 two-stage unconditional,Bracelet,1466,1.00636
U3 two-stage unconditional,Bracelet,1467,1.03232
U3 two-stage unconditional,Bracelet,1468,1.00381
U3 two-stage unconditional,Bracelet,1469,1.00741
U3 two-stage unconditional,Bracelet,1470,1.00374
U3 two-stage unconditional,Bracelet,1471,1.00523
U3 two-stage unconditional,Bracelet,1472,1.00221
U3 two-stage unconditional,Bracelet,1473,1.00493
U3 two-stage unconditional,Bracelet,1474,1.00156
U3 two-stage unconditional,Bracelet,1475,1.0047
U3 two-stage unconditional,Bracelet,1476,1.02768
U3 two-stage unconditional,Bracelet,1477,0.995536
U3 two-stage unconditional,Bracelet,1478,1.01256
U3 two-stage unconditional,Bracelet,1479,1.02924
U3 two-stage unconditional,Bracelet,1480,1.02344
U3 two-stage unconditional,Bracelet,1481,1.00034
U3 two-stage unconditional,Bracelet,1482,1.007
U3 two-stage unconditional,Bracelet,1483,0.994487
U3 two-stage unconditional,Bracelet,1484,1.00077
U3 two-stage unconditional,Bracelet,1485,1.00369
U3 two-stage unconditional,Bracelet,1486,1.00066
U3 two-stage unconditional,Bracelet,1487,1.00709
U3 two-stage unconditional,Bracelet,1488,1.0060500000000001
U3 two-stage unconditional,Bracelet,1489,1.00406
U3 two-stage unconditional,Bracelet,1490,1.00359
U3 two-stage unconditional,Bracelet,1491,1.0055
U3 two-stage unconditional,Bracelet,1492,1.00005
U3 two-stage unconditional,Bracelet,1493,1.0002
U3 two-stage unconditional,Bracelet,1494,1.02927
U3 two-stage unconditional,Bracelet,1495,1.02997
U3 two-stage unconditional,Bracelet,1496,1.01335
U3 two-stage unconditional,Bracelet,1497,1.00464
U3 two-stage unconditional,Bracelet,1498,1.00357
U3 two-stage unconditional,Bracelet,1499,1.00351
U3 two-stage unconditional,Bracelet,1500,0.998281
U3 two-stage unconditional,Bracelet,1501,1.00433
U3 two-stage unconditional,Bracelet,1502,1.00258
U3 two-stage unconditional,Bracelet,1503,1.00157
U3 two-stage unconditional,Bracelet,1504,1.00316
U3 two-stage unconditional,Bracelet,1505,0.999713
U3 two-stage unconditional,Bracelet,1506,1.00647
U3 two-stage unconditional,Bracelet,1507,1.0098800000000001
U3 two-stage unconditional,Bracelet,1508,1.0199
U3 two-stage unconditional,Bracelet,1509,1.00577
U3 two-stage unconditional,Bracelet,1510,1.00304
U3 two-stage unconditional,Bracelet,1511,1.00049
U3 two-stage unconditional,Bracelet,1512,1.00161
U3 two-stage unconditional,Bracelet,1513,1.00047
U3 two-stage unconditional,Bracelet,1514,1.01064
U3 two-stage unconditional,Bracelet,1515,1.03357
U3 two-stage unconditional,Bracelet,1516,1.02593
U3 two-stage unconditional,Bracelet,1517,1.0274
U3 two-stage unconditional,Bracelet,1518,1.02102
U3 two-stage unconditional,Bracelet,1519,1.00015
U3 two-stage unconditional,Bracelet,1520,1.00761
U3 two-stage unconditional,Bracelet,1521,1.01143
U3 two-stage unconditional,Bracelet,1522,1.00898
U3 two-stage unconditional,Bracelet,1523,1.00132
U3 two-stage unconditional,Bracelet,1524,1.00183
U3 two-stage unconditional,Bracelet,1525,0.999477
U3 two-stage unconditional,Bracelet,1526,1.02316
U3 two-stage unconditional,Bracelet,1527,1.00016
U3 two-stage unconditional,Bracelet,1528,1.01727
U3 two-stage unconditional,Bracelet,1529,1.00055
U3 two-stage unconditional,Bracelet,1530,1.00335
U3 two-stage unconditional,Bracelet,1531,1.00143
U3 two-stage unconditional,Bracelet,1532,1.00165
U3 two-stage unconditional,Bracelet,1533,1.00438
U3 two-stage unconditional,Bracelet,1534,1.00017
U3 two-stage unconditional,Bracelet,1535,1.00102
U3 two-stage unconditional,Bracelet,1536,1.02204
U3 two-stage unconditional,Bracelet,1537,1.00383
U3 two-stage unconditional,Bracelet,1538,1.00325
U3 two-stage unconditional,Bracelet,1539,1.00357
U3 two-stage unconditional,Bracelet,1540,1.00175
U3 two-stage unconditional,Bracelet,1541,0.999412
U3 two-stage unconditional,Bracelet,1542,1.0109
U3 two-stage unconditional,Bracelet,1543,1.00671
U3 two-stage unconditional,Bracelet,1544,1.01228
U3 two-stage unconditional,Bracelet,1545,1.00816
U3 two-stage unconditional,Bracelet,1546,1.00035
U3 two-stage unconditional,Bracelet,1547,1.00047
U3 two-stage unconditional,Bracelet,1548,1.01221
U3 two-stage unconditional,Bracelet,1549,1.00199
U3 two-stage unconditional,Bracelet,1550,1.00303
U3 two-stage unconditional,Bracelet,1551,1.00498
U3 two-stage unconditional,Bracelet,1552,1.00574
U3 two-stage unconditional,Bracelet,1553,1.01057
U3 two-stage unconditional,Bracelet,1554,1.00146
U3 two-stage unconditional,Bracelet,1555,1.00709
U3 two-stage unconditional,Bracelet,1556,1.00331
U3 two-stage unconditional,Bracelet,1557,1.00404
U3 two-stage unconditional,Bracelet,1558,1.00368
U3 two-stage unconditional,Bracelet,1559,1.00603
U3 two-stage unconditional,Bracelet,1560,1.00358
U3 two-stage unconditional,Bracelet,1561,1.01074
U3 two-stage unconditional,Bracelet,1562,1.00798
U3 two-stage unconditional,Bracelet,1563,0.99579
U3 two-stage unconditional,Bracelet,1564,1.00479
U3 two-stage unconditional,Bracelet,1565,1.02701
U3 two-stage unconditional,Bracelet,1566,1.00394
U3 two-stage unconditional,Bracelet,1567,1.03739
U3 two-stage unconditional,Bracelet,1568,1.00932
U3 two-stage unconditional,Bracelet,1569,1.00004
U3 two-stage unconditional,Bracelet,1570,1.00986
U3 two-stage unconditional,Bracelet,1571,1.00105
U3 two-stage unconditional,Bracelet,1572,1.00645
U3 two-stage unconditional,Bracelet,1573,1.00641
U3 two-stage unconditional,Bracelet,1574,1.0063
U3 two-stage unconditional,Bracelet,1575,1.00365
U3 two-stage unconditional,Bracelet,1576,1.00314
U3 two-stage unconditional,Bracelet,1577,0.995697
U3 two-stage unconditional,Bracelet,1578,1.00242
U3 two-stage unconditional,Bracelet,1579,1.00608
U3 two-stage unconditional,Bracelet,1580,1.00518
U3 two-stage unconditional,Bracelet,1581,1.00221
U3 two-stage unconditional,Bracelet,1582,1.00426
U3 two-stage unconditional,Bracelet,1583,1.00227
U3 two-stage unconditional,Bracelet,1584,1.00224
U3 two-stage unconditional,Bracelet,1585,1.00206
U3 two-stage unconditional,Bracelet,1586,0.992576
U3 two-stage unconditional,Bracelet,1587,0.997718
U3 two-stage unconditional,Bracelet,1588,1.00712
U3 two-stage unconditional,Bracelet,1589,1.00425
U3 two-stage unconditional,Bracelet,1590,1.00119
U3 two-stage unconditional,Bracelet,1591,1.00075
U3 two-stage unconditional,Bracelet,1592,1.00578
U3 two-stage unconditional,Bracelet,1593,1.00122
U3 two-stage unconditional,Bracelet,1594,1.00134
U3 two-stage unconditional,Bracelet,1595,1.00575
U3 two-stage unconditional,Bracelet,1596,1.00155
U3 two-stage unconditional,Bracelet,1597,1.0183
U3 two-stage unconditional,Bracelet,1598,1.00304
U3 two-stage unconditional,Bracelet,1599,1.00596
U3 two-stage unconditional,Bracelet,1600,1.00904
