"draw","replicate","scenario_id","scenario","scenario_label","status","solver_status","elapsed_seconds","n_pot","mean_demand","mean_distance","achieved_welfare","target_welfare"
1,1,0,"experimental","Control","complete",NA,NA,144,0.350853367264253,1176.2046829448,50.5228848860524,47.1206914684204
2,2,0,"experimental","Control","complete",NA,NA,144,0.316714582393552,1176.2046829448,45.6068998646715,47.1206914684204
3,3,0,"experimental","Control","complete",NA,NA,144,0.373548035777491,1176.2046829448,53.7909171519587,47.1206914684204
4,4,0,"experimental","Control","complete",NA,NA,144,0.357055460488413,1176.2046829448,51.4159863103314,47.1206914684204
5,5,0,"experimental","Control","complete",NA,NA,144,0.316725171607358,1176.2046829448,45.6084247114595,47.1206914684204
6,6,0,"experimental","Control","complete",NA,NA,144,0.348356970607776,1176.2046829448,50.1634037675197,47.1206914684204
7,7,0,"experimental","Control","complete",NA,NA,144,0.340355733891976,1176.2046829448,49.0112256804446,47.1206914684204
8,8,0,"experimental","Control","complete",NA,NA,144,0.316415969501197,1176.2046829448,45.5638996081724,47.1206914684204
9,9,0,"experimental","Control","complete",NA,NA,144,0.326406330349535,1176.2046829448,47.0025115703331,47.1206914684204
10,10,0,"experimental","Control","complete",NA,NA,144,0.3590776941971,1176.2046829448,51.7071879643824,47.1206914684204
11,11,0,"experimental","Control","complete",NA,NA,144,0.334543893401001,1176.2046829448,48.1743206497441,47.1206914684204
12,12,0,"experimental","Control","complete",NA,NA,144,0.317188009983015,1176.2046829448,45.6750734375542,47.1206914684204
13,13,0,"experimental","Control","complete",NA,NA,144,0.314952527684714,1176.2046829448,45.3531639865988,47.1206914684204
14,14,0,"experimental","Control","complete",NA,NA,144,0.328807130452681,1176.2046829448,47.348226785186,47.1206914684204
15,15,0,"experimental","Control","complete",NA,NA,144,0.309636113910763,1176.2046829448,44.5876004031499,47.1206914684204
16,16,0,"experimental","Control","complete",NA,NA,144,0.313643477834543,1176.2046829448,45.1646608081742,47.1206914684204
17,17,0,"experimental","Control","complete",NA,NA,144,0.331556562744649,1176.2046829448,47.7441450352294,47.1206914684204
18,18,0,"experimental","Control","complete",NA,NA,144,0.306551671934155,1176.2046829448,44.1434407585184,47.1206914684204
19,19,0,"experimental","Control","complete",NA,NA,144,0.310603176140899,1176.2046829448,44.7268573642894,47.1206914684204
20,20,0,"experimental","Control","complete",NA,NA,144,0.33996785659462,1176.2046829448,48.9553713496253,47.1206914684204
21,21,0,"experimental","Control","complete",NA,NA,144,0.329859652948698,1176.2046829448,47.4997900246125,47.1206914684204
22,22,0,"experimental","Control","complete",NA,NA,144,0.368936071785286,1176.2046829448,53.1267943370811,47.1206914684204
23,23,0,"experimental","Control","complete",NA,NA,144,0.327334181565146,1176.2046829448,47.136122145381,47.1206914684204
24,24,0,"experimental","Control","complete",NA,NA,144,0.341416123600846,1176.2046829448,49.1639217985218,47.1206914684204
25,25,0,"experimental","Control","complete",NA,NA,144,0.315642016985907,1176.2046829448,45.4524504459707,47.1206914684204
26,26,0,"experimental","Control","complete",NA,NA,144,0.323675951280546,1176.2046829448,46.6093369843986,47.1206914684204
27,27,0,"experimental","Control","complete",NA,NA,144,0.351411090728175,1176.2046829448,50.6031970648572,47.1206914684204
28,28,0,"experimental","Control","complete",NA,NA,144,0.33173373964312,1176.2046829448,47.7696585086093,47.1206914684204
29,29,0,"experimental","Control","complete",NA,NA,144,0.345053918547697,1176.2046829448,49.6877642708684,47.1206914684204
30,30,0,"experimental","Control","complete",NA,NA,144,0.351192448969579,1176.2046829448,50.5717126516193,47.1206914684204
31,31,0,"experimental","Control","complete",NA,NA,144,0.304804646801217,1176.2046829448,43.8918691393753,47.1206914684204
32,32,0,"experimental","Control","complete",NA,NA,144,0.360796155391157,1176.2046829448,51.9546463763266,47.1206914684204
33,33,0,"experimental","Control","complete",NA,NA,144,0.312484710069533,1176.2046829448,44.9977982500128,47.1206914684204
34,34,0,"experimental","Control","complete",NA,NA,144,0.348218278887682,1176.2046829448,50.1434321598263,47.1206914684204
35,35,0,"experimental","Control","complete",NA,NA,144,0.341314976071435,1176.2046829448,49.1493565542867,47.1206914684204
36,36,0,"experimental","Control","complete",NA,NA,144,0.342847398457117,1176.2046829448,49.3700253778248,47.1206914684204
37,37,0,"experimental","Control","complete",NA,NA,144,0.373161786993192,1176.2046829448,53.7352973270197,47.1206914684204
38,38,0,"experimental","Control","complete",NA,NA,144,0.334887480337227,1176.2046829448,48.2237971685607,47.1206914684204
39,39,0,"experimental","Control","complete",NA,NA,144,0.333738664843446,1176.2046829448,48.0583677374562,47.1206914684204
40,40,0,"experimental","Control","complete",NA,NA,144,0.382366525539707,1176.2046829448,55.0607796777178,47.1206914684204
41,41,0,"experimental","Control","complete",NA,NA,144,0.307426189099743,1176.2046829448,44.269371230363,47.1206914684204
42,42,0,"experimental","Control","complete",NA,NA,144,0.299446650759704,1176.2046829448,43.1203177093974,47.1206914684204
43,43,0,"experimental","Control","complete",NA,NA,144,0.352716875061883,1176.2046829448,50.7912300089112,47.1206914684204
44,44,0,"experimental","Control","complete",NA,NA,144,0.30207681201163,1176.2046829448,43.4990609296748,47.1206914684204
45,45,0,"experimental","Control","complete",NA,NA,144,0.303643059575791,1176.2046829448,43.724600578914,47.1206914684204
46,46,0,"experimental","Control","complete",NA,NA,144,0.349372576499684,1176.2046829448,50.3096510159545,47.1206914684204
47,47,0,"experimental","Control","complete",NA,NA,144,0.354278865241493,1176.2046829448,51.016156594775,47.1206914684204
48,48,0,"experimental","Control","complete",NA,NA,144,0.323922617528214,1176.2046829448,46.6448569240629,47.1206914684204
49,49,0,"experimental","Control","complete",NA,NA,144,0.30984010527432,1176.2046829448,44.6169751595021,47.1206914684204
50,50,0,"experimental","Control","complete",NA,NA,144,0.352164620091849,1176.2046829448,50.7117052932263,47.1206914684204
51,51,0,"experimental","Control","complete",NA,NA,144,0.314169561862,1176.2046829448,45.240416908128,47.1206914684204
52,52,0,"experimental","Control","complete",NA,NA,144,0.328957532079384,1176.2046829448,47.3698846194313,47.1206914684204
53,53,0,"experimental","Control","complete",NA,NA,144,0.331486737392228,1176.2046829448,47.7340901844808,47.1206914684204
54,54,0,"experimental","Control","complete",NA,NA,144,0.363948126394863,1176.2046829448,52.4085302008602,47.1206914684204
55,55,0,"experimental","Control","complete",NA,NA,144,0.303093217770107,1176.2046829448,43.6454233588953,47.1206914684204
56,56,0,"experimental","Control","complete",NA,NA,144,0.364471679174927,1176.2046829448,52.4839218011895,47.1206914684204
57,57,0,"experimental","Control","complete",NA,NA,144,0.370864480877551,1176.2046829448,53.4044852463674,47.1206914684204
58,58,0,"experimental","Control","complete",NA,NA,144,0.332164642879773,1176.2046829448,47.8317085746873,47.1206914684204
59,59,0,"experimental","Control","complete",NA,NA,144,0.344938883144687,1176.2046829448,49.6711991728349,47.1206914684204
60,60,0,"experimental","Control","complete",NA,NA,144,0.316813953768307,1176.2046829448,45.6212093426362,47.1206914684204
61,61,0,"experimental","Control","complete",NA,NA,144,0.298349139513883,1176.2046829448,42.9622760899992,47.1206914684204
62,62,0,"experimental","Control","complete",NA,NA,144,0.302755268236166,1176.2046829448,43.5967586260079,47.1206914684204
63,63,0,"experimental","Control","complete",NA,NA,144,0.298559912734525,1176.2046829448,42.9926274337716,47.1206914684204
64,64,0,"experimental","Control","complete",NA,NA,144,0.343474034888626,1176.2046829448,49.4602610239622,47.1206914684204
65,65,0,"experimental","Control","complete",NA,NA,144,0.3264973308643,1176.2046829448,47.0156156444592,47.1206914684204
66,66,0,"experimental","Control","complete",NA,NA,144,0.35090847752631,1176.2046829448,50.5308207637886,47.1206914684204
67,67,0,"experimental","Control","complete",NA,NA,144,0.324044394702702,1176.2046829448,46.662392837189,47.1206914684204
68,68,0,"experimental","Control","complete",NA,NA,144,0.355779744990412,1176.2046829448,51.2322832786193,47.1206914684204
69,69,0,"experimental","Control","complete",NA,NA,144,0.446982212769009,1176.2046829448,64.3654386387373,47.1206914684204
70,70,0,"experimental","Control","complete",NA,NA,144,0.334687014153912,1176.2046829448,48.1949300381633,47.1206914684204
71,71,0,"experimental","Control","complete",NA,NA,144,0.318431639854051,1176.2046829448,45.8541561389834,47.1206914684204
72,72,0,"experimental","Control","complete",NA,NA,144,0.32083827172912,1176.2046829448,46.2007111289933,47.1206914684204
73,73,0,"experimental","Control","complete",NA,NA,144,0.331523730346435,1176.2046829448,47.7394171698866,47.1206914684204
74,74,0,"experimental","Control","complete",NA,NA,144,0.307461459625109,1176.2046829448,44.2744501860157,47.1206914684204
75,75,0,"experimental","Control","complete",NA,NA,144,0.331774710771405,1176.2046829448,47.7755583510823,47.1206914684204
76,77,0,"experimental","Control","complete",NA,NA,144,0.356300531948347,1176.2046829448,51.307276600562,47.1206914684204
77,78,0,"experimental","Control","complete",NA,NA,144,0.318339031533417,1176.2046829448,45.840820540812,47.1206914684204
78,79,0,"experimental","Control","complete",NA,NA,144,0.32267171327106,1176.2046829448,46.4647267110326,47.1206914684204
79,80,0,"experimental","Control","complete",NA,NA,144,0.325101632293191,1176.2046829448,46.8146350502195,47.1206914684204
80,81,0,"experimental","Control","complete",NA,NA,144,0.314989247096772,1176.2046829448,45.3584515819352,47.1206914684204
81,82,0,"experimental","Control","complete",NA,NA,144,0.319462753818734,1176.2046829448,46.0026365498978,47.1206914684204
82,83,0,"experimental","Control","complete",NA,NA,144,0.356156182491046,1176.2046829448,51.2864902787107,47.1206914684204
83,84,0,"experimental","Control","complete",NA,NA,144,0.299299315515088,1176.2046829448,43.0991014341727,47.1206914684204
84,85,0,"experimental","Control","complete",NA,NA,144,0.307043509440867,1176.2046829448,44.2142653594849,47.1206914684204
85,86,0,"experimental","Control","complete",NA,NA,144,0.325460827590435,1176.2046829448,46.8663591730226,47.1206914684204
86,87,0,"experimental","Control","complete",NA,NA,144,0.263772040684012,1176.2046829448,37.9831738584977,47.1206914684204
87,88,0,"experimental","Control","complete",NA,NA,144,0.318208729305979,1176.2046829448,45.8220570200609,47.1206914684204
88,89,0,"experimental","Control","complete",NA,NA,144,0.324149218840416,1176.2046829448,46.6774875130199,47.1206914684204
89,90,0,"experimental","Control","complete",NA,NA,144,0.331329990411155,1176.2046829448,47.7115186192064,47.1206914684204
90,91,0,"experimental","Control","complete",NA,NA,144,0.324494004550564,1176.2046829448,46.7271366552812,47.1206914684204
91,92,0,"experimental","Control","complete",NA,NA,144,0.341260427285414,1176.2046829448,49.1415015290997,47.1206914684204
92,93,0,"experimental","Control","complete",NA,NA,144,0.314862437375886,1176.2046829448,45.3401909821277,47.1206914684204
93,94,0,"experimental","Control","complete",NA,NA,144,0.349602706809726,1176.2046829448,50.3427897806005,47.1206914684204
94,95,0,"experimental","Control","complete",NA,NA,144,0.290410577003263,1176.2046829448,41.8191230884699,47.1206914684204
95,96,0,"experimental","Control","complete",NA,NA,144,0.327287006630313,1176.2046829448,47.129328954765,47.1206914684204
96,97,0,"experimental","Control","complete",NA,NA,144,0.331535447551613,1176.2046829448,47.7411044474322,47.1206914684204
97,98,0,"experimental","Control","complete",NA,NA,144,0.361928067662328,1176.2046829448,52.1176417433752,47.1206914684204
98,99,0,"experimental","Control","complete",NA,NA,144,0.314051208183451,1176.2046829448,45.223373978417,47.1206914684204
99,100,0,"experimental","Control","complete",NA,NA,144,0.337295409956781,1176.2046829448,48.5705390337764,47.1206914684204
100,101,0,"experimental","Control","complete",NA,NA,144,0.337364499023024,1176.2046829448,48.5804878593154,47.1206914684204
101,102,0,"experimental","Control","complete",NA,NA,144,0.272285027297082,1176.2046829448,39.2090439307797,47.1206914684204
102,103,0,"experimental","Control","complete",NA,NA,144,0.356241065531385,1176.2046829448,51.2987134365194,47.1206914684204
103,104,0,"experimental","Control","complete",NA,NA,144,0.333826682931984,1176.2046829448,48.0710423422057,47.1206914684204
104,105,0,"experimental","Control","complete",NA,NA,144,0.289027213248081,1176.2046829448,41.6199187077237,47.1206914684204
105,106,0,"experimental","Control","complete",NA,NA,144,0.322982934011603,1176.2046829448,46.5095424976708,47.1206914684204
106,107,0,"experimental","Control","complete",NA,NA,144,0.361412646115164,1176.2046829448,52.0434210405836,47.1206914684204
107,108,0,"experimental","Control","complete",NA,NA,144,0.356885845930558,1176.2046829448,51.3915618140003,47.1206914684204
108,109,0,"experimental","Control","complete",NA,NA,144,0.302187710794456,1176.2046829448,43.5150303544017,47.1206914684204
109,110,0,"experimental","Control","complete",NA,NA,144,0.333911830665763,1176.2046829448,48.0833036158699,47.1206914684204
110,111,0,"experimental","Control","complete",NA,NA,144,0.347187561084185,1176.2046829448,49.9950087961226,47.1206914684204
111,112,0,"experimental","Control","complete",NA,NA,144,0.335084739788577,1176.2046829448,48.2522025295551,47.1206914684204
112,113,0,"experimental","Control","complete",NA,NA,144,0.300122983845713,1176.2046829448,43.2177096737827,47.1206914684204
113,114,0,"experimental","Control","complete",NA,NA,144,0.315682471273137,1176.2046829448,45.4582758633318,47.1206914684204
114,115,0,"experimental","Control","complete",NA,NA,144,0.318954810411352,1176.2046829448,45.9294926992346,47.1206914684204
115,116,0,"experimental","Control","complete",NA,NA,144,0.358077588927095,1176.2046829448,51.5631728055016,47.1206914684204
116,117,0,"experimental","Control","complete",NA,NA,144,0.350919365843904,1176.2046829448,50.5323886815222,47.1206914684204
117,118,0,"experimental","Control","complete",NA,NA,144,0.319886350660685,1176.2046829448,46.0636344951386,47.1206914684204
118,119,0,"experimental","Control","complete",NA,NA,144,0.313435523606047,1176.2046829448,45.1347153992708,47.1206914684204
119,120,0,"experimental","Control","complete",NA,NA,144,0.350874959524863,1176.2046829448,50.5259941715803,47.1206914684204
120,121,0,"experimental","Control","complete",NA,NA,144,0.307610680152166,1176.2046829448,44.2959379419119,47.1206914684204
121,122,0,"experimental","Control","complete",NA,NA,144,0.318843281220606,1176.2046829448,45.9134324957672,47.1206914684204
122,123,0,"experimental","Control","complete",NA,NA,144,0.337578042507389,1176.2046829448,48.611238121064,47.1206914684204
123,124,0,"experimental","Control","complete",NA,NA,144,0.354132850420648,1176.2046829448,50.9951304605733,47.1206914684204
124,127,0,"experimental","Control","complete",NA,NA,144,0.336311387037336,1176.2046829448,48.4288397333763,47.1206914684204
125,128,0,"experimental","Control","complete",NA,NA,144,0.286584764495095,1176.2046829448,41.2682060872937,47.1206914684204
126,129,0,"experimental","Control","complete",NA,NA,144,0.343291301516835,1176.2046829448,49.4339474184243,47.1206914684204
127,130,0,"experimental","Control","complete",NA,NA,144,0.345007083489434,1176.2046829448,49.6810200224785,47.1206914684204
128,131,0,"experimental","Control","complete",NA,NA,144,0.319505645896878,1176.2046829448,46.0088130091504,47.1206914684204
129,132,0,"experimental","Control","complete",NA,NA,144,0.32224226417101,1176.2046829448,46.4028860406255,47.1206914684204
130,133,0,"experimental","Control","complete",NA,NA,144,0.371177339812233,1176.2046829448,53.4495369329616,47.1206914684204
131,134,0,"experimental","Control","complete",NA,NA,144,0.334546118315546,1176.2046829448,48.1746410374386,47.1206914684204
132,135,0,"experimental","Control","complete",NA,NA,144,0.326207297818049,1176.2046829448,46.973850885799,47.1206914684204
133,136,0,"experimental","Control","complete",NA,NA,144,0.291441259130275,1176.2046829448,41.9675413147596,47.1206914684204
134,137,0,"experimental","Control","complete",NA,NA,144,0.30755155954895,1176.2046829448,44.2874245750488,47.1206914684204
135,138,0,"experimental","Control","complete",NA,NA,144,0.312595594291966,1176.2046829448,45.0137655780431,47.1206914684204
136,139,0,"experimental","Control","complete",NA,NA,144,0.291814398999692,1176.2046829448,42.0212734559557,47.1206914684204
137,140,0,"experimental","Control","complete",NA,NA,144,0.301064617945573,1176.2046829448,43.3533049841625,47.1206914684204
138,141,0,"experimental","Control","complete",NA,NA,144,0.322212031300384,1176.2046829448,46.3985325072553,47.1206914684204
139,142,0,"experimental","Control","complete",NA,NA,144,0.293657032923829,1176.2046829448,42.2866127410314,47.1206914684204
140,143,0,"experimental","Control","complete",NA,NA,144,0.293345071170154,1176.2046829448,42.2416902485022,47.1206914684204
141,144,0,"experimental","Control","complete",NA,NA,144,0.368076211950273,1176.2046829448,53.0029745208392,47.1206914684204
142,145,0,"experimental","Control","complete",NA,NA,144,0.314002429622896,1176.2046829448,45.2163498656971,47.1206914684204
143,146,0,"experimental","Control","complete",NA,NA,144,0.329345418482728,1176.2046829448,47.4257402615128,47.1206914684204
144,147,0,"experimental","Control","complete",NA,NA,144,0.321690739726686,1176.2046829448,46.3234665206428,47.1206914684204
145,148,0,"experimental","Control","complete",NA,NA,144,0.343329775385233,1176.2046829448,49.4394876554736,47.1206914684204
146,149,0,"experimental","Control","complete",NA,NA,144,0.354797177034452,1176.2046829448,51.090793492961,47.1206914684204
147,150,0,"experimental","Control","complete",NA,NA,144,0.335857009057205,1176.2046829448,48.3634093042375,47.1206914684204
148,151,0,"experimental","Control","complete",NA,NA,144,0.290100634841236,1176.2046829448,41.774491417138,47.1206914684204
149,152,0,"experimental","Control","complete",NA,NA,144,0.32434021531143,1176.2046829448,46.704991004846,47.1206914684204
150,153,0,"experimental","Control","complete",NA,NA,144,0.359933481985911,1176.2046829448,51.8304214059712,47.1206914684204
151,154,0,"experimental","Control","complete",NA,NA,144,0.291242154387453,1176.2046829448,41.9388702317933,47.1206914684204
152,155,0,"experimental","Control","complete",NA,NA,144,0.332547021544803,1176.2046829448,47.8867711024516,47.1206914684204
153,156,0,"experimental","Control","complete",NA,NA,144,0.335487537904719,1176.2046829448,48.3102054582796,47.1206914684204
154,157,0,"experimental","Control","complete",NA,NA,144,0.29344871134548,1176.2046829448,42.256614433749,47.1206914684204
155,158,0,"experimental","Control","complete",NA,NA,144,0.307502318356746,1176.2046829448,44.2803338433715,47.1206914684204
156,159,0,"experimental","Control","complete",NA,NA,144,0.316181319356171,1176.2046829448,45.5301099872886,47.1206914684204
157,160,0,"experimental","Control","complete",NA,NA,144,0.343140712562159,1176.2046829448,49.4122626089508,47.1206914684204
158,161,0,"experimental","Control","complete",NA,NA,144,0.327100866696532,1176.2046829448,47.1025248043006,47.1206914684204
159,162,0,"experimental","Control","complete",NA,NA,144,0.34585554578582,1176.2046829448,49.8031985931581,47.1206914684204
160,163,0,"experimental","Control","complete",NA,NA,144,0.322792614360637,1176.2046829448,46.4821364679317,47.1206914684204
161,164,0,"experimental","Control","complete",NA,NA,144,0.313969153524875,1176.2046829448,45.211558107582,47.1206914684204
162,165,0,"experimental","Control","complete",NA,NA,144,0.304217247944526,1176.2046829448,43.8072837040117,47.1206914684204
163,166,0,"experimental","Control","complete",NA,NA,144,0.377806920334819,1176.2046829448,54.4041965282139,47.1206914684204
164,167,0,"experimental","Control","complete",NA,NA,144,0.326652002604936,1176.2046829448,47.0378883751108,47.1206914684204
165,168,0,"experimental","Control","complete",NA,NA,144,0.376956525126781,1176.2046829448,54.2817396182565,47.1206914684204
166,169,0,"experimental","Control","complete",NA,NA,144,0.314311066406314,1176.2046829448,45.2607935625092,47.1206914684204
167,170,0,"experimental","Control","complete",NA,NA,144,0.338553609092069,1176.2046829448,48.7517197092579,47.1206914684204
168,171,0,"experimental","Control","complete",NA,NA,144,0.316205633972312,1176.2046829448,45.5336112920129,47.1206914684204
169,172,0,"experimental","Control","complete",NA,NA,144,0.357816252531937,1176.2046829448,51.5255403645989,47.1206914684204
170,173,0,"experimental","Control","complete",NA,NA,144,0.315296513554259,1176.2046829448,45.4026979518132,47.1206914684204
171,175,0,"experimental","Control","complete",NA,NA,144,0.356289633704195,1176.2046829448,51.3057072534042,47.1206914684204
172,176,0,"experimental","Control","complete",NA,NA,144,0.342917507012046,1176.2046829448,49.3801210097346,47.1206914684204
173,177,0,"experimental","Control","complete",NA,NA,144,0.328010786468345,1176.2046829448,47.2335532514416,47.1206914684204
174,178,0,"experimental","Control","complete",NA,NA,144,0.305953505246633,1176.2046829448,44.0573047555151,47.1206914684204
175,179,0,"experimental","Control","complete",NA,NA,144,0.306853183369554,1176.2046829448,44.1868584052158,47.1206914684204
176,180,0,"experimental","Control","complete",NA,NA,144,0.325024904107185,1176.2046829448,46.8035861914347,47.1206914684204
177,181,0,"experimental","Control","complete",NA,NA,144,0.298811004193971,1176.2046829448,43.0287846039319,47.1206914684204
178,182,0,"experimental","Control","complete",NA,NA,144,0.301211694619988,1176.2046829448,43.3744840252782,47.1206914684204
179,183,0,"experimental","Control","complete",NA,NA,144,0.322375220169133,1176.2046829448,46.4220317043552,47.1206914684204
180,184,0,"experimental","Control","complete",NA,NA,144,0.297003737951638,1176.2046829448,42.7685382650358,47.1206914684204
181,185,0,"experimental","Control","complete",NA,NA,144,0.347019789025884,1176.2046829448,49.9708496197273,47.1206914684204
182,186,0,"experimental","Control","complete",NA,NA,144,0.331241815181892,1176.2046829448,47.6988213861924,47.1206914684204
183,187,0,"experimental","Control","complete",NA,NA,144,0.314901809110203,1176.2046829448,45.3458605118692,47.1206914684204
184,188,0,"experimental","Control","complete",NA,NA,144,0.319608962057448,1176.2046829448,46.0236905362725,47.1206914684204
185,189,0,"experimental","Control","complete",NA,NA,144,0.32055186199241,1176.2046829448,46.159468126907,47.1206914684204
186,190,0,"experimental","Control","complete",NA,NA,144,0.35168027893195,1176.2046829448,50.6419601662008,47.1206914684204
187,192,0,"experimental","Control","complete",NA,NA,144,0.325642763870157,1176.2046829448,46.8925579973026,47.1206914684204
188,193,0,"experimental","Control","complete",NA,NA,144,0.325282098699068,1176.2046829448,46.8406222126658,47.1206914684204
189,194,0,"experimental","Control","complete",NA,NA,144,0.352297345212502,1176.2046829448,50.7308177106004,47.1206914684204
190,195,0,"experimental","Control","complete",NA,NA,144,0.339819341453242,1176.2046829448,48.9339851692669,47.1206914684204
191,197,0,"experimental","Control","complete",NA,NA,144,0.297560224943343,1176.2046829448,42.8486723918415,47.1206914684204
192,198,0,"experimental","Control","complete",NA,NA,144,0.337283457227815,1176.2046829448,48.5688178408053,47.1206914684204
193,199,0,"experimental","Control","complete",NA,NA,144,0.297586939565359,1176.2046829448,42.8525192974118,47.1206914684204
194,200,0,"experimental","Control","complete",NA,NA,144,0.342395516321309,1176.2046829448,49.3049543502684,47.1206914684204
195,202,0,"experimental","Control","complete",NA,NA,144,0.324431395249675,1176.2046829448,46.7181209159532,47.1206914684204
196,203,0,"experimental","Control","complete",NA,NA,144,0.317265711095382,1176.2046829448,45.686262397735,47.1206914684204
197,204,0,"experimental","Control","complete",NA,NA,144,0.352091166539174,1176.2046829448,50.701127981641,47.1206914684204
198,206,0,"experimental","Control","complete",NA,NA,144,0.293839664608644,1176.2046829448,42.3129117036448,47.1206914684204
199,207,0,"experimental","Control","complete",NA,NA,144,0.335738158494438,1176.2046829448,48.3462948231991,47.1206914684204
200,208,0,"experimental","Control","complete",NA,NA,144,0.332284169864153,1176.2046829448,47.8489204604381,47.1206914684204
201,209,0,"experimental","Control","complete",NA,NA,144,0.339809464838937,1176.2046829448,48.9325629368069,47.1206914684204
202,210,0,"experimental","Control","complete",NA,NA,144,0.298057882500783,1176.2046829448,42.9203350801127,47.1206914684204
203,211,0,"experimental","Control","complete",NA,NA,144,0.362458534539758,1176.2046829448,52.1940289737252,47.1206914684204
204,212,0,"experimental","Control","complete",NA,NA,144,0.310503019245406,1176.2046829448,44.7124347713385,47.1206914684204
205,213,0,"experimental","Control","complete",NA,NA,144,0.333103823131757,1176.2046829448,47.966950530973,47.1206914684204
206,214,0,"experimental","Control","complete",NA,NA,144,0.335346139867167,1176.2046829448,48.289844140872,47.1206914684204
207,215,0,"experimental","Control","complete",NA,NA,144,0.317546747210582,1176.2046829448,45.7267315983238,47.1206914684204
208,216,0,"experimental","Control","complete",NA,NA,144,0.354068733188757,1176.2046829448,50.9858975791811,47.1206914684204
209,219,0,"experimental","Control","complete",NA,NA,144,0.342865493237119,1176.2046829448,49.3726310261451,47.1206914684204
210,220,0,"experimental","Control","complete",NA,NA,144,0.312898258630231,1176.2046829448,45.0573492427533,47.1206914684204
1,1,1,"control","Control","complete",0,0.116542816162109,101,0.328091584383327,1416.20746161446,47.2451881511991,47.1206914684204
2,2,1,"control","Control","complete",0,0.101004600524902,114,0.327248083095579,1154.2839138154,47.1237239657633,47.1206914684204
3,3,1,"control","Control","complete",0,0.0892422199249268,96,0.327649421043762,1541.75475874513,47.1815166303018,47.1206914684204
4,4,1,"control","Control","complete",0,0.085895299911499,99,0.328040854199301,1467.40335091975,47.2378830046993,47.1206914684204
5,5,1,"control","Control","complete",0,0.0601489543914795,113,0.327370849661716,1185.27190751895,47.141402351287,47.1206914684204
6,6,1,"control","Control","complete",0,0.0807280540466309,102,0.327538786226484,1391.85472567385,47.1655852166137,47.1206914684204
7,7,1,"control","Control","complete",0,0.0778326988220215,105,0.329391837120843,1334.63048699033,47.4324245454013,47.1206914684204
8,8,1,"control","Control","complete",0,0.073796272277832,113,0.3286808940252,1176.72021672378,47.3300487396288,47.1206914684204
9,9,1,"control","Control","complete",0,0.077444314956665,110,0.327725588503413,1221.78761378372,47.1924847444915,47.1206914684204
10,10,1,"control","Control","complete",0,0.0786099433898926,98,0.328109170312268,1483.36445372949,47.2477205249666,47.1206914684204
11,11,1,"control","Control","complete",0,0.0540082454681396,107,0.327837432791359,1297.86440753103,47.2085903219557,47.1206914684204
12,12,1,"control","Control","complete",0,0.0783686637878418,113,0.327251319403041,1159.71666918067,47.1241899940379,47.1206914684204
13,13,1,"control","Control","complete",0,0.0788271427154541,115,0.32726021687607,1132.5418087999,47.1254712301541,47.1206914684204
14,14,1,"control","Control","complete",0,0.0778954029083252,108,0.32896871337402,1273.53757043982,47.3714947258588,47.1206914684204
15,15,1,"control","Control","complete",0,0.0635626316070557,115,0.327584360885848,1134.6783509129,47.1721479675621,47.1206914684204
16,16,1,"control","Control","complete",0,0.0519366264343262,114,0.327769745560446,1155.42720948245,47.1988433607042,47.1206914684204
17,17,1,"control","Control","complete",0,0.0744144916534424,108,0.327525569505315,1268.68484645569,47.1636820087654,47.1206914684204
18,18,1,"control","Control","complete",0,0.0876562595367432,116,0.327572513007879,1101.74871912644,47.1704418731346,47.1206914684204
19,19,1,"control","Control","complete",0,0.0798156261444092,115,0.327512508759424,1145.90975877022,47.1618012613571,47.1206914684204
20,20,1,"control","Control","complete",0,0.0648167133331299,105,0.328246462894631,1323.39165124395,47.2674906568269,47.1206914684204
21,21,1,"control","Control","complete",0,0.0757412910461426,108,0.328206534055265,1276.20214376907,47.2617409039582,47.1206914684204
22,22,1,"control","Control","complete",0,0.0786261558532715,91,0.32770053587266,1650.63291935641,47.188877165663,47.1206914684204
23,23,1,"control","Control","complete",0,0.078498363494873,109,0.328749030920057,1251.7333441796,47.3398604524883,47.1206914684204
24,24,1,"control","Control","complete",0,0.0663774013519287,104,0.328227404470226,1356.56614570512,47.2647462437126,47.1206914684204
25,25,1,"control","Control","complete",0,0.0790512561798096,114,0.327482710601676,1160.7994100195,47.1575103266413,47.1206914684204
26,26,1,"control","Control","complete",0,0.078510046005249,109,0.329508077513972,1254.22302346728,47.449163162012,47.1206914684204
27,27,1,"control","Control","complete",0,0.0857970714569092,101,0.328251634381123,1412.95933932939,47.2682353508817,47.1206914684204
28,28,1,"control","Control","complete",0,0.0814852714538574,107,0.328279466418264,1301.73721908638,47.27224316423,47.1206914684204
29,29,1,"control","Control","complete",0,0.0804939270019531,104,0.32745643982371,1361.65203155734,47.1537273346142,47.1206914684204
30,30,1,"control","Control","complete",0,0.0799078941345215,102,0.327510176643621,1408.91931689433,47.1614654366814,47.1206914684204
31,31,1,"control","Control","complete",0,0.0817887783050537,120,0.327495453968186,1030.89429057791,47.1593453714189,47.1206914684204
32,32,1,"control","Control","complete",0,0.0598711967468262,99,0.328388181497897,1465.36296455621,47.2878981356972,47.1206914684204
33,33,1,"control","Control","complete",0,0.0531871318817139,116,0.327335277186588,1113.75818794058,47.1362799148686,47.1206914684204
34,34,1,"control","Control","complete",0,0.0731534957885742,102,0.327589059603316,1397.59252724659,47.1728245828775,47.1206914684204
35,35,1,"control","Control","complete",0,0.0778858661651611,103,0.327830401855932,1380.85209539833,47.2075778672542,47.1206914684204
36,36,1,"control","Control","complete",0,0.083707332611084,105,0.328964968440103,1323.39165124395,47.3709554553748,47.1206914684204
37,37,1,"control","Control","complete",0,0.0858058929443359,93,0.32733059007516,1619.36058278064,47.1356049708231,47.1206914684204
38,38,1,"control","Control","complete",0,0.086127758026123,107,0.328266108263088,1283.71456897983,47.2703195898847,47.1206914684204
39,39,1,"control","Control","complete",0,0.0777418613433838,107,0.328282243972448,1291.70093211748,47.2726431320325,47.1206914684204
40,40,1,"control","Control","complete",0,0.0788321495056152,90,0.327584578596005,1686.53380478657,47.1721793178247,47.1206914684204
41,41,1,"control","Control","complete",0,0.0848395824432373,116,0.328277087769247,1105.5547563155,47.2719006387716,47.1206914684204
42,42,1,"control","Control","complete",0,0.07987380027771,117,0.328001845202033,1094.04766800705,47.2322657090928,47.1206914684204
43,43,1,"control","Control","complete",0,0.0772702693939209,99,0.329368432371932,1462.87328526853,47.4290542615582,47.1206914684204
44,44,1,"control","Control","complete",0,0.0795326232910156,119,0.327268443258511,1059.5254580404,47.1266558292256,47.1206914684204
45,45,1,"control","Control","complete",0,0.0882635116577148,117,0.3285019055058,1089.39723341014,47.3042743928352,47.1206914684204
46,46,1,"control","Control","complete",0,0.0834105014801025,101,0.327735499965821,1412.95933932939,47.1939119950782,47.1206914684204
47,47,1,"control","Control","complete",0,0.0789341926574707,100,0.327474548509205,1437.89720474312,47.1563349853255,47.1206914684204
48,48,1,"control","Control","complete",0,0.079636812210083,110,0.32810828964948,1240.85812722208,47.2475937095251,47.1206914684204
49,49,1,"control","Control","complete",0,0.0789468288421631,113,0.327546146058815,1169.43207200366,47.1666450324693,47.1206914684204
50,50,1,"control","Control","complete",0,0.0658423900604248,100,0.328995384560258,1437.89720474312,47.3753353766772,47.1206914684204
51,51,1,"control","Control","complete",0,0.0576851367950439,114,0.327395870351901,1138.16172047635,47.1450053306737,47.1206914684204
52,52,1,"control","Control","complete",0,0.0554904937744141,109,0.328373974218575,1243.27469339464,47.2858522874749,47.1206914684204
53,53,1,"control","Control","complete",0,0.0747978687286377,108,0.32732746578043,1278.33603587228,47.1351550723819,47.1206914684204
54,54,1,"control","Control","complete",0,0.0783908367156982,96,0.328144828454322,1530.07853021583,47.2528552974223,47.1206914684204
55,55,1,"control","Control","complete",0,0.0814290046691895,119,0.327357322346226,1058.47733588715,47.1394544178565,47.1206914684204
56,56,1,"control","Control","complete",0,0.0676276683807373,95,0.327944619488845,1551.64368795143,47.2240252063937,47.1206914684204
57,57,1,"control","Control","complete",0,0.0733101367950439,96,0.327727848016946,1530.07853021583,47.1928101144402,47.1206914684204
58,58,1,"control","Control","complete",0,0.10061240196228,108,0.3276310759628,1267.59050847104,47.1788749386432,47.1206914684204
59,59,1,"control","Control","complete",0,0.0791661739349365,101,0.328185417484668,1419.89589526625,47.2587001177921,47.1206914684204
60,60,1,"control","Control","complete",0,0.0758333206176758,113,0.327499828372109,1166.33022232953,47.1599752855837,47.1206914684204
61,61,1,"control","Control","complete",0,0.0803186893463135,126,0.328116983436656,922.922058070606,47.2488456148785,47.1206914684204
62,62,1,"control","Control","complete",0,0.0782139301300049,116,0.328349187527663,1108.76614553938,47.2822830039834,47.1206914684204
63,63,1,"control","Control","complete",0,0.0816831588745117,122,0.327571872251023,989.463208914735,47.1703496041473,47.1206914684204
64,64,1,"control","Control","complete",0,0.0801560878753662,104,0.327835147170605,1354.36388683721,47.2082611925671,47.1206914684204
65,65,1,"control","Control","complete",0,0.0788567066192627,108,0.32770588256093,1280.82571515995,47.1896470887738,47.1206914684204
66,66,1,"control","Control","complete",0,0.0778799057006836,101,0.32785767202559,1419.28227037526,47.2115047716849,47.1206914684204
67,67,1,"control","Control","complete",0,0.0778884887695312,109,0.330559564657621,1256.63195163583,47.6005773106974,47.1206914684204
68,68,1,"control","Control","complete",0,0.0754270553588867,97,0.328038901858007,1505.9474364786,47.237601867553,47.1206914684204
69,69,1,"control","Control","complete",0,0.100422620773315,76,0.328653580400021,2276.88083384824,47.3261155776031,47.1206914684204
70,70,1,"control","Control","complete",0,0.0779047012329102,106,0.327951057563093,1311.43433196436,47.2249522890854,47.1206914684204
71,71,1,"control","Control","complete",0,0.0865378379821777,112,0.327242863821433,1186.58795919918,47.1229723902864,47.1206914684204
72,72,1,"control","Control","complete",0,0.0795638561248779,111,0.328120514397191,1208.85226645159,47.2493540731955,47.1206914684204
73,73,1,"control","Control","complete",0,0.0799136161804199,108,0.327428019878239,1258.72876045419,47.1496348624665,47.1206914684204
74,74,1,"control","Control","complete",0,0.0790829658508301,115,0.327944706300248,1126.68658454018,47.2240377072357,47.1206914684204
75,75,1,"control","Control","complete",0,0.077258825302124,107,0.328408941874097,1291.70093211748,47.2908876298699,47.1206914684204
76,77,1,"control","Control","complete",0,0.0831210613250732,99,0.328196629414492,1462.87328526853,47.2603146356868,47.1206914684204
77,78,1,"control","Control","complete",0,0.0790753364562988,109,0.330753642184639,1256.63195163583,47.628524474588,47.1206914684204
78,79,1,"control","Control","complete",0,0.0766785144805908,110,0.328022194875897,1240.85812722208,47.2351960621292,47.1206914684204
79,80,1,"control","Control","complete",0,0.0787107944488525,111,0.327816092071899,1197.68927867665,47.2055172583534,47.1206914684204
80,81,1,"control","Control","complete",0,0.0800974369049072,112,0.328535289540756,1200.31992471964,47.3090816938689,47.1206914684204
81,82,1,"control","Control","complete",0,0.0793294906616211,111,0.327808590081794,1213.7146034181,47.2044369717783,47.1206914684204
82,83,1,"control","Control","complete",0,0.0776560306549072,100,0.327742964130763,1437.21827234461,47.1949868348299,47.1206914684204
83,84,1,"control","Control","complete",0,0.0797617435455322,121,0.327576983579203,1021.50781668951,47.1710856354052,47.1206914684204
84,85,1,"control","Control","complete",0,0.0797362327575684,120,0.327823639540359,1025.17446613974,47.2066040938116,47.1206914684204
85,86,1,"control","Control","complete",0,0.0986335277557373,111,0.329020317177852,1206.28882543532,47.3789256736107,47.1206914684204
86,87,1,"control","Control","complete",0,0.0797924995422363,137,0.327604157921795,742.926244059488,47.1749987407385,47.1206914684204
87,88,1,"control","Control","complete",0,0.0770816802978516,111,0.328309924477913,1211.34194573926,47.2766291248195,47.1206914684204
88,89,1,"control","Control","complete",0,0.0772626399993896,108,0.327339166164383,1273.53757043982,47.1368399276711,47.1206914684204
89,90,1,"control","Control","complete",0,0.0788455009460449,108,0.329638870233256,1275.13452739371,47.4679973135889,47.1206914684204
90,91,1,"control","Control","complete",0,0.0627038478851318,110,0.327624981637006,1238.3684479344,47.1779973557288,47.1206914684204
91,92,1,"control","Control","complete",0,0.0556912422180176,104,0.328050193418563,1351.61574458844,47.2392278522731,47.1206914684204
92,93,1,"control","Control","complete",0,0.073117733001709,113,0.327596816096815,1187.64777175158,47.1739415179414,47.1206914684204
93,94,1,"control","Control","complete",0,0.0793056488037109,102,0.328104591866961,1401.95670905387,47.2470612288424,47.1206914684204
94,95,1,"control","Control","complete",0,0.0820107460021973,121,0.327257220327739,1023.4905996531,47.1250397271944,47.1206914684204
95,96,1,"control","Control","complete",0,0.0864725112915039,109,0.327239534703703,1244.65971003856,47.1224929973333,47.1206914684204
96,97,1,"control","Control","complete",0,0.0861210823059082,108,0.327441480078306,1282.00087914322,47.1515731312761,47.1206914684204
97,98,1,"control","Control","complete",0,0.0795855522155762,97,0.327467509124261,1522.8554297448,47.1553213138936,47.1206914684204
98,99,1,"control","Control","complete",0,0.0818917751312256,112,0.328581916718178,1190.08511296898,47.3157960074176,47.1206914684204
99,100,1,"control","Control","complete",0,0.0847623348236084,107,0.32775843475179,1293.83919927142,47.1972146042578,47.1206914684204
100,101,1,"control","Control","complete",0,0.0774362087249756,104,0.328030533216492,1360.54000746908,47.2363967831748,47.1206914684204
101,102,1,"control","Control","complete",0,0.0785427093505859,128,0.327609405002022,897.463413312003,47.1757543202912,47.1206914684204
102,103,1,"control","Control","complete",0,0.0852706432342529,99,0.327485660040427,1458.90801547328,47.1579350458216,47.1206914684204
103,104,1,"control","Control","complete",0,0.0852582454681396,108,0.327774470294065,1272.6964537047,47.1995237223454,47.1206914684204
104,105,1,"control","Control","complete",0,0.0629723072052002,124,0.327520982624571,961.849869841255,47.1630214979383,47.1206914684204
105,106,1,"control","Control","complete",0,0.0782382488250732,111,0.327724102165889,1209.114436344,47.192270711888,47.1206914684204
106,107,1,"control","Control","complete",0,0.0841491222381592,98,0.328656305650083,1483.75912886611,47.326508013612,47.1206914684204
107,108,1,"control","Control","complete",0,0.0783419609069824,98,0.328477209177786,1481.82918708232,47.3007181216011,47.1206914684204
108,109,1,"control","Control","complete",0,0.0796339511871338,114,0.327341480200903,1154.09242192566,47.1371731489301,47.1206914684204
109,110,1,"control","Control","complete",0,0.0793273448944092,106,0.327656571800748,1311.43433196436,47.1825463393077,47.1206914684204
110,111,1,"control","Control","complete",0,0.0598180294036865,102,0.327319923788776,1411.90492744881,47.1340690255838,47.1206914684204
111,112,1,"control","Control","complete",0,0.0548610687255859,107,0.327275254542139,1283.00521043174,47.127636654068,47.1206914684204
112,113,1,"control","Control","complete",0,0.0748934745788574,122,0.328066904533792,990.594094725903,47.2416342528661,47.1206914684204
113,114,1,"control","Control","complete",0,0.0849924087524414,114,0.327631553304309,1150.58601653317,47.1789436758204,47.1206914684204
114,115,1,"control","Control","complete",0,0.0831589698791504,113,0.32817900340941,1159.55571859344,47.2577764909551,47.1206914684204
115,116,1,"control","Control","complete",0,0.0775463581085205,97,0.327344254473821,1527.88238398165,47.1375726442302,47.1206914684204
116,117,1,"control","Control","complete",0,0.0860979557037354,99,0.327412359965342,1460.78885428544,47.1473798350092,47.1206914684204
117,118,1,"control","Control","complete",0,0.0822374820709229,113,0.327638228962111,1175.00868142125,47.179904970544,47.1206914684204
118,119,1,"control","Control","complete",0,0.0796418190002441,113,0.328572353145514,1169.55707654926,47.3144188529541,47.1206914684204
119,120,1,"control","Control","complete",0,0.0784800052642822,101,0.328174084843694,1415.32160529907,47.257068217492,47.1206914684204
120,121,1,"control","Control","complete",0,0.0817244052886963,118,0.327499304249323,1080.0777885552,47.1598998119025,47.1206914684204
121,122,1,"control","Control","complete",0,0.0811820030212402,113,0.327769020817145,1159.55571859344,47.1987389976689,47.1206914684204
122,123,1,"control","Control","complete",0,0.0791409015655518,105,0.328586059156059,1342.62252104612,47.3163925184725,47.1206914684204
123,124,1,"control","Control","complete",0,0.0755434036254883,100,0.328052582450302,1445.54311922808,47.2395718728435,47.1206914684204
124,127,1,"control","Control","complete",0,0.0823714733123779,107,0.328214420194226,1281.1836615743,47.2628765079686,47.1206914684204
125,128,1,"control","Control","complete",0,0.0776486396789551,122,0.329122496566297,996.842602659196,47.3936395055468,47.1206914684204
126,129,1,"control","Control","complete",0,0.076364278793335,103,0.327424727082538,1397.75631493311,47.1491606998855,47.1206914684204
127,130,1,"control","Control","complete",0,0.0766043663024902,104,0.328749752924907,1359.16235226967,47.3399644211866,47.1206914684204
128,131,1,"control","Control","complete",0,0.0609667301177979,112,0.32929207272944,1191.60172267995,47.4180584730394,47.1206914684204
129,132,1,"control","Control","complete",0,0.0829401016235352,112,0.327375837594317,1205.68767284452,47.1421206135816,47.1206914684204
130,133,1,"control","Control","complete",0,0.0832486152648926,93,0.328087042332923,1620.89584942781,47.2445340959408,47.1206914684204
131,134,1,"control","Control","complete",0,0.0621342658996582,107,0.327726382985751,1285.37866449745,47.1925991499482,47.1206914684204
132,135,1,"control","Control","complete",0,0.0757756233215332,110,0.32753357241995,1221.01038614224,47.1648344284728,47.1206914684204
133,136,1,"control","Control","complete",0,0.0771536827087402,121,0.327709497202762,1023.4905996531,47.1901675971977,47.1206914684204
134,137,1,"control","Control","complete",0,0.079615592956543,118,0.327789610963958,1061.5184689095,47.20170397881,47.1206914684204
135,138,1,"control","Control","complete",0,0.0937442779541016,115,0.328762948220749,1117.50867951102,47.3418645437879,47.1206914684204
136,139,1,"control","Control","complete",0,0.0615441799163818,127,0.327241517285141,901.489656413328,47.1227784890602,47.1206914684204
137,140,1,"control","Control","complete",0,0.0520901679992676,122,0.327472001010811,997.143883804764,47.1559681455567,47.1206914684204
138,141,1,"control","Control","complete",0,0.0518896579742432,111,0.32827492920917,1219.37104761115,47.2715898061205,47.1206914684204
139,142,1,"control","Control","complete",0,0.0768260955810547,126,0.328236767047997,920.774142631798,47.2660944549116,47.1206914684204
140,143,1,"control","Control","complete",0,0.0786726474761963,122,0.328360182076019,1002.3973253085,47.2838662189468,47.1206914684204
141,144,1,"control","Control","complete",0,0.0602772235870361,97,0.328518644984288,1516.71363397063,47.3066848777375,47.1206914684204
142,145,1,"control","Control","complete",0,0.0739459991455078,116,0.328086015440322,1098.80782003954,47.2443862234063,47.1206914684204
143,146,1,"control","Control","complete",0,0.0774784088134766,106,0.327841529004764,1320.15356665687,47.209180176686,47.1206914684204
144,147,1,"control","Control","complete",0,0.0606377124786377,111,0.328373952552104,1219.37104761115,47.285849167503,47.1206914684204
145,148,1,"control","Control","complete",0,0.0750195980072021,103,0.327857422096162,1372.50003394573,47.2114687818473,47.1206914684204
146,149,1,"control","Control","complete",0,0.0954592227935791,99,0.327269188311219,1455.84377426056,47.1267631168156,47.1206914684204
147,150,1,"control","Control","complete",0,0.0773894786834717,106,0.329848851687342,1315.10211533158,47.4982346429773,47.1206914684204
148,151,1,"control","Control","complete",0,0.0647847652435303,128,0.327813323495802,882.910496054583,47.2051185833954,47.1206914684204
149,152,1,"control","Control","complete",0,0.0517644882202148,109,0.328249259077946,1264.17855931706,47.2678933072242,47.1206914684204
150,153,1,"control","Control","complete",0,0.0553758144378662,99,0.327290954316319,1480.32332070714,47.1298974215499,47.1206914684204
151,154,1,"control","Control","complete",0,0.0749504566192627,122,0.328510857065897,998.193872611022,47.3055634174891,47.1206914684204
152,155,1,"control","Control","complete",0,0.0821125507354736,107,0.327747917241689,1291.70093211748,47.1957000828032,47.1206914684204
153,156,1,"control","Control","complete",0,0.0774269104003906,106,0.32966946268479,1315.10211533158,47.4724026266098,47.1206914684204
154,157,1,"control","Control","complete",0,0.0641243457794189,128,0.327581818678168,883.143561537332,47.1717818896562,47.1206914684204
155,158,1,"control","Control","complete",0,0.0754265785217285,115,0.328150429476529,1129.11767568668,47.2536618446201,47.1206914684204
156,159,1,"control","Control","complete",0,0.0809943675994873,111,0.327334162384838,1211.34194573926,47.1361193834166,47.1206914684204
157,160,1,"control","Control","complete",0,0.0741944313049316,104,0.328611132554284,1351.87420754954,47.3200030878169,47.1206914684204
158,161,1,"control","Control","complete",0,0.0786280632019043,109,0.327447326647394,1254.22302346728,47.1524150372247,47.1206914684204
159,162,1,"control","Control","complete",0,0.0798094272613525,103,0.328845789210008,1389.27908232668,47.3537936462411,47.1206914684204
160,163,1,"control","Control","complete",0,0.0698785781860352,112,0.328909597898657,1184.84883539343,47.3629820974066,47.1206914684204
161,164,1,"control","Control","complete",0,0.0750801563262939,113,0.328206549532862,1168.42459752153,47.2617431327321,47.1206914684204
162,165,1,"control","Control","complete",0,0.0805723667144775,118,0.328305101477423,1072.91583978238,47.2759346127489,47.1206914684204
163,166,1,"control","Control","complete",0,0.080338716506958,94,0.328075623175564,1589.72800429254,47.2428897372812,47.1206914684204
164,167,1,"control","Control","complete",0,0.0824363231658936,110,0.327358129343177,1218.34231964198,47.1395706254175,47.1206914684204
165,168,1,"control","Control","complete",0,0.0782592296600342,94,0.328708032257832,1579.25074872756,47.3339566451278,47.1206914684204
166,169,1,"control","Control","complete",0,0.0785934925079346,110,0.327240570077755,1235.9789106705,47.1226420911968,47.1206914684204
167,170,1,"control","Control","complete",0,0.0773801803588867,105,0.328073396478005,1334.63048699033,47.2425690928327,47.1206914684204
168,171,1,"control","Control","complete",0,0.0797891616821289,115,0.327455172206084,1124.08746568307,47.1535447976761,47.1206914684204
169,172,1,"control","Control","complete",0,0.0855498313903809,99,0.327790110542219,1462.87328526853,47.2017759180796,47.1206914684204
170,173,1,"control","Control","complete",0,0.0803225040435791,112,0.327712724333055,1190.08511296898,47.1906323039599,47.1206914684204
171,175,1,"control","Control","complete",0,0.0887424945831299,99,0.327709683166729,1456.55313280865,47.190194376009,47.1206914684204
172,176,1,"control","Control","complete",0,0.0788323879241943,103,0.327294374189994,1372.52724851487,47.1303898833591,47.1206914684204
173,177,1,"control","Control","complete",0,0.0635285377502441,108,0.328132135103594,1286.90246668502,47.2510274549175,47.1206914684204
174,178,1,"control","Control","complete",0,0.0758481025695801,116,0.327922620865982,1108.76614553938,47.2208574047014,47.1206914684204
175,179,1,"control","Control","complete",0,0.0814347267150879,120,0.328028545188732,1024.74305484735,47.2361105071774,47.1206914684204
176,180,1,"control","Control","complete",0,0.0783913135528564,109,0.327453519455004,1254.22302346728,47.1533068015206,47.1206914684204
177,181,1,"control","Control","complete",0,0.0794746875762939,116,0.327791958223156,1111.17507370793,47.2020419841345,47.1206914684204
178,182,1,"control","Control","complete",0,0.0641467571258545,119,0.327859957220348,1051.35350182902,47.2118338397302,47.1206914684204
179,183,1,"control","Control","complete",0,0.0810911655426025,112,0.32786611219917,1179.91812889779,47.2127201566805,47.1206914684204
180,184,1,"control","Control","complete",0,0.0795917510986328,123,0.327968467826118,973.255210010007,47.227459366961,47.1206914684204
181,185,1,"control","Control","complete",0,0.0623011589050293,103,0.327551699653923,1392.06171493656,47.1674447501648,47.1206914684204
182,186,1,"control","Control","complete",0,0.0754649639129639,109,0.327650189800453,1245.36386420899,47.1816273312653,47.1206914684204
183,187,1,"control","Control","complete",0,0.0802137851715088,116,0.327279779282437,1113.75818794058,47.1282882166709,47.1206914684204
184,188,1,"control","Control","complete",0,0.0886673927307129,112,0.327707423260608,1183.91440103785,47.1898689495275,47.1206914684204
185,189,1,"control","Control","complete",0,0.0829944610595703,109,0.327960130276122,1256.63195163583,47.2262587597616,47.1206914684204
186,190,1,"control","Control","complete",0,0.102662086486816,101,0.327769667191253,1425.38363538621,47.1988320755404,47.1206914684204
187,192,1,"control","Control","complete",0,0.0777738094329834,110,0.328201300607289,1233.56998250195,47.2609872874496,47.1206914684204
188,193,1,"control","Control","complete",0,0.0806856155395508,111,0.327858789117271,1198.81394798323,47.211665632887,47.1206914684204
189,194,1,"control","Control","complete",0,0.0630679130554199,101,0.328292231071119,1424.53230849793,47.2740812742412,47.1206914684204
190,195,1,"control","Control","complete",0,0.0741515159606934,105,0.327411565167361,1332.14080770266,47.1472653841,47.1206914684204
191,197,1,"control","Control","complete",0,0.0793354511260986,120,0.327307769205397,1027.89711496283,47.1323187655772,47.1206914684204
192,198,1,"control","Control","complete",0,0.0840351581573486,106,0.327711474284494,1318.77591145746,47.1904522969672,47.1206914684204
193,199,1,"control","Control","complete",0,0.0753726959228516,122,0.328871292936198,990.594094725903,47.3574661828125,47.1206914684204
194,200,1,"control","Control","complete",0,0.0834262371063232,104,0.327976907232519,1347.58938310113,47.2286746414828,47.1206914684204
195,202,1,"control","Control","complete",0,0.0786988735198975,110,0.327676611599304,1240.85812722208,47.1854320702997,47.1206914684204
196,203,1,"control","Control","complete",0,0.078587532043457,110,0.327494748910062,1235.14487202491,47.1592438430489,47.1206914684204
197,204,1,"control","Control","complete",0,0.0842628479003906,99,0.328461912443368,1460.23362325377,47.298515391845,47.1206914684204
198,206,1,"control","Control","complete",0,0.0728576183319092,119,0.327321539140029,1051.13783569757,47.1343016361642,47.1206914684204
199,207,1,"control","Control","complete",0,0.0804684162139893,105,0.327576059011674,1334.57705221736,47.1709524976811,47.1206914684204
200,208,1,"control","Control","complete",0,0.0837218761444092,108,0.328731422022594,1262.8030650534,47.3373247712536,47.1206914684204
201,209,1,"control","Control","complete",0,0.550655603408813,105,0.328406923654047,1330.48391636376,47.2905970061827,47.1206914684204
202,210,1,"control","Control","complete",0,0.0834586620330811,123,0.327343576260522,975.365045835945,47.1374749815152,47.1206914684204
203,211,1,"control","Control","complete",0,0.0837984085083008,99,0.327343666936821,1476.07630900936,47.1374880389023,47.1206914684204
204,212,1,"control","Control","complete",0,0.079204797744751,114,0.327291130836401,1147.16776475125,47.1299228404418,47.1206914684204
205,213,1,"control","Control","complete",0,0.0830786228179932,108,0.329012057788228,1262.8030650534,47.3777363215049,47.1206914684204
206,214,1,"control","Control","complete",0,0.104031085968018,107,0.328412278198524,1283.00521043174,47.2913680605874,47.1206914684204
207,215,1,"control","Control","complete",0,0.0553305149078369,110,0.328467088425991,1235.9789106705,47.2992607333428,47.1206914684204
208,216,1,"control","Control","complete",0,0.0783336162567139,100,0.327372954868049,1437.89720474312,47.141705500999,47.1206914684204
209,219,1,"control","Control","complete",0,0.0753593444824219,104,0.327853929985113,1361.65203155734,47.2109659178563,47.1206914684204
210,220,1,"control","Control","complete",0,0.064091682434082,114,0.327235239072191,1144.19929820423,47.1218744263956,47.1206914684204
1,1,2,"bracelet","Bracelet","complete",0,0.112119913101196,76,0.353132669344081,2420.03696129541,50.8511043855476,47.1206914684204
2,2,2,"bracelet","Bracelet","complete",0,0.0432426929473877,82,0.328018330952851,1898.43084213893,47.2346396572106,47.1206914684204
3,3,2,"bracelet","Bracelet","complete",0,0.0967481136322021,76,0.338579146636066,2433.38563961928,48.7553971155935,47.1206914684204
4,4,2,"bracelet","Bracelet","complete",0,0.0769894123077393,84,0.328465659628669,1829.48872132802,47.2990549865283,47.1206914684204
5,5,2,"bracelet","Bracelet","complete",0,0.0609946250915527,98,0.327666265697656,1483.36445372949,47.1839422604624,47.1206914684204
6,6,2,"bracelet","Bracelet","complete",0,0.0654120445251465,76,0.334128111617191,2453.1697998821,48.1144480728755,47.1206914684204
7,7,2,"bracelet","Bracelet","complete",0,0.0502176284790039,76,0.380926838936443,2428.72796112031,54.8534648068478,47.1206914684204
8,8,2,"bracelet","Bracelet","complete",0,0.24967360496521,87,0.328038966266796,1749.84738191431,47.2376111424186,47.1206914684204
9,9,2,"bracelet","Bracelet","complete",0,0.0516750812530518,91,0.327971858860104,1650.63291935641,47.227947675855,47.1206914684204
10,10,2,"bracelet","Bracelet","complete",0,0.0656826496124268,76,0.329786624252445,2425.98932158908,47.4892738923521,47.1206914684204
11,11,2,"bracelet","Bracelet","complete",0,0.0965795516967773,76,0.329106613929496,2112.66171678359,47.3913524058474,47.1206914684204
12,12,2,"bracelet","Bracelet","complete",0,0.0500216484069824,84,0.327807044605649,1845.86078375372,47.2042144232135,47.1206914684204
13,13,2,"bracelet","Bracelet","complete",0,0.0477211475372314,80,0.327856272661268,1944.31130568084,47.2113032632226,47.1206914684204
14,14,2,"bracelet","Bracelet","complete",0,0.0514307022094727,76,0.327291637641692,2087.81667467618,47.1299958204036,47.1206914684204
15,15,2,"bracelet","Bracelet","complete",0,0.0406746864318848,94,0.327703051486197,1588.19273764537,47.1892394140124,47.1206914684204
16,16,2,"bracelet","Bracelet","complete",0,0.0408632755279541,91,0.327864708772991,1652.16818600358,47.2125180633108,47.1206914684204
17,17,2,"bracelet","Bracelet","complete",0,0.04721999168396,79,0.327433675847173,1991.25483477083,47.1504493219929,47.1206914684204
18,18,2,"bracelet","Bracelet","complete",0,0.0386199951171875,81,0.327809571506468,1913.76762378168,47.2045782969314,47.1206914684204
19,19,2,"bracelet","Bracelet","complete",0,0.0507981777191162,107,0.327385576120523,1286.12183108688,47.1435229613553,47.1206914684204
20,20,2,"bracelet","Bracelet","complete",0,0.0387327671051025,82,0.32752654268937,1906.47947906155,47.1638221472693,47.1206914684204
21,21,2,"bracelet","Bracelet","complete",0,0.0751245021820068,76,0.329206155213703,2112.66171678359,47.4056863507732,47.1206914684204
22,22,2,"bracelet","Bracelet","complete",0,0.0411295890808105,76,0.377877346493493,2428.72796112031,54.4143378950629,47.1206914684204
23,23,2,"bracelet","Bracelet","complete",0,0.0400040149688721,89,0.328427486407124,1701.45197128211,47.2935580426259,47.1206914684204
24,24,2,"bracelet","Bracelet","complete",0,0.0521194934844971,76,0.347003398635187,2377.92998934226,49.9684894034669,47.1206914684204
25,25,2,"bracelet","Bracelet","complete",0,0.0646758079528809,100,0.328403025713106,1433.26079151145,47.2900357026873,47.1206914684204
26,26,2,"bracelet","Bracelet","complete",0,0.0434372425079346,82,0.327782462307642,1886.92682092374,47.2006745723004,47.1206914684204
27,27,2,"bracelet","Bracelet","complete",0,0.0398523807525635,76,0.381789262244679,2428.72796112031,54.9776537632338,47.1206914684204
28,28,2,"bracelet","Bracelet","complete",0,0.0397331714630127,79,0.328244147779937,1977.12953392959,47.2671572803109,47.1206914684204
29,29,2,"bracelet","Bracelet","complete",0,0.0531363487243652,76,0.345211153620903,2387.79151369983,49.71040612141,47.1206914684204
30,30,2,"bracelet","Bracelet","complete",0,0.0556066036224365,76,0.347099104553035,2391.85405459554,49.9822710556371,47.1206914684204
31,31,2,"bracelet","Bracelet","complete",0,0.0389423370361328,89,0.327621416426453,1699.91670463494,47.1774839654092,47.1206914684204
32,32,2,"bracelet","Bracelet","complete",0,0.0804662704467773,76,0.331340431987267,2114.19698343076,47.7130222061664,47.1206914684204
33,33,2,"bracelet","Bracelet","complete",0,0.0399024486541748,91,0.32736634747057,1649.7089352036,47.1407540357621,47.1206914684204
34,34,2,"bracelet","Bracelet","complete",0,0.0411865711212158,92,0.328520046599504,1626.64872750077,47.3068867103286,47.1206914684204
35,35,2,"bracelet","Bracelet","complete",0,0.0607795715332031,76,0.329530102566415,2359.92776299747,47.4523347695637,47.1206914684204
36,36,2,"bracelet","Bracelet","complete",0,0.038698673248291,86,0.327507173504538,1775.5137521102,47.1610329846535,47.1206914684204
37,37,2,"bracelet","Bracelet","complete",0,0.0582296848297119,76,0.329211457656601,2306.90611429057,47.4064499025505,47.1206914684204
38,38,2,"bracelet","Bracelet","complete",0,0.0396933555603027,88,0.327876294058168,1734.94721902194,47.2141863443761,47.1206914684204
39,39,2,"bracelet","Bracelet","complete",0,0.0437788963317871,76,0.370828658994293,2344.41437673133,53.3993268951781,47.1206914684204
40,40,2,"bracelet","Bracelet","complete",0,0.0488944053649902,77,0.328217407650927,2065.06405112826,47.2633067017335,47.1206914684204
41,41,2,"bracelet","Bracelet","complete",0,0.0386567115783691,87,0.327273866914238,1762.13085226182,47.1274368356503,47.1206914684204
42,42,2,"bracelet","Bracelet","complete",0,0.0397751331329346,76,0.328726886584449,2107.84763849753,47.3366716681607,47.1206914684204
43,43,2,"bracelet","Bracelet","complete",0,0.0411591529846191,77,0.327327724283662,2059.63129576299,47.1351922968473,47.1206914684204
44,44,2,"bracelet","Bracelet","complete",0,0.0402183532714844,84,0.328220316359198,1844.60490380936,47.2637255557245,47.1206914684204
45,45,2,"bracelet","Bracelet","complete",0,0.0383987426757812,85,0.32779281977317,1814.15193968527,47.2021660473364,47.1206914684204
46,46,2,"bracelet","Bracelet","complete",0,0.0539166927337646,76,0.332462900010675,2444.82537694615,47.8746576015372,47.1206914684204
47,47,2,"bracelet","Bracelet","complete",0,0.0735352039337158,84,0.327422338271202,1852.21692198159,47.1488167110531,47.1206914684204
48,48,2,"bracelet","Bracelet","complete",0,0.0596094131469727,93,0.327877311160591,1604.88878478088,47.2143328071251,47.1206914684204
49,49,2,"bracelet","Bracelet","complete",0,0.0459685325622559,92,0.328151649469055,1631.51514503825,47.253837523544,47.1206914684204
50,50,2,"bracelet","Bracelet","complete",0,0.043365478515625,76,0.327247709054304,2104.36774578343,47.1236701038197,47.1206914684204
51,51,2,"bracelet","Bracelet","complete",0,0.045792818069458,99,0.327316030080895,1480.32332070714,47.1335083316489,47.1206914684204
52,52,2,"bracelet","Bracelet","complete",0,0.0415148735046387,87,0.328287593633378,1748.31211526714,47.2734134832064,47.1206914684204
53,53,2,"bracelet","Bracelet","complete",0,0.0440881252288818,94,0.327921902842173,1588.19273764537,47.220754009273,47.1206914684204
54,54,2,"bracelet","Bracelet","complete",0,0.0788068771362305,76,0.329526294202477,2112.66171678359,47.4517863651567,47.1206914684204
55,55,2,"bracelet","Bracelet","complete",0,0.0389957427978516,84,0.327547702031982,1829.07241660104,47.1668690926055,47.1206914684204
56,56,2,"bracelet","Bracelet","complete",0,0.0533576011657715,76,0.338569438488431,2426.65355565754,48.753999142334,47.1206914684204
57,57,2,"bracelet","Bracelet","complete",0,0.0537397861480713,76,0.35674590162357,2420.03696129541,51.3714098337941,47.1206914684204
58,58,2,"bracelet","Bracelet","complete",0,0.0534121990203857,76,0.332662101918171,2426.65355565754,47.9033426762166,47.1206914684204
59,59,2,"bracelet","Bracelet","complete",0,0.0391607284545898,81,0.328071146682867,1913.76762378168,47.2422451223328,47.1206914684204
60,60,2,"bracelet","Bracelet","complete",0,0.0391983985900879,82,0.32742185478482,1885.39155427657,47.1487470890141,47.1206914684204
61,61,2,"bracelet","Bracelet","complete",0,0.0437765121459961,93,0.327639585757017,1612.17692950101,47.1801003490104,47.1206914684204
62,62,2,"bracelet","Bracelet","complete",0,0.0736069679260254,100,0.327793749288955,1437.89720474312,47.2022998976095,47.1206914684204
63,63,2,"bracelet","Bracelet","complete",0,0.0565032958984375,82,0.327857971059897,1885.39155427657,47.2115478326251,47.1206914684204
64,64,2,"bracelet","Bracelet","complete",0,0.0426287651062012,82,0.32767370157981,1885.39155427657,47.1850130274927,47.1206914684204
65,65,2,"bracelet","Bracelet","complete",0,0.0395917892456055,96,0.328227208033378,1530.14357446492,47.2647179568064,47.1206914684204
66,66,2,"bracelet","Bracelet","complete",0,0.0674488544464111,76,0.328575365658827,2253.29936533554,47.3148526548711,47.1206914684204
67,67,2,"bracelet","Bracelet","complete",0,0.0389204025268555,82,0.327686471549165,1886.92682092374,47.1868519030798,47.1206914684204
68,68,2,"bracelet","Bracelet","complete",0,0.0690469741821289,76,0.327610648337307,2206.39238033145,47.1759333605722,47.1206914684204
69,69,2,"bracelet","Bracelet","complete",0,0.053661584854126,76,0.3664979795029,2420.03696129541,52.7757090484176,47.1206914684204
70,70,2,"bracelet","Bracelet","complete",0,0.0503113269805908,77,0.328424248178231,2065.06405112826,47.2930917376653,47.1206914684204
71,71,2,"bracelet","Bracelet","complete",0,0.0387992858886719,86,0.328043056711749,1777.04901875736,47.2382001664918,47.1206914684204
72,72,2,"bracelet","Bracelet","complete",0,0.0390965938568115,87,0.327591429983823,1769.76087403724,47.1731659176705,47.1206914684204
73,73,2,"bracelet","Bracelet","complete",0,0.0821375846862793,76,0.329492523514013,2112.66171678359,47.4469233860179,47.1206914684204
74,74,2,"bracelet","Bracelet","complete",0,0.0436201095581055,98,0.327531019010163,1494.9756380097,47.1644667374635,47.1206914684204
75,75,2,"bracelet","Bracelet","complete",0,0.038780689239502,101,0.32816338139325,1424.53230849793,47.255526920628,47.1206914684204
76,77,2,"bracelet","Bracelet","complete",0,0.0416586399078369,80,0.327783357720869,1963.76463768439,47.2008035118051,47.1206914684204
77,78,2,"bracelet","Bracelet","complete",0,0.0379695892333984,78,0.327474059437717,2037.45415557523,47.1562645590312,47.1206914684204
78,79,2,"bracelet","Bracelet","complete",0,0.0402960777282715,92,0.327321995224356,1644.88004128345,47.1343673123072,47.1206914684204
79,80,2,"bracelet","Bracelet","complete",0,0.0397379398345947,85,0.327375348545585,1801.90022554926,47.1420501905642,47.1206914684204
80,81,2,"bracelet","Bracelet","complete",0,0.0436215400695801,92,0.327318166750573,1624.45140828313,47.1338160120826,47.1206914684204
81,82,2,"bracelet","Bracelet","complete",0,0.0443086624145508,76,0.365538795196034,2344.41437673133,52.6375865082289,47.1206914684204
82,83,2,"bracelet","Bracelet","complete",0,0.0418691635131836,76,0.393658357520613,2428.72796112031,56.6868034829683,47.1206914684204
83,84,2,"bracelet","Bracelet","complete",0,0.0425031185150146,91,0.327385430573446,1704.20014005431,47.1435020025762,47.1206914684204
84,85,2,"bracelet","Bracelet","complete",0,0.0695924758911133,76,0.327683596946371,2188.46049483819,47.1864379602774,47.1206914684204
85,86,2,"bracelet","Bracelet","complete",0,0.0401058197021484,95,0.328163384262249,1552.45045962794,47.2555273337639,47.1206914684204
86,87,2,"bracelet","Bracelet","complete",0,0.041140079498291,121,0.327412771579386,1005.51318159532,47.1474391074316,47.1206914684204
87,88,2,"bracelet","Bracelet","complete",0,0.0397565364837646,90,0.32831871175463,1681.83495924108,47.2778944926668,47.1206914684204
88,89,2,"bracelet","Bracelet","complete",0,0.0397336483001709,81,0.32888087279232,1915.30289042885,47.3588456820941,47.1206914684204
89,90,2,"bracelet","Bracelet","complete",0,0.0523722171783447,76,0.346243982621129,2377.92998934226,49.8591334974426,47.1206914684204
90,91,2,"bracelet","Bracelet","complete",0,0.0387954711914062,85,0.328388096443013,1814.15193968527,47.2878858877939,47.1206914684204
91,92,2,"bracelet","Bracelet","complete",0,0.0660336017608643,76,0.329080305488033,2217.84079464837,47.3875639902767,47.1206914684204
92,93,2,"bracelet","Bracelet","complete",0,0.0399026870727539,82,0.327782981350158,1904.25319863253,47.2007493144227,47.1206914684204
93,94,2,"bracelet","Bracelet","complete",0,0.0536205768585205,76,0.330025008874228,2465.84663031011,47.5236012778888,47.1206914684204
94,95,2,"bracelet","Bracelet","complete",0,0.038825511932373,81,0.328117556738737,1932.2760668505,47.2489281703781,47.1206914684204
95,96,2,"bracelet","Bracelet","complete",0,0.0419883728027344,87,0.327594978919876,1761.64634758561,47.1736769644621,47.1206914684204
96,97,2,"bracelet","Bracelet","complete",0,0.0710043907165527,76,0.328160832020874,2166.8784291604,47.2551598110058,47.1206914684204
97,98,2,"bracelet","Bracelet","complete",0,0.0389096736907959,82,0.328186940702008,1885.39155427657,47.2589194610891,47.1206914684204
98,99,2,"bracelet","Bracelet","complete",0,0.0397422313690186,96,0.327962300212165,1539.37450530978,47.2265712305517,47.1206914684204
99,100,2,"bracelet","Bracelet","complete",0,0.0385739803314209,85,0.327252958591774,1816.10582147964,47.1244260372154,47.1206914684204
100,101,2,"bracelet","Bracelet","complete",0,0.0388145446777344,78,0.327289461454085,2033.68658199704,47.1296824493882,47.1206914684204
101,102,2,"bracelet","Bracelet","complete",0,0.0421257019042969,115,0.328289534089814,1123.5462572389,47.2736929089332,47.1206914684204
102,103,2,"bracelet","Bracelet","complete",0,0.0387387275695801,81,0.327755837923468,1913.76762378168,47.1968406609794,47.1206914684204
103,104,2,"bracelet","Bracelet","complete",0,0.044097900390625,90,0.327507903662533,1675.05323988587,47.1611381274048,47.1206914684204
104,105,2,"bracelet","Bracelet","complete",0,0.0398812294006348,94,0.327766873536392,1577.42654015334,47.1984297892404,47.1206914684204
105,106,2,"bracelet","Bracelet","complete",0,0.0420463085174561,93,0.327252010957911,1620.89584942781,47.1242895779392,47.1206914684204
106,107,2,"bracelet","Bracelet","complete",0,0.071652889251709,76,0.32744250938037,2216.11823780567,47.1517213507733,47.1206914684204
107,108,2,"bracelet","Bracelet","complete",0,0.0521056652069092,76,0.345839194810709,2387.79151369983,49.800844052742,47.1206914684204
108,109,2,"bracelet","Bracelet","complete",0,0.0384297370910645,98,0.328173551148892,1490.25853409971,47.2569913654404,47.1206914684204
109,110,2,"bracelet","Bracelet","complete",0,0.0388920307159424,82,0.327542565550168,1886.92682092374,47.1661294392241,47.1206914684204
110,111,2,"bracelet","Bracelet","complete",0,0.0497405529022217,76,0.329436536626553,2104.36774578343,47.4388612742236,47.1206914684204
111,112,2,"bracelet","Bracelet","complete",0,0.0557770729064941,76,0.330993005598598,2439.71709756847,47.6629928061981,47.1206914684204
112,113,2,"bracelet","Bracelet","complete",0,0.0403361320495605,90,0.327664553347699,1675.05323988587,47.1836956820687,47.1206914684204
113,114,2,"bracelet","Bracelet","complete",0,0.0384376049041748,84,0.327659043816636,1844.60490380936,47.1829023095956,47.1206914684204
114,115,2,"bracelet","Bracelet","complete",0,0.038585901260376,81,0.328302825733062,1913.76762378168,47.275606905561,47.1206914684204
115,116,2,"bracelet","Bracelet","complete",0,0.0407097339630127,89,0.327865585961206,1716.17473070985,47.2126443784137,47.1206914684204
116,117,2,"bracelet","Bracelet","complete",0,0.0390136241912842,82,0.328203235344972,1885.39155427657,47.2612658896759,47.1206914684204
117,118,2,"bracelet","Bracelet","complete",0,0.0385041236877441,86,0.327677303076431,1789.71934804057,47.1855316430061,47.1206914684204
118,119,2,"bracelet","Bracelet","complete",0,0.0393469333648682,87,0.328605149162871,1756.39597779204,47.3191414794534,47.1206914684204
119,120,2,"bracelet","Bracelet","complete",0,0.0686686038970947,76,0.327652757811766,2187.41613018197,47.1819971248943,47.1206914684204
120,121,2,"bracelet","Bracelet","complete",0,0.0403530597686768,82,0.328154119219836,1885.39155427657,47.2541931676563,47.1206914684204
121,122,2,"bracelet","Bracelet","complete",0,0.0527682304382324,76,0.334894022171287,2433.38563961928,48.2247391926654,47.1206914684204
122,123,2,"bracelet","Bracelet","complete",0,0.0387368202209473,85,0.327948365294388,1804.63751453612,47.2245646023919,47.1206914684204
123,124,2,"bracelet","Bracelet","complete",0,0.0628793239593506,76,0.330603647015421,2312.09151925902,47.6069251702206,47.1206914684204
124,127,2,"bracelet","Bracelet","complete",0,0.0559108257293701,76,0.327663039849842,2321.84944826258,47.1834777383772,47.1206914684204
125,128,2,"bracelet","Bracelet","complete",0,0.0646462440490723,83,0.327924649503325,1872.0086544282,47.2211495284788,47.1206914684204
126,129,2,"bracelet","Bracelet","complete",0,0.0539381504058838,79,0.327581061071841,1997.648812251,47.171672794345,47.1206914684204
127,130,2,"bracelet","Bracelet","complete",0,0.0390961170196533,81,0.327373833453835,1913.76762378168,47.1418320173522,47.1206914684204
128,131,2,"bracelet","Bracelet","complete",0,0.0662457942962646,76,0.328072416666272,2191.79836052124,47.2424279999431,47.1206914684204
129,132,2,"bracelet","Bracelet","complete",0,0.0383951663970947,84,0.327527283032045,1841.57369390729,47.1639287566145,47.1206914684204
130,133,2,"bracelet","Bracelet","complete",0,0.0389881134033203,86,0.327567963763385,1798.38539874029,47.1697867819275,47.1206914684204
131,134,2,"bracelet","Bracelet","complete",0,0.0541872978210449,76,0.333068835779864,2444.82537694615,47.9619123523005,47.1206914684204
132,135,2,"bracelet","Bracelet","complete",0,0.0562512874603271,76,0.328747326513038,2442.96033529904,47.3396150178775,47.1206914684204
133,136,2,"bracelet","Bracelet","complete",0,0.0415794849395752,79,0.327559814133172,1977.12953392959,47.1686132351768,47.1206914684204
134,137,2,"bracelet","Bracelet","complete",0,0.0409815311431885,76,0.327507683777798,2095.67221003481,47.1611064640029,47.1206914684204
135,138,2,"bracelet","Bracelet","complete",0,0.0393056869506836,97,0.328019831858855,1514.88942539641,47.2348557876752,47.1206914684204
136,139,2,"bracelet","Bracelet","complete",0,0.0433559417724609,103,0.327306319542632,1369.2791262298,47.1321100141389,47.1206914684204
137,140,2,"bracelet","Bracelet","complete",0,0.0412392616271973,77,0.327386362582602,2051.14759642337,47.1436362118947,47.1206914684204
138,141,2,"bracelet","Bracelet","complete",0,0.0407388210296631,80,0.327921364941233,1943.32575864682,47.2206765515376,47.1206914684204
139,142,2,"bracelet","Bracelet","complete",0,0.0400443077087402,110,0.327542693085841,1230.04661761697,47.1661478043611,47.1206914684204
140,143,2,"bracelet","Bracelet","complete",0,0.039989709854126,102,0.3278137209268,1401.95670905387,47.2051758134592,47.1206914684204
141,144,2,"bracelet","Bracelet","complete",0,0.0610523223876953,76,0.32788916497558,2298.28507845507,47.2160397564835,47.1206914684204
142,145,2,"bracelet","Bracelet","complete",0,0.0686898231506348,76,0.328257455683588,2169.3999966517,47.2690736184367,47.1206914684204
143,146,2,"bracelet","Bracelet","complete",0,0.0682744979858398,76,0.32810453868424,2283.91550835768,47.2470535705305,47.1206914684204
144,147,2,"bracelet","Bracelet","complete",0,0.0401418209075928,85,0.328276001744352,1816.12382508282,47.2717442511866,47.1206914684204
145,148,2,"bracelet","Bracelet","complete",0,0.0396199226379395,77,0.327675179187077,2070.4170577034,47.185225802939,47.1206914684204
146,149,2,"bracelet","Bracelet","complete",0,0.0670957565307617,76,0.327609579374341,2184.02390613809,47.1757794299052,47.1206914684204
147,150,2,"bracelet","Bracelet","complete",0,0.0386836528778076,88,0.328436614507476,1736.48248566911,47.2948724890766,47.1206914684204
148,151,2,"bracelet","Bracelet","complete",0,0.0396862030029297,113,0.327521929809005,1165.17581490534,47.1631578924968,47.1206914684204
149,152,2,"bracelet","Bracelet","complete",0,0.0617930889129639,76,0.328335718685684,2311.78516644903,47.2803434907385,47.1206914684204
150,153,2,"bracelet","Bracelet","complete",0,0.0389986038208008,83,0.327423135813486,1859.50506670172,47.148931557142,47.1206914684204
151,154,2,"bracelet","Bracelet","complete",0,0.0508956909179688,103,0.328148503128875,1371.14305872141,47.2533844505581,47.1206914684204
152,155,2,"bracelet","Bracelet","complete",0,0.0554850101470947,76,0.329856326543063,2412.29667631965,47.499311022201,47.1206914684204
153,156,2,"bracelet","Bracelet","complete",0,0.0400853157043457,82,0.328518515778902,1901.93799418365,47.3066662721618,47.1206914684204
154,157,2,"bracelet","Bracelet","complete",0,0.0398421287536621,103,0.327475743862025,1382.38623661712,47.1565071161316,47.1206914684204
155,158,2,"bracelet","Bracelet","complete",0,0.0386688709259033,85,0.327960789550228,1814.15193968527,47.2263536952329,47.1206914684204
156,159,2,"bracelet","Bracelet","complete",0,0.0420382022857666,80,0.328164862923034,1944.86102529398,47.255740260917,47.1206914684204
157,160,2,"bracelet","Bracelet","complete",0,0.040346622467041,76,0.328317465270514,2107.84763849753,47.2777149989541,47.1206914684204
158,161,2,"bracelet","Bracelet","complete",0,0.0589673519134521,76,0.32839821924358,2380.61749033916,47.2893435710755,47.1206914684204
159,162,2,"bracelet","Bracelet","complete",0,0.0535659790039062,76,0.338144383137289,2442.96033529904,48.6927911717696,47.1206914684204
160,163,2,"bracelet","Bracelet","complete",0,0.041656494140625,92,0.327390875376929,1643.34477463629,47.1442860542778,47.1206914684204
161,164,2,"bracelet","Bracelet","complete",0,0.0416955947875977,79,0.327289858157436,1990.75861212824,47.1297395746708,47.1206914684204
162,165,2,"bracelet","Bracelet","complete",0,0.03965163230896,105,0.328698218422638,1338.25084834324,47.3325434528598,47.1206914684204
163,166,2,"bracelet","Bracelet","complete",0,0.0388126373291016,83,0.328219223003876,1856.91047555003,47.2635681125581,47.1206914684204
164,167,2,"bracelet","Bracelet","complete",0,0.0664894580841064,86,0.328049052953981,1775.5137521102,47.2390636253733,47.1206914684204
165,168,2,"bracelet","Bracelet","complete",0,0.0661463737487793,76,0.348712750500875,2433.85704274941,50.2146360721259,47.1206914684204
166,169,2,"bracelet","Bracelet","complete",0,0.0591585636138916,93,0.328219173790985,1603.09290053774,47.2635610259019,47.1206914684204
167,170,2,"bracelet","Bracelet","complete",0,0.0513195991516113,87,0.327901634482563,1749.84738191431,47.217835365489,47.1206914684204
168,171,2,"bracelet","Bracelet","complete",0,0.050041675567627,82,0.328001286403548,1885.39155427657,47.232185242111,47.1206914684204
169,172,2,"bracelet","Bracelet","complete",0,0.050616979598999,77,0.328545532408503,2070.4170577034,47.3105566668245,47.1206914684204
170,173,2,"bracelet","Bracelet","complete",0,0.0741655826568604,81,0.327471725547321,1929.94285879844,47.1559284788143,47.1206914684204
171,175,2,"bracelet","Bracelet","complete",0,0.0564987659454346,81,0.32728555948848,1929.96086240162,47.1291205663412,47.1206914684204
172,176,2,"bracelet","Bracelet","complete",0,0.0626044273376465,77,0.328316280180077,2065.06405112826,47.2775443459311,47.1206914684204
173,177,2,"bracelet","Bracelet","complete",0,0.0714595317840576,76,0.328007133547038,2384.52633579742,47.2330272307734,47.1206914684204
174,178,2,"bracelet","Bracelet","complete",0,0.0846035480499268,76,0.327500676806958,2172.65538628918,47.160097460202,47.1206914684204
175,179,2,"bracelet","Bracelet","complete",0,0.0643243789672852,76,0.330192004850164,2433.37647961876,47.5476486984236,47.1206914684204
176,180,2,"bracelet","Bracelet","complete",0,0.0499222278594971,82,0.32817385964409,1885.39155427657,47.2570357887489,47.1206914684204
177,181,2,"bracelet","Bracelet","complete",0,0.0512487888336182,89,0.32795404069051,1715.65756721249,47.2253818594334,47.1206914684204
178,182,2,"bracelet","Bracelet","complete",0,0.074272632598877,76,0.328292497366283,2252.91667480533,47.2741196207448,47.1206914684204
179,183,2,"bracelet","Bracelet","complete",0,0.0547077655792236,92,0.327349784582976,1625.54182574621,47.1383689799485,47.1206914684204
180,184,2,"bracelet","Bracelet","complete",0,0.0434966087341309,108,0.328358846894052,1267.6281714614,47.2836739527435,47.1206914684204
181,185,2,"bracelet","Bracelet","complete",0,0.0435764789581299,76,0.327398552223022,2107.84763849753,47.1453915201151,47.1206914684204
182,186,2,"bracelet","Bracelet","complete",0,0.073150634765625,76,0.327944953341006,2162.11948489971,47.2240732811049,47.1206914684204
183,187,2,"bracelet","Bracelet","complete",0,0.042017936706543,93,0.327888845079649,1599.47532775773,47.2159936914694,47.1206914684204
184,188,2,"bracelet","Bracelet","complete",0,0.038334846496582,87,0.327911831794017,1762.13085226182,47.2193037783384,47.1206914684204
185,189,2,"bracelet","Bracelet","complete",0,0.0718364715576172,76,0.327373929833609,2189.17155023047,47.1418458960398,47.1206914684204
186,190,2,"bracelet","Bracelet","complete",0,0.0542502403259277,76,0.333045710759497,2444.82537694615,47.9585823493676,47.1206914684204
187,192,2,"bracelet","Bracelet","complete",0,0.0532009601593018,76,0.341490912681362,2387.79151369983,49.1746914261161,47.1206914684204
188,193,2,"bracelet","Bracelet","complete",0,0.0398919582366943,91,0.327931539817192,1649.7089352036,47.2221417336756,47.1206914684204
189,194,2,"bracelet","Bracelet","complete",0,0.0407106876373291,76,0.32809126864773,2107.84763849753,47.2451426852731,47.1206914684204
190,195,2,"bracelet","Bracelet","complete",0,0.0410304069519043,79,0.327977581288648,1977.12953392959,47.2287717055653,47.1206914684204
191,197,2,"bracelet","Bracelet","complete",0,0.0432021617889404,100,0.32816314864679,1438.34848600158,47.2554934051378,47.1206914684204
192,198,2,"bracelet","Bracelet","complete",0,0.0382883548736572,94,0.328164410674775,1585.17541411478,47.2556751371675,47.1206914684204
193,199,2,"bracelet","Bracelet","complete",0,0.0468819141387939,99,0.32791837671922,1459.25358763827,47.2202462475677,47.1206914684204
194,200,2,"bracelet","Bracelet","complete",0,0.0669653415679932,76,0.327462248532936,2196.97806282201,47.1545637887429,47.1206914684204
195,202,2,"bracelet","Bracelet","complete",0,0.0391716957092285,82,0.327297992299007,1910.72649075932,47.1309108910571,47.1206914684204
196,203,2,"bracelet","Bracelet","complete",0,0.0489203929901123,77,0.327566859673226,2082.83078322498,47.1696277929445,47.1206914684204
197,204,2,"bracelet","Bracelet","complete",0,0.119424104690552,76,0.327282643413286,2165.39812313297,47.1287006515132,47.1206914684204
198,206,2,"bracelet","Bracelet","complete",0,0.0560920238494873,100,0.329164968821905,1437.89720474312,47.3997555103544,47.1206914684204
199,207,2,"bracelet","Bracelet","complete",0,0.0807218551635742,76,0.327491535718096,2230.62952642788,47.1587811434058,47.1206914684204
200,208,2,"bracelet","Bracelet","complete",0,0.0655996799468994,76,0.327700924489325,2104.36774578343,47.1889331264628,47.1206914684204
201,209,2,"bracelet","Bracelet","complete",0,0.602347612380981,76,0.349164144531801,2377.92998934226,50.2796368125794,47.1206914684204
202,210,2,"bracelet","Bracelet","complete",0,0.058079719543457,96,0.328303830059608,1539.08556338274,47.2757515285836,47.1206914684204
203,211,2,"bracelet","Bracelet","complete",0,0.0546212196350098,77,0.32731654490412,2059.63129576299,47.1335824661933,47.1206914684204
204,212,2,"bracelet","Bracelet","complete",0,0.0507121086120605,92,0.327433653774456,1628.18399414794,47.1504461435216,47.1206914684204
205,213,2,"bracelet","Bracelet","complete",0,0.0718846321105957,76,0.327726350151153,2338.30108120114,47.192594421766,47.1206914684204
206,214,2,"bracelet","Bracelet","complete",0,0.0508613586425781,78,0.32732907959055,2029.14406789177,47.1353874610392,47.1206914684204
207,215,2,"bracelet","Bracelet","complete",0,0.0511279106140137,76,0.328791132697643,2110.96849527478,47.3459231084606,47.1206914684204
208,216,2,"bracelet","Bracelet","complete",0,0.0569343566894531,76,0.368519222858863,2344.41437673133,53.0667680916763,47.1206914684204
209,219,2,"bracelet","Bracelet","complete",0,0.0718784332275391,76,0.33119486484346,2371.87943978482,47.6920605374583,47.1206914684204
210,220,2,"bracelet","Bracelet","complete",0,0.0421555042266846,76,0.327508851958153,2094.09375778465,47.161274681974,47.1206914684204
1,1,3,"static-control","Control social image returns at 0.5km","complete",0,0.119136333465576,83,0.327394299778817,1856.91047555003,47.1447791681497,47.1206914684204
2,2,3,"static-control","Control social image returns at 0.5km","complete",0,0.0898582935333252,106,0.327492521166495,1302.48014731752,47.1589230479753,47.1206914684204
3,3,3,"static-control","Control social image returns at 0.5km","complete",0,0.105492830276489,76,0.327745361009539,2328.74114692002,47.1953319853736,47.1206914684204
4,4,3,"static-control","Control social image returns at 0.5km","complete",0,0.0807895660400391,93,0.328523462270266,1601.55763389057,47.3073785669183,47.1206914684204
5,5,3,"static-control","Control social image returns at 0.5km","complete",0,0.0635278224945068,100,0.327521684185353,1437.89720474312,47.1631225226908,47.1206914684204
6,6,3,"static-control","Control social image returns at 0.5km","complete",0,0.0550429821014404,79,0.328053663111604,1974.903861414,47.239727488071,47.1206914684204
7,7,3,"static-control","Control social image returns at 0.5km","complete",0,0.0747201442718506,76,0.327511097377642,2087.81667467618,47.1615980223804,47.1206914684204
8,8,3,"static-control","Control social image returns at 0.5km","complete",0,0.0989923477172852,106,0.32844425514873,1303.18950586561,47.2959727414171,47.1206914684204
9,9,3,"static-control","Control social image returns at 0.5km","complete",0,0.0668110847473145,102,0.327362938701208,1394.1897770744,47.140263172974,47.1206914684204
10,10,3,"static-control","Control social image returns at 0.5km","complete",0,0.0742177963256836,87,0.327586481566127,1762.148855865,47.1724533455223,47.1206914684204
11,11,3,"static-control","Control social image returns at 0.5km","complete",0,0.0787968635559082,93,0.328377711046933,1601.55763389057,47.2863903907583,47.1206914684204
12,12,3,"static-control","Control social image returns at 0.5km","complete",0,0.0673286914825439,99,0.328245826494962,1456.89132166859,47.2673990152746,47.1206914684204
13,13,3,"static-control","Control social image returns at 0.5km","complete",0,0.0649182796478271,100,0.328296774317716,1433.26079151145,47.2747355017511,47.1206914684204
14,14,3,"static-control","Control social image returns at 0.5km","complete",0,0.0508809089660645,94,0.32829014930416,1576.58155336516,47.273781499799,47.1206914684204
15,15,3,"static-control","Control social image returns at 0.5km","complete",0,0.0791952610015869,101,0.329102745580789,1412.95933932939,47.3907953636336,47.1206914684204
16,16,3,"static-control","Control social image returns at 0.5km","complete",0,0.087430477142334,102,0.327971356177795,1390.38373988534,47.2278752896025,47.1206914684204
17,17,3,"static-control","Control social image returns at 0.5km","complete",0,0.0605723857879639,86,0.328229271511208,1774.69858870621,47.265015097614,47.1206914684204
18,18,3,"static-control","Control social image returns at 0.5km","complete",0,0.0773499011993408,105,0.327891611442026,1323.39165124395,47.2163920476517,47.1206914684204
19,19,3,"static-control","Control social image returns at 0.5km","complete",0,0.0648248195648193,111,0.328042219474394,1204.59904060685,47.2380796043128,47.1206914684204
20,20,3,"static-control","Control social image returns at 0.5km","complete",0,0.0727055072784424,91,0.327909400165245,1660.76435948786,47.2189536237953,47.1206914684204
21,21,3,"static-control","Control social image returns at 0.5km","complete",0,0.0659787654876709,96,0.328203063400306,1528.60830781776,47.261241129644,47.1206914684204
22,22,3,"static-control","Control social image returns at 0.5km","complete",0,0.110456943511963,76,0.328826844735557,2112.66171678359,47.3510656419203,47.1206914684204
23,23,3,"static-control","Control social image returns at 0.5km","complete",0,0.0845212936401367,106,0.327291820457909,1321.10699228856,47.1300221459389,47.1206914684204
24,24,3,"static-control","Control social image returns at 0.5km","complete",0,0.0582940578460693,89,0.328407928519991,1699.91670463494,47.2907417068787,47.1206914684204
25,25,3,"static-control","Control social image returns at 0.5km","complete",0,0.0544571876525879,104,0.327859395912273,1360.01367915795,47.2117530113673,47.1206914684204
26,26,3,"static-control","Control social image returns at 0.5km","complete",0,0.0779576301574707,104,0.328252854490099,1351.61574458844,47.2684110465743,47.1206914684204
27,27,3,"static-control","Control social image returns at 0.5km","complete",0,0.0934746265411377,76,0.327489681979467,2239.86761234238,47.1585142050433,47.1206914684204
28,28,3,"static-control","Control social image returns at 0.5km","complete",0,0.0726625919342041,88,0.327479710300784,1723.46287542997,47.157078283313,47.1206914684204
29,29,3,"static-control","Control social image returns at 0.5km","complete",0,0.0780754089355469,81,0.32778582700065,1929.96086240162,47.2011590880936,47.1206914684204
30,30,3,"static-control","Control social image returns at 0.5km","complete",0,0.0627560615539551,82,0.327948030785355,1895.85013735872,47.2245164330911,47.1206914684204
31,31,3,"static-control","Control social image returns at 0.5km","complete",0,0.0762596130371094,114,0.327244388383372,1137.45236192826,47.1231919272055,47.1206914684204
32,32,3,"static-control","Control social image returns at 0.5km","complete",0,0.0767252445220947,81,0.327673577706603,1929.94285879844,47.1849951897508,47.1206914684204
33,33,3,"static-control","Control social image returns at 0.5km","complete",0,0.0630404949188232,107,0.328415658516632,1281.82710635219,47.291854826395,47.1206914684204
34,34,3,"static-control","Control social image returns at 0.5km","complete",0,0.0523762702941895,95,0.328202733712243,1555.11965499033,47.2611936545631,47.1206914684204
35,35,3,"static-control","Control social image returns at 0.5km","complete",0,0.0673129558563232,103,0.327240893610578,1372.52724851487,47.1226886799232,47.1206914684204
36,36,3,"static-control","Control social image returns at 0.5km","complete",0,0.073948860168457,91,0.327588842718173,1661.68834364067,47.172793351417,47.1206914684204
37,37,3,"static-control","Control social image returns at 0.5km","complete",0,0.0825824737548828,83,0.327509889699433,1856.91047555003,47.1614241167184,47.1206914684204
38,38,3,"static-control","Control social image returns at 0.5km","complete",0,0.0632650852203369,96,0.327721841597751,1528.60830781776,47.1919451900762,47.1206914684204
39,39,3,"static-control","Control social image returns at 0.5km","complete",0,0.0741510391235352,89,0.327525910744713,1716.17473070985,47.1637311472386,47.1206914684204
40,40,3,"static-control","Control social image returns at 0.5km","complete",0,0.0776844024658203,82,0.327449539332777,1885.39155427657,47.1527336639199,47.1206914684204
41,41,3,"static-control","Control social image returns at 0.5km","complete",0,0.085792064666748,112,0.32851188494497,1181.82002584585,47.3057114320757,47.1206914684204
42,42,3,"static-control","Control social image returns at 0.5km","complete",0,0.0853240489959717,107,0.327875569031402,1287.22840305586,47.2140819405219,47.1206914684204
43,43,3,"static-control","Control social image returns at 0.5km","complete",0,0.0609819889068604,100,0.32894040922638,1437.89720474312,47.3674189285988,47.1206914684204
44,44,3,"static-control","Control social image returns at 0.5km","complete",0,0.0752274990081787,109,0.328020104283251,1238.07571948886,47.2348950167881,47.1206914684204
45,45,3,"static-control","Control social image returns at 0.5km","complete",0,0.0873730182647705,104,0.329007929638219,1347.58938310113,47.3771418679035,47.1206914684204
46,46,3,"static-control","Control social image returns at 0.5km","complete",0,0.0786194801330566,83,0.328125529193892,1872.0086544282,47.2500762039204,47.1206914684204
47,47,3,"static-control","Control social image returns at 0.5km","complete",0,0.0767171382904053,92,0.327313092698182,1628.18399414794,47.1330853485382,47.1206914684204
48,48,3,"static-control","Control social image returns at 0.5km","complete",0,0.0752747058868408,97,0.327489133900104,1504.41216983143,47.1584352816149,47.1206914684204
49,49,3,"static-control","Control social image returns at 0.5km","complete",0,0.0842704772949219,104,0.327640351264388,1365.23910379474,47.1802105820719,47.1206914684204
50,50,3,"static-control","Control social image returns at 0.5km","complete",0,0.0638322830200195,93,0.3283135340655,1613.28383125557,47.2771489054319,47.1206914684204
51,51,3,"static-control","Control social image returns at 0.5km","complete",0,0.0819041728973389,107,0.327262720825548,1287.74093046713,47.1258317988789,47.1206914684204
52,52,3,"static-control","Control social image returns at 0.5km","complete",0,0.0857608318328857,99,0.32748460284501,1456.1819631205,47.1577828096814,47.1206914684204
53,53,3,"static-control","Control social image returns at 0.5km","complete",0,0.0610625743865967,98,0.328353465024728,1481.82918708232,47.2828989635608,47.1206914684204
54,54,3,"static-control","Control social image returns at 0.5km","complete",0,0.0845694541931152,83,0.327448790457389,1870.05477263382,47.1526258258641,47.1206914684204
55,55,3,"static-control","Control social image returns at 0.5km","complete",0,0.1069495677948,101,0.32789802385754,1415.3433050885,47.2173154354857,47.1206914684204
56,56,3,"static-control","Control social image returns at 0.5km","complete",0,0.0927956104278564,76,0.327441557348438,2386.5011361169,47.151584258175,47.1206914684204
57,57,3,"static-control","Control social image returns at 0.5km","complete",0,0.113269567489624,76,0.327423038196307,2191.62743994101,47.1489175002682,47.1206914684204
58,58,3,"static-control","Control social image returns at 0.5km","complete",0,0.0753059387207031,95,0.327853532030387,1552.45045962794,47.2109086123758,47.1206914684204
59,59,3,"static-control","Control social image returns at 0.5km","complete",0,0.0860874652862549,94,0.327769006639264,1582.31848107763,47.198736956054,47.1206914684204
60,60,3,"static-control","Control social image returns at 0.5km","complete",0,0.073265552520752,91,0.327587778028081,1660.76435948786,47.1726400360437,47.1206914684204
61,61,3,"static-control","Control social image returns at 0.5km","complete",0,0.0811030864715576,121,0.327255340447314,1004.6848505583,47.1247690244132,47.1206914684204
62,62,3,"static-control","Control social image returns at 0.5km","complete",0,0.0870316028594971,108,0.327831140752137,1266.76306670374,47.2076842683077,47.1206914684204
63,63,3,"static-control","Control social image returns at 0.5km","complete",0,0.0788328647613525,116,0.327481224190115,1113.75818794058,47.1572962833765,47.1206914684204
64,64,3,"static-control","Control social image returns at 0.5km","complete",0,0.0766043663024902,88,0.328347751002032,1723.46287542997,47.2820761442925,47.1206914684204
65,65,3,"static-control","Control social image returns at 0.5km","complete",0,0.0771033763885498,102,0.327707981950102,1395.10284795892,47.1899494008147,47.1206914684204
66,66,3,"static-control","Control social image returns at 0.5km","complete",0,0.06109619140625,90,0.328642338136091,1675.05323988587,47.3244966915971,47.1206914684204
67,67,3,"static-control","Control social image returns at 0.5km","complete",0,0.0745213031768799,92,0.327819868395917,1626.64872750077,47.206061049012,47.1206914684204
68,68,3,"static-control","Control social image returns at 0.5km","complete",0,0.0791153907775879,97,0.327823517057875,1504.41216983143,47.206586456334,47.1206914684204
69,69,3,"static-control","Control social image returns at 0.5km","complete",0,0.076103687286377,76,0.331165496277702,2455.85451285114,47.6878314639891,47.1206914684204
70,70,3,"static-control","Control social image returns at 0.5km","complete",0,0.0742812156677246,98,0.327461107758941,1501.37103680908,47.1543995172876,47.1206914684204
71,71,3,"static-control","Control social image returns at 0.5km","complete",0,0.0852558612823486,104,0.327838930439847,1346.88002455304,47.208805983338,47.1206914684204
72,72,3,"static-control","Control social image returns at 0.5km","complete",0,0.0861341953277588,108,0.328050980118258,1266.76306670374,47.2393411370292,47.1206914684204
73,73,3,"static-control","Control social image returns at 0.5km","complete",0,0.0642211437225342,98,0.327607094542241,1497.1240251113,47.1754216140827,47.1206914684204
74,74,3,"static-control","Control social image returns at 0.5km","complete",0,0.0751118659973145,110,0.327794862382809,1230.24626456868,47.2024601831245,47.1206914684204
75,75,3,"static-control","Control social image returns at 0.5km","complete",0,0.0803146362304688,102,0.327390278687552,1393.6318621704,47.1442001310076,47.1206914684204
76,77,3,"static-control","Control social image returns at 0.5km","complete",0,0.0620625019073486,95,0.327425424044442,1565.88585248236,47.1492610623996,47.1206914684204
77,78,3,"static-control","Control social image returns at 0.5km","complete",0,0.0753631591796875,97,0.327876553796147,1518.5270093847,47.2142237466452,47.1206914684204
78,79,3,"static-control","Control social image returns at 0.5km","complete",0,0.084392786026001,99,0.327553663453056,1462.71141276416,47.1677275372401,47.1206914684204
79,80,3,"static-control","Control social image returns at 0.5km","complete",0,0.0617098808288574,96,0.327510204761325,1526.80323566611,47.1614694856309,47.1206914684204
80,81,3,"static-control","Control social image returns at 0.5km","complete",0,0.075054407119751,102,0.327420199852896,1412.28047227672,47.1485087788171,47.1206914684204
81,82,3,"static-control","Control social image returns at 0.5km","complete",0,0.110179424285889,76,0.328653045890096,2148.48766374628,47.3260386081739,47.1206914684204
82,83,3,"static-control","Control social image returns at 0.5km","complete",0,0.0680029392242432,76,0.343777654635769,2400.28303839425,49.5039822675508,47.1206914684204
83,84,3,"static-control","Control social image returns at 0.5km","complete",0,0.0746898651123047,113,0.327579819527934,1156.76690890081,47.1714940120226,47.1206914684204
84,85,3,"static-control","Control social image returns at 0.5km","complete",0,0.062903881072998,105,0.327893649440114,1331.13136865429,47.2166855193764,47.1206914684204
85,86,3,"static-control","Control social image returns at 0.5km","complete",0,0.0946497917175293,103,0.328680013304043,1371.14305872141,47.3299219157821,47.1206914684204
86,87,3,"static-control","Control social image returns at 0.5km","complete",0,0.08976149559021,136,0.327887257961517,760.379045985427,47.2157651464585,47.1206914684204
87,88,3,"static-control","Control social image returns at 0.5km","complete",0,0.06317138671875,105,0.327251535687066,1330.96270362311,47.1242211389375,47.1206914684204
88,89,3,"static-control","Control social image returns at 0.5km","complete",0,0.0815067291259766,104,0.328702013411025,1359.16235226967,47.3330899311876,47.1206914684204
89,90,3,"static-control","Control social image returns at 0.5km","complete",0,0.0805022716522217,77,0.327520428372755,2048.51298002101,47.1629416856768,47.1206914684204
90,91,3,"static-control","Control social image returns at 0.5km","complete",0,0.0797009468078613,102,0.327662357732796,1401.95670905387,47.1833795135227,47.1206914684204
91,92,3,"static-control","Control social image returns at 0.5km","complete",0,0.0793650150299072,94,0.327728511477439,1576.58155336516,47.1929056527512,47.1206914684204
92,93,3,"static-control","Control social image returns at 0.5km","complete",0,0.062833309173584,98,0.328049370166904,1481.82918708232,47.2391093040342,47.1206914684204
93,94,3,"static-control","Control social image returns at 0.5km","complete",0,0.0753204822540283,87,0.328229755766507,1748.31211526714,47.2650848303771,47.1206914684204
94,95,3,"static-control","Control social image returns at 0.5km","complete",0,0.0783455371856689,108,0.327301460276227,1258.72876045419,47.1314102797767,47.1206914684204
95,96,3,"static-control","Control social image returns at 0.5km","complete",0,0.0797107219696045,107,0.328081292289092,1280.9930677066,47.2437060896293,47.1206914684204
96,97,3,"static-control","Control social image returns at 0.5km","complete",0,0.0795574188232422,96,0.327364139782643,1528.60830781776,47.1404361287006,47.1206914684204
97,98,3,"static-control","Control social image returns at 0.5km","complete",0,0.0765492916107178,85,0.327429899521461,1801.90022554926,47.1499055310904,47.1206914684204
98,99,3,"static-control","Control social image returns at 0.5km","complete",0,0.0772731304168701,108,0.327685208441369,1278.33603587228,47.1866700155572,47.1206914684204
99,100,3,"static-control","Control social image returns at 0.5km","complete",0,0.0796661376953125,91,0.327315321060371,1650.63291935641,47.1334062326935,47.1206914684204
100,101,3,"static-control","Control social image returns at 0.5km","complete",0,0.0776736736297607,90,0.327373400745878,1694.16382656198,47.1417697074065,47.1206914684204
101,102,3,"static-control","Control social image returns at 0.5km","complete",0,0.0801844596862793,125,0.327978158009505,947.856788642486,47.2288547533687,47.1206914684204
102,103,3,"static-control","Control social image returns at 0.5km","complete",0,0.07883620262146,85,0.327545436307003,1801.90022554926,47.1665428282085,47.1206914684204
103,104,3,"static-control","Control social image returns at 0.5km","complete",0,0.0798294544219971,97,0.327665499348833,1504.41216983143,47.183831906232,47.1206914684204
104,105,3,"static-control","Control social image returns at 0.5km","complete",0,0.082324743270874,122,0.327574460561957,992.126160745941,47.1707223209218,47.1206914684204
105,106,3,"static-control","Control social image returns at 0.5km","complete",0,0.0832505226135254,100,0.328570822109354,1437.89720474312,47.314198383747,47.1206914684204
106,107,3,"static-control","Control social image returns at 0.5km","complete",0,0.0791304111480713,81,0.32746040567275,1940.28462562446,47.154298416876,47.1206914684204
107,108,3,"static-control","Control social image returns at 0.5km","complete",0,0.0793111324310303,86,0.328452302291757,1786.56344390651,47.297131530013,47.1206914684204
108,109,3,"static-control","Control social image returns at 0.5km","complete",0,0.0796797275543213,109,0.329729887520737,1251.7333441796,47.4811038029862,47.1206914684204
109,110,3,"static-control","Control social image returns at 0.5km","complete",0,0.0860500335693359,99,0.327935396754043,1467.40335091975,47.2226971325822,47.1206914684204
110,111,3,"static-control","Control social image returns at 0.5km","complete",0,0.0616040229797363,94,0.327436846600969,1578.96180680051,47.1509059105396,47.1206914684204
111,112,3,"static-control","Control social image returns at 0.5km","complete",0,0.0718569755554199,82,0.327235509256609,1902.71793198536,47.1219133329518,47.1206914684204
112,113,3,"static-control","Control social image returns at 0.5km","complete",0,0.0787777900695801,111,0.327693942811814,1196.94832152489,47.1879277649012,47.1206914684204
113,114,3,"static-control","Control social image returns at 0.5km","complete",0,0.0671787261962891,103,0.328297575540035,1368.69399675667,47.274850877765,47.1206914684204
114,115,3,"static-control","Control social image returns at 0.5km","complete",0,0.0918078422546387,103,0.328629866457759,1371.14305872141,47.3227007699173,47.1206914684204
115,116,3,"static-control","Control social image returns at 0.5km","complete",0,0.0786957740783691,101,0.327616958707399,1424.53230849793,47.1768420538655,47.1206914684204
116,117,3,"static-control","Control social image returns at 0.5km","complete",0,0.0614252090454102,97,0.328406721294322,1515.24341157256,47.2905678663823,47.1206914684204
117,118,3,"static-control","Control social image returns at 0.5km","complete",0,0.0798771381378174,102,0.327406319007583,1390.38373988534,47.146509937092,47.1206914684204
118,119,3,"static-control","Control social image returns at 0.5km","complete",0,0.0793347358703613,107,0.32755079484146,1291.70093211748,47.1673144571703,47.1206914684204
119,120,3,"static-control","Control social image returns at 0.5km","complete",0,0.0635616779327393,90,0.328183081412509,1679.26366366962,47.2583637234013,47.1206914684204
120,121,3,"static-control","Control social image returns at 0.5km","complete",0,0.0566229820251465,114,0.327560241904509,1137.45236192826,47.1686748342493,47.1206914684204
121,122,3,"static-control","Control social image returns at 0.5km","complete",0,0.0780963897705078,99,0.327261949565469,1456.89132166859,47.1257207374276,47.1206914684204
122,123,3,"static-control","Control social image returns at 0.5km","complete",0,0.0829088687896729,93,0.328590164706695,1603.09290053774,47.3169837177641,47.1206914684204
123,124,3,"static-control","Control social image returns at 0.5km","complete",0,0.0755312442779541,81,0.328106910268325,1913.76762378168,47.2473950786389,47.1206914684204
124,127,3,"static-control","Control social image returns at 0.5km","complete",0,0.0598499774932861,86,0.327386988081115,1794.61208082913,47.1437262836805,47.1206914684204
125,128,3,"static-control","Control social image returns at 0.5km","complete",0,0.0826051235198975,102,0.327351639667682,1390.38373988534,47.1386361121462,47.1206914684204
126,129,3,"static-control","Control social image returns at 0.5km","complete",0,0.0752203464508057,87,0.327375425687147,1749.84738191431,47.1420612989492,47.1206914684204
127,130,3,"static-control","Control social image returns at 0.5km","complete",0,0.0772602558135986,85,0.328052246342947,1801.90022554926,47.2395234733843,47.1206914684204
128,131,3,"static-control","Control social image returns at 0.5km","complete",0,0.0782997608184814,93,0.327388585360481,1618.25368102608,47.1439562919093,47.1206914684204
129,132,3,"static-control","Control social image returns at 0.5km","complete",0,0.079200267791748,89,0.32789314527402,1702.80983446465,47.2166129194589,47.1206914684204
130,133,3,"static-control","Control social image returns at 0.5km","complete",0,0.0858721733093262,99,0.328111523658734,1462.71141276416,47.2480594068576,47.1206914684204
131,134,3,"static-control","Control social image returns at 0.5km","complete",0,0.0801529884338379,91,0.328089560917912,1650.63291935641,47.2448967721794,47.1206914684204
132,135,3,"static-control","Control social image returns at 0.5km","complete",0,0.0758025646209717,93,0.328134343006055,1601.55763389057,47.2513453928719,47.1206914684204
133,136,3,"static-control","Control social image returns at 0.5km","complete",0,0.0856475830078125,106,0.328311770001681,1310.02675499875,47.2768948802421,47.1206914684204
134,137,3,"static-control","Control social image returns at 0.5km","complete",0,0.077960729598999,109,0.327418119207857,1251.44061573406,47.1482091659313,47.1206914684204
135,138,3,"static-control","Control social image returns at 0.5km","complete",0,0.0898141860961914,105,0.327777060073415,1339.55397261984,47.1998966505718,47.1206914684204
136,139,3,"static-control","Control social image returns at 0.5km","complete",0,0.0819454193115234,120,0.327522478380347,1022.83712700301,47.1632368867699,47.1206914684204
137,140,3,"static-control","Control social image returns at 0.5km","complete",0,0.0788798332214355,110,0.327362073976798,1230.04661761697,47.1401386526589,47.1206914684204
138,141,3,"static-control","Control social image returns at 0.5km","complete",0,0.0591247081756592,97,0.327324310877802,1504.41216983143,47.1347007664035,47.1206914684204
139,142,3,"static-control","Control social image returns at 0.5km","complete",0,0.0747652053833008,119,0.327814420436466,1042.79314391191,47.2052765428511,47.1206914684204
140,143,3,"static-control","Control social image returns at 0.5km","complete",0,0.0800657272338867,115,0.328389663511171,1124.08746568307,47.2881115456087,47.1206914684204
141,144,3,"static-control","Control social image returns at 0.5km","complete",0,0.064441442489624,76,0.328193888870027,2107.84763849753,47.2599199972839,47.1206914684204
142,145,3,"static-control","Control social image returns at 0.5km","complete",0,0.0767674446105957,104,0.327771851445306,1344.49626489949,47.1991466081241,47.1206914684204
143,146,3,"static-control","Control social image returns at 0.5km","complete",0,0.0780661106109619,92,0.32813458087478,1644.88004128345,47.2513796459683,47.1206914684204
144,147,3,"static-control","Control social image returns at 0.5km","complete",0,0.0790889263153076,101,0.328435687729313,1424.53230849793,47.2947390330211,47.1206914684204
145,148,3,"static-control","Control social image returns at 0.5km","complete",0,0.0804274082183838,94,0.328065000092165,1583.64014746761,47.2413600132718,47.1206914684204
146,149,3,"static-control","Control social image returns at 0.5km","complete",0,0.0782649517059326,82,0.327750506807103,1900.3847239333,47.1960729802229,47.1206914684204
147,150,3,"static-control","Control social image returns at 0.5km","complete",0,0.0793526172637939,101,0.328329625732167,1424.53230849793,47.279466105432,47.1206914684204
148,151,3,"static-control","Control social image returns at 0.5km","complete",0,0.0813624858856201,121,0.328312661651594,1007.2622251432,47.2770232778295,47.1206914684204
149,152,3,"static-control","Control social image returns at 0.5km","complete",0,0.0801041126251221,80,0.328601173868349,1943.32575864682,47.3185690370422,47.1206914684204
150,153,3,"static-control","Control social image returns at 0.5km","complete",0,0.0592215061187744,88,0.328524622145546,1723.46287542997,47.3075455889587,47.1206914684204
151,154,3,"static-control","Control social image returns at 0.5km","complete",0,0.0751593112945557,116,0.327292662038848,1098.80782003954,47.1301433335942,47.1206914684204
152,155,3,"static-control","Control social image returns at 0.5km","complete",0,0.0798845291137695,91,0.327957467141947,1650.63291935641,47.2258752684404,47.1206914684204
153,156,3,"static-control","Control social image returns at 0.5km","complete",0,0.0789823532104492,97,0.327713678335264,1522.8554297448,47.190769680278,47.1206914684204
154,157,3,"static-control","Control social image returns at 0.5km","complete",0,0.0785768032073975,108,0.327336000493804,1258.24626626353,47.1363840711077,47.1206914684204
155,158,3,"static-control","Control social image returns at 0.5km","complete",0,0.0959248542785645,105,0.329301678490908,1325.96852062661,47.4194417026907,47.1206914684204
156,159,3,"static-control","Control social image returns at 0.5km","complete",0,0.0782301425933838,98,0.327507249717296,1481.82918708232,47.1610439592906,47.1206914684204
157,160,3,"static-control","Control social image returns at 0.5km","complete",0,0.0796868801116943,90,0.328021717245538,1675.05323988587,47.2351272833574,47.1206914684204
158,161,3,"static-control","Control social image returns at 0.5km","complete",0,0.0783967971801758,87,0.327544914961656,1748.31211526714,47.1664677544785,47.1206914684204
159,162,3,"static-control","Control social image returns at 0.5km","complete",0,0.0770184993743896,81,0.327910954298452,1929.94285879844,47.2191774189771,47.1206914684204
160,163,3,"static-control","Control social image returns at 0.5km","complete",0,0.0678970813751221,100,0.32750874757638,1449.76868505234,47.1612596509988,47.1206914684204
161,164,3,"static-control","Control social image returns at 0.5km","complete",0,0.080502986907959,92,0.327881925004112,1625.54182574621,47.2149972005921,47.1206914684204
162,165,3,"static-control","Control social image returns at 0.5km","complete",0,0.0789568424224854,118,0.327259821708503,1079.16612136957,47.1254143260244,47.1206914684204
163,166,3,"static-control","Control social image returns at 0.5km","complete",0,0.120846033096313,76,0.330185438480883,2112.66171678359,47.5467031412472,47.1206914684204
164,167,3,"static-control","Control social image returns at 0.5km","complete",0,0.0816562175750732,96,0.327682225273007,1526.80323566611,47.1862404393131,47.1206914684204
165,168,3,"static-control","Control social image returns at 0.5km","complete",0,0.101733446121216,76,0.328874931879868,2302.29356470447,47.357990190701,47.1206914684204
166,169,3,"static-control","Control social image returns at 0.5km","complete",0,0.0755622386932373,97,0.328550508762302,1509.4905334996,47.3112732617714,47.1206914684204
167,170,3,"static-control","Control social image returns at 0.5km","complete",0,0.0824613571166992,93,0.327835901647705,1601.55763389057,47.2083698372696,47.1206914684204
168,171,3,"static-control","Control social image returns at 0.5km","complete",0,0.0609903335571289,105,0.327878226675302,1323.39165124395,47.2144646412435,47.1206914684204
169,172,3,"static-control","Control social image returns at 0.5km","complete",0,0.0745270252227783,90,0.327561421643787,1696.87557161259,47.1688447167054,47.1206914684204
170,173,3,"static-control","Control social image returns at 0.5km","complete",0,0.0856430530548096,105,0.328092230934894,1330.48391636376,47.2452812546248,47.1206914684204
171,175,3,"static-control","Control social image returns at 0.5km","complete",0,0.0763118267059326,83,0.327329523596465,1872.02665803137,47.135451397891,47.1206914684204
172,176,3,"static-control","Control social image returns at 0.5km","complete",0,0.0820002555847168,93,0.328137983703876,1601.55763389057,47.2518696533582,47.1206914684204
173,177,3,"static-control","Control social image returns at 0.5km","complete",0,0.0843653678894043,99,0.327525441117069,1462.71141276416,47.163663520858,47.1206914684204
174,178,3,"static-control","Control social image returns at 0.5km","complete",0,0.0841424465179443,104,0.327280704597974,1346.88002455304,47.1284214621082,47.1206914684204
175,179,3,"static-control","Control social image returns at 0.5km","complete",0,0.0780777931213379,112,0.327524743890804,1183.58342527969,47.1635631202758,47.1206914684204
176,180,3,"static-control","Control social image returns at 0.5km","complete",0,0.0627388954162598,96,0.327913479352018,1539.08556338274,47.2195410266905,47.1206914684204
177,181,3,"static-control","Control social image returns at 0.5km","complete",0,0.0808637142181396,109,0.329493644884522,1249.08202428188,47.4470848633712,47.1206914684204
178,182,3,"static-control","Control social image returns at 0.5km","complete",0,0.0797090530395508,109,0.327305135673296,1251.44061573406,47.1319395369546,47.1206914684204
179,183,3,"static-control","Control social image returns at 0.5km","complete",0,0.077223539352417,91,0.327568519892501,1649.7089352036,47.1698668645202,47.1206914684204
180,184,3,"static-control","Control social image returns at 0.5km","complete",0,0.0804102420806885,112,0.327342395386919,1177.41994986614,47.1373049357163,47.1206914684204
181,185,3,"static-control","Control social image returns at 0.5km","complete",0,0.0781452655792236,91,0.32753634991623,1667.76509516574,47.1652343879372,47.1206914684204
182,186,3,"static-control","Control social image returns at 0.5km","complete",0,0.0825657844543457,89,0.327594812693122,1697.67542652809,47.1736530278096,47.1206914684204
183,187,3,"static-control","Control social image returns at 0.5km","complete",0,0.0783162117004395,106,0.327677806726364,1301.12734399154,47.1856041685964,47.1206914684204
184,188,3,"static-control","Control social image returns at 0.5km","complete",0,0.0804212093353271,106,0.327898347885978,1312.73701444933,47.2173620955809,47.1206914684204
185,189,3,"static-control","Control social image returns at 0.5km","complete",0,0.0741682052612305,86,0.327371645801739,1786.56344390651,47.1415169954504,47.1206914684204
186,190,3,"static-control","Control social image returns at 0.5km","complete",0,0.0776896476745605,81,0.327945661114469,1922.67271768149,47.2241752004835,47.1206914684204
187,192,3,"static-control","Control social image returns at 0.5km","complete",0,0.0794315338134766,86,0.327709081789269,1774.69858870621,47.1901077776547,47.1206914684204
188,193,3,"static-control","Control social image returns at 0.5km","complete",0,0.0883955955505371,103,0.327342599239952,1368.69399675667,47.1373342905531,47.1206914684204
189,194,3,"static-control","Control social image returns at 0.5km","complete",0,0.0783686637878418,88,0.327964763035594,1734.94721902194,47.2269258771255,47.1206914684204
190,195,3,"static-control","Control social image returns at 0.5km","complete",0,0.0782811641693115,86,0.3279671262529,1775.5137521102,47.2272661804176,47.1206914684204
191,197,3,"static-control","Control social image returns at 0.5km","complete",0,0.0801663398742676,113,0.32770821861291,1164.05505362094,47.189983480259,47.1206914684204
192,198,3,"static-control","Control social image returns at 0.5km","complete",0,0.0628137588500977,97,0.328023719118017,1522.8554297448,47.2354155529944,47.1206914684204
193,199,3,"static-control","Control social image returns at 0.5km","complete",0,0.0709741115570068,116,0.327297144798716,1113.75818794058,47.1307888510152,47.1206914684204
194,200,3,"static-control","Control social image returns at 0.5km","complete",0,0.0759363174438477,92,0.3274646558905,1643.34477463629,47.154910448232,47.1206914684204
195,202,3,"static-control","Control social image returns at 0.5km","complete",0,0.083209753036499,93,0.327375583730779,1601.55763389057,47.1420840572322,47.1206914684204
196,203,3,"static-control","Control social image returns at 0.5km","complete",0,0.0628559589385986,99,0.327733322376679,1462.71141276416,47.1935984222418,47.1206914684204
197,204,3,"static-control","Control social image returns at 0.5km","complete",0,0.0765736103057861,91,0.327386191708319,1650.63291935641,47.1436116059979,47.1206914684204
198,206,3,"static-control","Control social image returns at 0.5km","complete",0,0.0902407169342041,114,0.327719285226759,1145.38816949036,47.1915770726533,47.1206914684204
199,207,3,"static-control","Control social image returns at 0.5km","complete",0,0.077847957611084,92,0.328350507071082,1626.64872750077,47.2824730182358,47.1206914684204
200,208,3,"static-control","Control social image returns at 0.5km","complete",0,0.0583546161651611,94,0.328104093580832,1576.58155336516,47.2469894756397,47.1206914684204
201,209,3,"static-control","Control social image returns at 0.5km","complete",0,0.0759212970733643,91,0.328226317948152,1661.6703400375,47.2645897845338,47.1206914684204
202,210,3,"static-control","Control social image returns at 0.5km","complete",0,0.0780355930328369,119,0.327300368233642,1058.47733588715,47.1312530256444,47.1206914684204
203,211,3,"static-control","Control social image returns at 0.5km","complete",0,0.0759809017181396,81,0.327346994438063,1913.76762378168,47.1379671990811,47.1206914684204
204,212,3,"static-control","Control social image returns at 0.5km","complete",0,0.0852470397949219,106,0.328769505510273,1306.99554305467,47.3428087934793,47.1206914684204
205,213,3,"static-control","Control social image returns at 0.5km","complete",0,0.0824902057647705,92,0.327657657650744,1625.54182574621,47.1827027017072,47.1206914684204
206,214,3,"static-control","Control social image returns at 0.5km","complete",0,0.0602991580963135,94,0.328241607943797,1588.19273764537,47.2667915439068,47.1206914684204
207,215,3,"static-control","Control social image returns at 0.5km","complete",0,0.0729413032531738,90,0.327679162351909,1675.05323988587,47.1857993786749,47.1206914684204
208,216,3,"static-control","Control social image returns at 0.5km","complete",0,0.0832738876342773,80,0.327276362735791,1963.74663408121,47.1277962339538,47.1206914684204
209,219,3,"static-control","Control social image returns at 0.5km","complete",0,0.0778069496154785,86,0.327278198329438,1775.5137521102,47.1280605594391,47.1206914684204
210,220,3,"static-control","Control social image returns at 0.5km","complete",0,0.0842452049255371,112,0.329117603500052,1181.11066729776,47.3929349040075,47.1206914684204
1,1,4,"static-bracelet","Bracelet social image returns at 0.5km","complete",0,0.0717785358428955,84,0.327233760087087,1843.54557930483,47.1216614525405,47.1206914684204
2,2,4,"static-bracelet","Bracelet social image returns at 0.5km","complete",0,0.0438475608825684,98,0.327465282061399,1481.82918708232,47.1550006168414,47.1206914684204
3,3,4,"static-bracelet","Bracelet social image returns at 0.5km","complete",0,0.064136266708374,76,0.335838295310093,2442.96033529904,48.3607145246534,47.1206914684204
4,4,4,"static-bracelet","Bracelet social image returns at 0.5km","complete",0,0.0405077934265137,92,0.327514318496068,1626.64872750077,47.1620618634338,47.1206914684204
5,5,4,"static-bracelet","Bracelet social image returns at 0.5km","complete",0,0.0441560745239258,102,0.32729247327566,1389.67438133725,47.130116151695,47.1206914684204
6,6,4,"static-bracelet","Bracelet social image returns at 0.5km","complete",0,0.041823148727417,76,0.328189804027313,2107.48860256068,47.2593317799331,47.1206914684204
7,7,4,"static-bracelet","Bracelet social image returns at 0.5km","complete",0,0.0536212921142578,76,0.362017382499994,2420.03696129541,52.1305030799991,47.1206914684204
8,8,4,"static-bracelet","Bracelet social image returns at 0.5km","complete",0,0.0512559413909912,92,0.327247764108721,1647.59178633406,47.1236780316559,47.1206914684204
9,9,4,"static-bracelet","Bracelet social image returns at 0.5km","complete",0,0.0423033237457275,100,0.328356446854518,1437.89720474312,47.2833283470506,47.1206914684204
10,10,4,"static-bracelet","Bracelet social image returns at 0.5km","complete",0,0.0395166873931885,76,0.328184264473855,2109.72075235857,47.2585340842352,47.1206914684204
11,11,4,"static-bracelet","Bracelet social image returns at 0.5km","complete",0,0.0529599189758301,86,0.328078776864486,1786.56344390651,47.2433438684859,47.1206914684204
12,12,4,"static-bracelet","Bracelet social image returns at 0.5km","complete",0,0.0810132026672363,92,0.32759957706357,1637.68192783712,47.1743390971541,47.1206914684204
13,13,4,"static-bracelet","Bracelet social image returns at 0.5km","complete",0,0.0569140911102295,101,0.327418088873914,1412.95933932939,47.1482047978437,47.1206914684204
14,14,4,"static-bracelet","Bracelet social image returns at 0.5km","complete",0,0.0781941413879395,89,0.327455002398167,1716.17473070985,47.153520345336,47.1206914684204
15,15,4,"static-bracelet","Bracelet social image returns at 0.5km","complete",0,0.0582242012023926,98,0.328246454772917,1491.04727358623,47.2674894873,47.1206914684204
16,16,4,"static-bracelet","Bracelet social image returns at 0.5km","complete",0,0.0517094135284424,94,0.327380617771102,1588.19273764537,47.1428089590387,47.1206914684204
17,17,4,"static-bracelet","Bracelet social image returns at 0.5km","complete",0,0.0507776737213135,87,0.327418416765652,1748.31211526714,47.1482520142539,47.1206914684204
18,18,4,"static-bracelet","Bracelet social image returns at 0.5km","complete",0,0.0559284687042236,93,0.327593614455473,1613.28383125557,47.1734804815881,47.1206914684204
19,19,4,"static-bracelet","Bracelet social image returns at 0.5km","complete",0,0.051924467086792,118,0.328565842801677,1065.38859269034,47.3134813634416,47.1206914684204
20,20,4,"static-bracelet","Bracelet social image returns at 0.5km","complete",0,0.0518455505371094,83,0.327531308184002,1872.02665803137,47.1645083784963,47.1206914684204
21,21,4,"static-bracelet","Bracelet social image returns at 0.5km","complete",0,0.0510859489440918,82,0.327587876872914,1898.43084213893,47.1726542696997,47.1206914684204
22,22,4,"static-bracelet","Bracelet social image returns at 0.5km","complete",0,0.0641868114471436,76,0.344684810905392,2387.79151369983,49.6346127703764,47.1206914684204
23,23,4,"static-bracelet","Bracelet social image returns at 0.5km","complete",0,0.0516009330749512,92,0.327290653362774,1626.64872750077,47.1298540842394,47.1206914684204
24,24,4,"static-bracelet","Bracelet social image returns at 0.5km","complete",0,0.076453685760498,76,0.329133261883331,2248.87775085142,47.3951897111996,47.1206914684204
25,25,4,"static-bracelet","Bracelet social image returns at 0.5km","complete",0,0.0541908740997314,109,0.327320318655922,1241.31598544247,47.1341258864527,47.1206914684204
26,26,4,"static-bracelet","Bracelet social image returns at 0.5km","complete",0,0.0392482280731201,96,0.328820442381934,1534.466614025,47.3501437029985,47.1206914684204
27,27,4,"static-bracelet","Bracelet social image returns at 0.5km","complete",0,0.0529356002807617,76,0.342900705440595,2387.79151369983,49.3777015834456,47.1206914684204
28,28,4,"static-bracelet","Bracelet social image returns at 0.5km","complete",0,0.0421192646026611,93,0.327840494118444,1613.28383125557,47.2090311530559,47.1206914684204
29,29,4,"static-bracelet","Bracelet social image returns at 0.5km","complete",0,0.0389127731323242,81,0.328076146017102,1929.96086240162,47.2429650264627,47.1206914684204
30,30,4,"static-bracelet","Bracelet social image returns at 0.5km","complete",0,0.0382757186889648,82,0.327610492590356,1898.43084213893,47.1759109330113,47.1206914684204
31,31,4,"static-bracelet","Bracelet social image returns at 0.5km","complete",0,0.0620076656341553,101,0.328273704604396,1412.2499807813,47.271413463033,47.1206914684204
32,32,4,"static-bracelet","Bracelet social image returns at 0.5km","complete",0,0.0669503211975098,76,0.32758174459214,2242.64610922552,47.1717712212682,47.1206914684204
33,33,4,"static-bracelet","Bracelet social image returns at 0.5km","complete",0,0.0429849624633789,102,0.328530313577136,1390.38373988534,47.3083651551076,47.1206914684204
34,34,4,"static-bracelet","Bracelet social image returns at 0.5km","complete",0,0.0396382808685303,97,0.328682501325995,1509.4905334996,47.3302801909433,47.1206914684204
35,35,4,"static-bracelet","Bracelet social image returns at 0.5km","complete",0,0.0839951038360596,76,0.331597989392333,2112.66171678359,47.750110472496,47.1206914684204
36,36,4,"static-bracelet","Bracelet social image returns at 0.5km","complete",0,0.0401074886322021,94,0.327928058338937,1576.58155336516,47.2216404008069,47.1206914684204
37,37,4,"static-bracelet","Bracelet social image returns at 0.5km","complete",0,0.0456452369689941,80,0.327846697986442,1961.79275228684,47.2099245100477,47.1206914684204
38,38,4,"static-bracelet","Bracelet social image returns at 0.5km","complete",0,0.0424513816833496,95,0.327382759581979,1563.21665711996,47.143117379805,47.1206914684204
39,39,4,"static-bracelet","Bracelet social image returns at 0.5km","complete",0,0.0587189197540283,76,0.332652871380814,2362.63957523957,47.9020134788372,47.1206914684204
40,40,4,"static-bracelet","Bracelet social image returns at 0.5km","complete",0,0.0395569801330566,78,0.328455510617468,2008.70763669677,47.2975935289153,47.1206914684204
41,41,4,"static-bracelet","Bracelet social image returns at 0.5km","complete",0,0.0418562889099121,99,0.327495282756549,1469.99955748429,47.159320716943,47.1206914684204
42,42,4,"static-bracelet","Bracelet social image returns at 0.5km","complete",0,0.0399632453918457,95,0.328088788687425,1555.11965499033,47.2447855709893,47.1206914684204
43,43,4,"static-bracelet","Bracelet social image returns at 0.5km","complete",0,0.0386385917663574,87,0.327585871528386,1748.31211526714,47.1723655000876,47.1206914684204
44,44,4,"static-bracelet","Bracelet social image returns at 0.5km","complete",0,0.0385301113128662,90,0.327423962480181,1692.62855991481,47.149050597146,47.1206914684204
45,45,4,"static-bracelet","Bracelet social image returns at 0.5km","complete",0,0.0400900840759277,91,0.328016169614599,1650.63291935641,47.2343284245023,47.1206914684204
46,46,4,"static-bracelet","Bracelet social image returns at 0.5km","complete",0,0.044532299041748,79,0.327303720474912,1974.903861414,47.1317357483873,47.1206914684204
47,47,4,"static-bracelet","Bracelet social image returns at 0.5km","complete",0,0.0385406017303467,89,0.327685380954978,1719.01306639915,47.1866948575168,47.1206914684204
48,48,4,"static-bracelet","Bracelet social image returns at 0.5km","complete",0,0.0430581569671631,108,0.327395256964696,1266.60910224245,47.1449170029162,47.1206914684204
49,49,4,"static-bracelet","Bracelet social image returns at 0.5km","complete",0,0.0396764278411865,102,0.328391572941445,1393.6318621704,47.288386503568,47.1206914684204
50,50,4,"static-bracelet","Bracelet social image returns at 0.5km","complete",0,0.0391063690185547,81,0.327329596427614,1936.03761392669,47.1354618855764,47.1206914684204
51,51,4,"static-bracelet","Bracelet social image returns at 0.5km","complete",0,0.0416491031646729,104,0.3293324820572,1347.58938310113,47.4238774162368,47.1206914684204
52,52,4,"static-bracelet","Bracelet social image returns at 0.5km","complete",0,0.0388164520263672,91,0.327719149312034,1650.63291935641,47.1915575009328,47.1206914684204
53,53,4,"static-bracelet","Bracelet social image returns at 0.5km","complete",0,0.0426669120788574,99,0.327679225216033,1468.46429083712,47.1858084311088,47.1206914684204
54,54,4,"static-bracelet","Bracelet social image returns at 0.5km","complete",0,0.0399672985076904,77,0.328045273450644,2048.51298002101,47.2385193768928,47.1206914684204
55,55,4,"static-bracelet","Bracelet social image returns at 0.5km","complete",0,0.0400600433349609,111,0.328034712944903,1196.94832152489,47.236998664066,47.1206914684204
56,56,4,"static-bracelet","Bracelet social image returns at 0.5km","complete",0,0.0539257526397705,76,0.349564274932228,2432.04408999914,50.3372555902408,47.1206914684204
57,57,4,"static-bracelet","Bracelet social image returns at 0.5km","complete",0,0.0535986423492432,76,0.339101417979549,2433.38563961928,48.8306041890551,47.1206914684204
58,58,4,"static-bracelet","Bracelet social image returns at 0.5km","complete",0,0.0414166450500488,79,0.328333204360124,1977.12953392959,47.2799814278579,47.1206914684204
59,59,4,"static-bracelet","Bracelet social image returns at 0.5km","complete",0,0.0395565032958984,88,0.327782620957589,1734.94721902194,47.2006974178928,47.1206914684204
60,60,4,"static-bracelet","Bracelet social image returns at 0.5km","complete",0,0.0405879020690918,77,0.327596394652809,2048.51298002101,47.1738808300045,47.1206914684204
61,61,4,"static-bracelet","Bracelet social image returns at 0.5km","complete",0,0.042426586151123,105,0.327912807193893,1323.39165124395,47.2194442359206,47.1206914684204
62,62,4,"static-bracelet","Bracelet social image returns at 0.5km","complete",0,0.0631020069122314,110,0.327846907710372,1231.69003578805,47.2099547102936,47.1206914684204
63,63,4,"static-bracelet","Bracelet social image returns at 0.5km","complete",0,0.0400059223175049,94,0.327553091260011,1576.58155336516,47.1676451414416,47.1206914684204
64,64,4,"static-bracelet","Bracelet social image returns at 0.5km","complete",0,0.0383467674255371,86,0.327774548777234,1775.5137521102,47.1995350239218,47.1206914684204
65,65,4,"static-bracelet","Bracelet social image returns at 0.5km","complete",0,0.0396890640258789,105,0.327255886652243,1338.25084834324,47.124847677923,47.1206914684204
66,66,4,"static-bracelet","Bracelet social image returns at 0.5km","complete",0,0.0382909774780273,87,0.328716268327772,1748.31211526714,47.3351426391992,47.1206914684204
67,67,4,"static-bracelet","Bracelet social image returns at 0.5km","complete",0,0.0385298728942871,89,0.32750360664647,1717.47779975198,47.1605193570917,47.1206914684204
68,68,4,"static-bracelet","Bracelet social image returns at 0.5km","complete",0,0.0400333404541016,77,0.328013923784053,2059.63129576299,47.2340050249036,47.1206914684204
69,69,4,"static-bracelet","Bracelet social image returns at 0.5km","complete",0,0.0531973838806152,76,0.356743585746913,2387.79151369983,51.3710763475555,47.1206914684204
70,70,4,"static-bracelet","Bracelet social image returns at 0.5km","complete",0,0.0388131141662598,87,0.327610284630357,1762.13085226182,47.1758809867715,47.1206914684204
71,71,4,"static-bracelet","Bracelet social image returns at 0.5km","complete",0,0.0399978160858154,89,0.327587972728601,1699.91670463494,47.1726680729185,47.1206914684204
72,72,4,"static-bracelet","Bracelet social image returns at 0.5km","complete",0,0.0398991107940674,90,0.328442520333931,1676.58850653304,47.295722928086,47.1206914684204
73,73,4,"static-bracelet","Bracelet social image returns at 0.5km","complete",0,0.0386183261871338,88,0.328094049447637,1734.94721902194,47.2455431204597,47.1206914684204
74,74,4,"static-bracelet","Bracelet social image returns at 0.5km","complete",0,0.0395090579986572,102,0.328146989500931,1393.6318621704,47.2531664881341,47.1206914684204
75,75,4,"static-bracelet","Bracelet social image returns at 0.5km","complete",0,0.0397863388061523,106,0.327295377364584,1311.22930377623,47.1305343405001,47.1206914684204
76,77,4,"static-bracelet","Bracelet social image returns at 0.5km","complete",0,0.0384104251861572,90,0.328869671540945,1680.79893031678,47.3572327018961,47.1206914684204
77,78,4,"static-bracelet","Bracelet social image returns at 0.5km","complete",0,0.041557788848877,88,0.328858082204632,1727.33724004358,47.3555638374671,47.1206914684204
78,79,4,"static-bracelet","Bracelet social image returns at 0.5km","complete",0,0.0388786792755127,83,0.328660646380553,1857.96980005455,47.3271330787997,47.1206914684204
79,80,4,"static-bracelet","Bracelet social image returns at 0.5km","complete",0,0.0388696193695068,86,0.327428350717809,1774.69858870621,47.1496825033645,47.1206914684204
80,81,4,"static-bracelet","Bracelet social image returns at 0.5km","complete",0,0.0511698722839355,110,0.327855721747376,1235.40008749512,47.2112239316221,47.1206914684204
81,82,4,"static-bracelet","Bracelet social image returns at 0.5km","complete",0,0.0531892776489258,76,0.350296227999556,2408.39398247318,50.442656831936,47.1206914684204
82,83,4,"static-bracelet","Bracelet social image returns at 0.5km","complete",0,0.0518922805786133,76,0.345224463274384,2426.4892583431,49.7123227115113,47.1206914684204
83,84,4,"static-bracelet","Bracelet social image returns at 0.5km","complete",0,0.0408453941345215,126,0.327522359609078,916.019230784509,47.1632197837072,47.1206914684204
84,85,4,"static-bracelet","Bracelet social image returns at 0.5km","complete",0,0.0397610664367676,90,0.327382460313617,1690.38728180796,47.1430742851608,47.1206914684204
85,86,4,"static-bracelet","Bracelet social image returns at 0.5km","complete",0,0.0415718555450439,100,0.327748037712379,1437.89720474312,47.1957174305826,47.1206914684204
86,87,4,"static-bracelet","Bracelet social image returns at 0.5km","complete",0,0.0407567024230957,127,0.32849783118491,909.613449239447,47.3036876906271,47.1206914684204
87,88,4,"static-bracelet","Bracelet social image returns at 0.5km","complete",0,0.0389306545257568,89,0.328313259945197,1705.64817015395,47.2771094321083,47.1206914684204
88,89,4,"static-bracelet","Bracelet social image returns at 0.5km","complete",0,0.039656400680542,91,0.328695381307928,1652.16818600358,47.3321349083417,47.1206914684204
89,90,4,"static-bracelet","Bracelet social image returns at 0.5km","complete",0,0.0518157482147217,76,0.346420411647916,2377.92998934226,49.8845392772999,47.1206914684204
90,91,4,"static-bracelet","Bracelet social image returns at 0.5km","complete",0,0.0387241840362549,88,0.327310270357504,1723.46287542997,47.1326789314806,47.1206914684204
91,92,4,"static-bracelet","Bracelet social image returns at 0.5km","complete",0,0.0407638549804688,79,0.328460924387402,1989.12875148201,47.2983731117859,47.1206914684204
92,93,4,"static-bracelet","Bracelet social image returns at 0.5km","complete",0,0.0384485721588135,84,0.327365223057336,1844.58690020618,47.1405921202563,47.1206914684204
93,94,4,"static-bracelet","Bracelet social image returns at 0.5km","complete",0,0.0382721424102783,85,0.327645888223269,1818.4390295317,47.1810079041507,47.1206914684204
94,95,4,"static-bracelet","Bracelet social image returns at 0.5km","complete",0,0.0397701263427734,92,0.328091170136004,1629.97987839109,47.2451284995846,47.1206914684204
95,96,4,"static-bracelet","Bracelet social image returns at 0.5km","complete",0,0.0432095527648926,105,0.327447314406537,1330.75783121399,47.1524132745413,47.1206914684204
96,97,4,"static-bracelet","Bracelet social image returns at 0.5km","complete",0,0.0422050952911377,76,0.32747389250656,2090.69697500947,47.1562405209446,47.1206914684204
97,98,4,"static-bracelet","Bracelet social image returns at 0.5km","complete",0,0.0793044567108154,76,0.328728550979871,2126.36845280644,47.3369113411014,47.1206914684204
98,99,4,"static-bracelet","Bracelet social image returns at 0.5km","complete",0,0.0412559509277344,109,0.328340784228315,1251.7333441796,47.2810729288774,47.1206914684204
99,100,4,"static-bracelet","Bracelet social image returns at 0.5km","complete",0,0.0418822765350342,80,0.327690870830016,1956.47649296426,47.1874853995224,47.1206914684204
100,101,4,"static-bracelet","Bracelet social image returns at 0.5km","complete",0,0.0391137599945068,84,0.328247842313891,1844.58690020618,47.2676892932003,47.1206914684204
101,102,4,"static-bracelet","Bracelet social image returns at 0.5km","complete",0,0.0397870540618896,122,0.327259168708763,995.132548383383,47.1253202940619,47.1206914684204
102,103,4,"static-bracelet","Bracelet social image returns at 0.5km","complete",0,0.038865327835083,86,0.327729826545384,1786.56344390651,47.1930950225352,47.1206914684204
103,104,4,"static-bracelet","Bracelet social image returns at 0.5km","complete",0,0.0387499332427979,96,0.327967119797767,1539.08556338274,47.2272652508784,47.1206914684204
104,105,4,"static-bracelet","Bracelet social image returns at 0.5km","complete",0,0.0432744026184082,108,0.328169379914329,1278.33603587228,47.2563907076634,47.1206914684204
105,106,4,"static-bracelet","Bracelet social image returns at 0.5km","complete",0,0.0397341251373291,96,0.328088827004455,1528.60830781776,47.2447910886415,47.1206914684204
106,107,4,"static-bracelet","Bracelet social image returns at 0.5km","complete",0,0.0406866073608398,80,0.327506627532651,1956.36102574699,47.1609543647018,47.1206914684204
107,108,4,"static-bracelet","Bracelet social image returns at 0.5km","complete",0,0.0422065258026123,80,0.327667932833733,1957.76062180036,47.1841823280575,47.1206914684204
108,109,4,"static-bracelet","Bracelet social image returns at 0.5km","complete",0,0.0396745204925537,105,0.327314863982898,1332.34583589079,47.1333404135373,47.1206914684204
109,110,4,"static-bracelet","Bracelet social image returns at 0.5km","complete",0,0.074138879776001,92,0.327805683244009,1626.64872750077,47.2040183871373,47.1206914684204
110,111,4,"static-bracelet","Bracelet social image returns at 0.5km","complete",0,0.0546517372131348,85,0.328381126330363,1801.90022554926,47.2868821915723,47.1206914684204
111,112,4,"static-bracelet","Bracelet social image returns at 0.5km","complete",0,0.050523042678833,83,0.327370088377578,1856.91047555003,47.1412927263713,47.1206914684204
112,113,4,"static-bracelet","Bracelet social image returns at 0.5km","complete",0,0.0511305332183838,94,0.327501328389425,1588.19273764537,47.1601912880771,47.1206914684204
113,114,4,"static-bracelet","Bracelet social image returns at 0.5km","complete",0,0.0513753890991211,86,0.327346013071274,1775.5137521102,47.1378258822635,47.1206914684204
114,115,4,"static-bracelet","Bracelet social image returns at 0.5km","complete",0,0.0510361194610596,91,0.327348172585226,1650.63291935641,47.1381368522725,47.1206914684204
115,116,4,"static-bracelet","Bracelet social image returns at 0.5km","complete",0,0.0513932704925537,97,0.327264712140236,1505.9474364786,47.126118548194,47.1206914684204
116,117,4,"static-bracelet","Bracelet social image returns at 0.5km","complete",0,0.0510718822479248,88,0.32743303518675,1734.94721902194,47.150357066892,47.1206914684204
117,118,4,"static-bracelet","Bracelet social image returns at 0.5km","complete",0,0.0499393939971924,84,0.328294845729888,1829.48872132802,47.2744577851039,47.1206914684204
118,119,4,"static-bracelet","Bracelet social image returns at 0.5km","complete",0,0.054893970489502,93,0.328429355016547,1610.26650772498,47.2938271223828,47.1206914684204
119,120,4,"static-bracelet","Bracelet social image returns at 0.5km","complete",0,0.0503664016723633,82,0.328300386559019,1885.39155427657,47.2752556644988,47.1206914684204
120,121,4,"static-bracelet","Bracelet social image returns at 0.5km","complete",0,0.0405821800231934,91,0.32731524423435,1650.63291935641,47.1333951697464,47.1206914684204
121,122,4,"static-bracelet","Bracelet social image returns at 0.5km","complete",0,0.0652894973754883,76,0.328609892868477,2173.57805319268,47.3198245730607,47.1206914684204
122,123,4,"static-bracelet","Bracelet social image returns at 0.5km","complete",0,0.0399982929229736,94,0.327890126936312,1579.25074872756,47.216178278829,47.1206914684204
123,124,4,"static-bracelet","Bracelet social image returns at 0.5km","complete",0,0.0399837493896484,76,0.327491934894864,2121.2599508639,47.1588386248604,47.1206914684204
124,127,4,"static-bracelet","Bracelet social image returns at 0.5km","complete",0,0.0407047271728516,80,0.32734906237128,1943.32575864682,47.1382649814643,47.1206914684204
125,128,4,"static-bracelet","Bracelet social image returns at 0.5km","complete",0,0.0407693386077881,92,0.327560624908601,1637.26802311122,47.1687299868385,47.1206914684204
126,129,4,"static-bracelet","Bracelet social image returns at 0.5km","complete",0,0.0399510860443115,86,0.328816021820481,1777.04901875736,47.3495071421493,47.1206914684204
127,130,4,"static-bracelet","Bracelet social image returns at 0.5km","complete",0,0.041222095489502,79,0.327706902549694,1990.75861212824,47.189793967156,47.1206914684204
128,131,4,"static-bracelet","Bracelet social image returns at 0.5km","complete",0,0.0415012836456299,79,0.327404198794368,1977.12953392959,47.146204626389,47.1206914684204
129,132,4,"static-bracelet","Bracelet social image returns at 0.5km","complete",0,0.0386030673980713,90,0.328092787129286,1679.26366366962,47.2453613466172,47.1206914684204
130,133,4,"static-bracelet","Bracelet social image returns at 0.5km","complete",0,0.0386209487915039,89,0.328226528458014,1702.48800020641,47.2646200979541,47.1206914684204
131,134,4,"static-bracelet","Bracelet social image returns at 0.5km","complete",0,0.0384106636047363,83,0.3278009835313,1856.91047555003,47.2033416285072,47.1206914684204
132,135,4,"static-bracelet","Bracelet social image returns at 0.5km","complete",0,0.0388038158416748,78,0.328323806426805,2008.70763669677,47.2786281254599,47.1206914684204
133,136,4,"static-bracelet","Bracelet social image returns at 0.5km","complete",0,0.0416150093078613,81,0.328216774926158,1913.76762378168,47.2632155893668,47.1206914684204
134,137,4,"static-bracelet","Bracelet social image returns at 0.5km","complete",0,0.0388057231903076,86,0.328572632770183,1786.56344390651,47.3144591189063,47.1206914684204
135,138,4,"static-bracelet","Bracelet social image returns at 0.5km","complete",0,0.066178560256958,103,0.328123543008792,1371.14305872141,47.249790193266,47.1206914684204
136,139,4,"static-bracelet","Bracelet social image returns at 0.5km","complete",0,0.0413134098052979,111,0.3285819419614,1196.94832152489,47.3157996424417,47.1206914684204
137,140,4,"static-bracelet","Bracelet social image returns at 0.5km","complete",0,0.0442099571228027,96,0.328350996855484,1534.73904322821,47.2825435471897,47.1206914684204
138,141,4,"static-bracelet","Bracelet social image returns at 0.5km","complete",0,0.0397369861602783,96,0.327523111119927,1528.60830781776,47.1633280012695,47.1206914684204
139,142,4,"static-bracelet","Bracelet social image returns at 0.5km","complete",0,0.0407977104187012,118,0.32775258969354,1061.5184689095,47.1963729158697,47.1206914684204
140,143,4,"static-bracelet","Bracelet social image returns at 0.5km","complete",0,0.043123722076416,108,0.328488768311907,1266.60910224245,47.3023826369146,47.1206914684204
141,144,4,"static-bracelet","Bracelet social image returns at 0.5km","complete",0,0.039719820022583,77,0.327926887914719,2061.43020123711,47.2214718597196,47.1206914684204
142,145,4,"static-bracelet","Bracelet social image returns at 0.5km","complete",0,0.0392112731933594,82,0.327757415768834,1906.47947906155,47.1970678707121,47.1206914684204
143,146,4,"static-bracelet","Bracelet social image returns at 0.5km","complete",0,0.0397374629974365,89,0.328524538849007,1712.9183112709,47.3075335942569,47.1206914684204
144,147,4,"static-bracelet","Bracelet social image returns at 0.5km","complete",0,0.0400431156158447,94,0.327384564915576,1576.58155336516,47.1433773478429,47.1206914684204
145,148,4,"static-bracelet","Bracelet social image returns at 0.5km","complete",0,0.0413873195648193,80,0.327541757227674,1943.32575864682,47.166013040785,47.1206914684204
146,149,4,"static-bracelet","Bracelet social image returns at 0.5km","complete",0,0.0382943153381348,78,0.328278674859082,2008.70763669677,47.2721291797078,47.1206914684204
147,150,4,"static-bracelet","Bracelet social image returns at 0.5km","complete",0,0.039757251739502,94,0.328049207124596,1595.80475581761,47.2390858259418,47.1206914684204
148,151,4,"static-bracelet","Bracelet social image returns at 0.5km","complete",0,0.0407741069793701,126,0.327340780392724,929.328989976671,47.1370723765523,47.1206914684204
149,152,4,"static-bracelet","Bracelet social image returns at 0.5km","complete",0,0.0400240421295166,76,0.327700330861768,2109.72075235857,47.1888476440946,47.1206914684204
150,153,4,"static-bracelet","Bracelet social image returns at 0.5km","complete",0,0.0384314060211182,83,0.328175169911532,1874.34186248026,47.2572244672606,47.1206914684204
151,154,4,"static-bracelet","Bracelet social image returns at 0.5km","complete",0,0.0402200222015381,116,0.32775676344149,1098.80782003954,47.1969739355746,47.1206914684204
152,155,4,"static-bracelet","Bracelet social image returns at 0.5km","complete",0,0.0762910842895508,76,0.328541995874579,2124.30986267581,47.3100474059394,47.1206914684204
153,156,4,"static-bracelet","Bracelet social image returns at 0.5km","complete",0,0.0396633148193359,87,0.327281073224176,1748.31211526714,47.1284745442814,47.1206914684204
154,157,4,"static-bracelet","Bracelet social image returns at 0.5km","complete",0,0.0399014949798584,102,0.327835027526423,1387.19681875831,47.2082439638049,47.1206914684204
155,158,4,"static-bracelet","Bracelet social image returns at 0.5km","complete",0,0.0397567749023438,95,0.328133030889124,1561.04432037755,47.2511564480339,47.1206914684204
156,159,4,"static-bracelet","Bracelet social image returns at 0.5km","complete",0,0.0418908596038818,79,0.328571937603631,1977.12953392959,47.3143590149229,47.1206914684204
157,160,4,"static-bracelet","Bracelet social image returns at 0.5km","complete",0,0.0390255451202393,82,0.327359507889736,1902.71793198536,47.139769136122,47.1206914684204
158,161,4,"static-bracelet","Bracelet social image returns at 0.5km","complete",0,0.0387802124023438,78,0.32883113424398,2008.70763669677,47.3516833311332,47.1206914684204
159,162,4,"static-bracelet","Bracelet social image returns at 0.5km","complete",0,0.0386731624603271,81,0.32871183641212,1929.94285879844,47.3345044433452,47.1206914684204
160,163,4,"static-bracelet","Bracelet social image returns at 0.5km","complete",0,0.0398745536804199,95,0.328072652986172,1552.45045962794,47.2424620300088,47.1206914684204
161,164,4,"static-bracelet","Bracelet social image returns at 0.5km","complete",0,0.0409789085388184,76,0.327515660542679,2090.69697500947,47.1622551181458,47.1206914684204
162,165,4,"static-bracelet","Bracelet social image returns at 0.5km","complete",0,0.0397517681121826,105,0.328044369498085,1330.96270362311,47.2383892077242,47.1206914684204
163,166,4,"static-bracelet","Bracelet social image returns at 0.5km","complete",0,0.0574169158935547,76,0.328470462818547,2374.29453311419,47.2997466458708,47.1206914684204
164,167,4,"static-bracelet","Bracelet social image returns at 0.5km","complete",0,0.0393517017364502,88,0.327915875324816,1734.94721902194,47.2198860467735,47.1206914684204
165,168,4,"static-bracelet","Bracelet social image returns at 0.5km","complete",0,0.0546925067901611,76,0.333696543063659,2442.96033529904,48.0523022011669,47.1206914684204
166,169,4,"static-bracelet","Bracelet social image returns at 0.5km","complete",0,0.0397822856903076,97,0.327548600772234,1505.9474364786,47.1669985112017,47.1206914684204
167,170,4,"static-bracelet","Bracelet social image returns at 0.5km","complete",0,0.0386953353881836,85,0.327599287332293,1818.4390295317,47.1742973758502,47.1206914684204
168,171,4,"static-bracelet","Bracelet social image returns at 0.5km","complete",0,0.0397341251373291,81,0.327855062311794,1913.76762378168,47.2111289728983,47.1206914684204
169,172,4,"static-bracelet","Bracelet social image returns at 0.5km","complete",0,0.0383386611938477,83,0.328051317520564,1857.96980005455,47.2393897229613,47.1206914684204
170,173,4,"static-bracelet","Bracelet social image returns at 0.5km","complete",0,0.0384852886199951,96,0.327835829117378,1530.14357446492,47.2083593929024,47.1206914684204
171,175,4,"static-bracelet","Bracelet social image returns at 0.5km","complete",0,0.0392646789550781,82,0.327294946430671,1900.3847239333,47.1304722860167,47.1206914684204
172,176,4,"static-bracelet","Bracelet social image returns at 0.5km","complete",0,0.0435800552368164,85,0.328176903493297,1801.90022554926,47.2574741030347,47.1206914684204
173,177,4,"static-bracelet","Bracelet social image returns at 0.5km","complete",0,0.0402348041534424,82,0.32748093212067,1885.39155427657,47.1572542253765,47.1206914684204
174,178,4,"static-bracelet","Bracelet social image returns at 0.5km","complete",0,0.03847336769104,96,0.328335786878337,1528.60830781776,47.2803533104805,47.1206914684204
175,179,4,"static-bracelet","Bracelet social image returns at 0.5km","complete",0,0.0393044948577881,83,0.3283344093837,1856.91047555003,47.2801549512528,47.1206914684204
176,180,4,"static-bracelet","Bracelet social image returns at 0.5km","complete",0,0.038266658782959,92,0.328091164862671,1626.64872750077,47.2451277402247,47.1206914684204
177,181,4,"static-bracelet","Bracelet social image returns at 0.5km","complete",0,0.0395298004150391,95,0.328553923179505,1555.11965499033,47.3117649378488,47.1206914684204
178,182,4,"static-bracelet","Bracelet social image returns at 0.5km","complete",0,0.0383820533752441,87,0.327349176429069,1762.148855865,47.138281405786,47.1206914684204
179,183,4,"static-bracelet","Bracelet social image returns at 0.5km","complete",0,0.0398361682891846,91,0.327695195262896,1649.7089352036,47.188108117857,47.1206914684204
180,184,4,"static-bracelet","Bracelet social image returns at 0.5km","complete",0,0.0406820774078369,104,0.327921320476362,1346.88002455304,47.2206701485962,47.1206914684204
181,185,4,"static-bracelet","Bracelet social image returns at 0.5km","complete",0,0.0386786460876465,84,0.327761061239756,1829.48872132802,47.1975928185249,47.1206914684204
182,186,4,"static-bracelet","Bracelet social image returns at 0.5km","complete",0,0.0783801078796387,76,0.329000671436255,2112.66171678359,47.3760966868207,47.1206914684204
183,187,4,"static-bracelet","Bracelet social image returns at 0.5km","complete",0,0.0400619506835938,105,0.327240181999847,1323.39165124395,47.122586207978,47.1206914684204
184,188,4,"static-bracelet","Bracelet social image returns at 0.5km","complete",0,0.0386736392974854,97,0.327251146568864,1504.41216983143,47.1241651059164,47.1206914684204
185,189,4,"static-bracelet","Bracelet social image returns at 0.5km","complete",0,0.0408987998962402,76,0.327688728836027,2094.13694338764,47.1871769523879,47.1206914684204
186,190,4,"static-bracelet","Bracelet social image returns at 0.5km","complete",0,0.0732917785644531,76,0.328345435864341,2183.49972567399,47.281742764465,47.1206914684204
187,192,4,"static-bracelet","Bracelet social image returns at 0.5km","complete",0,0.063077449798584,76,0.328175235672427,2169.45623465275,47.2572339368295,47.1206914684204
188,193,4,"static-bracelet","Bracelet social image returns at 0.5km","complete",0,0.0409035682678223,97,0.328032074270275,1507.60128067629,47.2366186949196,47.1206914684204
189,194,4,"static-bracelet","Bracelet social image returns at 0.5km","complete",0,0.0398671627044678,76,0.329093226746988,2109.72075235857,47.3894246515663,47.1206914684204
190,195,4,"static-bracelet","Bracelet social image returns at 0.5km","complete",0,0.0437266826629639,79,0.32774545008536,1995.3247368484,47.1953448122918,47.1206914684204
191,197,4,"static-bracelet","Bracelet social image returns at 0.5km","complete",0,0.0435659885406494,114,0.329113982192327,1137.45236192826,47.392413435695,47.1206914684204
192,198,4,"static-bracelet","Bracelet social image returns at 0.5km","complete",0,0.0398120880126953,96,0.328315283264022,1530.14357446492,47.2774007900192,47.1206914684204
193,199,4,"static-bracelet","Bracelet social image returns at 0.5km","complete",0,0.0430111885070801,106,0.32772947605873,1303.18950586561,47.1930445524572,47.1206914684204
194,200,4,"static-bracelet","Bracelet social image returns at 0.5km","complete",0,0.0386362075805664,82,0.328122782420707,1902.71793198536,47.2496806685818,47.1206914684204
195,202,4,"static-bracelet","Bracelet social image returns at 0.5km","complete",0,0.040107250213623,96,0.328335484438105,1539.08556338274,47.2803097590871,47.1206914684204
196,203,4,"static-bracelet","Bracelet social image returns at 0.5km","complete",0,0.0399503707885742,88,0.328645021134862,1734.92921541877,47.3248830434201,47.1206914684204
197,204,4,"static-bracelet","Bracelet social image returns at 0.5km","complete",0,0.0403313636779785,86,0.328146706857793,1790.85053375295,47.2531257875222,47.1206914684204
198,206,4,"static-bracelet","Bracelet social image returns at 0.5km","complete",0,0.0386757850646973,107,0.327266358027879,1291.70093211748,47.1263555560146,47.1206914684204
199,207,4,"static-bracelet","Bracelet social image returns at 0.5km","complete",0,0.0388011932373047,84,0.328309137566628,1844.58690020618,47.2765158095945,47.1206914684204
200,208,4,"static-bracelet","Bracelet social image returns at 0.5km","complete",0,0.0394067764282227,83,0.328106081983843,1870.05477263382,47.2472758056733,47.1206914684204
201,209,4,"static-bracelet","Bracelet social image returns at 0.5km","complete",0,0.103964567184448,76,0.327859095626192,2188.82145303498,47.2117097701716,47.1206914684204
202,210,4,"static-bracelet","Bracelet social image returns at 0.5km","complete",0,0.0489940643310547,100,0.327337786895678,1437.89720474312,47.1366413129776,47.1206914684204
203,211,4,"static-bracelet","Bracelet social image returns at 0.5km","complete",0,0.0407893657684326,80,0.328552201615167,1961.79275228684,47.3115170325841,47.1206914684204
204,212,4,"static-bracelet","Bracelet social image returns at 0.5km","complete",0,0.0400617122650146,102,0.327427255396698,1401.95670905387,47.1495247771245,47.1206914684204
205,213,4,"static-bracelet","Bracelet social image returns at 0.5km","complete",0,0.0407373905181885,80,0.328091683575898,1961.79275228684,47.2452024349293,47.1206914684204
206,214,4,"static-bracelet","Bracelet social image returns at 0.5km","complete",0,0.0398194789886475,87,0.327299044098204,1748.31211526714,47.1310623501414,47.1206914684204
207,215,4,"static-bracelet","Bracelet social image returns at 0.5km","complete",0,0.0400841236114502,95,0.328438905054344,1552.45045962794,47.2952023278256,47.1206914684204
208,216,4,"static-bracelet","Bracelet social image returns at 0.5km","complete",0,0.0636253356933594,76,0.327768102544027,2285.28375223529,47.1986067663398,47.1206914684204
209,219,4,"static-bracelet","Bracelet social image returns at 0.5km","complete",0,0.0396771430969238,78,0.327254538529098,2035.14808377581,47.1246535481901,47.1206914684204
210,220,4,"static-bracelet","Bracelet social image returns at 0.5km","complete",0,0.0398664474487305,91,0.327679960276674,1669.30036181291,47.185914279841,47.1206914684204
1,1,5,"suppress-reputation","No social image returns","target_infeasible",NA,0.000390052795410156,144,0.104102866788346,643.364579263291,14.9908128175218,47.1206914684204
2,2,5,"suppress-reputation","No social image returns","target_infeasible",NA,0.000310897827148438,144,0.0377142138939607,643.364579263291,5.43084680073035,47.1206914684204
3,3,5,"suppress-reputation","No social image returns","target_infeasible",NA,0.000302314758300781,144,0.0217784340829357,643.364579263291,3.13609450794275,47.1206914684204
4,4,5,"suppress-reputation","No social image returns","target_infeasible",NA,0.000279426574707031,144,0.164951734389364,643.364579263291,23.7530497520684,47.1206914684204
5,5,5,"suppress-reputation","No social image returns","target_infeasible",NA,0.000642061233520508,144,0.0541901592760916,643.364579263291,7.8033829357572,47.1206914684204
6,6,5,"suppress-reputation","No social image returns","target_infeasible",NA,0.000603914260864258,144,0.177765333349756,643.364579263291,25.5982080023648,47.1206914684204
7,7,5,"suppress-reputation","No social image returns","target_infeasible",NA,0.000600814819335938,144,0.0742755755695822,643.364579263291,10.6956828820198,47.1206914684204
8,8,5,"suppress-reputation","No social image returns","target_infeasible",NA,0.000517368316650391,144,0.111692646190563,643.364579263291,16.083741051441,47.1206914684204
9,9,5,"suppress-reputation","No social image returns","target_infeasible",NA,0.000461578369140625,144,0.131220273833199,643.364579263291,18.8957194319807,47.1206914684204
10,10,5,"suppress-reputation","No social image returns","target_infeasible",NA,0.000403404235839844,144,0.167662374522656,643.364579263291,24.1433819312625,47.1206914684204
11,11,5,"suppress-reputation","No social image returns","target_infeasible",NA,0.000403165817260742,144,0.113470451218696,643.364579263291,16.3397449754923,47.1206914684204
12,12,5,"suppress-reputation","No social image returns","target_infeasible",NA,0.000480175018310547,144,0.0675314265026236,643.364579263291,9.7245254163778,47.1206914684204
13,13,5,"suppress-reputation","No social image returns","target_infeasible",NA,0.00031733512878418,144,0.0893391444277809,643.364579263291,12.8648367976004,47.1206914684204
14,14,5,"suppress-reputation","No social image returns","target_infeasible",NA,0.000352859497070312,144,0.117926742205561,643.364579263291,16.9814508776008,47.1206914684204
15,15,5,"suppress-reputation","No social image returns","target_infeasible",NA,0.00066375732421875,144,0.0993758748411755,643.364579263291,14.3101259771293,47.1206914684204
16,16,5,"suppress-reputation","No social image returns","target_infeasible",NA,0.00060272216796875,144,0.0642817006898339,643.364579263291,9.25656489933608,47.1206914684204
17,17,5,"suppress-reputation","No social image returns","target_infeasible",NA,0.000533103942871094,144,0.0458234612051696,643.364579263291,6.59857841354443,47.1206914684204
18,18,5,"suppress-reputation","No social image returns","target_infeasible",NA,0.000514507293701172,144,0.0907702287643518,643.364579263291,13.0709129420667,47.1206914684204
19,19,5,"suppress-reputation","No social image returns","target_infeasible",NA,0.000481605529785156,144,0.0434986495465405,643.364579263291,6.26380553470183,47.1206914684204
20,20,5,"suppress-reputation","No social image returns","target_infeasible",NA,0.00044560432434082,144,0.057646707050005,643.364579263291,8.30112581520072,47.1206914684204
21,21,5,"suppress-reputation","No social image returns","target_infeasible",NA,0.000463008880615234,144,0.0317549388286429,643.364579263291,4.57271119132457,47.1206914684204
22,22,5,"suppress-reputation","No social image returns","target_infeasible",NA,0.000497341156005859,144,0.0879451691669922,643.364579263291,12.6641043600469,47.1206914684204
23,23,5,"suppress-reputation","No social image returns","target_infeasible",NA,0.000409603118896484,144,0.056055172891368,643.364579263291,8.07194489635699,47.1206914684204
24,24,5,"suppress-reputation","No social image returns","target_infeasible",NA,0.000364542007446289,144,0.0275597232363595,643.364579263291,3.96860014603577,47.1206914684204
25,25,5,"suppress-reputation","No social image returns","target_infeasible",NA,0.000360250473022461,144,0.117737052440518,643.364579263291,16.9541355514346,47.1206914684204
26,26,5,"suppress-reputation","No social image returns","target_infeasible",NA,0.0003509521484375,144,0.0375968464118967,643.364579263291,5.41394588331313,47.1206914684204
27,27,5,"suppress-reputation","No social image returns","target_infeasible",NA,0.000328540802001953,144,0.0743275548054264,643.364579263291,10.7031678919814,47.1206914684204
28,28,5,"suppress-reputation","No social image returns","target_infeasible",NA,0.000350713729858398,144,0.0303112436515671,643.364579263291,4.36481908582566,47.1206914684204
29,29,5,"suppress-reputation","No social image returns","target_infeasible",NA,0.000356912612915039,144,0.0438626211660056,643.364579263291,6.3162174479048,47.1206914684204
30,30,5,"suppress-reputation","No social image returns","target_infeasible",NA,0.000339984893798828,144,0.073504476213259,643.364579263291,10.5846445747093,47.1206914684204
31,31,5,"suppress-reputation","No social image returns","target_infeasible",NA,0.000331640243530273,144,0.107550476056134,643.364579263291,15.4872685520833,47.1206914684204
32,32,5,"suppress-reputation","No social image returns","target_infeasible",NA,0.000394582748413086,144,0.0421939798262387,643.364579263291,6.07593309497837,47.1206914684204
33,33,5,"suppress-reputation","No social image returns","target_infeasible",NA,0.000352382659912109,144,0.145332946264006,643.364579263291,20.9279442620169,47.1206914684204
34,34,5,"suppress-reputation","No social image returns","target_infeasible",NA,0.000335216522216797,144,0.285158040200048,643.364579263291,41.0627577888069,47.1206914684204
35,35,5,"suppress-reputation","No social image returns","target_infeasible",NA,0.000360012054443359,144,0.0429287723475526,643.364579263291,6.18174321804757,47.1206914684204
36,36,5,"suppress-reputation","No social image returns","target_infeasible",NA,0.000337123870849609,144,0.110674321440194,643.364579263291,15.937102287388,47.1206914684204
37,37,5,"suppress-reputation","No social image returns","target_infeasible",NA,0.000341176986694336,144,0.199913884761257,643.364579263291,28.7875994056211,47.1206914684204
38,38,5,"suppress-reputation","No social image returns","target_infeasible",NA,0.000329017639160156,144,0.166761264141793,643.364579263291,24.0136220364182,47.1206914684204
39,39,5,"suppress-reputation","No social image returns","target_infeasible",NA,0.000335931777954102,144,0.0636983859538951,643.364579263291,9.17256757736089,47.1206914684204
40,40,5,"suppress-reputation","No social image returns","target_infeasible",NA,0.00033116340637207,144,0.154880684070918,643.364579263291,22.3028185062122,47.1206914684204
41,41,5,"suppress-reputation","No social image returns","target_infeasible",NA,0.000334262847900391,144,0.0932851837292359,643.364579263291,13.43306645701,47.1206914684204
42,42,5,"suppress-reputation","No social image returns","target_infeasible",NA,0.00040745735168457,144,0.0167677402402382,643.364579263291,2.4145545945943,47.1206914684204
43,43,5,"suppress-reputation","No social image returns","target_infeasible",NA,0.000348567962646484,144,0.0525418907700246,643.364579263291,7.56603227088355,47.1206914684204
44,44,5,"suppress-reputation","No social image returns","target_infeasible",NA,0.000329256057739258,144,0.054551966485812,643.364579263291,7.85548317395693,47.1206914684204
45,45,5,"suppress-reputation","No social image returns","target_infeasible",NA,0.000319957733154297,144,0.0372455855986287,643.364579263291,5.36336432620254,47.1206914684204
46,46,5,"suppress-reputation","No social image returns","target_infeasible",NA,0.000330686569213867,144,0.137794505040424,643.364579263291,19.8424087258211,47.1206914684204
47,47,5,"suppress-reputation","No social image returns","target_infeasible",NA,0.000322580337524414,144,0.117846504980955,643.364579263291,16.9698967172575,47.1206914684204
48,48,5,"suppress-reputation","No social image returns","target_infeasible",NA,0.000329494476318359,144,0.0460143380684425,643.364579263291,6.62606468185571,47.1206914684204
49,49,5,"suppress-reputation","No social image returns","target_infeasible",NA,0.000343799591064453,144,0.0318920971465247,643.364579263291,4.59246198909956,47.1206914684204
50,50,5,"suppress-reputation","No social image returns","target_infeasible",NA,0.000322341918945312,144,0.21065026258358,643.364579263291,30.3336378120356,47.1206914684204
51,51,5,"suppress-reputation","No social image returns","target_infeasible",NA,0.000335693359375,144,0.0878353833016392,643.364579263291,12.6482951954361,47.1206914684204
52,52,5,"suppress-reputation","No social image returns","target_infeasible",NA,0.000401496887207031,144,0.109056239601027,643.364579263291,15.7040985025478,47.1206914684204
53,53,5,"suppress-reputation","No social image returns","target_infeasible",NA,0.000327110290527344,144,0.182830137336891,643.364579263291,26.3275397765124,47.1206914684204
54,54,5,"suppress-reputation","No social image returns","target_infeasible",NA,0.000349760055541992,144,0.273087470951186,643.364579263291,39.3245958169708,47.1206914684204
55,55,5,"suppress-reputation","No social image returns","target_infeasible",NA,0.000322818756103516,144,0.0141789775813701,643.364579263291,2.0417727717173,47.1206914684204
56,56,5,"suppress-reputation","No social image returns","target_infeasible",NA,0.000340700149536133,144,0.0916669456683706,643.364579263291,13.2000401762454,47.1206914684204
57,57,5,"suppress-reputation","No social image returns","target_infeasible",NA,0.000329971313476562,144,0.104060569849496,643.364579263291,14.9847220583274,47.1206914684204
58,58,5,"suppress-reputation","No social image returns","target_infeasible",NA,0.000338315963745117,144,0.061829760109809,643.364579263291,8.9034854558125,47.1206914684204
59,59,5,"suppress-reputation","No social image returns","target_infeasible",NA,0.000325441360473633,144,0.181423797598053,643.364579263291,26.1250268541197,47.1206914684204
60,60,5,"suppress-reputation","No social image returns","target_infeasible",NA,0.000339746475219727,144,0.0734540925365547,643.364579263291,10.5773893252639,47.1206914684204
61,61,5,"suppress-reputation","No social image returns","target_infeasible",NA,0.000408172607421875,144,0.0527317409758039,643.364579263291,7.59337070051577,47.1206914684204
62,62,5,"suppress-reputation","No social image returns","target_infeasible",NA,0.000325918197631836,144,0.0393274774699229,643.364579263291,5.66315675566889,47.1206914684204
63,63,5,"suppress-reputation","No social image returns","target_infeasible",NA,0.000327110290527344,144,0.0679657283399958,643.364579263291,9.78706488095939,47.1206914684204
64,64,5,"suppress-reputation","No social image returns","target_infeasible",NA,0.000346183776855469,144,0.112319013386047,643.364579263291,16.1739379275907,47.1206914684204
65,65,5,"suppress-reputation","No social image returns","target_infeasible",NA,0.000322580337524414,144,0.123715925368948,643.364579263291,17.8150932531285,47.1206914684204
66,66,5,"suppress-reputation","No social image returns","target_infeasible",NA,0.000330448150634766,144,0.0468157094697099,643.364579263291,6.74146216363823,47.1206914684204
67,67,5,"suppress-reputation","No social image returns","target_infeasible",NA,0.000327110290527344,144,0.0606178226287738,643.364579263291,8.72896645854342,47.1206914684204
68,68,5,"suppress-reputation","No social image returns","target_infeasible",NA,0.000332117080688477,144,0.173773493179273,643.364579263291,25.0233830178153,47.1206914684204
69,69,5,"suppress-reputation","No social image returns","target_infeasible",NA,0.000343561172485352,144,0.31581415545646,643.364579263291,45.4772383857303,47.1206914684204
70,70,5,"suppress-reputation","No social image returns","target_infeasible",NA,0.000337362289428711,144,0.0401843633896167,643.364579263291,5.78654832810481,47.1206914684204
71,71,5,"suppress-reputation","No social image returns","target_infeasible",NA,0.000406265258789062,144,0.0857136549267691,643.364579263291,12.3427663094547,47.1206914684204
72,72,5,"suppress-reputation","No social image returns","target_infeasible",NA,0.000331878662109375,144,0.118971706905782,643.364579263291,17.1319257944327,47.1206914684204
73,73,5,"suppress-reputation","No social image returns","target_infeasible",NA,0.000336885452270508,144,0.109992181521027,643.364579263291,15.8388741390278,47.1206914684204
74,74,5,"suppress-reputation","No social image returns","target_infeasible",NA,0.000341653823852539,144,0.0904465895743989,643.364579263291,13.0243088987134,47.1206914684204
75,75,5,"suppress-reputation","No social image returns","target_infeasible",NA,0.00035405158996582,144,0.100454693837872,643.364579263291,14.4654759126535,47.1206914684204
76,77,5,"suppress-reputation","No social image returns","target_infeasible",NA,0.000340461730957031,144,0.138221984963313,643.364579263291,19.903965834717,47.1206914684204
77,78,5,"suppress-reputation","No social image returns","target_infeasible",NA,0.000668525695800781,144,0.0332790865045353,643.364579263291,4.79218845665309,47.1206914684204
78,79,5,"suppress-reputation","No social image returns","target_infeasible",NA,0.00055241584777832,144,0.0549141731892898,643.364579263291,7.90764093925773,47.1206914684204
79,80,5,"suppress-reputation","No social image returns","target_infeasible",NA,0.000526189804077148,144,0.116091879438581,643.364579263291,16.7172306391556,47.1206914684204
80,81,5,"suppress-reputation","No social image returns","target_infeasible",NA,0.000495672225952148,144,0.0440467931043871,643.364579263291,6.34273820703174,47.1206914684204
81,82,5,"suppress-reputation","No social image returns","target_infeasible",NA,0.000504970550537109,144,0.0619028013972092,643.364579263291,8.91400340119813,47.1206914684204
82,83,5,"suppress-reputation","No social image returns","target_infeasible",NA,0.000472545623779297,144,0.0815380552745552,643.364579263291,11.741479959536,47.1206914684204
83,84,5,"suppress-reputation","No social image returns","target_infeasible",NA,0.000455617904663086,144,0.0341481932156082,643.364579263291,4.91733982304758,47.1206914684204
84,85,5,"suppress-reputation","No social image returns","target_infeasible",NA,0.000392436981201172,144,0.082014266477303,643.364579263291,11.8100543727316,47.1206914684204
85,86,5,"suppress-reputation","No social image returns","target_infeasible",NA,0.000406265258789062,144,0.190059642634167,643.364579263291,27.36858853932,47.1206914684204
86,87,5,"suppress-reputation","No social image returns","target_infeasible",NA,0.000395536422729492,144,0.111076209943677,643.364579263291,15.9949742318894,47.1206914684204
87,88,5,"suppress-reputation","No social image returns","target_infeasible",NA,0.00037693977355957,144,0.0866297417545372,643.364579263291,12.4746828126534,47.1206914684204
88,89,5,"suppress-reputation","No social image returns","target_infeasible",NA,0.000388145446777344,144,0.0974524149115418,643.364579263291,14.033147747262,47.1206914684204
89,90,5,"suppress-reputation","No social image returns","target_infeasible",NA,0.000373601913452148,144,0.0554065208465781,643.364579263291,7.97853900190725,47.1206914684204
90,91,5,"suppress-reputation","No social image returns","target_infeasible",NA,0.000367641448974609,144,0.193605469355755,643.364579263291,27.8791875872287,47.1206914684204
91,92,5,"suppress-reputation","No social image returns","target_infeasible",NA,0.000368356704711914,144,0.0795187148820791,643.364579263291,11.4506949430194,47.1206914684204
92,93,5,"suppress-reputation","No social image returns","target_infeasible",NA,0.000345945358276367,144,0.0529239580094553,643.364579263291,7.62104995336157,47.1206914684204
93,94,5,"suppress-reputation","No social image returns","target_infeasible",NA,0.000328302383422852,144,0.0373986182079554,643.364579263291,5.38540102194558,47.1206914684204
94,95,5,"suppress-reputation","No social image returns","target_infeasible",NA,0.000324726104736328,144,0.0189111616203075,643.364579263291,2.72320727332429,47.1206914684204
95,96,5,"suppress-reputation","No social image returns","target_infeasible",NA,0.000330209732055664,144,0.0689105697442197,643.364579263291,9.92312204316763,47.1206914684204
96,97,5,"suppress-reputation","No social image returns","target_infeasible",NA,0.000338077545166016,144,0.0831615077286117,643.364579263291,11.9752571129201,47.1206914684204
97,98,5,"suppress-reputation","No social image returns","target_infeasible",NA,0.000359773635864258,144,0.0977881177684704,643.364579263291,14.0814889586597,47.1206914684204
98,99,5,"suppress-reputation","No social image returns","target_infeasible",NA,0.000337600708007812,144,0.0789878572858524,643.364579263291,11.3742514491627,47.1206914684204
99,100,5,"suppress-reputation","No social image returns","target_infeasible",NA,0.000402212142944336,144,0.117141482809915,643.364579263291,16.8683735246277,47.1206914684204
100,101,5,"suppress-reputation","No social image returns","target_infeasible",NA,0.000339508056640625,144,0.0551913221614735,643.364579263291,7.94755039125218,47.1206914684204
101,102,5,"suppress-reputation","No social image returns","target_infeasible",NA,0.000329256057739258,144,0.0558838607923452,643.364579263291,8.04727595409771,47.1206914684204
102,103,5,"suppress-reputation","No social image returns","target_infeasible",NA,0.000328540802001953,144,0.177353436368626,643.364579263291,25.5388948370821,47.1206914684204
103,104,5,"suppress-reputation","No social image returns","target_infeasible",NA,0.000321388244628906,144,0.167046953771116,643.364579263291,24.0547613430407,47.1206914684204
104,105,5,"suppress-reputation","No social image returns","target_infeasible",NA,0.00034332275390625,144,0.0473159066913708,643.364579263291,6.8134905635574,47.1206914684204
105,106,5,"suppress-reputation","No social image returns","target_infeasible",NA,0.000341176986694336,144,0.106938937356151,643.364579263291,15.3992069792857,47.1206914684204
106,107,5,"suppress-reputation","No social image returns","target_infeasible",NA,0.000332117080688477,144,0.172337179545099,643.364579263291,24.8165538544943,47.1206914684204
107,108,5,"suppress-reputation","No social image returns","target_infeasible",NA,0.000339746475219727,144,0.0797049102122033,643.364579263291,11.4775070705573,47.1206914684204
108,109,5,"suppress-reputation","No social image returns","target_infeasible",NA,0.00039982795715332,144,0.0216390591118325,643.364579263291,3.11602451210388,47.1206914684204
109,110,5,"suppress-reputation","No social image returns","target_infeasible",NA,0.000327825546264648,144,0.0286843169826837,643.364579263291,4.13054164550645,47.1206914684204
110,111,5,"suppress-reputation","No social image returns","target_infeasible",NA,0.000324487686157227,144,0.0473823553302282,643.364579263291,6.82305916755285,47.1206914684204
111,112,5,"suppress-reputation","No social image returns","target_infeasible",NA,0.000325202941894531,144,0.0665291181276348,643.364579263291,9.58019301037942,47.1206914684204
112,113,5,"suppress-reputation","No social image returns","target_infeasible",NA,0.000344038009643555,144,0.116820998440521,643.364579263291,16.822223775435,47.1206914684204
113,114,5,"suppress-reputation","No social image returns","target_infeasible",NA,0.000326633453369141,144,0.052299058147245,643.364579263291,7.53106437320329,47.1206914684204
114,115,5,"suppress-reputation","No social image returns","target_infeasible",NA,0.000344753265380859,144,0.0468668174482866,643.364579263291,6.74882171255327,47.1206914684204
115,116,5,"suppress-reputation","No social image returns","target_infeasible",NA,0.000338315963745117,144,0.213130291796604,643.364579263291,30.690762018711,47.1206914684204
116,117,5,"suppress-reputation","No social image returns","target_infeasible",NA,0.000337839126586914,144,0.130644422775487,643.364579263291,18.8127968796701,47.1206914684204
117,118,5,"suppress-reputation","No social image returns","target_infeasible",NA,0.000329017639160156,144,0.080990319865528,643.364579263291,11.662606060636,47.1206914684204
118,119,5,"suppress-reputation","No social image returns","target_infeasible",NA,0.000348091125488281,144,0.126321839983439,643.364579263291,18.1903449576152,47.1206914684204
119,120,5,"suppress-reputation","No social image returns","target_infeasible",NA,0.000341415405273438,144,0.104113835817025,643.364579263291,14.9923923576516,47.1206914684204
120,121,5,"suppress-reputation","No social image returns","target_infeasible",NA,0.000327825546264648,144,0.0473503850643887,643.364579263291,6.81845544927197,47.1206914684204
121,122,5,"suppress-reputation","No social image returns","target_infeasible",NA,0.000323772430419922,144,0.0378966257764323,643.364579263291,5.45711411180625,47.1206914684204
122,123,5,"suppress-reputation","No social image returns","target_infeasible",NA,0.000323772430419922,144,0.0756696502844968,643.364579263291,10.8964296409675,47.1206914684204
123,124,5,"suppress-reputation","No social image returns","target_infeasible",NA,0.000330448150634766,144,0.105453823699407,643.364579263291,15.1853506127147,47.1206914684204
124,127,5,"suppress-reputation","No social image returns","target_infeasible",NA,0.000337123870849609,144,0.123026558384588,643.364579263291,17.7158244073807,47.1206914684204
125,128,5,"suppress-reputation","No social image returns","target_infeasible",NA,0.000335693359375,144,0.0160509654850837,643.364579263291,2.31133902985206,47.1206914684204
126,129,5,"suppress-reputation","No social image returns","target_infeasible",NA,0.000399112701416016,144,0.0166857120986733,643.364579263291,2.40274254220896,47.1206914684204
127,130,5,"suppress-reputation","No social image returns","target_infeasible",NA,0.000331640243530273,144,0.0742882489003448,643.364579263291,10.6975078416496,47.1206914684204
128,131,5,"suppress-reputation","No social image returns","target_infeasible",NA,0.000329732894897461,144,0.101666330363814,643.364579263291,14.6399515723892,47.1206914684204
129,132,5,"suppress-reputation","No social image returns","target_infeasible",NA,0.00033259391784668,144,0.0767597589997545,643.364579263291,11.0534052959646,47.1206914684204
130,133,5,"suppress-reputation","No social image returns","target_infeasible",NA,0.000334262847900391,144,0.140572187750105,643.364579263291,20.2423950360152,47.1206914684204
131,134,5,"suppress-reputation","No social image returns","target_infeasible",NA,0.000324010848999023,144,0.0889283449313406,643.364579263291,12.8056816701131,47.1206914684204
132,135,5,"suppress-reputation","No social image returns","target_infeasible",NA,0.00035405158996582,144,0.104983427182168,643.364579263291,15.1176135142322,47.1206914684204
133,136,5,"suppress-reputation","No social image returns","target_infeasible",NA,0.000342130661010742,144,0.0494162509208474,643.364579263291,7.11594013260203,47.1206914684204
134,137,5,"suppress-reputation","No social image returns","target_infeasible",NA,0.000336170196533203,144,0.0891073502022921,643.364579263291,12.8314584291301,47.1206914684204
135,138,5,"suppress-reputation","No social image returns","target_infeasible",NA,0.000401020050048828,144,0.0971530845127593,643.364579263291,13.9900441698373,47.1206914684204
136,139,5,"suppress-reputation","No social image returns","target_infeasible",NA,0.000330924987792969,144,0.0501432130428885,643.364579263291,7.22062267817594,47.1206914684204
137,140,5,"suppress-reputation","No social image returns","target_infeasible",NA,0.000327110290527344,144,0.114019130303968,643.364579263291,16.4187547637714,47.1206914684204
138,141,5,"suppress-reputation","No social image returns","target_infeasible",NA,0.000332832336425781,144,0.0943941082303503,643.364579263291,13.5927515851704,47.1206914684204
139,142,5,"suppress-reputation","No social image returns","target_infeasible",NA,0.000335216522216797,144,0.0585095670127748,643.364579263291,8.42537764983957,47.1206914684204
140,143,5,"suppress-reputation","No social image returns","target_infeasible",NA,0.000324010848999023,144,0.124640286686772,643.364579263291,17.9482012828952,47.1206914684204
141,144,5,"suppress-reputation","No social image returns","target_infeasible",NA,0.000339508056640625,144,0.102590549178013,643.364579263291,14.7730390816338,47.1206914684204
142,145,5,"suppress-reputation","No social image returns","target_infeasible",NA,0.000546455383300781,144,0.0263342587935622,643.364579263291,3.79213326627296,47.1206914684204
143,146,5,"suppress-reputation","No social image returns","target_infeasible",NA,0.000383377075195312,144,0.0201128061763291,643.364579263291,2.89624408939139,47.1206914684204
144,147,5,"suppress-reputation","No social image returns","target_infeasible",NA,0.000386953353881836,144,0.104945945029472,643.364579263291,15.112216084244,47.1206914684204
145,148,5,"suppress-reputation","No social image returns","target_infeasible",NA,0.000372409820556641,144,0.116266571061477,643.364579263291,16.7423862328527,47.1206914684204
146,149,5,"suppress-reputation","No social image returns","target_infeasible",NA,0.000388145446777344,144,0.198752569924653,643.364579263291,28.62037006915,47.1206914684204
147,150,5,"suppress-reputation","No social image returns","target_infeasible",NA,0.000362634658813477,144,0.176026243726853,643.364579263291,25.3477790966668,47.1206914684204
148,151,5,"suppress-reputation","No social image returns","target_infeasible",NA,0.000748634338378906,144,0.0472518999879486,643.364579263291,6.80427359826459,47.1206914684204
149,152,5,"suppress-reputation","No social image returns","target_infeasible",NA,0.000735282897949219,144,0.0478539376865493,643.364579263291,6.89096702686309,47.1206914684204
150,153,5,"suppress-reputation","No social image returns","target_infeasible",NA,0.000579118728637695,144,0.0470916316784394,643.364579263291,6.78119496169527,47.1206914684204
151,154,5,"suppress-reputation","No social image returns","target_infeasible",NA,0.000569581985473633,144,0.0269997386370804,643.364579263291,3.88796236373958,47.1206914684204
152,155,5,"suppress-reputation","No social image returns","target_infeasible",NA,0.000554800033569336,144,0.082284060949192,643.364579263291,11.8489047766836,47.1206914684204
153,156,5,"suppress-reputation","No social image returns","target_infeasible",NA,0.000444650650024414,144,0.0948499255635397,643.364579263291,13.6583892811497,47.1206914684204
154,157,5,"suppress-reputation","No social image returns","target_infeasible",NA,0.000475406646728516,144,0.0163672122895008,643.364579263291,2.35687856968812,47.1206914684204
155,158,5,"suppress-reputation","No social image returns","target_infeasible",NA,0.000482082366943359,144,0.0595516291753033,643.364579263291,8.57543460124368,47.1206914684204
156,159,5,"suppress-reputation","No social image returns","target_infeasible",NA,0.000461101531982422,144,0.031517943287648,643.364579263291,4.53858383342131,47.1206914684204
157,160,5,"suppress-reputation","No social image returns","target_infeasible",NA,0.000471115112304688,144,0.114058710713217,643.364579263291,16.4244543427032,47.1206914684204
158,161,5,"suppress-reputation","No social image returns","target_infeasible",NA,0.000435113906860352,144,0.05392913108448,643.364579263291,7.76579487616511,47.1206914684204
159,162,5,"suppress-reputation","No social image returns","target_infeasible",NA,0.000445127487182617,144,0.0332973359347043,643.364579263291,4.79481637459742,47.1206914684204
160,163,5,"suppress-reputation","No social image returns","target_infeasible",NA,0.000440359115600586,144,0.107936399459262,643.364579263291,15.5428415221337,47.1206914684204
161,164,5,"suppress-reputation","No social image returns","target_infeasible",NA,0.000402212142944336,144,0.054017105837269,643.364579263291,7.77846324056674,47.1206914684204
162,165,5,"suppress-reputation","No social image returns","target_infeasible",NA,0.000394582748413086,144,0.0571244466050976,643.364579263291,8.22592031113406,47.1206914684204
163,166,5,"suppress-reputation","No social image returns","target_infeasible",NA,0.000373125076293945,144,0.145520465138924,643.364579263291,20.9549469800051,47.1206914684204
164,167,5,"suppress-reputation","No social image returns","target_infeasible",NA,0.000385522842407227,144,0.0322926190895157,643.364579263291,4.65013714889026,47.1206914684204
165,168,5,"suppress-reputation","No social image returns","target_infeasible",NA,0.000367879867553711,144,0.0807431748685437,643.364579263291,11.6270171810703,47.1206914684204
166,169,5,"suppress-reputation","No social image returns","target_infeasible",NA,0.000355720520019531,144,0.0258727410120945,643.364579263291,3.7256747057416,47.1206914684204
167,170,5,"suppress-reputation","No social image returns","target_infeasible",NA,0.000367879867553711,144,0.108375098462396,643.364579263291,15.606014178585,47.1206914684204
168,171,5,"suppress-reputation","No social image returns","target_infeasible",NA,0.000378131866455078,144,0.116925583674723,643.364579263291,16.8372840491602,47.1206914684204
169,172,5,"suppress-reputation","No social image returns","target_infeasible",NA,0.000331640243530273,144,0.110626774498465,643.364579263291,15.930255527779,47.1206914684204
170,173,5,"suppress-reputation","No social image returns","target_infeasible",NA,0.000336408615112305,144,0.0417047711629397,643.364579263291,6.00548704746332,47.1206914684204
171,175,5,"suppress-reputation","No social image returns","target_infeasible",NA,0.000325202941894531,144,0.181932723810118,643.364579263291,26.198312228657,47.1206914684204
172,176,5,"suppress-reputation","No social image returns","target_infeasible",NA,0.000335216522216797,144,0.0481096467712139,643.364579263291,6.9277891350548,47.1206914684204
173,177,5,"suppress-reputation","No social image returns","target_infeasible",NA,0.00034332275390625,144,0.0274594704551632,643.364579263291,3.9541637455435,47.1206914684204
174,178,5,"suppress-reputation","No social image returns","target_infeasible",NA,0.000341415405273438,144,0.0430545174157857,643.364579263291,6.19985050787314,47.1206914684204
175,179,5,"suppress-reputation","No social image returns","target_infeasible",NA,0.000355958938598633,144,0.058202364776661,643.364579263291,8.38114052783919,47.1206914684204
176,180,5,"suppress-reputation","No social image returns","target_infeasible",NA,0.000349283218383789,144,0.0848741629545045,643.364579263291,12.2218794654486,47.1206914684204
177,181,5,"suppress-reputation","No social image returns","target_infeasible",NA,0.000435352325439453,144,0.0528880168923639,643.364579263291,7.61587443250041,47.1206914684204
178,182,5,"suppress-reputation","No social image returns","target_infeasible",NA,0.000351190567016602,144,0.0849189086613506,643.364579263291,12.2283228472345,47.1206914684204
179,183,5,"suppress-reputation","No social image returns","target_infeasible",NA,0.000364065170288086,144,0.0840522773744492,643.364579263291,12.1035279419207,47.1206914684204
180,184,5,"suppress-reputation","No social image returns","target_infeasible",NA,0.000333786010742188,144,0.0496258791083312,643.364579263291,7.14612659159969,47.1206914684204
181,185,5,"suppress-reputation","No social image returns","target_infeasible",NA,0.000349044799804688,144,0.20803573898733,643.364579263291,29.9571464141756,47.1206914684204
182,186,5,"suppress-reputation","No social image returns","target_infeasible",NA,0.000356197357177734,144,0.0914327818187761,643.364579263291,13.1663205819038,47.1206914684204
183,187,5,"suppress-reputation","No social image returns","target_infeasible",NA,0.000327348709106445,144,0.121990429553713,643.364579263291,17.5666218557347,47.1206914684204
184,188,5,"suppress-reputation","No social image returns","target_infeasible",NA,0.000344514846801758,144,0.0900519828592644,643.364579263291,12.9674855317341,47.1206914684204
185,189,5,"suppress-reputation","No social image returns","target_infeasible",NA,0.000362396240234375,144,0.0569662178359474,643.364579263291,8.20313536837643,47.1206914684204
186,190,5,"suppress-reputation","No social image returns","target_infeasible",NA,0.000437259674072266,144,0.112929903536231,643.364579263291,16.2619061092173,47.1206914684204
187,192,5,"suppress-reputation","No social image returns","target_infeasible",NA,0.000339508056640625,144,0.116485257915062,643.364579263291,16.7738771397689,47.1206914684204
188,193,5,"suppress-reputation","No social image returns","target_infeasible",NA,0.000330686569213867,144,0.243984883386381,643.364579263291,35.1338232076389,47.1206914684204
189,194,5,"suppress-reputation","No social image returns","target_infeasible",NA,0.000350236892700195,144,0.0883420900664253,643.364579263291,12.7212609695652,47.1206914684204
190,195,5,"suppress-reputation","No social image returns","target_infeasible",NA,0.000325441360473633,144,0.100076662264619,643.364579263291,14.4110393661052,47.1206914684204
191,197,5,"suppress-reputation","No social image returns","target_infeasible",NA,0.000336647033691406,144,0.0181428116326598,643.364579263291,2.61256487510302,47.1206914684204
192,198,5,"suppress-reputation","No social image returns","target_infeasible",NA,0.000348567962646484,144,0.157249385754707,643.364579263291,22.6439115486779,47.1206914684204
193,199,5,"suppress-reputation","No social image returns","target_infeasible",NA,0.000348567962646484,144,0.10984420383242,643.364579263291,15.8175653518684,47.1206914684204
194,200,5,"suppress-reputation","No social image returns","target_infeasible",NA,0.000384092330932617,144,0.0778173011010675,643.364579263291,11.2056913585537,47.1206914684204
195,202,5,"suppress-reputation","No social image returns","target_infeasible",NA,0.000330209732055664,144,0.0666559327068856,643.364579263291,9.59845430979153,47.1206914684204
196,203,5,"suppress-reputation","No social image returns","target_infeasible",NA,0.000344514846801758,144,0.0299630001833878,643.364579263291,4.31467202640785,47.1206914684204
197,204,5,"suppress-reputation","No social image returns","target_infeasible",NA,0.000319242477416992,144,0.224933253768368,643.364579263291,32.390388542645,47.1206914684204
198,206,5,"suppress-reputation","No social image returns","target_infeasible",NA,0.000343084335327148,144,0.0801486766899203,643.364579263291,11.5414094433485,47.1206914684204
199,207,5,"suppress-reputation","No social image returns","target_infeasible",NA,0.000341892242431641,144,0.0101396003302613,643.364579263291,1.46010244755763,47.1206914684204
200,208,5,"suppress-reputation","No social image returns","target_infeasible",NA,0.000357151031494141,144,0.128753422393721,643.364579263291,18.5404928246958,47.1206914684204
201,209,5,"suppress-reputation","No social image returns","target_infeasible",NA,0.000776529312133789,144,0.0542658305986519,643.364579263291,7.81427960620588,47.1206914684204
202,210,5,"suppress-reputation","No social image returns","target_infeasible",NA,0.000548601150512695,144,0.155010488603915,643.364579263291,22.3215103589638,47.1206914684204
203,211,5,"suppress-reputation","No social image returns","target_infeasible",NA,0.000325918197631836,144,0.101477798520415,643.364579263291,14.6128029869398,47.1206914684204
204,212,5,"suppress-reputation","No social image returns","target_infeasible",NA,0.00031733512878418,144,0.0386369779934734,643.364579263291,5.56372483106017,47.1206914684204
205,213,5,"suppress-reputation","No social image returns","target_infeasible",NA,0.000315189361572266,144,0.0932173661005922,643.364579263291,13.4233007184853,47.1206914684204
206,214,5,"suppress-reputation","No social image returns","target_infeasible",NA,0.000340938568115234,144,0.177494772337534,643.364579263291,25.5592472166049,47.1206914684204
207,215,5,"suppress-reputation","No social image returns","target_infeasible",NA,0.000336885452270508,144,0.0198817409014454,643.364579263291,2.86297068980814,47.1206914684204
208,216,5,"suppress-reputation","No social image returns","target_infeasible",NA,0.000319957733154297,144,0.0800057182885567,643.364579263291,11.5208234335522,47.1206914684204
209,219,5,"suppress-reputation","No social image returns","target_infeasible",NA,0.000319480895996094,144,0.141793301049019,643.364579263291,20.4182353510587,47.1206914684204
210,220,5,"suppress-reputation","No social image returns","target_infeasible",NA,0.000317573547363281,144,0.0731990635659158,643.364579263291,10.5406651534919,47.1206914684204
